999
DXF file: amd_gpu_board_4.dxf
999
Pro/ENGINEER 2022484 by Parametric Technology Corporation
  0
SECTION
  2
HEADER
  9
$ACADVER
  1
AC1032
  9
$DWGCODEPAGE
  3
ANSI_1252
  9
$EXTMAX
 10
420.0
 20
297.0
 30
0.0
  9
$EXTMIN
 10
0.0
 20
0.0
 30
0.0
  9
$LIMMIN
 10
0.0
 20
0.0
  9
$LIMMAX
 10
420.0
 20
297.0
  9
$VIEWCTR
 10
210.0
 20
148.5
  9
$VIEWSIZE
 40
297.0
  9
$CLAYER
  8
0
  9
$LTSCALE
 40
23.1
  9
$CELTYPE
  6
BYLAYER
  9
$DIMSCALE
 40
1.0
  9
$DIMASZ
 40
2.1
  9
$DIMEXO
 40
1.0
  9
$DIMDLI
 40
15.96
  9
$DIMEXE
 40
2.0
  9
$DIMCEN
 40
3.78
  9
$DIMLFAC
 40
1.0
  9
$DIMBLK
  1
_FILLED
  9
$DIMALT
 70
0
  9
$DIMALTF
 40
0.0393700787
  9
$DIMTXT
 40
3.0
  9
$DIMTOL
 70
1
  9
$DIMLIM
 70
0
  9
$DIMTFAC
 40
1.0
  9
$DIMTP
 40
0.01
  9
$DIMTM
 40
0.01
  9
$DIMGAP
 40
0.625
  9
$DIMDSEP
 70
46
  9
$AUNITS
 70
0
  9
$PDMODE
 70
3
  9
$PDSIZE
 40
0.3125
  9
$HANDSEED
  5
1393
  9
$TILEMODE
 70
1
  9
$MEASUREMENT
 70
1
  9
$INSUNITS
 70
4
  0
ENDSEC
  0
SECTION
  2
CLASSES
  0
CLASS
  1
ACDBDICTIONARYWDFLT
  2
AcDbDictionaryWithDefault
  3
AutoCAD 2000
 90
0
 91
1
280
0
281
0
  0
CLASS
  1
ACDBPLACEHOLDER
  2
AcDbPlaceHolder
  3
AutoCAD 2000
 90
0
 91
1
280
0
281
0
  0
CLASS
  1
LAYOUT
  2
AcDbLayout
  3
AutoCAD 2000
 90
0
 91
0
280
0
281
0
  0
CLASS
  1
TABLESTYLE
  2
AcDbTableStyle
  3
ObjectDBX Classes
 90
2047
 91
1
280
0
281
0
  0
CLASS
  1
ACAD_TABLE
  2
AcDbTable
  3
ObjectDBX Classes
 90
1025
 91
3
280
0
281
1
  0
ENDSEC
  0
SECTION
  2
TABLES
  0
TABLE
  2
VPORT
  5
8
100
AcDbSymbolTable
 70
2
  0
VPORT
  5
1F4
100
AcDbSymbolTableRecord
100
AcDbViewportTableRecord
  2
*ACTIVE
 70
0
 10
0.0
 20
0.0
 11
1.0
 21
1.0
 12
210.0
 22
148.5
 13
0.0
 23
0.0
 14
1.0
 24
1.0
 15
0.0
 25
0.0
 16
0.0
 26
0.0
 36
1.0
 17
0.0
 27
0.0
 37
0.0
 40
297.0
 41
1.4141414141
 42
50.0
 43
0.0
 44
0.0
 50
0.0
 51
0.0
 71
0
 72
100
 73
1
 74
1
 75
0
 76
0
 77
0
 78
0
  0
ENDTAB
  0
TABLE
  2
LTYPE
  5
5
100
AcDbSymbolTable
 70
6
  0
LTYPE
  5
14
100
AcDbSymbolTableRecord
100
AcDbLinetypeTableRecord
  2
BYBLOCK
 70
0
  3

 72
65
 73
0
 40
0.0
  0
LTYPE
  5
15
100
AcDbSymbolTableRecord
100
AcDbLinetypeTableRecord
  2
BYLAYER
 70
0
  3

 72
65
 73
0
 40
0.0
  0
LTYPE
  5
16
100
AcDbSymbolTableRecord
100
AcDbLinetypeTableRecord
  2
CONTINUOUS
 70
64
  3
Solid line
 72
65
 73
0
 40
0.0
  0
LTYPE
  5
1F5
100
AcDbSymbolTableRecord
100
AcDbLinetypeTableRecord
  2
CENTER
 70
64
  3
____ _ ____ _ ____ _ ____ _ ____ _ ____ _ ____
 72
65
 73
4
 40
0.6
 49
0.375
 74
0
 49
-0.075
 74
0
 49
0.075
 74
0
 49
-0.075
 74
0
  0
LTYPE
  5
1F6
100
AcDbSymbolTableRecord
100
AcDbLinetypeTableRecord
  2
HIDDEN
 70
64
  3
- - - - - - - - - - - - - - - - - - - -
 72
65
 73
2
 40
0.2
 49
0.1
 74
0
 49
-0.1
 74
0
  0
LTYPE
  5
1F7
100
AcDbSymbolTableRecord
100
AcDbLinetypeTableRecord
  2
PHANTOM
 70
64
  3
_____ _ _ _____ _ _ _____ _ _ _____
 72
65
 73
6
 40
0.8
 49
0.45
 74
0
 49
-0.05
 74
0
 49
0.1
 74
0
 49
-0.05
 74
0
 49
0.1
 74
0
 49
-0.05
 74
0
  0
LTYPE
  5
1F8
100
AcDbSymbolTableRecord
100
AcDbLinetypeTableRecord
  2
DOT
 70
64
  3
. . . . . . . . . . . . . . . . . . . .
 72
65
 73
2
 40
0.2
 49
0.1
 74
0
 49
-0.1
 74
0
  0
LTYPE
  5
1F9
100
AcDbSymbolTableRecord
100
AcDbLinetypeTableRecord
  2
DASHED
 70
64
  3
- - - - - - - - - - - - - - - - - - - -
 72
65
 73
2
 40
0.2
 49
0.1
 74
0
 49
-0.1
 74
0
  0
ENDTAB
  0
TABLE
  2
LAYER
  5
2
100
AcDbSymbolTable
 70
36
  0
LAYER
  5
10
100
AcDbSymbolTableRecord
100
AcDbLayerTableRecord
  2
0
 70
0
 62
7
  6
CONTINUOUS
370
-3
390
F
  0
LAYER
  5
1FA
100
AcDbSymbolTableRecord
100
AcDbLayerTableRecord
  2
DEFAULT_1
 70
0
 62
7
  6
CENTER
370
-3
390
F
  0
LAYER
  5
1FB
100
AcDbSymbolTableRecord
100
AcDbLayerTableRecord
  2
DEFAULT_2
 70
0
 62
8
  6
HIDDEN
370
-3
390
F
  0
LAYER
  5
1FC
100
AcDbSymbolTableRecord
100
AcDbLayerTableRecord
  2
DEFAULT_3
 70
0
 62
7
  6
PHANTOM
370
-3
390
F
  0
LAYER
  5
1FD
100
AcDbSymbolTableRecord
100
AcDbLayerTableRecord
  2
01_ALL_DTM_PLN
 70
0
 62
7
  6
CONTINUOUS
370
-3
390
F
  0
LAYER
  5
1FE
100
AcDbSymbolTableRecord
100
AcDbLayerTableRecord
  2
01__ASM_ALL_DTM_PLN
 70
0
 62
7
  6
CONTINUOUS
370
-3
390
F
  0
LAYER
  5
1FF
100
AcDbSymbolTableRecord
100
AcDbLayerTableRecord
  2
01__ASM_DEF_DTM_PLN
 70
0
 62
7
  6
CONTINUOUS
370
-3
390
F
  0
LAYER
  5
200
100
AcDbSymbolTableRecord
100
AcDbLayerTableRecord
  2
01___PRT_ALL_DTM_PLN
 70
0
 62
7
  6
CONTINUOUS
370
-3
390
F
  0
LAYER
  5
201
100
AcDbSymbolTableRecord
100
AcDbLayerTableRecord
  2
01___PRT_DEF_DTM_PLN
 70
0
 62
7
  6
CONTINUOUS
370
-3
390
F
  0
LAYER
  5
202
100
AcDbSymbolTableRecord
100
AcDbLayerTableRecord
  2
02_ALL_AXES
 70
0
 62
7
  6
CONTINUOUS
370
-3
390
F
  0
LAYER
  5
203
100
AcDbSymbolTableRecord
100
AcDbLayerTableRecord
  2
02__ASM_ALL_AXES
 70
0
 62
7
  6
CONTINUOUS
370
-3
390
F
  0
LAYER
  5
204
100
AcDbSymbolTableRecord
100
AcDbLayerTableRecord
  2
02___PRT_ALL_AXES
 70
0
 62
7
  6
CONTINUOUS
370
-3
390
F
  0
LAYER
  5
205
100
AcDbSymbolTableRecord
100
AcDbLayerTableRecord
  2
03_ALL_CURVES
 70
0
 62
7
  6
CONTINUOUS
370
-3
390
F
  0
LAYER
  5
206
100
AcDbSymbolTableRecord
100
AcDbLayerTableRecord
  2
03__ASM_ALL_CURVES
 70
0
 62
7
  6
CONTINUOUS
370
-3
390
F
  0
LAYER
  5
207
100
AcDbSymbolTableRecord
100
AcDbLayerTableRecord
  2
03___PRT_ALL_CURVES
 70
0
 62
7
  6
CONTINUOUS
370
-3
390
F
  0
LAYER
  5
208
100
AcDbSymbolTableRecord
100
AcDbLayerTableRecord
  2
04_ALL_DTM_PNT
 70
0
 62
7
  6
CONTINUOUS
370
-3
390
F
  0
LAYER
  5
209
100
AcDbSymbolTableRecord
100
AcDbLayerTableRecord
  2
04__ASM_ALL_DTM_PNT
 70
0
 62
7
  6
CONTINUOUS
370
-3
390
F
  0
LAYER
  5
20A
100
AcDbSymbolTableRecord
100
AcDbLayerTableRecord
  2
04___PRT_ALL_DTM_PNT
 70
0
 62
7
  6
CONTINUOUS
370
-3
390
F
  0
LAYER
  5
20B
100
AcDbSymbolTableRecord
100
AcDbLayerTableRecord
  2
05_ALL_DTM_CSYS
 70
0
 62
7
  6
CONTINUOUS
370
-3
390
F
  0
LAYER
  5
20C
100
AcDbSymbolTableRecord
100
AcDbLayerTableRecord
  2
05__ASM_ALL_DTM_CSYS
 70
0
 62
7
  6
CONTINUOUS
370
-3
390
F
  0
LAYER
  5
20D
100
AcDbSymbolTableRecord
100
AcDbLayerTableRecord
  2
05__ASM_DEF_DTM_CSYS
 70
0
 62
7
  6
CONTINUOUS
370
-3
390
F
  0
LAYER
  5
20E
100
AcDbSymbolTableRecord
100
AcDbLayerTableRecord
  2
05___PRT_ALL_DTM_CSYS
 70
0
 62
7
  6
CONTINUOUS
370
-3
390
F
  0
LAYER
  5
20F
100
AcDbSymbolTableRecord
100
AcDbLayerTableRecord
  2
05___PRT_DEF_DTM_CSYS
 70
0
 62
7
  6
CONTINUOUS
370
-3
390
F
  0
LAYER
  5
210
100
AcDbSymbolTableRecord
100
AcDbLayerTableRecord
  2
06_ALL_SURFS
 70
0
 62
7
  6
CONTINUOUS
370
-3
390
F
  0
LAYER
  5
211
100
AcDbSymbolTableRecord
100
AcDbLayerTableRecord
  2
06__ASM_ALL_SURFS
 70
0
 62
7
  6
CONTINUOUS
370
-3
390
F
  0
LAYER
  5
212
100
AcDbSymbolTableRecord
100
AcDbLayerTableRecord
  2
06___PRT_ALL_SURFS
 70
0
 62
7
  6
CONTINUOUS
370
-3
390
F
  0
LAYER
  5
213
100
AcDbSymbolTableRecord
100
AcDbLayerTableRecord
  2
07__ASM_ALL_SKELETONS
 70
0
 62
7
  6
CONTINUOUS
370
-3
390
F
  0
LAYER
  5
214
100
AcDbSymbolTableRecord
100
AcDbLayerTableRecord
  2
ASSEM_MEM
 70
0
 62
7
  6
CONTINUOUS
370
-3
390
F
  0
LAYER
  5
215
100
AcDbSymbolTableRecord
100
AcDbLayerTableRecord
  2
AUSB0286_CH1_57MM-513750-511780
 70
0
 62
7
  6
CONTINUOUS
370
-3
390
F
  0
LAYER
  5
216
100
AcDbSymbolTableRecord
100
AcDbLayerTableRecord
  2
AUSB0286_P005A
 70
0
 62
7
  6
CONTINUOUS
370
-3
390
F
  0
LAYER
  5
217
100
AcDbSymbolTableRecord
100
AcDbLayerTableRecord
  2
AXIS
 70
0
 62
7
  6
CONTINUOUS
370
-3
390
F
  0
LAYER
  5
218
100
AcDbSymbolTableRecord
100
AcDbLayerTableRecord
  2
COLOR127
 70
0
 62
7
  6
CONTINUOUS
370
-3
390
F
  0
LAYER
  5
219
100
AcDbSymbolTableRecord
100
AcDbLayerTableRecord
  2
COLOR128
 70
0
 62
7
  6
CONTINUOUS
370
-3
390
F
  0
LAYER
  5
21A
100
AcDbSymbolTableRecord
100
AcDbLayerTableRecord
  2
CSYS
 70
0
 62
7
  6
CONTINUOUS
370
-3
390
F
  0
LAYER
  5
21B
100
AcDbSymbolTableRecord
100
AcDbLayerTableRecord
  2
CURVE
 70
0
 62
7
  6
CONTINUOUS
370
-3
390
F
  0
LAYER
  5
21C
100
AcDbSymbolTableRecord
100
AcDbLayerTableRecord
  2
DATUM
 70
0
 62
7
  6
CONTINUOUS
370
-3
390
F
  0
LAYER
  5
21D
100
AcDbSymbolTableRecord
100
AcDbLayerTableRecord
  2
DETAIL
 70
0
 62
7
  6
CONTINUOUS
370
-3
390
F
  0
LAYER
  5
21E
100
AcDbSymbolTableRecord
100
AcDbLayerTableRecord
  2
FEATURE
 70
0
 62
7
  6
CONTINUOUS
370
-3
390
F
  0
LAYER
  5
21F
100
AcDbSymbolTableRecord
100
AcDbLayerTableRecord
  2
GEOM_FEAT
 70
0
 62
7
  6
CONTINUOUS
370
-3
390
F
  0
LAYER
  5
220
100
AcDbSymbolTableRecord
100
AcDbLayerTableRecord
  2
INTFCLR_1
 70
0
 62
7
  6
CONTINUOUS
370
-3
390
F
  0
LAYER
  5
221
100
AcDbSymbolTableRecord
100
AcDbLayerTableRecord
  2
INTFCLR_26440
 70
0
 62
7
  6
CONTINUOUS
370
-3
390
F
  0
LAYER
  5
222
100
AcDbSymbolTableRecord
100
AcDbLayerTableRecord
  2
INTFCLR_5
 70
0
 62
7
  6
CONTINUOUS
370
-3
390
F
  0
LAYER
  5
223
100
AcDbSymbolTableRecord
100
AcDbLayerTableRecord
  2
INTFCLR_513030
 70
0
 62
7
  6
CONTINUOUS
370
-3
390
F
  0
LAYER
  5
224
100
AcDbSymbolTableRecord
100
AcDbLayerTableRecord
  2
INTF_RED
 70
0
 62
7
  6
CONTINUOUS
370
-3
390
F
  0
LAYER
  5
225
100
AcDbSymbolTableRecord
100
AcDbLayerTableRecord
  2
NONE
 70
0
 62
7
  6
CONTINUOUS
370
-3
390
F
  0
LAYER
  5
226
100
AcDbSymbolTableRecord
100
AcDbLayerTableRecord
  2
POINT
 70
0
 62
7
  6
CONTINUOUS
370
-3
390
F
  0
ENDTAB
  0
TABLE
  2
STYLE
  5
3
100
AcDbSymbolTable
 70
1
  0
STYLE
  5
11
100
AcDbSymbolTableRecord
100
AcDbTextStyleTableRecord
  2
STANDARD
 70
0
 40
0.0
 41
0.8
 50
0.0
 71
0
 42
0.2
  3
txt
  4

  0
STYLE
  5
227
100
AcDbSymbolTableRecord
100
AcDbTextStyleTableRecord
  2
TEXTSTYLE_1
 70
0
 40
0.0
 41
0.8
 50
0.0
 71
0
 42
0.2
  3
gdt
  4

  0
STYLE
  5
228
100
AcDbSymbolTableRecord
100
AcDbTextStyleTableRecord
  2
TEXTSTYLE_2
 70
0
 40
0.0
 41
1.0
 50
0.0
 71
0
 42
0.2
  3
txt
  4

  0
STYLE
  5
229
100
AcDbSymbolTableRecord
100
AcDbTextStyleTableRecord
  2
TEXTSTYLE_3
 70
0
 40
0.0
 41
1.0
 50
0.0
 71
0
 42
0.2
  3
symbol_asme.ttf
  4

1001
ACAD
1000
Symbol_ASME
1071
34
  0
STYLE
  5
22A
100
AcDbSymbolTableRecord
100
AcDbTextStyleTableRecord
  2
TEXTSTYLE_4
 70
0
 40
0.0
 41
0.9
 50
0.0
 71
0
 42
0.2
  3
txt
  4

  0
STYLE
  5
22B
100
AcDbSymbolTableRecord
100
AcDbTextStyleTableRecord
  2
TEXTSTYLE_5
 70
0
 40
0.0
 41
0.8
 50
0.0
 71
0
 42
0.2
  3
txt
  4

  0
STYLE
  5
22C
100
AcDbSymbolTableRecord
100
AcDbTextStyleTableRecord
  2
TEXTSTYLE_6
 70
0
 40
0.0
 41
0.9
 50
0.0
 71
0
 42
0.2
  3
txt
  4

  0
STYLE
  5
22D
100
AcDbSymbolTableRecord
100
AcDbTextStyleTableRecord
  2
TEXTSTYLE_7
 70
0
 40
0.0
 41
1.0
 50
0.0
 71
0
 42
0.2
  3
txt
  4

  0
STYLE
  5
22E
100
AcDbSymbolTableRecord
100
AcDbTextStyleTableRecord
  2
TEXTSTYLE_8
 70
0
 40
0.0
 41
1.0
 50
0.0
 71
0
 42
0.2
  3
arialroundedmtpro-bold.ttf
  4

1001
ACAD
1000
Arial Rounded MT Pro
1071
33554466
  0
STYLE
  5
22F
100
AcDbSymbolTableRecord
100
AcDbTextStyleTableRecord
  2
TEXTSTYLE_9
 70
0
 40
0.0
 41
1.0
 50
0.0
 71
0
 42
0.2
  3
gdt
  4

  0
STYLE
  5
230
100
AcDbSymbolTableRecord
100
AcDbTextStyleTableRecord
  2
TEXTSTYLE_10
 70
0
 40
0.0
 41
0.75
 50
0.0
 71
0
 42
0.2
  3
txt
  4

  0
ENDTAB
  0
TABLE
  2
VIEW
  5
6
100
AcDbSymbolTable
 70
0
  0
ENDTAB
  0
TABLE
  2
UCS
  5
7
100
AcDbSymbolTable
 70
0
  0
ENDTAB
  0
TABLE
  2
APPID
  5
9
100
AcDbSymbolTable
 70
1
  0
APPID
  5
231
100
AcDbSymbolTableRecord
100
AcDbRegAppTableRecord
  2
ACAD
 70
0
  0
ENDTAB
  0
TABLE
  2
BLOCK_RECORD
  5
1
100
AcDbSymbolTable
 70
0
  0
BLOCK_RECORD
  5
232
100
AcDbSymbolTableRecord
100
AcDbBlockTableRecord
  2
*Model_Space
  0
BLOCK_RECORD
  5
233
100
AcDbSymbolTableRecord
100
AcDbBlockTableRecord
  2
*Paper_Space
  0
BLOCK_RECORD
  5
234
100
AcDbSymbolTableRecord
100
AcDbBlockTableRecord
  2
_FILLED
  0
BLOCK_RECORD
  5
235
100
AcDbSymbolTableRecord
100
AcDbBlockTableRecord
  2
*D0
  0
BLOCK_RECORD
  5
236
100
AcDbSymbolTableRecord
100
AcDbBlockTableRecord
  2
*D1
  0
BLOCK_RECORD
  5
237
100
AcDbSymbolTableRecord
100
AcDbBlockTableRecord
  2
*D2
  0
BLOCK_RECORD
  5
238
100
AcDbSymbolTableRecord
100
AcDbBlockTableRecord
  2
*D3
  0
BLOCK_RECORD
  5
239
100
AcDbSymbolTableRecord
100
AcDbBlockTableRecord
  2
*D4
  0
BLOCK_RECORD
  5
23A
100
AcDbSymbolTableRecord
100
AcDbBlockTableRecord
  2
*D5
  0
BLOCK_RECORD
  5
23B
100
AcDbSymbolTableRecord
100
AcDbBlockTableRecord
  2
*D6
  0
BLOCK_RECORD
  5
23C
100
AcDbSymbolTableRecord
100
AcDbBlockTableRecord
  2
*D7
  0
BLOCK_RECORD
  5
23D
100
AcDbSymbolTableRecord
100
AcDbBlockTableRecord
  2
*D8
  0
BLOCK_RECORD
  5
23E
100
AcDbSymbolTableRecord
100
AcDbBlockTableRecord
  2
*D9
  0
BLOCK_RECORD
  5
23F
100
AcDbSymbolTableRecord
100
AcDbBlockTableRecord
  2
*D10
  0
BLOCK_RECORD
  5
240
100
AcDbSymbolTableRecord
100
AcDbBlockTableRecord
  2
*D11
  0
BLOCK_RECORD
  5
241
100
AcDbSymbolTableRecord
100
AcDbBlockTableRecord
  2
*D12
  0
BLOCK_RECORD
  5
242
100
AcDbSymbolTableRecord
100
AcDbBlockTableRecord
  2
*D13
  0
BLOCK_RECORD
  5
243
100
AcDbSymbolTableRecord
100
AcDbBlockTableRecord
  2
*D14
  0
BLOCK_RECORD
  5
244
100
AcDbSymbolTableRecord
100
AcDbBlockTableRecord
  2
*D15
  0
BLOCK_RECORD
  5
245
100
AcDbSymbolTableRecord
100
AcDbBlockTableRecord
  2
*D16
  0
BLOCK_RECORD
  5
246
100
AcDbSymbolTableRecord
100
AcDbBlockTableRecord
  2
*D17
  0
BLOCK_RECORD
  5
247
100
AcDbSymbolTableRecord
100
AcDbBlockTableRecord
  2
*D18
  0
BLOCK_RECORD
  5
248
100
AcDbSymbolTableRecord
100
AcDbBlockTableRecord
  2
*D19
  0
BLOCK_RECORD
  5
249
100
AcDbSymbolTableRecord
100
AcDbBlockTableRecord
  2
*D20
  0
BLOCK_RECORD
  5
24A
100
AcDbSymbolTableRecord
100
AcDbBlockTableRecord
  2
*D21
  0
BLOCK_RECORD
  5
24B
100
AcDbSymbolTableRecord
100
AcDbBlockTableRecord
  2
*D22
  0
BLOCK_RECORD
  5
24C
100
AcDbSymbolTableRecord
100
AcDbBlockTableRecord
  2
*D23
  0
BLOCK_RECORD
  5
24D
100
AcDbSymbolTableRecord
100
AcDbBlockTableRecord
  2
*D24
  0
BLOCK_RECORD
  5
24E
100
AcDbSymbolTableRecord
100
AcDbBlockTableRecord
  2
*D25
  0
BLOCK_RECORD
  5
24F
100
AcDbSymbolTableRecord
100
AcDbBlockTableRecord
  2
*D26
  0
BLOCK_RECORD
  5
250
100
AcDbSymbolTableRecord
100
AcDbBlockTableRecord
  2
*D27
  0
BLOCK_RECORD
  5
251
100
AcDbSymbolTableRecord
100
AcDbBlockTableRecord
  2
*D28
  0
BLOCK_RECORD
  5
252
100
AcDbSymbolTableRecord
100
AcDbBlockTableRecord
  2
*D29
  0
BLOCK_RECORD
  5
253
100
AcDbSymbolTableRecord
100
AcDbBlockTableRecord
  2
*D30
  0
BLOCK_RECORD
  5
254
100
AcDbSymbolTableRecord
100
AcDbBlockTableRecord
  2
*D31
  0
BLOCK_RECORD
  5
255
100
AcDbSymbolTableRecord
100
AcDbBlockTableRecord
  2
*D32
  0
BLOCK_RECORD
  5
256
100
AcDbSymbolTableRecord
100
AcDbBlockTableRecord
  2
*D33
  0
BLOCK_RECORD
  5
257
100
AcDbSymbolTableRecord
100
AcDbBlockTableRecord
  2
*D34
  0
BLOCK_RECORD
  5
258
100
AcDbSymbolTableRecord
100
AcDbBlockTableRecord
  2
*D35
  0
BLOCK_RECORD
  5
259
100
AcDbSymbolTableRecord
100
AcDbBlockTableRecord
  2
*D36
  0
BLOCK_RECORD
  5
25A
100
AcDbSymbolTableRecord
100
AcDbBlockTableRecord
  2
*D37
  0
BLOCK_RECORD
  5
25B
100
AcDbSymbolTableRecord
100
AcDbBlockTableRecord
  2
*D38
  0
BLOCK_RECORD
  5
25C
100
AcDbSymbolTableRecord
100
AcDbBlockTableRecord
  2
*D39
  0
BLOCK_RECORD
  5
25D
100
AcDbSymbolTableRecord
100
AcDbBlockTableRecord
  2
*D40
  0
BLOCK_RECORD
  5
25E
100
AcDbSymbolTableRecord
100
AcDbBlockTableRecord
  2
*D41
  0
BLOCK_RECORD
  5
25F
100
AcDbSymbolTableRecord
100
AcDbBlockTableRecord
  2
*D42
  0
BLOCK_RECORD
  5
260
100
AcDbSymbolTableRecord
100
AcDbBlockTableRecord
  2
*D43
  0
BLOCK_RECORD
  5
261
100
AcDbSymbolTableRecord
100
AcDbBlockTableRecord
  2
*D44
  0
BLOCK_RECORD
  5
262
100
AcDbSymbolTableRecord
100
AcDbBlockTableRecord
  2
*D45
  0
BLOCK_RECORD
  5
263
100
AcDbSymbolTableRecord
100
AcDbBlockTableRecord
  2
*D46
  0
BLOCK_RECORD
  5
264
100
AcDbSymbolTableRecord
100
AcDbBlockTableRecord
  2
*D47
  0
BLOCK_RECORD
  5
265
100
AcDbSymbolTableRecord
100
AcDbBlockTableRecord
  2
*D48
  0
BLOCK_RECORD
  5
266
100
AcDbSymbolTableRecord
100
AcDbBlockTableRecord
  2
*D49
  0
BLOCK_RECORD
  5
267
100
AcDbSymbolTableRecord
100
AcDbBlockTableRecord
  2
*D50
  0
BLOCK_RECORD
  5
268
100
AcDbSymbolTableRecord
100
AcDbBlockTableRecord
  2
*D51
  0
BLOCK_RECORD
  5
269
100
AcDbSymbolTableRecord
100
AcDbBlockTableRecord
  2
*D52
  0
BLOCK_RECORD
  5
26A
100
AcDbSymbolTableRecord
100
AcDbBlockTableRecord
  2
*D53
  0
BLOCK_RECORD
  5
26B
100
AcDbSymbolTableRecord
100
AcDbBlockTableRecord
  2
*D54
  0
BLOCK_RECORD
  5
26C
100
AcDbSymbolTableRecord
100
AcDbBlockTableRecord
  2
*D55
  0
BLOCK_RECORD
  5
26D
100
AcDbSymbolTableRecord
100
AcDbBlockTableRecord
  2
*D56
  0
BLOCK_RECORD
  5
26E
100
AcDbSymbolTableRecord
100
AcDbBlockTableRecord
  2
*D57
  0
BLOCK_RECORD
  5
26F
100
AcDbSymbolTableRecord
100
AcDbBlockTableRecord
  2
*D58
  0
BLOCK_RECORD
  5
270
100
AcDbSymbolTableRecord
100
AcDbBlockTableRecord
  2
*D59
  0
BLOCK_RECORD
  5
271
100
AcDbSymbolTableRecord
100
AcDbBlockTableRecord
  2
SYM301_BL5
  0
BLOCK_RECORD
  5
272
100
AcDbSymbolTableRecord
100
AcDbBlockTableRecord
  2
SYM001_BL4
  0
BLOCK_RECORD
  5
273
100
AcDbSymbolTableRecord
100
AcDbBlockTableRecord
  2
SYM001_BL3
  0
BLOCK_RECORD
  5
274
100
AcDbSymbolTableRecord
100
AcDbBlockTableRecord
  2
SYM301_BL2
  0
BLOCK_RECORD
  5
275
100
AcDbSymbolTableRecord
100
AcDbBlockTableRecord
  2
SYM301_BL1
  0
BLOCK_RECORD
  5
276
100
AcDbSymbolTableRecord
100
AcDbBlockTableRecord
  2
SYM301_BL0
  0
BLOCK_RECORD
  5
277
100
AcDbSymbolTableRecord
100
AcDbBlockTableRecord
  2
*T1
  0
BLOCK_RECORD
  5
278
100
AcDbSymbolTableRecord
100
AcDbBlockTableRecord
  2
*T2
  0
BLOCK_RECORD
  5
279
100
AcDbSymbolTableRecord
100
AcDbBlockTableRecord
  2
*T3
  0
ENDTAB
  0
TABLE
  2
DIMSTYLE
  5
A
100
AcDbSymbolTable
 70
1
100
AcDbDimStyleTable
 71
0
  0
DIMSTYLE
105
27A
100
AcDbSymbolTableRecord
100
AcDbDimStyleTableRecord
  2
STANDARD
 70
0
  3

  4

 40
1.0
 41
2.1
 42
1.0
 43
0.38
 44
2.0
 45
0.0
 46
0.0
 47
0.01
 48
0.01
140
3.0
141
0.09
142
0.0
143
25.4
144
1.0
145
0.0
146
1.0
147
0.625
 71
1
 72
0
 73
0
 74
0
 75
0
 76
0
 77
1
 78
0
 79
0
170
0
171
1
172
0
173
0
174
0
175
0
176
0
177
0
178
0
270
2
179
2
271
2
272
2
273
2
274
2
275
0
280
0
281
0
282
0
283
1
284
0
285
0
286
0
287
3
288
0
340
11
278
46
341
234
342
234
343
234
344
234
  0
DIMSTYLE
105
27B
100
AcDbSymbolTableRecord
100
AcDbDimStyleTableRecord
  2
DIMSTYLE_1
 70
0
  3
<>
  4

 40
1.0
 41
2.1
 42
1.0
 43
0.38
 44
2.0
 45
0.0
 46
0.0
 47
0.01
 48
0.01
140
3.0
141
0.09
142
0.0
143
25.4
144
1.0
145
0.0
146
1.0
147
0.625
 71
0
 72
0
 73
0
 74
0
 75
0
 76
0
 77
1
 78
0
 79
0
170
0
171
1
172
1
173
0
174
0
175
0
176
0
177
0
178
0
270
2
179
2
271
2
272
2
273
2
274
2
275
0
280
0
281
0
282
0
283
1
284
0
285
0
286
0
287
3
288
1
340
11
278
46
289
2
341
234
342
234
343
234
344
234
  0
DIMSTYLE
105
27C
100
AcDbSymbolTableRecord
100
AcDbDimStyleTableRecord
  2
DIMSTYLE_2
 70
0
  3

  4

 40
1.0
 41
2.1
 42
1.0
 43
0.38
 44
2.0
 45
0.0
 46
0.0
 47
0.01
 48
0.01
140
3.0
141
0.09
142
0.0
143
25.4
144
0.3333333333
145
0.0
146
1.0
147
0.75
 71
0
 72
0
 73
0
 74
0
 75
0
 76
0
 77
1
 78
0
 79
0
170
0
171
1
172
0
173
0
174
0
175
0
176
0
177
0
178
0
270
2
179
2
271
2
272
2
273
2
274
2
275
0
280
0
281
0
282
0
283
1
284
0
285
0
286
0
287
3
288
0
340
11
278
46
341
234
342
234
343
234
344
234
  0
DIMSTYLE
105
27D
100
AcDbSymbolTableRecord
100
AcDbDimStyleTableRecord
  2
DIMSTYLE_3
 70
0
  3

  4

 40
1.0
 41
2.1
 42
1.0
 43
0.38
 44
2.0
 45
0.0
 46
0.0
 47
0.01
 48
0.01
140
3.0
141
0.09
142
0.0
143
25.4
144
1.0
145
0.0
146
1.0
147
0.75
 71
0
 72
0
 73
1
 74
1
 75
0
 76
0
 77
0
 78
0
 79
0
170
0
171
1
172
0
173
0
174
0
175
0
176
0
177
0
178
0
270
2
179
2
271
2
272
2
273
2
274
2
275
0
280
0
281
0
282
0
283
1
284
0
285
0
286
0
287
3
288
0
340
11
278
46
341
234
342
234
343
234
344
234
  0
ENDTAB
  0
ENDSEC
  0
SECTION
  2
BLOCKS
  0
BLOCK
  5
20
100
AcDbEntity
  8
0
100
AcDbBlockBegin
  2
*Model_Space
 70
0
 10
0.0
 20
0.0
 30
0.0
  3
*Model_Space
  1

  0
ENDBLK
  5
21
100
AcDbEntity
  8
0
100
AcDbBlockEnd
  0
BLOCK
  5
1C
100
AcDbEntity
  8
0
100
AcDbBlockBegin
  2
*Paper_Space
 70
0
 10
0.0
 20
0.0
 30
0.0
  3
*Paper_Space
  1

  0
ENDBLK
  5
1D
100
AcDbEntity
  8
0
100
AcDbBlockEnd
  0
BLOCK
  5
27E
100
AcDbEntity
  8
0
100
AcDbBlockBegin
 62
2
  6
CONTINUOUS
  2
SYM301_BL5
 70
64
 10
306.0943526642
 20
40.5623453798
  3
SYM301_BL5
  1

  0
LINE
  5
27F
100
AcDbEntity
  8
0
100
AcDbLine
 62
2
  6
CONTINUOUS
 10
305.4746715039
 20
39.9912666635
 11
306.6654313805
 21
39.9912666635
  0
LINE
  5
280
100
AcDbEntity
  8
0
100
AcDbLine
 62
2
  6
CONTINUOUS
 10
306.6897326024
 20
40.6717008786
 11
305.4746715039
 21
40.355784993
  0
LINE
  5
281
100
AcDbEntity
  8
0
100
AcDbLine
 62
2
  6
CONTINUOUS
 10
305.4746715039
 20
41.1334240961
 11
306.7140338244
 21
40.6717008786
  0
ENDBLK
  5
282
100
AcDbEntity
  8
0
  6
BYBLOCK
 62
0
100
AcDbBlockEnd
  0
BLOCK
  5
283
100
AcDbEntity
  8
0
100
AcDbBlockBegin
 62
2
  6
CONTINUOUS
  2
SYM001_BL4
 70
64
 10
306.314597998
 20
37.4827628938
  3
SYM001_BL4
  1

  0
LINE
  5
284
100
AcDbEntity
  8
0
100
AcDbLine
 62
2
  6
CONTINUOUS
 10
305.7192180597
 20
37.8715824453
 11
306.9342791582
 21
37.5556665597
  0
LINE
  5
285
100
AcDbEntity
  8
0
100
AcDbLine
 62
2
  6
CONTINUOUS
 10
306.9342791582
 20
37.5556665597
 11
305.6949168377
 21
37.0939433423
  0
ENDBLK
  5
286
100
AcDbEntity
  8
0
  6
BYBLOCK
 62
0
100
AcDbBlockEnd
  0
BLOCK
  5
287
100
AcDbEntity
  8
0
100
AcDbBlockBegin
 62
2
  6
CONTINUOUS
  2
SYM001_BL3
 70
64
 10
306.3060295647
 20
34.5212028383
  3
SYM001_BL3
  1

  0
LINE
  5
288
100
AcDbEntity
  8
0
100
AcDbLine
 62
2
  6
CONTINUOUS
 10
305.7106496264
 20
34.9100223898
 11
306.9257107249
 21
34.5941065042
  0
LINE
  5
289
100
AcDbEntity
  8
0
100
AcDbLine
 62
2
  6
CONTINUOUS
 10
306.9257107249
 20
34.5941065042
 11
305.6863484045
 21
34.1323832868
  0
ENDBLK
  5
28A
100
AcDbEntity
  8
0
  6
BYBLOCK
 62
0
100
AcDbBlockEnd
  0
BLOCK
  5
28B
100
AcDbEntity
  8
0
100
AcDbBlockBegin
 62
2
  6
CONTINUOUS
  2
SYM301_BL2
 70
64
 10
310.1239413542
 20
40.4607489579
  3
SYM301_BL2
  1

  0
LINE
  5
28C
100
AcDbEntity
  8
0
100
AcDbLine
 62
2
  6
CONTINUOUS
 10
309.504260194
 20
39.8896702416
 11
310.6950200705
 21
39.8896702416
  0
LINE
  5
28D
100
AcDbEntity
  8
0
100
AcDbLine
 62
2
  6
CONTINUOUS
 10
310.7193212925
 20
40.5701044568
 11
309.504260194
 21
40.2541885712
  0
LINE
  5
28E
100
AcDbEntity
  8
0
100
AcDbLine
 62
2
  6
CONTINUOUS
 10
309.504260194
 20
41.0318276742
 11
310.7436225144
 21
40.5701044568
  0
ENDBLK
  5
28F
100
AcDbEntity
  8
0
  6
BYBLOCK
 62
0
100
AcDbBlockEnd
  0
BLOCK
  5
290
100
AcDbEntity
  8
0
100
AcDbBlockBegin
 62
2
  6
CONTINUOUS
  2
SYM301_BL1
 70
64
 10
310.6692604679
 20
37.5110682975
  3
SYM301_BL1
  1

  0
LINE
  5
291
100
AcDbEntity
  8
0
100
AcDbLine
 62
2
  6
CONTINUOUS
 10
310.0495793076
 20
36.9399895812
 11
311.2403391842
 21
36.9399895812
  0
LINE
  5
292
100
AcDbEntity
  8
0
100
AcDbLine
 62
2
  6
CONTINUOUS
 10
311.2646404061
 20
37.6204237964
 11
310.0495793076
 21
37.3045079108
  0
LINE
  5
293
100
AcDbEntity
  8
0
100
AcDbLine
 62
2
  6
CONTINUOUS
 10
310.0495793076
 20
38.0821470138
 11
311.2889416281
 21
37.6204237964
  0
ENDBLK
  5
294
100
AcDbEntity
  8
0
  6
BYBLOCK
 62
0
100
AcDbBlockEnd
  0
BLOCK
  5
295
100
AcDbEntity
  8
0
100
AcDbBlockBegin
 62
2
  6
CONTINUOUS
  2
SYM301_BL0
 70
64
 10
310.5289843344
 20
34.4962659381
  3
SYM301_BL0
  1

  0
LINE
  5
296
100
AcDbEntity
  8
0
100
AcDbLine
 62
2
  6
CONTINUOUS
 10
309.9093031742
 20
33.9251872218
 11
311.1000630507
 21
33.9251872218
  0
LINE
  5
297
100
AcDbEntity
  8
0
100
AcDbLine
 62
2
  6
CONTINUOUS
 10
311.1243642727
 20
34.6056214369
 11
309.9093031742
 21
34.2897055513
  0
LINE
  5
298
100
AcDbEntity
  8
0
100
AcDbLine
 62
2
  6
CONTINUOUS
 10
309.9093031742
 20
35.0673446544
 11
311.1486654946
 21
34.6056214369
  0
ENDBLK
  5
299
100
AcDbEntity
  8
0
  6
BYBLOCK
 62
0
100
AcDbBlockEnd
  0
BLOCK
  5
29A
100
AcDbEntity
  8
0
100
AcDbBlockBegin
  2
_FILLED
 70
64
 10
0.0
 20
0.0
  3
_FILLED
  1

  0
SOLID
  5
29B
100
AcDbEntity
  8
0
  6
BYBLOCK
 62
0
100
AcDbTrace
 10
0.0
 20
0.0
 11
-1.0
 21
0.1666666667
 12
-1.0
 22
-0.1666666667
 13
-1.0
 23
-0.1666666667
  0
ENDBLK
  5
29C
100
AcDbEntity
  8
0
  6
BYBLOCK
 62
0
100
AcDbBlockEnd
  0
BLOCK
  5
29D
100
AcDbEntity
  8
0
100
AcDbBlockBegin
 62
2
  6
CONTINUOUS
  2
*D0
 70
65
 10
0.0
 20
0.0
  3
*D0
  1

  0
MTEXT
  5
29E
100
AcDbEntity
  8
0
100
AcDbMText
 62
2
  6
CONTINUOUS
  7
TEXTSTYLE_3
 71
1
 72
1
 10
311.3063770783
 20
213.4057303647
 30
0.0
 11
0.8062745141
 21
0.5915415522
 31
0.0
 73
2
 44
0.9
  1
⌀\ftxt;{\W0.8;6.00}
 40
3.0
 41
19.7076923077
  0
LINE
  5
29F
100
AcDbEntity
  8
0
100
AcDbLine
 62
2
  6
CONTINUOUS
 10
308.6986815045
 20
206.8415140897
 11
306.2798579623
 21
205.0668894332
  0
LINE
  5
2A0
100
AcDbEntity
  8
0
100
AcDbLine
 62
2
  6
CONTINUOUS
 10
306.2798579623
 20
205.0668894332
 11
324.1178645915
 21
218.1541468688
  0
LINE
  5
2A1
100
AcDbEntity
  8
0
100
AcDbLine
 62
2
  6
CONTINUOUS
 10
303.8610344201
 20
203.2922647766
 11
306.2798579623
 21
205.0668894332
  0
INSERT
  5
2A2
100
AcDbEntity
  8
0
100
AcDbBlockReference
 62
2
  6
CONTINUOUS
  2
_FILLED
 10
308.6986815045
 20
206.8415140897
 41
2.1
 42
2.1
 43
2.1
 50
36.2664778978
  0
INSERT
  5
2A3
100
AcDbEntity
  8
0
100
AcDbBlockReference
 62
2
  6
CONTINUOUS
  2
_FILLED
 10
303.8610344201
 20
203.2922647766
 41
2.1
 42
2.1
 43
2.1
 50
216.2664778978
  0
ENDBLK
  5
2A4
100
AcDbEntity
  8
0
  6
BYBLOCK
 62
0
100
AcDbBlockEnd
  0
BLOCK
  5
2A5
100
AcDbEntity
  8
0
100
AcDbBlockBegin
 62
2
  6
CONTINUOUS
  2
*D1
 70
65
 10
0.0
 20
0.0
  3
*D1
  1

  0
MTEXT
  5
2A6
100
AcDbEntity
  8
0
100
AcDbMText
 62
2
  6
CONTINUOUS
  7
TEXTSTYLE_3
 71
1
 72
1
 10
251.4267737512
 20
212.7826410138
 30
0.0
 11
0.7539516039
 21
0.6569299651
 31
0.0
 73
2
 44
0.9
  1
⌀\ftxt;{\W0.8;6.00}
 40
3.0
 41
19.7076923077
  0
LINE
  5
2A7
100
AcDbEntity
  8
0
100
AcDbLine
 62
2
  6
CONTINUOUS
 10
250.541712774
 20
207.0376793284
 11
248.2798579623
 21
205.0668894332
  0
LINE
  5
2A8
100
AcDbEntity
  8
0
100
AcDbLine
 62
2
  6
CONTINUOUS
 10
248.2798579623
 20
205.0668894332
 11
263.7960252696
 21
218.5863715789
  0
LINE
  5
2A9
100
AcDbEntity
  8
0
100
AcDbLine
 62
2
  6
CONTINUOUS
 10
246.0180031507
 20
203.0960995379
 11
248.2798579623
 21
205.0668894332
  0
INSERT
  5
2AA
100
AcDbEntity
  8
0
100
AcDbBlockReference
 62
2
  6
CONTINUOUS
  2
_FILLED
 10
250.541712774
 20
207.0376793284
 41
2.1
 42
2.1
 43
2.1
 50
41.0661526352
  0
INSERT
  5
2AB
100
AcDbEntity
  8
0
100
AcDbBlockReference
 62
2
  6
CONTINUOUS
  2
_FILLED
 10
246.0180031507
 20
203.0960995379
 41
2.1
 42
2.1
 43
2.1
 50
221.0661526352
  0
ENDBLK
  5
2AC
100
AcDbEntity
  8
0
  6
BYBLOCK
 62
0
100
AcDbBlockEnd
  0
BLOCK
  5
2AD
100
AcDbEntity
  8
0
100
AcDbBlockBegin
 62
2
  6
CONTINUOUS
  2
*D2
 70
65
 10
0.0
 20
0.0
  3
*D2
  1

  0
MTEXT
  5
2AE
100
AcDbEntity
  8
0
100
AcDbMText
 62
2
  6
CONTINUOUS
  7
TEXTSTYLE_3
 71
1
 72
1
 10
253.0997644458
 20
172.0644163298
 30
0.0
 11
0.7841054088
 21
0.6206276725
 31
0.0
 73
2
 44
0.9
  1
⌀\ftxt;{\W0.8;6.00}
 40
3.0
 41
19.7076923077
  0
LINE
  5
2AF
100
AcDbEntity
  8
0
100
AcDbLine
 62
2
  6
CONTINUOUS
 10
250.6321741889
 20
165.3287724506
 11
248.2798579623
 21
163.4668894332
  0
LINE
  5
2B0
100
AcDbEntity
  8
0
100
AcDbLine
 62
2
  6
CONTINUOUS
 10
248.2798579623
 20
163.4668894332
 11
265.7290569737
 21
177.2781138511
  0
LINE
  5
2B1
100
AcDbEntity
  8
0
100
AcDbLine
 62
2
  6
CONTINUOUS
 10
245.9275417358
 20
161.6050064158
 11
248.2798579623
 21
163.4668894332
  0
INSERT
  5
2B2
100
AcDbEntity
  8
0
100
AcDbBlockReference
 62
2
  6
CONTINUOUS
  2
_FILLED
 10
250.6321741889
 20
165.3287724506
 41
2.1
 42
2.1
 43
2.1
 50
38.3619849431
  0
INSERT
  5
2B3
100
AcDbEntity
  8
0
100
AcDbBlockReference
 62
2
  6
CONTINUOUS
  2
_FILLED
 10
245.9275417358
 20
161.6050064158
 41
2.1
 42
2.1
 43
2.1
 50
218.3619849431
  0
ENDBLK
  5
2B4
100
AcDbEntity
  8
0
  6
BYBLOCK
 62
0
100
AcDbBlockEnd
  0
BLOCK
  5
2B5
100
AcDbEntity
  8
0
100
AcDbBlockBegin
 62
2
  6
CONTINUOUS
  2
*D3
 70
65
 10
0.0
 20
0.0
  3
*D3
  1

  0
MTEXT
  5
2B6
100
AcDbEntity
  8
0
100
AcDbMText
 62
2
  6
CONTINUOUS
  7
TEXTSTYLE_3
 71
1
 72
1
 10
300.9823138432
 20
236.101594305
 30
0.0
 11
0.7276425992
 21
0.6859564475
 31
0.0
 73
2
 44
0.9
  1
⌀\ftxt;{\W0.8;5.00}
 40
3.0
 41
19.7076923077
  0
LINE
  5
2B7
100
AcDbEntity
  8
0
100
AcDbLine
 62
2
  6
CONTINUOUS
 10
298.2389644604
 20
228.3617805518
 11
296.4198579623
 21
226.6468894332
  0
LINE
  5
2B8
100
AcDbEntity
  8
0
100
AcDbLine
 62
2
  6
CONTINUOUS
 10
296.4198579623
 20
226.6468894332
 11
313.1147548246
 21
242.3853469601
  0
LINE
  5
2B9
100
AcDbEntity
  8
0
100
AcDbLine
 62
2
  6
CONTINUOUS
 10
294.6007514643
 20
224.9319983145
 11
296.4198579623
 21
226.6468894332
  0
INSERT
  5
2BA
100
AcDbEntity
  8
0
100
AcDbBlockReference
 62
2
  6
CONTINUOUS
  2
_FILLED
 10
298.2389644604
 20
228.3617805518
 41
2.1
 42
2.1
 43
2.1
 50
43.3108728192
  0
INSERT
  5
2BB
100
AcDbEntity
  8
0
100
AcDbBlockReference
 62
2
  6
CONTINUOUS
  2
_FILLED
 10
294.6007514643
 20
224.9319983145
 41
2.1
 42
2.1
 43
2.1
 50
223.3108728192
  0
ENDBLK
  5
2BC
100
AcDbEntity
  8
0
  6
BYBLOCK
 62
0
100
AcDbBlockEnd
  0
BLOCK
  5
2BD
100
AcDbEntity
  8
0
100
AcDbBlockBegin
 62
2
  6
CONTINUOUS
  2
*D4
 70
65
 10
0.0
 20
0.0
  3
*D4
  1

  0
MTEXT
  5
2BE
100
AcDbEntity
  8
0
100
AcDbMText
 62
2
  6
CONTINUOUS
  7
TEXTSTYLE_3
 71
1
 72
1
 10
294.5924028296
 20
134.9304204747
 30
0.0
 11
0.363476044
 21
-0.9316035452
 31
0.0
 73
2
 44
0.9
  1
⌀\ftxt;{\W0.8;5.00}
 40
3.0
 41
19.7076923077
  0
LINE
  5
2BF
100
AcDbEntity
  8
0
100
AcDbLine
 62
2
  6
CONTINUOUS
 10
288.3285480724
 20
140.6678805702
 11
287.4198579623
 21
142.9968894332
  0
LINE
  5
2C0
100
AcDbEntity
  8
0
100
AcDbLine
 62
2
  6
CONTINUOUS
 10
287.4198579623
 20
142.9968894332
 11
295.8744055599
 21
121.327547962
  0
LINE
  5
2C1
100
AcDbEntity
  8
0
100
AcDbLine
 62
2
  6
CONTINUOUS
 10
286.5111678522
 20
145.3258982961
 11
287.4198579623
 21
142.9968894332
  0
INSERT
  5
2C2
100
AcDbEntity
  8
0
100
AcDbBlockReference
 62
2
  6
CONTINUOUS
  2
_FILLED
 10
288.3285480724
 20
140.6678805702
 41
2.1
 42
2.1
 43
2.1
 50
291.3138259052
  0
INSERT
  5
2C3
100
AcDbEntity
  8
0
100
AcDbBlockReference
 62
2
  6
CONTINUOUS
  2
_FILLED
 10
286.5111678522
 20
145.3258982961
 41
2.1
 42
2.1
 43
2.1
 50
111.3138259052
  0
ENDBLK
  5
2C4
100
AcDbEntity
  8
0
  6
BYBLOCK
 62
0
100
AcDbBlockEnd
  0
BLOCK
  5
2C5
100
AcDbEntity
  8
0
100
AcDbBlockBegin
 62
2
  6
CONTINUOUS
  2
*D5
 70
65
 10
0.0
 20
0.0
  3
*D5
  1

  0
MTEXT
  5
2C6
100
AcDbEntity
  8
0
100
AcDbMText
 62
2
  6
CONTINUOUS
  7
TEXTSTYLE_3
 71
3
 72
1
 10
262.4420782008
 20
136.5292302776
 30
0.0
 11
0.5200108978
 21
0.8541596257
 31
0.0
 73
2
 44
0.9
  1
⌀\ftxt;{\W0.8;5.00}
 40
3.0
 41
19.7076923077
  0
LINE
  5
2C7
100
AcDbEntity
  8
0
100
AcDbLine
 62
2
  6
CONTINUOUS
 10
269.4698307179
 20
140.8614903689
 11
270.7698579623
 21
142.9968894332
  0
LINE
  5
2C8
100
AcDbEntity
  8
0
100
AcDbLine
 62
2
  6
CONTINUOUS
 10
270.7698579623
 20
142.9968894332
 11
258.8130336171
 21
123.3568460208
  0
LINE
  5
2C9
100
AcDbEntity
  8
0
100
AcDbLine
 62
2
  6
CONTINUOUS
 10
272.0698852068
 20
145.1322884974
 11
270.7698579623
 21
142.9968894332
  0
INSERT
  5
2CA
100
AcDbEntity
  8
0
100
AcDbBlockReference
 62
2
  6
CONTINUOUS
  2
_FILLED
 10
269.4698307179
 20
140.8614903689
 41
2.1
 42
2.1
 43
2.1
 50
238.6670174978
  0
INSERT
  5
2CB
100
AcDbEntity
  8
0
100
AcDbBlockReference
 62
2
  6
CONTINUOUS
  2
_FILLED
 10
272.0698852068
 20
145.1322884974
 41
2.1
 42
2.1
 43
2.1
 50
58.6670174978
  0
ENDBLK
  5
2CC
100
AcDbEntity
  8
0
  6
BYBLOCK
 62
0
100
AcDbBlockEnd
  0
BLOCK
  5
2CD
100
AcDbEntity
  8
0
100
AcDbBlockBegin
 62
2
  6
CONTINUOUS
  2
*D6
 70
65
 10
0.0
 20
0.0
  3
*D6
  1

  0
MTEXT
  5
2CE
100
AcDbEntity
  8
0
100
AcDbMText
 62
2
  6
CONTINUOUS
  7
STANDARD
 71
3
 72
1
 10
113.1375205303
 20
69.6702837471
 30
0.0
 11
1.0
 21
0.0
 31
0.0
 73
2
 44
0.9
  1
0.70
 40
3.0
 41
9.6
  0
LINE
  5
2CF
100
AcDbEntity
  8
0
100
AcDbLine
 62
2
  6
CONTINUOUS
 10
119.1808836643
 20
62.4191712882
 11
119.1808836643
 21
67.9202837471
  0
LINE
  5
2D0
100
AcDbEntity
  8
0
100
AcDbLine
 62
2
  6
CONTINUOUS
 10
121.2808836643
 20
62.4191712882
 11
121.2808836643
 21
67.9202837471
  0
LINE
  5
2D1
100
AcDbEntity
  8
0
100
AcDbLine
 62
2
  6
CONTINUOUS
 10
119.1808836643
 20
65.9202837471
 11
103.5375205303
 21
65.9202837471
  0
LINE
  5
2D2
100
AcDbEntity
  8
0
100
AcDbLine
 62
2
  6
CONTINUOUS
 10
103.5375205303
 20
65.9202837471
 11
120.2308836643
 21
65.9202837471
  0
LINE
  5
2D3
100
AcDbEntity
  8
0
100
AcDbLine
 62
2
  6
CONTINUOUS
 10
121.2808836643
 20
65.9202837471
 11
125.2808836643
 21
65.9202837471
  0
LINE
  5
2D4
100
AcDbEntity
  8
0
100
AcDbLine
 62
2
  6
CONTINUOUS
 10
125.2808836643
 20
65.9202837471
 11
120.2308836643
 21
65.9202837471
  0
INSERT
  5
2D5
100
AcDbEntity
  8
0
100
AcDbBlockReference
 62
2
  6
CONTINUOUS
  2
_FILLED
 10
119.1808836643
 20
65.9202837471
 41
2.1
 42
2.1
 43
2.1
  0
INSERT
  5
2D6
100
AcDbEntity
  8
0
100
AcDbBlockReference
 62
2
  6
CONTINUOUS
  2
_FILLED
 10
121.2808836643
 20
65.9202837471
 41
2.1
 42
2.1
 43
2.1
 50
180.0
  0
ENDBLK
  5
2D7
100
AcDbEntity
  8
0
  6
BYBLOCK
 62
0
100
AcDbBlockEnd
  0
BLOCK
  5
2D8
100
AcDbEntity
  8
0
100
AcDbBlockBegin
 62
2
  6
CONTINUOUS
  2
*D7
 70
65
 10
0.0
 20
0.0
  3
*D7
  1

  0
MTEXT
  5
2D9
100
AcDbEntity
  8
0
100
AcDbMText
 62
2
  6
CONTINUOUS
  7
STANDARD
 71
1
 72
1
 10
97.1412848808
 20
63.7785459828
 30
0.0
 11
0.0
 21
1.0
 31
0.0
 73
2
 44
0.9
  1
0.40
 40
3.0
 41
9.6
  0
LINE
  5
2DA
100
AcDbEntity
  8
0
100
AcDbLine
 62
2
  6
CONTINUOUS
 10
118.1808836643
 20
61.4191712882
 11
98.8912848808
 21
61.4191712882
  0
LINE
  5
2DB
100
AcDbEntity
  8
0
100
AcDbLine
 62
2
  6
CONTINUOUS
 10
118.1808836643
 20
60.2191712882
 11
98.8912848808
 21
60.2191712882
  0
LINE
  5
2DC
100
AcDbEntity
  8
0
100
AcDbLine
 62
2
  6
CONTINUOUS
 10
100.8912848808
 20
61.4191712882
 11
100.8912848808
 21
73.3785459828
  0
LINE
  5
2DD
100
AcDbEntity
  8
0
100
AcDbLine
 62
2
  6
CONTINUOUS
 10
100.8912848808
 20
73.3785459828
 11
100.8912848808
 21
60.8191712882
  0
LINE
  5
2DE
100
AcDbEntity
  8
0
100
AcDbLine
 62
2
  6
CONTINUOUS
 10
100.8912848808
 20
60.2191712882
 11
100.8912848808
 21
56.2191712882
  0
LINE
  5
2DF
100
AcDbEntity
  8
0
100
AcDbLine
 62
2
  6
CONTINUOUS
 10
100.8912848808
 20
56.2191712882
 11
100.8912848808
 21
60.8191712882
  0
INSERT
  5
2E0
100
AcDbEntity
  8
0
100
AcDbBlockReference
 62
2
  6
CONTINUOUS
  2
_FILLED
 10
100.8912848808
 20
61.4191712882
 41
2.1
 42
2.1
 43
2.1
 50
270.0
  0
INSERT
  5
2E1
100
AcDbEntity
  8
0
100
AcDbBlockReference
 62
2
  6
CONTINUOUS
  2
_FILLED
 10
100.8912848808
 20
60.2191712882
 41
2.1
 42
2.1
 43
2.1
 50
90.0
  0
ENDBLK
  5
2E2
100
AcDbEntity
  8
0
  6
BYBLOCK
 62
0
100
AcDbBlockEnd
  0
BLOCK
  5
2E3
100
AcDbEntity
  8
0
100
AcDbBlockBegin
 62
2
  6
CONTINUOUS
  2
*D8
 70
65
 10
0.0
 20
0.0
  3
*D8
  1

  0
MTEXT
  5
2E4
100
AcDbEntity
  8
0
100
AcDbMText
 62
2
  6
CONTINUOUS
  7
STANDARD
 71
1
 72
1
 10
85.5351884457
 20
66.5924732335
 30
0.0
 11
0.0
 21
1.0
 31
0.0
 73
2
 44
0.9
  1
0.60 \P(Pitch)
 40
3.0
 41
16.8
  0
LINE
  5
2E5
100
AcDbEntity
  8
0
100
AcDbLine
 62
2
  6
CONTINUOUS
 10
118.1808836643
 20
61.4191712882
 11
87.2851884457
 21
61.4191712882
  0
LINE
  5
2E6
100
AcDbEntity
  8
0
100
AcDbLine
 62
2
  6
CONTINUOUS
 10
118.1808836643
 20
59.6191712882
 11
87.2851884457
 21
59.6191712882
  0
LINE
  5
2E7
100
AcDbEntity
  8
0
100
AcDbLine
 62
2
  6
CONTINUOUS
 10
89.2851884457
 20
61.4191712882
 11
89.2851884457
 21
78.5924732335
  0
LINE
  5
2E8
100
AcDbEntity
  8
0
100
AcDbLine
 62
2
  6
CONTINUOUS
 10
89.2851884457
 20
78.5924732335
 11
89.2851884457
 21
60.5191712882
  0
LINE
  5
2E9
100
AcDbEntity
  8
0
100
AcDbLine
 62
2
  6
CONTINUOUS
 10
89.2851884457
 20
59.6191712882
 11
89.2851884457
 21
55.6191712882
  0
LINE
  5
2EA
100
AcDbEntity
  8
0
100
AcDbLine
 62
2
  6
CONTINUOUS
 10
89.2851884457
 20
55.6191712882
 11
89.2851884457
 21
60.5191712882
  0
INSERT
  5
2EB
100
AcDbEntity
  8
0
100
AcDbBlockReference
 62
2
  6
CONTINUOUS
  2
_FILLED
 10
89.2851884457
 20
61.4191712882
 41
2.1
 42
2.1
 43
2.1
 50
270.0
  0
INSERT
  5
2EC
100
AcDbEntity
  8
0
100
AcDbBlockReference
 62
2
  6
CONTINUOUS
  2
_FILLED
 10
89.2851884457
 20
59.6191712882
 41
2.1
 42
2.1
 43
2.1
 50
90.0
  0
ENDBLK
  5
2ED
100
AcDbEntity
  8
0
  6
BYBLOCK
 62
0
100
AcDbBlockEnd
  0
BLOCK
  5
2EE
100
AcDbEntity
  8
0
100
AcDbBlockBegin
 62
2
  6
CONTINUOUS
  2
*D9
 70
65
 10
0.0
 20
0.0
  3
*D9
  1

  0
MTEXT
  5
2EF
100
AcDbEntity
  8
0
100
AcDbMText
 62
2
  6
CONTINUOUS
  7
STANDARD
 71
3
 72
1
 10
116.4287775696
 20
84.9323985508
 30
0.0
 11
1.0
 21
0.0
 31
0.0
 73
2
 44
0.9
  1
0.86-4
 40
3.0
 41
14.4
  0
LINE
  5
2F0
100
AcDbEntity
  8
0
100
AcDbLine
 62
2
  6
CONTINUOUS
 10
119.1808836643
 20
62.4191712882
 11
119.1808836643
 21
83.1823985508
  0
LINE
  5
2F1
100
AcDbEntity
  8
0
100
AcDbLine
 62
2
  6
CONTINUOUS
 10
121.7608836643
 20
62.4191712882
 11
121.7608836643
 21
83.1823985508
  0
LINE
  5
2F2
100
AcDbEntity
  8
0
100
AcDbLine
 62
2
  6
CONTINUOUS
 10
119.1808836643
 20
81.1823985508
 11
102.0287775696
 21
81.1823985508
  0
LINE
  5
2F3
100
AcDbEntity
  8
0
100
AcDbLine
 62
2
  6
CONTINUOUS
 10
102.0287775696
 20
81.1823985508
 11
120.4708836643
 21
81.1823985508
  0
LINE
  5
2F4
100
AcDbEntity
  8
0
100
AcDbLine
 62
2
  6
CONTINUOUS
 10
121.7608836643
 20
81.1823985508
 11
125.7608836643
 21
81.1823985508
  0
LINE
  5
2F5
100
AcDbEntity
  8
0
100
AcDbLine
 62
2
  6
CONTINUOUS
 10
125.7608836643
 20
81.1823985508
 11
120.4708836643
 21
81.1823985508
  0
INSERT
  5
2F6
100
AcDbEntity
  8
0
100
AcDbBlockReference
 62
2
  6
CONTINUOUS
  2
_FILLED
 10
119.1808836643
 20
81.1823985508
 41
2.1
 42
2.1
 43
2.1
  0
INSERT
  5
2F7
100
AcDbEntity
  8
0
100
AcDbBlockReference
 62
2
  6
CONTINUOUS
  2
_FILLED
 10
121.7608836643
 20
81.1823985508
 41
2.1
 42
2.1
 43
2.1
 50
180.0
  0
ENDBLK
  5
2F8
100
AcDbEntity
  8
0
  6
BYBLOCK
 62
0
100
AcDbBlockEnd
  0
BLOCK
  5
2F9
100
AcDbEntity
  8
0
100
AcDbBlockBegin
 62
2
  6
CONTINUOUS
  2
*D10
 70
65
 10
0.0
 20
0.0
  3
*D10
  1

  0
MTEXT
  5
2FA
100
AcDbEntity
  8
0
100
AcDbMText
 62
2
  6
CONTINUOUS
  7
STANDARD
 71
2
 72
1
 10
124.1308836643
 20
89.2313520734
 30
0.0
 11
1.0
 21
0.0
 31
0.0
 73
2
 44
0.9
  1
3.30
 40
3.0
 41
9.6
  0
LINE
  5
2FB
100
AcDbEntity
  8
0
100
AcDbLine
 62
2
  6
CONTINUOUS
 10
119.1808836643
 20
62.4191712882
 11
119.1808836643
 21
87.4813520734
  0
LINE
  5
2FC
100
AcDbEntity
  8
0
100
AcDbLine
 62
2
  6
CONTINUOUS
 10
129.0808836643
 20
62.4191712882
 11
129.0808836643
 21
87.4813520734
  0
LINE
  5
2FD
100
AcDbEntity
  8
0
100
AcDbLine
 62
2
  6
CONTINUOUS
 10
119.1808836643
 20
85.4813520734
 11
124.1308836643
 21
85.4813520734
  0
LINE
  5
2FE
100
AcDbEntity
  8
0
100
AcDbLine
 62
2
  6
CONTINUOUS
 10
129.0808836643
 20
85.4813520734
 11
124.1308836643
 21
85.4813520734
  0
INSERT
  5
2FF
100
AcDbEntity
  8
0
100
AcDbBlockReference
 62
2
  6
CONTINUOUS
  2
_FILLED
 10
119.1808836643
 20
85.4813520734
 41
2.1
 42
2.1
 43
2.1
 50
180.0
  0
INSERT
  5
300
100
AcDbEntity
  8
0
100
AcDbBlockReference
 62
2
  6
CONTINUOUS
  2
_FILLED
 10
129.0808836643
 20
85.4813520734
 41
2.1
 42
2.1
 43
2.1
  0
ENDBLK
  5
301
100
AcDbEntity
  8
0
  6
BYBLOCK
 62
0
100
AcDbBlockEnd
  0
BLOCK
  5
302
100
AcDbEntity
  8
0
100
AcDbBlockBegin
 62
2
  6
CONTINUOUS
  2
*D11
 70
65
 10
0.0
 20
0.0
  3
*D11
  1

  0
MTEXT
  5
303
100
AcDbEntity
  8
0
100
AcDbMText
 62
2
  6
CONTINUOUS
  7
STANDARD
 71
2
 72
1
 10
129.0808836643
 20
95.7852553967
 30
0.0
 11
1.0
 21
0.0
 31
0.0
 73
2
 44
0.9
  1
6.60
 40
3.0
 41
9.6
  0
LINE
  5
304
100
AcDbEntity
  8
0
100
AcDbLine
 62
2
  6
CONTINUOUS
 10
119.1808836643
 20
62.4191712882
 11
119.1808836643
 21
94.0352553967
  0
LINE
  5
305
100
AcDbEntity
  8
0
100
AcDbLine
 62
2
  6
CONTINUOUS
 10
138.9808836643
 20
62.4191712882
 11
138.9808836643
 21
94.0352553967
  0
LINE
  5
306
100
AcDbEntity
  8
0
100
AcDbLine
 62
2
  6
CONTINUOUS
 10
119.1808836643
 20
92.0352553967
 11
129.0808836643
 21
92.0352553967
  0
LINE
  5
307
100
AcDbEntity
  8
0
100
AcDbLine
 62
2
  6
CONTINUOUS
 10
138.9808836643
 20
92.0352553967
 11
129.0808836643
 21
92.0352553967
  0
INSERT
  5
308
100
AcDbEntity
  8
0
100
AcDbBlockReference
 62
2
  6
CONTINUOUS
  2
_FILLED
 10
119.1808836643
 20
92.0352553967
 41
2.1
 42
2.1
 43
2.1
 50
180.0
  0
INSERT
  5
309
100
AcDbEntity
  8
0
100
AcDbBlockReference
 62
2
  6
CONTINUOUS
  2
_FILLED
 10
138.9808836643
 20
92.0352553967
 41
2.1
 42
2.1
 43
2.1
  0
ENDBLK
  5
30A
100
AcDbEntity
  8
0
  6
BYBLOCK
 62
0
100
AcDbBlockEnd
  0
BLOCK
  5
30B
100
AcDbEntity
  8
0
100
AcDbBlockBegin
 62
2
  6
CONTINUOUS
  2
*D12
 70
65
 10
0.0
 20
0.0
  3
*D12
  1

  0
MTEXT
  5
30C
100
AcDbEntity
  8
0
100
AcDbMText
 62
2
  6
CONTINUOUS
  7
STANDARD
 71
2
 72
1
 10
134.0308836643
 20
100.738304189
 30
0.0
 11
1.0
 21
0.0
 31
0.0
 73
2
 44
0.9
  1
9.90
 40
3.0
 41
9.6
  0
LINE
  5
30D
100
AcDbEntity
  8
0
100
AcDbLine
 62
2
  6
CONTINUOUS
 10
119.1808836643
 20
62.4191712882
 11
119.1808836643
 21
98.988304189
  0
LINE
  5
30E
100
AcDbEntity
  8
0
100
AcDbLine
 62
2
  6
CONTINUOUS
 10
148.8808836643
 20
62.4191712882
 11
148.8808836643
 21
98.988304189
  0
LINE
  5
30F
100
AcDbEntity
  8
0
100
AcDbLine
 62
2
  6
CONTINUOUS
 10
119.1808836643
 20
96.988304189
 11
134.0308836643
 21
96.988304189
  0
LINE
  5
310
100
AcDbEntity
  8
0
100
AcDbLine
 62
2
  6
CONTINUOUS
 10
148.8808836643
 20
96.988304189
 11
134.0308836643
 21
96.988304189
  0
INSERT
  5
311
100
AcDbEntity
  8
0
100
AcDbBlockReference
 62
2
  6
CONTINUOUS
  2
_FILLED
 10
119.1808836643
 20
96.988304189
 41
2.1
 42
2.1
 43
2.1
 50
180.0
  0
INSERT
  5
312
100
AcDbEntity
  8
0
100
AcDbBlockReference
 62
2
  6
CONTINUOUS
  2
_FILLED
 10
148.8808836643
 20
96.988304189
 41
2.1
 42
2.1
 43
2.1
  0
ENDBLK
  5
313
100
AcDbEntity
  8
0
  6
BYBLOCK
 62
0
100
AcDbBlockEnd
  0
BLOCK
  5
314
100
AcDbEntity
  8
0
100
AcDbBlockBegin
 62
6
  6
CONTINUOUS
  2
*D13
 70
65
 10
0.0
 20
0.0
  3
*D13
  1

  0
MTEXT
  5
315
100
AcDbEntity
  8
0
100
AcDbMText
 62
6
  6
CONTINUOUS
  7
STANDARD
 71
3
 72
1
 10
60.5048009304
 20
147.3032410355
 30
0.0
 11
1.0
 21
0.0
 31
0.0
 73
2
 44
0.9
  1
0.00
 40
3.0
 41
9.6
  0
LINE
  5
316
100
AcDbEntity
  8
0
100
AcDbLine
 62
6
  6
CONTINUOUS
 10
68.0343670124
 20
143.5532410355
 11
62.0048009304
 21
143.5532410355
  0
ENDBLK
  5
317
100
AcDbEntity
  8
0
  6
BYBLOCK
 62
0
100
AcDbBlockEnd
  0
BLOCK
  5
318
100
AcDbEntity
  8
0
100
AcDbBlockBegin
 62
6
  6
CONTINUOUS
  2
*D14
 70
65
 10
0.0
 20
0.0
  3
*D14
  1

  0
MTEXT
  5
319
100
AcDbEntity
  8
0
100
AcDbMText
 62
6
  6
CONTINUOUS
  7
STANDARD
 71
3
 72
1
 10
104.6826726821
 20
147.2332410355
 30
0.0
 11
1.0
 21
0.0
 31
0.0
 73
2
 44
0.9
  1
0.07
 40
3.0
 41
9.6
  0
LINE
  5
31A
100
AcDbEntity
  8
0
100
AcDbLine
 62
6
  6
CONTINUOUS
 10
110.5493320424
 20
143.4832410355
 11
106.1826726821
 21
143.4832410355
  0
ENDBLK
  5
31B
100
AcDbEntity
  8
0
  6
BYBLOCK
 62
0
100
AcDbBlockEnd
  0
BLOCK
  5
31C
100
AcDbEntity
  8
0
100
AcDbBlockBegin
 62
6
  6
CONTINUOUS
  2
*D15
 70
65
 10
0.0
 20
0.0
  3
*D15
  1

  0
MTEXT
  5
31D
100
AcDbEntity
  8
0
100
AcDbMText
 62
6
  6
CONTINUOUS
  7
STANDARD
 71
3
 72
1
 10
60.4946777723
 20
224.4032410355
 30
0.0
 11
1.0
 21
0.0
 31
0.0
 73
2
 44
0.9
  1
77.10
 40
3.0
 41
12.0
  0
LINE
  5
31E
100
AcDbEntity
  8
0
100
AcDbLine
 62
6
  6
CONTINUOUS
 10
104.0793320424
 20
220.6532410355
 11
61.9946777723
 21
220.6532410355
  0
ENDBLK
  5
31F
100
AcDbEntity
  8
0
  6
BYBLOCK
 62
0
100
AcDbBlockEnd
  0
BLOCK
  5
320
100
AcDbEntity
  8
0
100
AcDbBlockBegin
 62
2
  6
CONTINUOUS
  2
*D16
 70
65
 10
0.0
 20
0.0
  3
*D16
  1

  0
MTEXT
  5
321
100
AcDbEntity
  8
0
100
AcDbMText
 62
2
  6
CONTINUOUS
  7
STANDARD
 71
1
 72
1
 10
343.1141208062
 20
149.9968894332
 30
0.0
 11
1.0
 21
0.0
 31
0.0
 73
2
 44
0.9
  1
0.00
 40
3.0
 41
9.6
  0
LINE
  5
322
100
AcDbEntity
  8
0
100
AcDbLine
 62
2
  6
CONTINUOUS
 10
337.1198579623
 20
146.2468894332
 11
341.6141208062
 21
146.2468894332
  0
ENDBLK
  5
323
100
AcDbEntity
  8
0
  6
BYBLOCK
 62
0
100
AcDbBlockEnd
  0
BLOCK
  5
324
100
AcDbEntity
  8
0
100
AcDbBlockBegin
 62
2
  6
CONTINUOUS
  2
*D17
 70
65
 10
0.0
 20
0.0
  3
*D17
  1

  0
MTEXT
  5
325
100
AcDbEntity
  8
0
100
AcDbMText
 62
2
  6
CONTINUOUS
  7
STANDARD
 71
1
 72
1
 10
101.3293320424
 20
240.4942677633
 30
0.0
 11
0.0
 21
1.0
 31
0.0
 73
2
 44
0.9
  1
37.50
 40
3.0
 41
12.0
  0
LINE
  5
326
100
AcDbEntity
  8
0
100
AcDbLine
 62
2
  6
CONTINUOUS
 10
105.0793320424
 20
228.6532410355
 11
105.0793320424
 21
238.9942677633
  0
ENDBLK
  5
327
100
AcDbEntity
  8
0
  6
BYBLOCK
 62
0
100
AcDbBlockEnd
  0
BLOCK
  5
328
100
AcDbEntity
  8
0
100
AcDbBlockBegin
 62
2
  6
CONTINUOUS
  2
*D18
 70
65
 10
0.0
 20
0.0
  3
*D18
  1

  0
MTEXT
  5
329
100
AcDbEntity
  8
0
100
AcDbMText
 62
2
  6
CONTINUOUS
  7
STANDARD
 71
1
 72
1
 10
63.8293320424
 20
240.4942677633
 30
0.0
 11
0.0
 21
1.0
 31
0.0
 73
2
 44
0.9
  1
0.00
 40
3.0
 41
9.6
  0
LINE
  5
32A
100
AcDbEntity
  8
0
100
AcDbLine
 62
2
  6
CONTINUOUS
 10
67.5793320424
 20
144.4532410355
 11
67.5793320424
 21
238.9942677633
  0
ENDBLK
  5
32B
100
AcDbEntity
  8
0
  6
BYBLOCK
 62
0
100
AcDbBlockEnd
  0
BLOCK
  5
32C
100
AcDbEntity
  8
0
100
AcDbBlockBegin
 62
2
  6
CONTINUOUS
  2
*D19
 70
65
 10
0.0
 20
0.0
  3
*D19
  1

  0
MTEXT
  5
32D
100
AcDbEntity
  8
0
100
AcDbMText
 62
2
  6
CONTINUOUS
  7
STANDARD
 71
1
 72
1
 10
108.5293320424
 20
240.4942677633
 30
0.0
 11
0.0
 21
1.0
 31
0.0
 73
2
 44
0.9
  1
44.70
 40
3.0
 41
12.0
  0
LINE
  5
32E
100
AcDbEntity
  8
0
100
AcDbLine
 62
2
  6
CONTINUOUS
 10
112.2793320424
 20
228.6532410355
 11
112.2793320424
 21
238.9942677633
  0
ENDBLK
  5
32F
100
AcDbEntity
  8
0
  6
BYBLOCK
 62
0
100
AcDbBlockEnd
  0
BLOCK
  5
330
100
AcDbEntity
  8
0
100
AcDbBlockBegin
 62
2
  6
CONTINUOUS
  2
*D20
 70
65
 10
0.0
 20
0.0
  3
*D20
  1

  0
MTEXT
  5
331
100
AcDbEntity
  8
0
100
AcDbMText
 62
2
  6
CONTINUOUS
  7
STANDARD
 71
1
 72
1
 10
120.5293320424
 20
240.4942677633
 30
0.0
 11
0.0
 21
1.0
 31
0.0
 73
2
 44
0.9
  1
56.70
 40
3.0
 41
12.0
  0
LINE
  5
332
100
AcDbEntity
  8
0
100
AcDbLine
 62
2
  6
CONTINUOUS
 10
124.2793320424
 20
228.6532410355
 11
124.2793320424
 21
238.9942677633
  0
ENDBLK
  5
333
100
AcDbEntity
  8
0
  6
BYBLOCK
 62
0
100
AcDbBlockEnd
  0
BLOCK
  5
334
100
AcDbEntity
  8
0
100
AcDbBlockBegin
 62
2
  6
CONTINUOUS
  2
*D21
 70
65
 10
0.0
 20
0.0
  3
*D21
  1

  0
MTEXT
  5
335
100
AcDbEntity
  8
0
100
AcDbMText
 62
2
  6
CONTINUOUS
  7
STANDARD
 71
1
 72
1
 10
129.7293320424
 20
240.4942677633
 30
0.0
 11
0.0
 21
1.0
 31
0.0
 73
2
 44
0.9
  1
65.90
 40
3.0
 41
12.0
  0
LINE
  5
336
100
AcDbEntity
  8
0
100
AcDbLine
 62
2
  6
CONTINUOUS
 10
133.4793320424
 20
228.6532410355
 11
133.4793320424
 21
238.9942677633
  0
ENDBLK
  5
337
100
AcDbEntity
  8
0
  6
BYBLOCK
 62
0
100
AcDbBlockEnd
  0
BLOCK
  5
338
100
AcDbEntity
  8
0
100
AcDbBlockBegin
 62
2
  6
CONTINUOUS
  2
*D22
 70
65
 10
0.0
 20
0.0
  3
*D22
  1

  0
MTEXT
  5
339
100
AcDbEntity
  8
0
100
AcDbMText
 62
2
  6
CONTINUOUS
  7
STANDARD
 71
3
 72
1
 10
323.3698579623
 20
131.5631319029
 30
0.0
 11
0.0
 21
1.0
 31
0.0
 73
2
 44
0.9
  1
10.00
 40
3.0
 41
12.0
  0
LINE
  5
33A
100
AcDbEntity
  8
0
100
AcDbLine
 62
2
  6
CONTINUOUS
 10
327.1198579623
 20
136.2468894332
 11
327.1198579623
 21
133.0631319029
  0
ENDBLK
  5
33B
100
AcDbEntity
  8
0
  6
BYBLOCK
 62
0
100
AcDbBlockEnd
  0
BLOCK
  5
33C
100
AcDbEntity
  8
0
100
AcDbBlockBegin
 62
2
  6
CONTINUOUS
  2
*D23
 70
65
 10
0.0
 20
0.0
  3
*D23
  1

  0
MTEXT
  5
33D
100
AcDbEntity
  8
0
100
AcDbMText
 62
2
  6
CONTINUOUS
  7
STANDARD
 71
3
 72
1
 10
333.3698579623
 20
131.5631319029
 30
0.0
 11
0.0
 21
1.0
 31
0.0
 73
2
 44
0.9
  1
0.00
 40
3.0
 41
9.6
  0
LINE
  5
33E
100
AcDbEntity
  8
0
100
AcDbLine
 62
2
  6
CONTINUOUS
 10
337.1198579623
 20
145.0468894332
 11
337.1198579623
 21
133.0631319029
  0
ENDBLK
  5
33F
100
AcDbEntity
  8
0
  6
BYBLOCK
 62
0
100
AcDbBlockEnd
  0
BLOCK
  5
340
100
AcDbEntity
  8
0
100
AcDbBlockBegin
 62
2
  6
CONTINUOUS
  2
*D24
 70
65
 10
0.0
 20
0.0
  3
*D24
  1

  0
MTEXT
  5
341
100
AcDbEntity
  8
0
100
AcDbMText
 62
2
  6
CONTINUOUS
  7
STANDARD
 71
3
 72
1
 10
237.4698579623
 20
131.5631319029
 30
0.0
 11
0.0
 21
1.0
 31
0.0
 73
2
 44
0.9
  1
95.90
 40
3.0
 41
12.0
  0
LINE
  5
342
100
AcDbEntity
  8
0
100
AcDbLine
 62
2
  6
CONTINUOUS
 10
241.2198579623
 20
136.2468894332
 11
241.2198579623
 21
133.0631319029
  0
ENDBLK
  5
343
100
AcDbEntity
  8
0
  6
BYBLOCK
 62
0
100
AcDbBlockEnd
  0
BLOCK
  5
344
100
AcDbEntity
  8
0
100
AcDbBlockBegin
 62
2
  6
CONTINUOUS
  2
*D25
 70
65
 10
0.0
 20
0.0
  3
*D25
  1

  0
MTEXT
  5
345
100
AcDbEntity
  8
0
100
AcDbMText
 62
2
  6
CONTINUOUS
  7
STANDARD
 71
3
 72
1
 10
224.5428125972
 20
148.4968894332
 30
0.0
 11
1.0
 21
0.0
 31
0.0
 73
2
 44
0.9
  1
1.50
 40
3.0
 41
9.6
  0
LINE
  5
346
100
AcDbEntity
  8
0
100
AcDbLine
 62
2
  6
CONTINUOUS
 10
237.2198579623
 20
144.7468894332
 11
226.0428125972
 21
144.7468894332
  0
ENDBLK
  5
347
100
AcDbEntity
  8
0
  6
BYBLOCK
 62
0
100
AcDbBlockEnd
  0
BLOCK
  5
348
100
AcDbEntity
  8
0
100
AcDbBlockBegin
 62
2
  6
CONTINUOUS
  2
*D26
 70
65
 10
0.0
 20
0.0
  3
*D26
  1

  0
MTEXT
  5
349
100
AcDbEntity
  8
0
100
AcDbMText
 62
2
  6
CONTINUOUS
  7
STANDARD
 71
3
 72
1
 10
221.0451941499
 20
220.9968894332
 30
0.0
 11
1.0
 21
0.0
 31
0.0
 73
2
 44
0.9
  1
71.00
 40
3.0
 41
12.0
  0
LINE
  5
34A
100
AcDbEntity
  8
0
100
AcDbLine
 62
2
  6
CONTINUOUS
 10
231.2198579623
 20
217.2468894332
 11
222.5451941499
 21
217.2468894332
  0
ENDBLK
  5
34B
100
AcDbEntity
  8
0
  6
BYBLOCK
 62
0
100
AcDbBlockEnd
  0
BLOCK
  5
34C
100
AcDbEntity
  8
0
100
AcDbBlockBegin
 62
2
  6
CONTINUOUS
  2
*D27
 70
65
 10
0.0
 20
0.0
  3
*D27
  1

  0
MTEXT
  5
34D
100
AcDbEntity
  8
0
100
AcDbMText
 62
2
  6
CONTINUOUS
  7
STANDARD
 71
3
 72
1
 10
215.5809013569
 20
216.9968894332
 30
0.0
 11
1.0
 21
0.0
 31
0.0
 73
2
 44
0.9
  1
67.00
 40
3.0
 41
12.0
  0
LINE
  5
34E
100
AcDbEntity
  8
0
100
AcDbLine
 62
2
  6
CONTINUOUS
 10
231.2198579623
 20
213.2468894332
 11
217.0809013569
 21
213.2468894332
  0
ENDBLK
  5
34F
100
AcDbEntity
  8
0
  6
BYBLOCK
 62
0
100
AcDbBlockEnd
  0
BLOCK
  5
350
100
AcDbEntity
  8
0
100
AcDbBlockBegin
 62
2
  6
CONTINUOUS
  2
*D28
 70
65
 10
0.0
 20
0.0
  3
*D28
  1

  0
MTEXT
  5
351
100
AcDbEntity
  8
0
100
AcDbMText
 62
2
  6
CONTINUOUS
  7
STANDARD
 71
1
 72
1
 10
343.1141208062
 20
220.9968894332
 30
0.0
 11
1.0
 21
0.0
 31
0.0
 73
2
 44
0.9
  1
71.00
 40
3.0
 41
12.0
  0
LINE
  5
352
100
AcDbEntity
  8
0
100
AcDbLine
 62
2
  6
CONTINUOUS
 10
338.1198579623
 20
217.2468894332
 11
341.6141208062
 21
217.2468894332
  0
ENDBLK
  5
353
100
AcDbEntity
  8
0
  6
BYBLOCK
 62
0
100
AcDbBlockEnd
  0
BLOCK
  5
354
100
AcDbEntity
  8
0
100
AcDbBlockBegin
 62
2
  6
CONTINUOUS
  2
*D29
 70
65
 10
0.0
 20
0.0
  3
*D29
  1

  0
MTEXT
  5
355
100
AcDbEntity
  8
0
100
AcDbMText
 62
2
  6
CONTINUOUS
  7
STANDARD
 71
1
 72
1
 10
343.1141208062
 20
216.9968894332
 30
0.0
 11
1.0
 21
0.0
 31
0.0
 73
2
 44
0.9
  1
67.00
 40
3.0
 41
12.0
  0
LINE
  5
356
100
AcDbEntity
  8
0
100
AcDbLine
 62
2
  6
CONTINUOUS
 10
338.1198579623
 20
213.2468894332
 11
341.6141208062
 21
213.2468894332
  0
ENDBLK
  5
357
100
AcDbEntity
  8
0
  6
BYBLOCK
 62
0
100
AcDbBlockEnd
  0
BLOCK
  5
358
100
AcDbEntity
  8
0
100
AcDbBlockBegin
 62
2
  6
CONTINUOUS
  2
*D30
 70
65
 10
0.0
 20
0.0
  3
*D30
  1

  0
MTEXT
  5
359
100
AcDbEntity
  8
0
100
AcDbMText
 62
2
  6
CONTINUOUS
  7
STANDARD
 71
1
 72
1
 10
329.3698579623
 20
242.0746052837
 30
0.0
 11
0.0
 21
1.0
 31
0.0
 73
2
 44
0.9
  1
4.00
 40
3.0
 41
9.6
  0
LINE
  5
35A
100
AcDbEntity
  8
0
100
AcDbLine
 62
2
  6
CONTINUOUS
 10
333.1198579623
 20
218.2468894332
 11
333.1198579623
 21
240.5746052837
  0
ENDBLK
  5
35B
100
AcDbEntity
  8
0
  6
BYBLOCK
 62
0
100
AcDbBlockEnd
  0
BLOCK
  5
35C
100
AcDbEntity
  8
0
100
AcDbBlockBegin
 62
2
  6
CONTINUOUS
  2
*D31
 70
65
 10
0.0
 20
0.0
  3
*D31
  1

  0
MTEXT
  5
35D
100
AcDbEntity
  8
0
100
AcDbMText
 62
2
  6
CONTINUOUS
  7
STANDARD
 71
1
 72
1
 10
231.9698579623
 20
240.0319842542
 30
0.0
 11
0.0
 21
1.0
 31
0.0
 73
2
 44
0.9
  1
101.40
 40
3.0
 41
14.4
  0
LINE
  5
35E
100
AcDbEntity
  8
0
100
AcDbLine
 62
2
  6
CONTINUOUS
 10
235.7198579623
 20
218.2468894332
 11
235.7198579623
 21
238.5319842542
  0
ENDBLK
  5
35F
100
AcDbEntity
  8
0
  6
BYBLOCK
 62
0
100
AcDbBlockEnd
  0
BLOCK
  5
360
100
AcDbEntity
  8
0
100
AcDbBlockBegin
 62
2
  6
CONTINUOUS
  2
*D32
 70
65
 10
0.0
 20
0.0
  3
*D32
  1

  0
MTEXT
  5
361
100
AcDbEntity
  8
0
100
AcDbMText
 62
2
  6
CONTINUOUS
  7
TEXTSTYLE_3
 71
3
 72
1
 10
254.4079264546
 20
229.1020698844
 30
0.0
 11
0.8692272022
 21
0.4944128548
 31
0.0
 73
2
 44
0.9
  1
⌀\ftxt;{\W0.8;4.50}
 40
3.0
 41
19.7076923077
  0
LINE
  5
362
100
AcDbEntity
  8
0
100
AcDbLine
 62
2
  6
CONTINUOUS
 10
259.7640967574
 20
227.83446051
 11
261.7198579623
 21
228.9468894332
  0
LINE
  5
363
100
AcDbEntity
  8
0
100
AcDbLine
 62
2
  6
CONTINUOUS
 10
261.7198579623
 20
228.9468894332
 11
244.8416664957
 21
219.3466435997
  0
LINE
  5
364
100
AcDbEntity
  8
0
100
AcDbLine
 62
2
  6
CONTINUOUS
 10
263.6756191673
 20
230.0593183564
 11
261.7198579623
 21
228.9468894332
  0
INSERT
  5
365
100
AcDbEntity
  8
0
100
AcDbBlockReference
 62
2
  6
CONTINUOUS
  2
_FILLED
 10
259.7640967574
 20
227.83446051
 41
2.1
 42
2.1
 43
2.1
 50
209.631040767
  0
INSERT
  5
366
100
AcDbEntity
  8
0
100
AcDbBlockReference
 62
2
  6
CONTINUOUS
  2
_FILLED
 10
263.6756191673
 20
230.0593183564
 41
2.1
 42
2.1
 43
2.1
 50
29.631040767
  0
ENDBLK
  5
367
100
AcDbEntity
  8
0
  6
BYBLOCK
 62
0
100
AcDbBlockEnd
  0
BLOCK
  5
368
100
AcDbEntity
  8
0
100
AcDbBlockBegin
 62
2
  6
CONTINUOUS
  2
*D33
 70
65
 10
0.0
 20
0.0
  3
*D33
  1

  0
MTEXT
  5
369
100
AcDbEntity
  8
0
100
AcDbMText
 62
2
  6
CONTINUOUS
  7
TEXTSTYLE_3
 71
1
 72
1
 10
311.1338956453
 20
172.090942712
 30
0.0
 11
0.7841313822
 21
0.6205948561
 31
0.0
 73
2
 44
0.9
  1
⌀\ftxt;{\W0.8;6.00}
 40
3.0
 41
19.7076923077
  0
LINE
  5
36A
100
AcDbEntity
  8
0
100
AcDbLine
 62
2
  6
CONTINUOUS
 10
308.6322521089
 20
165.3286740016
 11
306.2798579623
 21
163.4668894332
  0
LINE
  5
36B
100
AcDbEntity
  8
0
100
AcDbLine
 62
2
  6
CONTINUOUS
 10
306.2798579623
 20
163.4668894332
 11
323.7634063618
 21
177.3041116772
  0
LINE
  5
36C
100
AcDbEntity
  8
0
100
AcDbLine
 62
2
  6
CONTINUOUS
 10
303.9274638158
 20
161.6051048647
 11
306.2798579623
 21
163.4668894332
  0
INSERT
  5
36D
100
AcDbEntity
  8
0
100
AcDbBlockReference
 62
2
  6
CONTINUOUS
  2
_FILLED
 10
308.6322521089
 20
165.3286740016
 41
2.1
 42
2.1
 43
2.1
 50
38.3595870441
  0
INSERT
  5
36E
100
AcDbEntity
  8
0
100
AcDbBlockReference
 62
2
  6
CONTINUOUS
  2
_FILLED
 10
303.9274638158
 20
161.6051048647
 41
2.1
 42
2.1
 43
2.1
 50
218.3595870441
  0
ENDBLK
  5
36F
100
AcDbEntity
  8
0
  6
BYBLOCK
 62
0
100
AcDbBlockEnd
  0
BLOCK
  5
370
100
AcDbEntity
  8
0
100
AcDbBlockBegin
 62
2
  6
CONTINUOUS
  2
*D34
 70
65
 10
0.0
 20
0.0
  3
*D34
  1

  0
MTEXT
  5
371
100
AcDbEntity
  8
0
100
AcDbMText
 62
2
  6
CONTINUOUS
  7
STANDARD
 71
3
 72
1
 10
319.6698579623
 20
131.5631319029
 30
0.0
 11
0.0
 21
1.0
 31
0.0
 73
2
 44
0.9
  1
13.70
 40
3.0
 41
12.0
  0
LINE
  5
372
100
AcDbEntity
  8
0
100
AcDbLine
 62
2
  6
CONTINUOUS
 10
323.4198579623
 20
136.2468894332
 11
323.4198579623
 21
133.0631319029
  0
ENDBLK
  5
373
100
AcDbEntity
  8
0
  6
BYBLOCK
 62
0
100
AcDbBlockEnd
  0
BLOCK
  5
374
100
AcDbEntity
  8
0
100
AcDbBlockBegin
 62
2
  6
CONTINUOUS
  2
*D35
 70
65
 10
0.0
 20
0.0
  3
*D35
  1

  0
MTEXT
  5
375
100
AcDbEntity
  8
0
100
AcDbMText
 62
2
  6
CONTINUOUS
  7
STANDARD
 71
3
 72
1
 10
307.6198579623
 20
131.5631319029
 30
0.0
 11
0.0
 21
1.0
 31
0.0
 73
2
 44
0.9
  1
25.75
 40
3.0
 41
12.0
  0
LINE
  5
376
100
AcDbEntity
  8
0
100
AcDbLine
 62
2
  6
CONTINUOUS
 10
311.3698579623
 20
136.2468894332
 11
311.3698579623
 21
133.0631319029
  0
ENDBLK
  5
377
100
AcDbEntity
  8
0
  6
BYBLOCK
 62
0
100
AcDbBlockEnd
  0
BLOCK
  5
378
100
AcDbEntity
  8
0
100
AcDbBlockBegin
 62
2
  6
CONTINUOUS
  2
*D36
 70
65
 10
0.0
 20
0.0
  3
*D36
  1

  0
MTEXT
  5
379
100
AcDbEntity
  8
0
100
AcDbMText
 62
2
  6
CONTINUOUS
  7
STANDARD
 71
1
 72
1
 10
343.1141208062
 20
226.4968894332
 30
0.0
 11
1.0
 21
0.0
 31
0.0
 73
2
 44
0.9
  1
76.50
 40
3.0
 41
12.0
  0
LINE
  5
37A
100
AcDbEntity
  8
0
100
AcDbLine
 62
2
  6
CONTINUOUS
 10
281.9198579623
 20
222.7468894332
 11
341.6141208062
 21
222.7468894332
  0
ENDBLK
  5
37B
100
AcDbEntity
  8
0
  6
BYBLOCK
 62
0
100
AcDbBlockEnd
  0
BLOCK
  5
37C
100
AcDbEntity
  8
0
100
AcDbBlockBegin
 62
2
  6
CONTINUOUS
  2
*D37
 70
65
 10
0.0
 20
0.0
  3
*D37
  1

  0
MTEXT
  5
37D
100
AcDbEntity
  8
0
100
AcDbMText
 62
2
  6
CONTINUOUS
  7
STANDARD
 71
1
 72
1
 10
277.1698579623
 20
234.9394589577
 30
0.0
 11
0.0
 21
1.0
 31
0.0
 73
2
 44
0.9
  1
56.20
 40
3.0
 41
12.0
  0
LINE
  5
37E
100
AcDbEntity
  8
0
100
AcDbLine
 62
2
  6
CONTINUOUS
 10
280.9198579623
 20
231.2468894332
 11
280.9198579623
 21
233.4394589577
  0
ENDBLK
  5
37F
100
AcDbEntity
  8
0
  6
BYBLOCK
 62
0
100
AcDbBlockEnd
  0
BLOCK
  5
380
100
AcDbEntity
  8
0
100
AcDbBlockBegin
 62
2
  6
CONTINUOUS
  2
*D38
 70
65
 10
0.0
 20
0.0
  3
*D38
  1

  0
MTEXT
  5
381
100
AcDbEntity
  8
0
100
AcDbMText
 62
2
  6
CONTINUOUS
  7
STANDARD
 71
1
 72
1
 10
266.6698579623
 20
237.8585880394
 30
0.0
 11
0.0
 21
1.0
 31
0.0
 73
2
 44
0.9
  1
66.70
 40
3.0
 41
12.0
  0
LINE
  5
382
100
AcDbEntity
  8
0
100
AcDbLine
 62
2
  6
CONTINUOUS
 10
270.4198579623
 20
231.2468894332
 11
270.4198579623
 21
236.3585880394
  0
ENDBLK
  5
383
100
AcDbEntity
  8
0
  6
BYBLOCK
 62
0
100
AcDbBlockEnd
  0
BLOCK
  5
384
100
AcDbEntity
  8
0
100
AcDbBlockBegin
 62
6
  6
CONTINUOUS
  2
*D39
 70
65
 10
0.0
 20
0.0
  3
*D39
  1

  0
MTEXT
  5
385
100
AcDbEntity
  8
0
100
AcDbMText
 62
6
  6
CONTINUOUS
  7
STANDARD
 71
1
 72
1
 10
184.8755519955
 20
152.8032410355
 30
0.0
 11
1.0
 21
0.0
 31
0.0
 73
2
 44
0.9
  1
5.50
 40
3.0
 41
9.6
  0
LINE
  5
386
100
AcDbEntity
  8
0
100
AcDbLine
 62
6
  6
CONTINUOUS
 10
173.9793320424
 20
149.0532410355
 11
183.3755519955
 21
149.0532410355
  0
ENDBLK
  5
387
100
AcDbEntity
  8
0
  6
BYBLOCK
 62
0
100
AcDbBlockEnd
  0
BLOCK
  5
388
100
AcDbEntity
  8
0
100
AcDbBlockBegin
 62
6
  6
CONTINUOUS
  2
*D40
 70
65
 10
0.0
 20
0.0
  3
*D40
  1

  0
MTEXT
  5
389
100
AcDbEntity
  8
0
100
AcDbMText
 62
6
  6
CONTINUOUS
  7
STANDARD
 71
3
 72
1
 10
47.3422359119
 20
145.4032410355
 30
0.0
 11
1.0
 21
0.0
 31
0.0
 73
2
 44
0.9
  1
1.90
 40
3.0
 41
9.6
  0
LINE
  5
38A
100
AcDbEntity
  8
0
100
AcDbLine
 62
6
  6
CONTINUOUS
 10
80.5793320424
 20
141.6532410355
 11
48.8422359119
 21
141.6532410355
  0
ENDBLK
  5
38B
100
AcDbEntity
  8
0
  6
BYBLOCK
 62
0
100
AcDbBlockEnd
  0
BLOCK
  5
38C
100
AcDbEntity
  8
0
100
AcDbBlockBegin
 62
2
  6
CONTINUOUS
  2
*D41
 70
65
 10
0.0
 20
0.0
  3
*D41
  1

  0
MTEXT
  5
38D
100
AcDbEntity
  8
0
100
AcDbMText
 62
2
  6
CONTINUOUS
  7
STANDARD
 71
3
 72
1
 10
77.8293320424
 20
123.0525526471
 30
0.0
 11
0.0
 21
1.0
 31
0.0
 73
2
 44
0.9
  1
14.00
 40
3.0
 41
12.0
  0
LINE
  5
38E
100
AcDbEntity
  8
0
100
AcDbLine
 62
2
  6
CONTINUOUS
 10
81.5793320424
 20
133.6532410355
 11
81.5793320424
 21
124.5525526471
  0
ENDBLK
  5
38F
100
AcDbEntity
  8
0
  6
BYBLOCK
 62
0
100
AcDbBlockEnd
  0
BLOCK
  5
390
100
AcDbEntity
  8
0
100
AcDbBlockBegin
 62
2
  6
CONTINUOUS
  2
*D42
 70
65
 10
0.0
 20
0.0
  3
*D42
  1

  0
MTEXT
  5
391
100
AcDbEntity
  8
0
100
AcDbMText
 62
2
  6
CONTINUOUS
  7
STANDARD
 71
3
 72
1
 10
84.3293320424
 20
125.8346202343
 30
0.0
 11
0.0
 21
1.0
 31
0.0
 73
2
 44
0.9
  1
20.50
 40
3.0
 41
12.0
  0
LINE
  5
392
100
AcDbEntity
  8
0
100
AcDbLine
 62
2
  6
CONTINUOUS
 10
88.0793320424
 20
133.6532410355
 11
88.0793320424
 21
127.3346202343
  0
ENDBLK
  5
393
100
AcDbEntity
  8
0
  6
BYBLOCK
 62
0
100
AcDbBlockEnd
  0
BLOCK
  5
394
100
AcDbEntity
  8
0
100
AcDbBlockBegin
 62
2
  6
CONTINUOUS
  2
*D43
 70
65
 10
0.0
 20
0.0
  3
*D43
  1

  0
MTEXT
  5
395
100
AcDbEntity
  8
0
100
AcDbMText
 62
2
  6
CONTINUOUS
  7
STANDARD
 71
3
 72
1
 10
163.1293284986
 20
131.001317182
 30
0.0
 11
0.0
 21
1.0
 31
0.0
 73
2
 44
0.9
  1
99.30
 40
3.0
 41
12.0
  0
LINE
  5
396
100
AcDbEntity
  8
0
100
AcDbLine
 62
2
  6
CONTINUOUS
 10
166.8793284986
 20
141.8532383777
 11
166.8793284986
 21
132.501317182
  0
ENDBLK
  5
397
100
AcDbEntity
  8
0
  6
BYBLOCK
 62
0
100
AcDbBlockEnd
  0
BLOCK
  5
398
100
AcDbEntity
  8
0
100
AcDbBlockBegin
 62
2
  6
CONTINUOUS
  2
*D44
 70
65
 10
0.0
 20
0.0
  3
*D44
  1

  0
MTEXT
  5
399
100
AcDbEntity
  8
0
100
AcDbMText
 62
2
  6
CONTINUOUS
  7
STANDARD
 71
1
 72
1
 10
361.8820370692
 20
147.5968894332
 30
0.0
 11
1.0
 21
0.0
 31
0.0
 73
2
 44
0.9
  1
2.40
 40
3.0
 41
9.6
  0
LINE
  5
39A
100
AcDbEntity
  8
0
100
AcDbLine
 62
2
  6
CONTINUOUS
 10
324.4198579623
 20
143.8468894332
 11
360.3820370692
 21
143.8468894332
  0
ENDBLK
  5
39B
100
AcDbEntity
  8
0
  6
BYBLOCK
 62
0
100
AcDbBlockEnd
  0
BLOCK
  5
39C
100
AcDbEntity
  8
0
100
AcDbBlockBegin
 62
2
  6
CONTINUOUS
  2
*D45
 70
65
 10
0.0
 20
0.0
  3
*D45
  1

  0
MTEXT
  5
39D
100
AcDbEntity
  8
0
100
AcDbMText
 62
2
  6
CONTINUOUS
  7
STANDARD
 71
3
 72
1
 10
208.6324741953
 20
146.5968894332
 30
0.0
 11
1.0
 21
0.0
 31
0.0
 73
2
 44
0.9
  1
3.40
 40
3.0
 41
9.6
  0
LINE
  5
39E
100
AcDbEntity
  8
0
100
AcDbLine
 62
2
  6
CONTINUOUS
 10
242.0698579623
 20
142.8468894332
 11
210.1324741953
 21
142.8468894332
  0
ENDBLK
  5
39F
100
AcDbEntity
  8
0
  6
BYBLOCK
 62
0
100
AcDbBlockEnd
  0
BLOCK
  5
3A0
100
AcDbEntity
  8
0
100
AcDbBlockBegin
 62
2
  6
CONTINUOUS
  2
*D46
 70
65
 10
0.0
 20
0.0
  3
*D46
  1

  0
MTEXT
  5
3A1
100
AcDbEntity
  8
0
100
AcDbMText
 62
2
  6
CONTINUOUS
  7
STANDARD
 71
3
 72
1
 10
246.3198579623
 20
131.5631319029
 30
0.0
 11
0.0
 21
1.0
 31
0.0
 73
2
 44
0.9
  1
87.05
 40
3.0
 41
12.0
  0
LINE
  5
3A2
100
AcDbEntity
  8
0
100
AcDbLine
 62
2
  6
CONTINUOUS
 10
250.0698579623
 20
136.2468894332
 11
250.0698579623
 21
133.0631319029
  0
ENDBLK
  5
3A3
100
AcDbEntity
  8
0
  6
BYBLOCK
 62
0
100
AcDbBlockEnd
  0
BLOCK
  5
3A4
100
AcDbEntity
  8
0
100
AcDbBlockBegin
 62
2
  6
CONTINUOUS
  2
*D47
 70
65
 10
0.0
 20
0.0
  3
*D47
  1

  0
MTEXT
  5
3A5
100
AcDbEntity
  8
0
100
AcDbMText
 62
2
  6
CONTINUOUS
  7
STANDARD
 71
3
 72
1
 10
239.3198579623
 20
116.5189539795
 30
0.0
 11
0.0
 21
1.0
 31
0.0
 73
2
 44
0.9
  1
94.05
 40
3.0
 41
12.0
  0
LINE
  5
3A6
100
AcDbEntity
  8
0
100
AcDbLine
 62
2
  6
CONTINUOUS
 10
243.0698579623
 20
140.8718894332
 11
243.0698579623
 21
118.0189539795
  0
ENDBLK
  5
3A7
100
AcDbEntity
  8
0
  6
BYBLOCK
 62
0
100
AcDbBlockEnd
  0
BLOCK
  5
3A8
100
AcDbEntity
  8
0
100
AcDbBlockBegin
 62
6
  6
CONTINUOUS
  2
*D48
 70
65
 10
0.0
 20
0.0
  3
*D48
  1

  0
MTEXT
  5
3A9
100
AcDbEntity
  8
0
100
AcDbMText
 62
6
  6
CONTINUOUS
  7
STANDARD
 71
3
 72
1
 10
88.5376759576
 20
146.4032410355
 30
0.0
 11
1.0
 21
0.0
 31
0.0
 73
2
 44
0.9
  1
0.90
 40
3.0
 41
9.6
  0
LINE
  5
3AA
100
AcDbEntity
  8
0
100
AcDbLine
 62
6
  6
CONTINUOUS
 10
94.9904616341
 20
142.6532410355
 11
90.0376759576
 21
142.6532410355
  0
ENDBLK
  5
3AB
100
AcDbEntity
  8
0
  6
BYBLOCK
 62
0
100
AcDbBlockEnd
  0
BLOCK
  5
3AC
100
AcDbEntity
  8
0
100
AcDbBlockBegin
 62
6
  6
CONTINUOUS
  2
*D49
 70
65
 10
0.0
 20
0.0
  3
*D49
  1

  0
MTEXT
  5
3AD
100
AcDbEntity
  8
0
100
AcDbMText
 62
6
  6
CONTINUOUS
  7
STANDARD
 71
1
 72
1
 10
180.236902563
 20
146.4032410355
 30
0.0
 11
1.0
 21
0.0
 31
0.0
 73
2
 44
0.9
  1
0.90
 40
3.0
 41
9.6
  0
LINE
  5
3AE
100
AcDbEntity
  8
0
100
AcDbLine
 62
6
  6
CONTINUOUS
 10
154.311587094
 20
142.6532410355
 11
178.736902563
 21
142.6532410355
  0
ENDBLK
  5
3AF
100
AcDbEntity
  8
0
  6
BYBLOCK
 62
0
100
AcDbBlockEnd
  0
BLOCK
  5
3B0
100
AcDbEntity
  8
0
100
AcDbBlockBegin
 62
6
  6
CONTINUOUS
  2
*D50
 70
65
 10
0.0
 20
0.0
  3
*D50
  1

  0
MTEXT
  5
3B1
100
AcDbEntity
  8
0
100
AcDbMText
 62
6
  6
CONTINUOUS
  7
STANDARD
 71
1
 72
1
 10
343.1141208062
 20
232.5443894332
 30
0.0
 11
1.0
 21
0.0
 31
0.0
 73
2
 44
0.9
  1
82.30
 40
3.0
 41
12.0
  0
LINE
  5
3B2
100
AcDbEntity
  8
0
100
AcDbLine
 62
6
  6
CONTINUOUS
 10
287.4198579623
 20
228.7943894332
 11
341.6141208062
 21
228.7943894332
  0
ENDBLK
  5
3B3
100
AcDbEntity
  8
0
  6
BYBLOCK
 62
0
100
AcDbBlockEnd
  0
BLOCK
  5
3B4
100
AcDbEntity
  8
0
100
AcDbBlockBegin
 62
2
  6
CONTINUOUS
  2
*D51
 70
65
 10
0.0
 20
0.0
  3
*D51
  1

  0
MTEXT
  5
3B5
100
AcDbEntity
  8
0
100
AcDbMText
 62
2
  6
CONTINUOUS
  7
STANDARD
 71
3
 72
1
 10
92.2404616341
 20
126.066046995
 30
0.0
 11
0.0
 21
1.0
 31
0.0
 73
2
 44
0.9
  1
28.41
 40
3.0
 41
12.0
  0
LINE
  5
3B6
100
AcDbEntity
  8
0
100
AcDbLine
 62
2
  6
CONTINUOUS
 10
95.9904616341
 20
133.6532410355
 11
95.9904616341
 21
127.566046995
  0
ENDBLK
  5
3B7
100
AcDbEntity
  8
0
  6
BYBLOCK
 62
0
100
AcDbBlockEnd
  0
BLOCK
  5
3B8
100
AcDbEntity
  8
0
100
AcDbBlockBegin
 62
2
  6
CONTINUOUS
  2
*D52
 70
65
 10
0.0
 20
0.0
  3
*D52
  1

  0
MTEXT
  5
3B9
100
AcDbEntity
  8
0
100
AcDbMText
 62
2
  6
CONTINUOUS
  7
STANDARD
 71
3
 72
1
 10
98.4293320424
 20
122.4154667158
 30
0.0
 11
0.0
 21
1.0
 31
0.0
 73
2
 44
0.9
  1
34.60
 40
3.0
 41
12.0
  0
LINE
  5
3BA
100
AcDbEntity
  8
0
100
AcDbLine
 62
2
  6
CONTINUOUS
 10
102.1793320424
 20
138.0499039902
 11
102.1793320424
 21
123.9154667158
  0
ENDBLK
  5
3BB
100
AcDbEntity
  8
0
  6
BYBLOCK
 62
0
100
AcDbBlockEnd
  0
BLOCK
  5
3BC
100
AcDbEntity
  8
0
100
AcDbBlockBegin
 62
2
  6
CONTINUOUS
  2
*D53
 70
65
 10
0.0
 20
0.0
  3
*D53
  1

  0
MTEXT
  5
3BD
100
AcDbEntity
  8
0
100
AcDbMText
 62
2
  6
CONTINUOUS
  7
STANDARD
 71
3
 72
1
 10
144.6293320424
 20
128.6214531905
 30
0.0
 11
0.0
 21
1.0
 31
0.0
 73
2
 44
0.9
  1
80.80
 40
3.0
 41
12.0
  0
LINE
  5
3BE
100
AcDbEntity
  8
0
100
AcDbLine
 62
2
  6
CONTINUOUS
 10
148.3793320424
 20
138.0499039902
 11
148.3793320424
 21
130.1214531905
  0
ENDBLK
  5
3BF
100
AcDbEntity
  8
0
  6
BYBLOCK
 62
0
100
AcDbBlockEnd
  0
BLOCK
  5
3C0
100
AcDbEntity
  8
0
100
AcDbBlockBegin
 62
2
  6
CONTINUOUS
  2
*D54
 70
65
 10
0.0
 20
0.0
  3
*D54
  1

  0
MTEXT
  5
3C1
100
AcDbEntity
  8
0
100
AcDbMText
 62
2
  6
CONTINUOUS
  7
STANDARD
 71
3
 72
1
 10
153.561587094
 20
130.0360530487
 30
0.0
 11
0.0
 21
1.0
 31
0.0
 73
2
 44
0.9
  1
89.73
 40
3.0
 41
12.0
  0
LINE
  5
3C2
100
AcDbEntity
  8
0
100
AcDbLine
 62
2
  6
CONTINUOUS
 10
157.311587094
 20
133.6532410355
 11
157.311587094
 21
131.5360530487
  0
ENDBLK
  5
3C3
100
AcDbEntity
  8
0
  6
BYBLOCK
 62
0
100
AcDbBlockEnd
  0
BLOCK
  5
3C4
100
AcDbEntity
  8
0
100
AcDbBlockBegin
 62
6
  6
CONTINUOUS
  2
*D55
 70
65
 10
0.0
 20
0.0
  3
*D55
  1

  0
MTEXT
  5
3C5
100
AcDbEntity
  8
0
100
AcDbMText
 62
6
  6
CONTINUOUS
  7
STANDARD
 71
1
 72
1
 10
282.6698579623
 20
241.6806183499
 30
0.0
 11
0.0
 21
1.0
 31
0.0
 73
2
 44
0.9
  1
50.70
 40
3.0
 41
12.0
  0
LINE
  5
3C6
100
AcDbEntity
  8
0
100
AcDbLine
 62
6
  6
CONTINUOUS
 10
286.4198579623
 20
229.7943894332
 11
286.4198579623
 21
240.1806183499
  0
ENDBLK
  5
3C7
100
AcDbEntity
  8
0
  6
BYBLOCK
 62
0
100
AcDbBlockEnd
  0
BLOCK
  5
3C8
100
AcDbEntity
  8
0
100
AcDbBlockBegin
 62
2
  6
CONTINUOUS
  2
*D56
 70
65
 10
0.0
 20
0.0
  3
*D56
  1

  0
MTEXT
  5
3C9
100
AcDbEntity
  8
0
100
AcDbMText
 62
2
  6
CONTINUOUS
  7
STANDARD
 71
1
 72
1
 10
166.5593320424
 20
240.4942677633
 30
0.0
 11
0.0
 21
1.0
 31
0.0
 73
2
 44
0.9
  1
102.73
 40
3.0
 41
14.4
  0
LINE
  5
3CA
100
AcDbEntity
  8
0
100
AcDbLine
 62
2
  6
CONTINUOUS
 10
170.3093320424
 20
227.1532410355
 11
170.3093320424
 21
238.9942677633
  0
ENDBLK
  5
3CB
100
AcDbEntity
  8
0
  6
BYBLOCK
 62
0
100
AcDbBlockEnd
  0
BLOCK
  5
3CC
100
AcDbEntity
  8
0
100
AcDbBlockBegin
 62
2
  6
CONTINUOUS
  2
*D57
 70
65
 10
0.0
 20
0.0
  3
*D57
  1

  0
MTEXT
  5
3CD
100
AcDbEntity
  8
0
100
AcDbMText
 62
2
  6
CONTINUOUS
  7
STANDARD
 71
1
 72
1
 10
162.3593320424
 20
240.4942677633
 30
0.0
 11
0.0
 21
1.0
 31
0.0
 73
2
 44
0.9
  1
98.53
 40
3.0
 41
12.0
  0
LINE
  5
3CE
100
AcDbEntity
  8
0
100
AcDbLine
 62
2
  6
CONTINUOUS
 10
166.1093320424
 20
227.1532410355
 11
166.1093320424
 21
238.9942677633
  0
ENDBLK
  5
3CF
100
AcDbEntity
  8
0
  6
BYBLOCK
 62
0
100
AcDbBlockEnd
  0
BLOCK
  5
3D0
100
AcDbEntity
  8
0
100
AcDbBlockBegin
 62
6
  6
CONTINUOUS
  2
*D58
 70
65
 10
0.0
 20
0.0
  3
*D58
  1

  0
MTEXT
  5
3D1
100
AcDbEntity
  8
0
100
AcDbMText
 62
6
  6
CONTINUOUS
  7
STANDARD
 71
1
 72
1
 10
178.5702315936
 20
229.9032410355
 30
0.0
 11
1.0
 21
0.0
 31
0.0
 73
2
 44
0.9
  1
82.60
 40
3.0
 41
12.0
  0
LINE
  5
3D2
100
AcDbEntity
  8
0
100
AcDbLine
 62
6
  6
CONTINUOUS
 10
171.3093320424
 20
226.1532410355
 11
177.0702315936
 21
226.1532410355
  0
ENDBLK
  5
3D3
100
AcDbEntity
  8
0
  6
BYBLOCK
 62
0
100
AcDbBlockEnd
  0
BLOCK
  5
3D4
100
AcDbEntity
  8
0
100
AcDbBlockBegin
 62
6
  6
CONTINUOUS
  2
*D59
 70
65
 10
0.0
 20
0.0
  3
*D59
  1

  0
MTEXT
  5
3D5
100
AcDbEntity
  8
0
100
AcDbMText
 62
6
  6
CONTINUOUS
  7
STANDARD
 71
1
 72
1
 10
194.1056794834
 20
227.2532410355
 30
0.0
 11
1.0
 21
0.0
 31
0.0
 73
2
 44
0.9
  1
79.95
 40
3.0
 41
12.0
  0
LINE
  5
3D6
100
AcDbEntity
  8
0
100
AcDbLine
 62
6
  6
CONTINUOUS
 10
171.3093320424
 20
223.5032410355
 11
192.6056794834
 21
223.5032410355
  0
ENDBLK
  5
3D7
100
AcDbEntity
  8
0
  6
BYBLOCK
 62
0
100
AcDbBlockEnd
  0
BLOCK
  5
3D8
100
AcDbEntity
  8
0
100
AcDbBlockBegin
  2
*T1
 70
1
 10
0.0
 20
0.0
  3
*T1
  1

  0
LINE
  5
3D9
100
AcDbEntity
  8
0
100
AcDbLine
 62
2
  6
CONTINUOUS
 10
0.0
 20
0.0
 11
76.0
 21
0.0
  0
LINE
  5
3DA
100
AcDbEntity
  8
0
100
AcDbLine
 62
2
  6
CONTINUOUS
 10
0.0
 20
0.0
 11
0.0
 21
-7.0
  0
LINE
  5
3DB
100
AcDbEntity
  8
0
100
AcDbLine
 62
2
  6
CONTINUOUS
 10
0.0
 20
-3.0
 11
76.0
 21
-3.0
  0
LINE
  5
3DC
100
AcDbEntity
  8
0
100
AcDbLine
 62
2
  6
CONTINUOUS
 10
0.0
 20
-7.0
 11
76.0
 21
-7.0
  0
LINE
  5
3DD
100
AcDbEntity
  8
0
100
AcDbLine
 62
2
  6
CONTINUOUS
 10
6.0
 20
0.0
 11
6.0
 21
-7.0
  0
LINE
  5
3DE
100
AcDbEntity
  8
0
100
AcDbLine
 62
2
  6
CONTINUOUS
 10
46.0
 20
0.0
 11
46.0
 21
-7.0
  0
LINE
  5
3DF
100
AcDbEntity
  8
0
100
AcDbLine
 62
2
  6
CONTINUOUS
 10
61.0
 20
0.0
 11
61.0
 21
-7.0
  0
LINE
  5
3E0
100
AcDbEntity
  8
0
100
AcDbLine
 62
2
  6
CONTINUOUS
 10
76.0
 20
0.0
 11
76.0
 21
-7.0
  0
MTEXT
  5
3E1
100
AcDbEntity
  8
DETAIL
100
AcDbMText
 62
2
  6
CONTINUOUS
  7
TEXTSTYLE_4
 71
2
 72
1
 10
3.0
 20
-0.5
 30
0.0
 11
1.0
 21
0.0
 31
0.0
 73
2
 44
0.9
  1
REV
 40
2.0
 41
10.35
  0
MTEXT
  5
3E2
100
AcDbEntity
  8
DETAIL
100
AcDbMText
 62
2
  6
CONTINUOUS
  7
TEXTSTYLE_4
 71
2
 72
1
 10
26.0
 20
-0.5
 30
0.0
 11
1.0
 21
0.0
 31
0.0
 73
2
 44
0.9
  1
DESCRIPTION OF CHANGE
 40
2.0
 41
69.0
  0
MTEXT
  5
3E3
100
AcDbEntity
  8
DETAIL
100
AcDbMText
 62
2
  6
CONTINUOUS
  7
TEXTSTYLE_4
 71
2
 72
1
 10
53.5
 20
-0.5
 30
0.0
 11
1.0
 21
0.0
 31
0.0
 73
2
 44
0.9
  1
REV BY
 40
2.0
 41
20.7
  0
MTEXT
  5
3E4
100
AcDbEntity
  8
DETAIL
100
AcDbMText
 62
2
  6
CONTINUOUS
  7
TEXTSTYLE_4
 71
2
 72
1
 10
68.5
 20
-0.5
 30
0.0
 11
1.0
 21
0.0
 31
0.0
 73
2
 44
0.9
  1
DATE
 40
2.0
 41
13.95
  0
ENDBLK
  5
3E5
100
AcDbEntity
  8
0
  6
BYBLOCK
 62
0
100
AcDbBlockEnd
  0
BLOCK
  5
3E6
100
AcDbEntity
  8
0
100
AcDbBlockBegin
  2
*T2
 70
1
 10
0.0
 20
0.0
  3
*T2
  1

  0
LINE
  5
3E7
100
AcDbEntity
  8
0
100
AcDbLine
 62
2
  6
CONTINUOUS
 10
0.0
 20
0.0
 11
72.0
 21
0.0
  0
LINE
  5
3E8
100
AcDbEntity
  8
0
100
AcDbLine
 62
2
  6
CONTINUOUS
 10
0.0
 20
0.0
 11
0.0
 21
-39.0
  0
LINE
  5
3E9
100
AcDbEntity
  8
0
100
AcDbLine
 62
2
  6
CONTINUOUS
 10
0.0
 20
-1.0
 11
72.0
 21
-1.0
  0
LINE
  5
3EA
100
AcDbEntity
  8
0
100
AcDbLine
 62
2
  6
CONTINUOUS
 10
0.0
 20
-9.0
 11
72.0
 21
-9.0
  0
LINE
  5
3EB
100
AcDbEntity
  8
0
100
AcDbLine
 62
2
  6
CONTINUOUS
 10
24.0
 20
-15.0
 11
72.0
 21
-15.0
  0
LINE
  5
3EC
100
AcDbEntity
  8
0
100
AcDbLine
 62
2
  6
CONTINUOUS
 10
0.0
 20
-18.0
 11
24.0
 21
-18.0
  0
LINE
  5
3ED
100
AcDbEntity
  8
0
100
AcDbLine
 62
2
  6
CONTINUOUS
 10
0.0
 20
-21.0
 11
72.0
 21
-21.0
  0
LINE
  5
3EE
100
AcDbEntity
  8
0
100
AcDbLine
 62
2
  6
CONTINUOUS
 10
24.0
 20
-27.0
 11
72.0
 21
-27.0
  0
LINE
  5
3EF
100
AcDbEntity
  8
0
100
AcDbLine
 62
2
  6
CONTINUOUS
 10
24.0
 20
-33.0
 11
72.0
 21
-33.0
  0
LINE
  5
3F0
100
AcDbEntity
  8
0
100
AcDbLine
 62
2
  6
CONTINUOUS
 10
0.0
 20
-39.0
 11
72.0
 21
-39.0
  0
LINE
  5
3F1
100
AcDbEntity
  8
0
100
AcDbLine
 62
2
  6
CONTINUOUS
 10
24.0
 20
-9.0
 11
24.0
 21
-39.0
  0
LINE
  5
3F2
100
AcDbEntity
  8
0
100
AcDbLine
 62
2
  6
CONTINUOUS
 10
32.0
 20
-33.0
 11
32.0
 21
-39.0
  0
LINE
  5
3F3
100
AcDbEntity
  8
0
100
AcDbLine
 62
2
  6
CONTINUOUS
 10
48.0
 20
-9.0
 11
48.0
 21
-21.0
  0
LINE
  5
3F4
100
AcDbEntity
  8
0
100
AcDbLine
 62
2
  6
CONTINUOUS
 10
56.0
 20
-21.0
 11
56.0
 21
-27.0
  0
LINE
  5
3F5
100
AcDbEntity
  8
0
100
AcDbLine
 62
2
  6
CONTINUOUS
 10
56.0
 20
-33.0
 11
56.0
 21
-39.0
  0
LINE
  5
3F6
100
AcDbEntity
  8
0
100
AcDbLine
 62
2
  6
CONTINUOUS
 10
64.0
 20
-21.0
 11
64.0
 21
-27.0
  0
LINE
  5
3F7
100
AcDbEntity
  8
0
100
AcDbLine
 62
2
  6
CONTINUOUS
 10
64.0
 20
-33.0
 11
64.0
 21
-39.0
  0
LINE
  5
3F8
100
AcDbEntity
  8
0
100
AcDbLine
 62
2
  6
CONTINUOUS
 10
72.0
 20
0.0
 11
72.0
 21
-39.0
  0
MTEXT
  5
3F9
100
AcDbEntity
  8
DETAIL
100
AcDbMText
 62
2
  6
CONTINUOUS
  7
TEXTSTYLE_6
 71
1
 72
1
 10
24.99
 20
-9.75
 30
0.0
 11
1.0
 21
0.0
 31
0.0
 73
2
 44
0.9
  1
DESIGNED BY
 40
1.5
 41
29.7
  0
MTEXT
  5
3FA
100
AcDbEntity
  8
DETAIL
100
AcDbMText
 62
2
  6
CONTINUOUS
  7
TEXTSTYLE_6
 71
1
 72
1
 10
48.99
 20
-9.75
 30
0.0
 11
1.0
 21
0.0
 31
0.0
 73
2
 44
0.9
  1
DRAWN BY
 40
1.5
 41
21.6
  0
MTEXT
  5
3FB
100
AcDbEntity
  8
0
100
AcDbMText
 62
2
  6
CONTINUOUS
  7
TEXTSTYLE_7
 71
3
 72
1
 10
47.01
 20
-12.75
 30
0.0
 11
1.0
 21
0.0
 31
0.0
 73
2
 44
0.9
  1
Framework
 40
1.5
 41
21.375
  0
MTEXT
  5
3FC
100
AcDbEntity
  8
DETAIL
100
AcDbMText
 62
2
  6
CONTINUOUS
  7
TEXTSTYLE_6
 71
1
 72
1
 10
24.99
 20
-15.75
 30
0.0
 11
1.0
 21
0.0
 31
0.0
 73
2
 44
0.9
  1
CHECKED BY
 40
1.5
 41
27.0
  0
MTEXT
  5
3FD
100
AcDbEntity
  8
DETAIL
100
AcDbMText
 62
2
  6
CONTINUOUS
  7
TEXTSTYLE_6
 71
1
 72
1
 10
48.99
 20
-15.75
 30
0.0
 11
1.0
 21
0.0
 31
0.0
 73
2
 44
0.9
  1
APPROVED BY
 40
1.5
 41
29.7
  0
MTEXT
  5
3FE
100
AcDbEntity
  8
DETAIL
100
AcDbMText
 62
2
  6
CONTINUOUS
  7
TEXTSTYLE_6
 71
2
 72
1
 10
12.0
 20
-18.5
 30
0.0
 11
1.0
 21
0.0
 31
0.0
 73
2
 44
0.9
  1
MODEL
 40
2.0
 41
18.0
  0
MTEXT
  5
3FF
100
AcDbEntity
  8
0
100
AcDbMText
 62
2
  6
CONTINUOUS
  7
TEXTSTYLE_7
 71
3
 72
1
 10
47.01
 20
-18.75
 30
0.0
 11
1.0
 21
0.0
 31
0.0
 73
2
 44
0.9
  1
Framework
 40
1.5
 41
21.375
  0
MTEXT
  5
400
100
AcDbEntity
  8
0
100
AcDbMText
 62
2
  6
CONTINUOUS
  7
TEXTSTYLE_7
 71
3
 72
1
 10
71.01
 20
-18.75
 30
0.0
 11
1.0
 21
0.0
 31
0.0
 73
2
 44
0.9
  1
Framework
 40
1.5
 41
21.375
  0
MTEXT
  5
401
100
AcDbEntity
  8
DETAIL
100
AcDbMText
 62
2
  6
CONTINUOUS
  7
TEXTSTYLE_6
 71
2
 72
1
 10
12.0
 20
-23.45
 30
0.0
 11
1.0
 21
0.0
 31
0.0
 73
2
 44
0.9
  1
THIRD ANGLE PROJECTION
 40
1.1
 41
43.56
  0
MTEXT
  5
402
100
AcDbEntity
  8
DETAIL
100
AcDbMText
 62
2
  6
CONTINUOUS
  7
TEXTSTYLE_6
 71
1
 72
1
 10
24.99
 20
-21.75
 30
0.0
 11
1.0
 21
0.0
 31
0.0
 73
2
 44
0.9
  1
ISSUED DATE
 40
1.5
 41
29.7
  0
MTEXT
  5
403
100
AcDbEntity
  8
DETAIL
100
AcDbMText
 62
2
  6
CONTINUOUS
  7
TEXTSTYLE_6
 71
2
 72
1
 10
60.0
 20
-21.75
 30
0.0
 11
1.0
 21
0.0
 31
0.0
 73
2
 44
0.9
  1
SCALE
 40
1.5
 41
13.5
  0
MTEXT
  5
404
100
AcDbEntity
  8
DETAIL
100
AcDbMText
 62
2
  6
CONTINUOUS
  7
TEXTSTYLE_6
 71
2
 72
1
 10
68.0
 20
-21.5
 30
0.0
 11
1.0
 21
0.0
 31
0.0
 73
2
 44
0.9
  1
UNIT
 40
2.0
 41
14.4
  0
MTEXT
  5
405
100
AcDbEntity
  8
DETAIL
100
AcDbMText
 62
2
  6
CONTINUOUS
  7
TEXTSTYLE_6
 71
2
 72
1
 10
68.0
 20
-24.5
 30
0.0
 11
1.0
 21
0.0
 31
0.0
 73
2
 44
0.9
  1
mm
 40
2.0
 41
7.2
  0
MTEXT
  5
406
100
AcDbEntity
  8
DETAIL
100
AcDbMText
 62
2
  6
CONTINUOUS
  7
TEXTSTYLE_6
 71
1
 72
1
 10
24.99
 20
-27.75
 30
0.0
 11
1.0
 21
0.0
 31
0.0
 73
2
 44
0.9
  1
DRAWING FILE NAME
 40
1.5
 41
45.9
  0
MTEXT
  5
407
100
AcDbEntity
  8
DETAIL
100
AcDbMText
 62
2
  6
CONTINUOUS
  7
TEXTSTYLE_8
 71
1
 72
1
 10
24.99
 20
-30.4
 30
0.0
 11
1.0
 21
0.0
 31
0.0
 73
2
 44
0.9
  1
AMD GPU Board
 40
2.2
 41
48.8673992674
  0
MTEXT
  5
408
100
AcDbEntity
  8
DETAIL
100
AcDbMText
 62
2
  6
CONTINUOUS
  7
TEXTSTYLE_6
 71
2
 72
1
 10
28.0
 20
-33.5
 30
0.0
 11
1.0
 21
0.0
 31
0.0
 73
2
 44
0.9
  1
SIZE
 40
2.0
 41
14.4
  0
MTEXT
  5
409
100
AcDbEntity
  8
DETAIL
100
AcDbMText
 62
2
  6
CONTINUOUS
  7
TEXTSTYLE_6
 71
2
 72
1
 10
44.0
 20
-33.5
 30
0.0
 11
1.0
 21
0.0
 31
0.0
 73
2
 44
0.9
  1
SHEET
 40
2.0
 41
18.0
  0
MTEXT
  5
40A
100
AcDbEntity
  8
DETAIL
100
AcDbMText
 62
2
  6
CONTINUOUS
  7
TEXTSTYLE_6
 71
2
 72
1
 10
60.0
 20
-33.95
 30
0.0
 11
1.0
 21
0.0
 31
0.0
 73
2
 44
0.9
  1
REVISION
 40
1.1
 41
15.84
  0
MTEXT
  5
40B
100
AcDbEntity
  8
DETAIL
100
AcDbMText
 62
2
  6
CONTINUOUS
  7
TEXTSTYLE_6
 71
2
 72
1
 10
68.0
 20
-33.95
 30
0.0
 11
1.0
 21
0.0
 31
0.0
 73
2
 44
0.9
  1
VERSION
 40
1.1
 41
13.86
  0
MTEXT
  5
40C
100
AcDbEntity
  8
DETAIL
100
AcDbMText
 62
2
  6
CONTINUOUS
  7
TEXTSTYLE_6
 71
2
 72
1
 10
28.0
 20
-36.5
 30
0.0
 11
1.0
 21
0.0
 31
0.0
 73
2
 44
0.9
  1
A3
 40
2.0
 41
7.2
  0
MTEXT
  5
40D
100
AcDbEntity
  8
DETAIL
100
AcDbMText
 62
2
  6
CONTINUOUS
  7
TEXTSTYLE_7
 71
3
 72
1
 10
39.01
 20
-36.5
 30
0.0
 11
1.0
 21
0.0
 31
0.0
 73
2
 44
0.9
  1
4
 40
2.0
 41
4.0
  0
MTEXT
  5
40E
100
AcDbEntity
  8
DETAIL
100
AcDbMText
 62
2
  6
CONTINUOUS
  7
TEXTSTYLE_6
 71
2
 72
1
 10
44.0
 20
-36.5
 30
0.0
 11
1.0
 21
0.0
 31
0.0
 73
2
 44
0.9
  1
OF
 40
2.0
 41
7.2
  0
MTEXT
  5
40F
100
AcDbEntity
  8
DETAIL
100
AcDbMText
 62
2
  6
CONTINUOUS
  7
TEXTSTYLE_7
 71
1
 72
1
 10
48.99
 20
-36.5
 30
0.0
 11
1.0
 21
0.0
 31
0.0
 73
2
 44
0.9
  1
6
 40
2.0
 41
3.6666666667
  0
ENDBLK
  5
410
100
AcDbEntity
  8
0
  6
BYBLOCK
 62
0
100
AcDbBlockEnd
  0
BLOCK
  5
411
100
AcDbEntity
  8
0
100
AcDbBlockBegin
  2
*T3
 70
1
 10
0.0
 20
0.0
  3
*T3
  1

  0
LINE
  5
412
100
AcDbEntity
  8
0
100
AcDbLine
 62
2
  6
CONTINUOUS
 10
0.0
 20
0.0
 11
22.0
 21
0.0
  0
LINE
  5
413
100
AcDbEntity
  8
0
100
AcDbLine
 62
2
  6
CONTINUOUS
 10
0.0
 20
0.0
 11
0.0
 21
-30.0
  0
LINE
  5
414
100
AcDbEntity
  8
0
100
AcDbLine
 62
2
  6
CONTINUOUS
 10
0.0
 20
-24.0
 11
22.0
 21
-24.0
  0
LINE
  5
415
100
AcDbEntity
  8
0
100
AcDbLine
 62
2
  6
CONTINUOUS
 10
0.0
 20
-30.0
 11
22.0
 21
-30.0
  0
LINE
  5
416
100
AcDbEntity
  8
0
100
AcDbLine
 62
2
  6
CONTINUOUS
 10
22.0
 20
0.0
 11
22.0
 21
-30.0
  0
MTEXT
  5
417
100
AcDbEntity
  8
DETAIL
100
AcDbMText
 62
2
  6
CONTINUOUS
  7
TEXTSTYLE_2
 71
2
 72
1
 10
11.0
 20
-1.75
 30
0.0
 11
1.0
 21
0.0
 31
0.0
 73
2
 44
0.9
  1
UNLESS SPECIFIED\PTOLERANCE ARE:
 40
1.0
 41
32.0
  0
MTEXT
  5
418
100
AcDbEntity
  8
DETAIL
100
AcDbMText
 62
2
  6
CONTINUOUS
  7
STANDARD
 71
3
 72
1
 10
13.2
 20
-7.0
 30
0.0
 11
1.0
 21
0.0
 31
0.0
 73
2
 44
0.9
  1
300 ABOVE :
 40
1.0
 41
17.6
  0
MTEXT
  5
419
100
AcDbEntity
  8
DETAIL
100
AcDbMText
 62
2
  6
CONTINUOUS
  7
TEXTSTYLE_9
 71
1
 72
1
 10
14.8
 20
-7.0
 30
0.0
 11
1.0
 21
0.0
 31
0.0
 73
2
 44
0.9
  1
{\fgdt;`}\ftxt;{\W0.8; 0.20}
 40
1.0
 41
10.6666666667
  0
MTEXT
  5
41A
100
AcDbEntity
  8
DETAIL
100
AcDbMText
 62
2
  6
CONTINUOUS
  7
TEXTSTYLE_10
 71
3
 72
1
 10
13.2
 20
-10.0
 30
0.0
 11
1.0
 21
0.0
 31
0.0
 73
2
 44
0.9
  1
300    X    150 :
 40
1.0
 41
25.5
  0
MTEXT
  5
41B
100
AcDbEntity
  8
DETAIL
100
AcDbMText
 62
2
  6
CONTINUOUS
  7
TEXTSTYLE_9
 71
1
 72
1
 10
14.8
 20
-10.0
 30
0.0
 11
1.0
 21
0.0
 31
0.0
 73
2
 44
0.9
  1
{\fgdt;`}\ftxt;{\W0.8; 0.15}
 40
1.0
 41
10.6666666667
  0
MTEXT
  5
41C
100
AcDbEntity
  8
DETAIL
100
AcDbMText
 62
2
  6
CONTINUOUS
  7
STANDARD
 71
3
 72
1
 10
13.2
 20
-13.0
 30
0.0
 11
1.0
 21
0.0
 31
0.0
 73
2
 44
0.9
  1
150    X    50 :
 40
1.0
 41
25.6
  0
MTEXT
  5
41D
100
AcDbEntity
  8
DETAIL
100
AcDbMText
 62
2
  6
CONTINUOUS
  7
TEXTSTYLE_9
 71
1
 72
1
 10
14.8
 20
-13.0
 30
0.0
 11
1.0
 21
0.0
 31
0.0
 73
2
 44
0.9
  1
{\fgdt;`}\ftxt;{\W0.8; 0.10}
 40
1.0
 41
10.6666666667
  0
MTEXT
  5
41E
100
AcDbEntity
  8
DETAIL
100
AcDbMText
 62
2
  6
CONTINUOUS
  7
STANDARD
 71
3
 72
1
 10
13.2
 20
-16.0
 30
0.0
 11
1.0
 21
0.0
 31
0.0
 73
2
 44
0.9
  1
50    X    20 :
 40
1.0
 41
24.0
  0
MTEXT
  5
41F
100
AcDbEntity
  8
DETAIL
100
AcDbMText
 62
2
  6
CONTINUOUS
  7
TEXTSTYLE_9
 71
1
 72
1
 10
14.8
 20
-16.0
 30
0.0
 11
1.0
 21
0.0
 31
0.0
 73
2
 44
0.9
  1
{\fgdt;`}\ftxt;{\W0.8; 0.075}
 40
1.0
 41
12.2666666667
  0
MTEXT
  5
420
100
AcDbEntity
  8
DETAIL
100
AcDbMText
 62
2
  6
CONTINUOUS
  7
STANDARD
 71
3
 72
1
 10
13.2
 20
-19.0
 30
0.0
 11
1.0
 21
0.0
 31
0.0
 73
2
 44
0.9
  1
20mm BELOW :
 40
1.0
 41
19.2
  0
MTEXT
  5
421
100
AcDbEntity
  8
DETAIL
100
AcDbMText
 62
2
  6
CONTINUOUS
  7
TEXTSTYLE_9
 71
1
 72
1
 10
14.8
 20
-19.0
 30
0.0
 11
1.0
 21
0.0
 31
0.0
 73
2
 44
0.9
  1
{\fgdt;`}\ftxt;{\W0.8; 0.05}
 40
1.0
 41
10.6666666667
  0
MTEXT
  5
422
100
AcDbEntity
  8
DETAIL
100
AcDbMText
 62
2
  6
CONTINUOUS
  7
STANDARD
 71
3
 72
1
 10
13.2
 20
-22.0
 30
0.0
 11
1.0
 21
0.0
 31
0.0
 73
2
 44
0.9
  1
ANGLES :
 40
1.0
 41
12.8
  0
MTEXT
  5
423
100
AcDbEntity
  8
DETAIL
100
AcDbMText
 62
2
  6
CONTINUOUS
  7
TEXTSTYLE_9
 71
1
 72
1
 10
14.8
 20
-22.0
 30
0.0
 11
1.0
 21
0.0
 31
0.0
 73
2
 44
0.9
  1
{\fgdt;`}\ftxt;{\W0.8; 1}\fgdt;{\fgdt;~}
 40
1.0
 41
7.2
  0
MTEXT
  5
424
100
AcDbEntity
  8
DETAIL
100
AcDbMText
 62
2
  6
CONTINUOUS
  7
STANDARD
 71
3
 72
1
 10
13.2
 20
-25.0
 30
0.0
 11
1.0
 21
0.0
 31
0.0
 73
2
 44
0.9
  1
FLATNESS :
 40
1.0
 41
16.0
  0
MTEXT
  5
425
100
AcDbEntity
  8
DETAIL
100
AcDbMText
 62
2
  6
CONTINUOUS
  7
TEXTSTYLE_9
 71
1
 72
1
 10
14.8
 20
-25.0
 30
0.0
 11
1.0
 21
0.0
 31
0.0
 73
2
 44
0.9
  1
{\fgdt;c}\ftxt;{\W0.8; 0.20}
 40
1.0
 41
13.25
  0
MTEXT
  5
426
100
AcDbEntity
  8
DETAIL
100
AcDbMText
 62
2
  6
CONTINUOUS
  7
STANDARD
 71
3
 72
1
 10
13.2
 20
-28.0
 30
0.0
 11
1.0
 21
0.0
 31
0.0
 73
2
 44
0.9
  1
CONCENTRICITY :
 40
1.0
 41
24.0
  0
MTEXT
  5
427
100
AcDbEntity
  8
DETAIL
100
AcDbMText
 62
2
  6
CONTINUOUS
  7
TEXTSTYLE_9
 71
1
 72
1
 10
14.8
 20
-28.0
 30
0.0
 11
1.0
 21
0.0
 31
0.0
 73
2
 44
0.9
  1
{\fgdt;`}\ftxt;{\W0.8; 0.05}
 40
1.0
 41
10.6666666667
  0
ENDBLK
  5
428
100
AcDbEntity
  8
0
  6
BYBLOCK
 62
0
100
AcDbBlockEnd
  0
ENDSEC
  0
SECTION
  2
ENTITIES
  0
LWPOLYLINE
  5
429
100
AcDbEntity
  8
0
100
AcDbPolyline
 62
7
  6
CONTINUOUS
 90
23
 70
0
 10
344.8916284106
 20
57.3077722862
 10
344.9980396561
 20
57.3102580328
 10
346.5136962481
 20
57.3102580328
 10
346.5136962481
 20
56.6009481248
 10
345.2691650881
 20
56.6009481248
 10
343.8605060523
 20
56.5688515101
 10
343.8817303567
 20
56.6455450845
 10
343.9077463176
 20
56.7184378218
 10
343.9385813524
 20
56.787459198
 10
343.9742628786
 20
56.8525386896
 10
344.0148183138
 20
56.9136057729
 10
344.0602750755
 20
56.9705899241
 10
344.1106605811
 20
57.0234206194
 10
344.1660022483
 20
57.0720273352
 10
344.2263274945
 20
57.1163395478
 10
344.2916637372
 20
57.1562867335
 10
344.362038394
 20
57.1917983684
 10
344.4374788823
 20
57.222803929
 10
344.5180126197
 20
57.2492328915
 10
344.6036670237
 20
57.2710147322
 10
344.6944695119
 20
57.2880789273
 10
344.7904475016
 20
57.3003549532
 10
344.8916284106
 20
57.3077722862
  0
HATCH
  5
42A
100
AcDbEntity
  8
0
100
AcDbHatch
 62
7
  6
CONTINUOUS
 10
0.0
 20
0.0
 30
0.0
210
0.0
220
0.0
230
1.0
  2
SOLID
 70
1
 71
1
 91
1
 92
1
 93
22
 72
1
 10
344.8916284106
 20
57.3077722862
 11
344.9980396561
 21
57.3102580328
 72
1
 10
344.9980396561
 20
57.3102580328
 11
346.5136962481
 21
57.3102580328
 72
1
 10
346.5136962481
 20
57.3102580328
 11
346.5136962481
 21
56.6009481248
 72
1
 10
346.5136962481
 20
56.6009481248
 11
345.2691650881
 21
56.6009481248
 72
1
 10
345.2691650881
 20
56.6009481248
 11
343.8605060523
 21
56.5688515101
 72
1
 10
343.8605060523
 20
56.5688515101
 11
343.8817303567
 21
56.6455450845
 72
1
 10
343.8817303567
 20
56.6455450845
 11
343.9077463176
 21
56.7184378218
 72
1
 10
343.9077463176
 20
56.7184378218
 11
343.9385813524
 21
56.787459198
 72
1
 10
343.9385813524
 20
56.787459198
 11
343.9742628786
 21
56.8525386896
 72
1
 10
343.9742628786
 20
56.8525386896
 11
344.0148183138
 21
56.9136057729
 72
1
 10
344.0148183138
 20
56.9136057729
 11
344.0602750755
 21
56.9705899241
 72
1
 10
344.0602750755
 20
56.9705899241
 11
344.1106605811
 21
57.0234206194
 72
1
 10
344.1106605811
 20
57.0234206194
 11
344.1660022483
 21
57.0720273352
 72
1
 10
344.1660022483
 20
57.0720273352
 11
344.2263274945
 21
57.1163395478
 72
1
 10
344.2263274945
 20
57.1163395478
 11
344.2916637372
 21
57.1562867335
 72
1
 10
344.2916637372
 20
57.1562867335
 11
344.362038394
 21
57.1917983684
 72
1
 10
344.362038394
 20
57.1917983684
 11
344.4374788823
 21
57.222803929
 72
1
 10
344.4374788823
 20
57.222803929
 11
344.5180126197
 21
57.2492328915
 72
1
 10
344.5180126197
 20
57.2492328915
 11
344.6036670237
 21
57.2710147322
 72
1
 10
344.6036670237
 20
57.2710147322
 11
344.6944695119
 21
57.2880789273
 72
1
 10
344.6944695119
 20
57.2880789273
 11
344.7904475016
 21
57.3003549532
 72
1
 10
344.7904475016
 20
57.3003549532
 11
344.8916284106
 21
57.3077722862
 97
1
330
429
 75
0
 76
1
 98
1
 10
0.0
 20
0.0
  0
LWPOLYLINE
  5
42B
100
AcDbEntity
  8
0
100
AcDbPolyline
 62
7
  6
CONTINUOUS
 90
10
 70
0
 10
345.0374354769
 20
56.5711952416
 10
344.9990267517
 20
56.5582210092
 10
343.8440459867
 20
56.4884276221
 10
343.8605060523
 20
56.5688515101
 10
345.2691650881
 20
56.6009481248
 10
345.2174225737
 20
56.5997448356
 10
345.1684098936
 20
56.5961485222
 10
345.1220955095
 20
56.5901784904
 10
345.0784478834
 20
56.5818542328
 10
345.0374354769
 20
56.5711952416
  0
HATCH
  5
42C
100
AcDbEntity
  8
0
100
AcDbHatch
 62
7
  6
CONTINUOUS
 10
0.0
 20
0.0
 30
0.0
210
0.0
220
0.0
230
1.0
  2
SOLID
 70
1
 71
1
 91
1
 92
1
 93
9
 72
1
 10
345.0374354769
 20
56.5711952416
 11
344.9990267517
 21
56.5582210092
 72
1
 10
344.9990267517
 20
56.5582210092
 11
343.8440459867
 21
56.4884276221
 72
1
 10
343.8440459867
 20
56.4884276221
 11
343.8605060523
 21
56.5688515101
 72
1
 10
343.8605060523
 20
56.5688515101
 11
345.2691650881
 21
56.6009481248
 72
1
 10
345.2691650881
 20
56.6009481248
 11
345.2174225737
 21
56.5997448356
 72
1
 10
345.2174225737
 20
56.5997448356
 11
345.1684098936
 21
56.5961485222
 72
1
 10
345.1684098936
 20
56.5961485222
 11
345.1220955095
 21
56.5901784904
 72
1
 10
345.1220955095
 20
56.5901784904
 11
345.0784478834
 21
56.5818542328
 72
1
 10
345.0784478834
 20
56.5818542328
 11
345.0374354769
 21
56.5711952416
 97
1
330
42B
 75
0
 76
1
 98
1
 10
0.0
 20
0.0
  0
LWPOLYLINE
  5
42D
100
AcDbEntity
  8
0
100
AcDbPolyline
 62
7
  6
CONTINUOUS
 90
8
 70
0
 10
344.8991072825
 20
56.5056017891
 10
344.8707979007
 20
56.4835615159
 10
343.8323227425
 20
56.4043439444
 10
343.8440459867
 20
56.4884276221
 10
344.9990267517
 20
56.5582210092
 10
344.9631901698
 20
56.5429510281
 10
344.9298941928
 20
56.5254047906
 10
344.8991072825
 20
56.5056017891
  0
HATCH
  5
42E
100
AcDbEntity
  8
0
100
AcDbHatch
 62
7
  6
CONTINUOUS
 10
0.0
 20
0.0
 30
0.0
210
0.0
220
0.0
230
1.0
  2
SOLID
 70
1
 71
1
 91
1
 92
1
 93
7
 72
1
 10
344.8991072825
 20
56.5056017891
 11
344.8707979007
 21
56.4835615159
 72
1
 10
344.8707979007
 20
56.4835615159
 11
343.8323227425
 21
56.4043439444
 72
1
 10
343.8323227425
 20
56.4043439444
 11
343.8440459867
 21
56.4884276221
 72
1
 10
343.8440459867
 20
56.4884276221
 11
344.9990267517
 21
56.5582210092
 72
1
 10
344.9990267517
 20
56.5582210092
 11
344.9631901698
 21
56.5429510281
 72
1
 10
344.9631901698
 20
56.5429510281
 11
344.9298941928
 21
56.5254047906
 72
1
 10
344.9298941928
 20
56.5254047906
 11
344.8991072825
 21
56.5056017891
 97
1
330
42D
 75
0
 76
1
 98
1
 10
0.0
 20
0.0
  0
LWPOLYLINE
  5
42F
100
AcDbEntity
  8
0
100
AcDbPolyline
 62
7
  6
CONTINUOUS
 90
7
 70
0
 10
344.8214855696
 20
56.4328471241
 10
344.8004195438
 20
56.4042119902
 10
343.8253089021
 20
56.3166710006
 10
343.8323227425
 20
56.4043439444
 10
344.8707979007
 20
56.4835615159
 10
344.8449345091
 20
56.4593034634
 10
344.8214855696
 20
56.4328471241
  0
HATCH
  5
430
100
AcDbEntity
  8
0
100
AcDbHatch
 62
7
  6
CONTINUOUS
 10
0.0
 20
0.0
 30
0.0
210
0.0
220
0.0
230
1.0
  2
SOLID
 70
1
 71
1
 91
1
 92
1
 93
6
 72
1
 10
344.8214855696
 20
56.4328471241
 11
344.8004195438
 21
56.4042119902
 72
1
 10
344.8004195438
 20
56.4042119902
 11
343.8253089021
 21
56.3166710006
 72
1
 10
343.8253089021
 20
56.3166710006
 11
343.8323227425
 21
56.4043439444
 72
1
 10
343.8323227425
 20
56.4043439444
 11
344.8707979007
 21
56.4835615159
 72
1
 10
344.8707979007
 20
56.4835615159
 11
344.8449345091
 21
56.4593034634
 72
1
 10
344.8449345091
 20
56.4593034634
 11
344.8214855696
 21
56.4328471241
 97
1
330
42F
 75
0
 76
1
 98
1
 10
0.0
 20
0.0
  0
LWPOLYLINE
  5
431
100
AcDbEntity
  8
0
100
AcDbPolyline
 62
7
  6
CONTINUOUS
 90
7
 70
0
 10
344.7653100807
 20
56.3404833084
 10
344.751203567
 20
56.3054287453
 10
343.8229770481
 20
56.2254793144
 10
343.8253089021
 20
56.3166710006
 10
344.8004195438
 20
56.4042119902
 10
344.7817048936
 20
56.3734175542
 10
344.7653100807
 20
56.3404833084
  0
HATCH
  5
432
100
AcDbEntity
  8
0
100
AcDbHatch
 62
7
  6
CONTINUOUS
 10
0.0
 20
0.0
 30
0.0
210
0.0
220
0.0
230
1.0
  2
SOLID
 70
1
 71
1
 91
1
 92
1
 93
6
 72
1
 10
344.7653100807
 20
56.3404833084
 11
344.751203567
 21
56.3054287453
 72
1
 10
344.751203567
 20
56.3054287453
 11
343.8229770481
 21
56.2254793144
 72
1
 10
343.8229770481
 20
56.2254793144
 11
343.8253089021
 21
56.3166710006
 72
1
 10
343.8253089021
 20
56.3166710006
 11
344.8004195438
 21
56.4042119902
 72
1
 10
344.8004195438
 20
56.4042119902
 11
344.7817048936
 21
56.3734175542
 72
1
 10
344.7817048936
 20
56.3734175542
 11
344.7653100807
 21
56.3404833084
 97
1
330
431
 75
0
 76
1
 98
1
 10
0.0
 20
0.0
  0
LWPOLYLINE
  5
433
100
AcDbEntity
  8
0
100
AcDbPolyline
 62
7
  6
CONTINUOUS
 90
7
 70
0
 10
344.7297292837
 20
56.2290366363
 10
344.7222984378
 20
56.1877380753
 10
343.8229770481
 20
55.7110742002
 10
343.8229770481
 20
56.2254793144
 10
344.751203567
 20
56.3054287453
 10
344.739353814
 20
56.2682733571
 10
344.7297292837
 20
56.2290366363
  0
HATCH
  5
434
100
AcDbEntity
  8
0
100
AcDbHatch
 62
7
  6
CONTINUOUS
 10
0.0
 20
0.0
 30
0.0
210
0.0
220
0.0
230
1.0
  2
SOLID
 70
1
 71
1
 91
1
 92
1
 93
6
 72
1
 10
344.7297292837
 20
56.2290366363
 11
344.7222984378
 21
56.1877380753
 72
1
 10
344.7222984378
 20
56.1877380753
 11
343.8229770481
 21
55.7110742002
 72
1
 10
343.8229770481
 20
55.7110742002
 11
343.8229770481
 21
56.2254793144
 72
1
 10
343.8229770481
 20
56.2254793144
 11
344.751203567
 21
56.3054287453
 72
1
 10
344.751203567
 20
56.3054287453
 11
344.739353814
 21
56.2682733571
 72
1
 10
344.739353814
 20
56.2682733571
 11
344.7297292837
 21
56.2290366363
 97
1
330
433
 75
0
 76
1
 98
1
 10
0.0
 20
0.0
  0
LWPOLYLINE
  5
435
100
AcDbEntity
  8
0
100
AcDbPolyline
 62
7
  6
CONTINUOUS
 90
50
 70
0
 10
362.6088854995
 20
55.7962453096
 10
362.7606720721
 20
55.8013536046
 10
362.9132945415
 20
55.7963311671
 10
363.0611984886
 20
55.7814068498
 10
363.2041042164
 20
55.7567966736
 10
363.3417320281
 20
55.7227163815
 10
363.4738022267
 20
55.6793817164
 10
363.6000351155
 20
55.6270084215
 10
363.7201509975
 20
55.5658122397
 10
363.8338701758
 20
55.4960089141
 10
363.9409129535
 20
55.4178141877
 10
364.0409996338
 20
55.3314438035
 10
364.1338505198
 20
55.2371135045
 10
364.2191859145
 20
55.1350390338
 10
364.2967261212
 20
55.0254361343
 10
364.3661914428
 20
54.9085205491
 10
364.4273021826
 20
54.7845080212
 10
364.4797786436
 20
54.6536142936
 10
363.6248015635
 20
54.5518571577
 10
363.5966538087
 20
54.6138693115
 10
363.5652720739
 20
54.6725005549
 10
363.5307360702
 20
54.727702175
 10
363.493125509
 20
54.7794254589
 10
363.4525201014
 20
54.8276216937
 10
363.4089995586
 20
54.8722421664
 10
363.3626435918
 20
54.9132381643
 10
363.3135319122
 20
54.9505609744
 10
363.2617442311
 20
54.9841618838
 10
363.2073602597
 20
55.0139921796
 10
363.1504597092
 20
55.0400031489
 10
363.0911222907
 20
55.0621460789
 10
363.0294277156
 20
55.0803722565
 10
362.9654556949
 20
55.094632969
 10
362.89928594
 20
55.1048795034
 10
362.830998162
 20
55.1110631468
 10
362.7606720721
 20
55.1131351864
 10
362.6861360187
 20
55.1109546468
 10
361.2261671299
 20
55.0308197917
 10
361.3040202715
 20
55.1382137308
 10
361.3896440247
 20
55.238594188
 10
361.4827457544
 20
55.3316865635
 10
361.5830328258
 20
55.4172162575
 10
361.6902126038
 20
55.4949086704
 10
361.8039924535
 20
55.5644892024
 10
361.9240797399
 20
55.6256832537
 10
362.0501818281
 20
55.6782162247
 10
362.1820060832
 20
55.7218135155
 10
362.31925987
 20
55.7562005264
 10
362.4616505538
 20
55.7811026577
 10
362.6088854995
 20
55.7962453096
  0
HATCH
  5
436
100
AcDbEntity
  8
0
100
AcDbHatch
 62
7
  6
CONTINUOUS
 10
0.0
 20
0.0
 30
0.0
210
0.0
220
0.0
230
1.0
  2
SOLID
 70
1
 71
1
 91
1
 92
1
 93
49
 72
1
 10
362.6088854995
 20
55.7962453096
 11
362.7606720721
 21
55.8013536046
 72
1
 10
362.7606720721
 20
55.8013536046
 11
362.9132945415
 21
55.7963311671
 72
1
 10
362.9132945415
 20
55.7963311671
 11
363.0611984886
 21
55.7814068498
 72
1
 10
363.0611984886
 20
55.7814068498
 11
363.2041042164
 21
55.7567966736
 72
1
 10
363.2041042164
 20
55.7567966736
 11
363.3417320281
 21
55.7227163815
 72
1
 10
363.3417320281
 20
55.7227163815
 11
363.4738022267
 21
55.6793817164
 72
1
 10
363.4738022267
 20
55.6793817164
 11
363.6000351155
 21
55.6270084215
 72
1
 10
363.6000351155
 20
55.6270084215
 11
363.7201509975
 21
55.5658122397
 72
1
 10
363.7201509975
 20
55.5658122397
 11
363.8338701758
 21
55.4960089141
 72
1
 10
363.8338701758
 20
55.4960089141
 11
363.9409129535
 21
55.4178141877
 72
1
 10
363.9409129535
 20
55.4178141877
 11
364.0409996338
 21
55.3314438035
 72
1
 10
364.0409996338
 20
55.3314438035
 11
364.1338505198
 21
55.2371135045
 72
1
 10
364.1338505198
 20
55.2371135045
 11
364.2191859145
 21
55.1350390338
 72
1
 10
364.2191859145
 20
55.1350390338
 11
364.2967261212
 21
55.0254361343
 72
1
 10
364.2967261212
 20
55.0254361343
 11
364.3661914428
 21
54.9085205491
 72
1
 10
364.3661914428
 20
54.9085205491
 11
364.4273021826
 21
54.7845080212
 72
1
 10
364.4273021826
 20
54.7845080212
 11
364.4797786436
 21
54.6536142936
 72
1
 10
364.4797786436
 20
54.6536142936
 11
363.6248015635
 21
54.5518571577
 72
1
 10
363.6248015635
 20
54.5518571577
 11
363.5966538087
 21
54.6138693115
 72
1
 10
363.5966538087
 20
54.6138693115
 11
363.5652720739
 21
54.6725005549
 72
1
 10
363.5652720739
 20
54.6725005549
 11
363.5307360702
 21
54.727702175
 72
1
 10
363.5307360702
 20
54.727702175
 11
363.493125509
 21
54.7794254589
 72
1
 10
363.493125509
 20
54.7794254589
 11
363.4525201014
 21
54.8276216937
 72
1
 10
363.4525201014
 20
54.8276216937
 11
363.4089995586
 21
54.8722421664
 72
1
 10
363.4089995586
 20
54.8722421664
 11
363.3626435918
 21
54.9132381643
 72
1
 10
363.3626435918
 20
54.9132381643
 11
363.3135319122
 21
54.9505609744
 72
1
 10
363.3135319122
 20
54.9505609744
 11
363.2617442311
 21
54.9841618838
 72
1
 10
363.2617442311
 20
54.9841618838
 11
363.2073602597
 21
55.0139921796
 72
1
 10
363.2073602597
 20
55.0139921796
 11
363.1504597092
 21
55.0400031489
 72
1
 10
363.1504597092
 20
55.0400031489
 11
363.0911222907
 21
55.0621460789
 72
1
 10
363.0911222907
 20
55.0621460789
 11
363.0294277156
 21
55.0803722565
 72
1
 10
363.0294277156
 20
55.0803722565
 11
362.9654556949
 21
55.094632969
 72
1
 10
362.9654556949
 20
55.094632969
 11
362.89928594
 21
55.1048795034
 72
1
 10
362.89928594
 20
55.1048795034
 11
362.830998162
 21
55.1110631468
 72
1
 10
362.830998162
 20
55.1110631468
 11
362.7606720721
 21
55.1131351864
 72
1
 10
362.7606720721
 20
55.1131351864
 11
362.6861360187
 21
55.1109546468
 72
1
 10
362.6861360187
 20
55.1109546468
 11
361.2261671299
 21
55.0308197917
 72
1
 10
361.2261671299
 20
55.0308197917
 11
361.3040202715
 21
55.1382137308
 72
1
 10
361.3040202715
 20
55.1382137308
 11
361.3896440247
 21
55.238594188
 72
1
 10
361.3896440247
 20
55.238594188
 11
361.4827457544
 21
55.3316865635
 72
1
 10
361.4827457544
 20
55.3316865635
 11
361.5830328258
 21
55.4172162575
 72
1
 10
361.5830328258
 20
55.4172162575
 11
361.6902126038
 21
55.4949086704
 72
1
 10
361.6902126038
 20
55.4949086704
 11
361.8039924535
 21
55.5644892024
 72
1
 10
361.8039924535
 20
55.5644892024
 11
361.9240797399
 21
55.6256832537
 72
1
 10
361.9240797399
 20
55.6256832537
 11
362.0501818281
 21
55.6782162247
 72
1
 10
362.0501818281
 20
55.6782162247
 11
362.1820060832
 21
55.7218135155
 72
1
 10
362.1820060832
 20
55.7218135155
 11
362.31925987
 21
55.7562005264
 72
1
 10
362.31925987
 20
55.7562005264
 11
362.4616505538
 21
55.7811026577
 72
1
 10
362.4616505538
 20
55.7811026577
 11
362.6088854995
 21
55.7962453096
 97
1
330
435
 75
0
 76
1
 98
1
 10
0.0
 20
0.0
  0
LWPOLYLINE
  5
437
100
AcDbEntity
  8
0
100
AcDbPolyline
 62
7
  6
CONTINUOUS
 90
50
 70
0
 10
372.7681132081
 20
55.8013536046
 10
372.919308752
 20
55.7961095252
 10
373.0667292977
 20
55.7805907997
 10
373.210005497
 20
55.7551098857
 10
373.3487680018
 20
55.7199792406
 10
373.4826474638
 20
55.6755217374
 10
373.6112745349
 20
55.6220446259
 10
373.7342798668
 20
55.5598655714
 10
373.8512941114
 20
55.4892970314
 10
373.9619479204
 20
55.4106618786
 10
374.0658719457
 20
55.3242725708
 10
374.1626968391
 20
55.2304363577
 10
374.2520532523
 20
55.1294761123
 10
374.3335718371
 20
55.0217042921
 10
374.4068832455
 20
54.9074385622
 10
374.4716181291
 20
54.7869861727
 10
374.5274071397
 20
54.6606752038
 10
374.5738809293
 20
54.5288076981
 10
373.6686422339
 20
54.423108513
 10
373.6359465201
 20
54.4918335534
 10
373.5987418745
 20
54.5572152979
 10
373.5571675156
 20
54.6190506492
 10
373.5113626623
 20
54.6771260944
 10
373.4614665334
 20
54.7312385362
 10
373.4076183475
 20
54.7811796697
 10
373.3499573235
 20
54.8267411896
 10
373.2886226801
 20
54.8677199987
 10
373.2237536361
 20
54.9039025842
 10
373.1554894101
 20
54.9350910563
 10
373.083969221
 20
54.9610719025
 10
373.0093322875
 20
54.9816368176
 10
372.9317178284
 20
54.9965827042
 10
372.8512650623
 20
55.005706465
 10
372.7681132081
 20
55.0087893796
 10
372.6840417676
 20
55.0056597553
 10
371.1212781041
 20
54.9074385622
 10
371.1943804038
 20
55.0217042921
 10
371.2757385424
 20
55.1294761123
 10
371.3650012056
 20
55.2304363577
 10
371.4618170789
 20
55.3242725708
 10
371.565834848
 20
55.4106618786
 10
371.6767031986
 20
55.4892970314
 10
371.7940708161
 20
55.5598655714
 10
371.9175863864
 20
55.6220446259
 10
372.0468985948
 20
55.6755217374
 10
372.1816561272
 20
55.7199792406
 10
372.3215076691
 20
55.7551098857
 10
372.4661019062
 20
55.7805907997
 10
372.615087524
 20
55.7961095252
 10
372.7681132081
 20
55.8013536046
  0
HATCH
  5
438
100
AcDbEntity
  8
0
100
AcDbHatch
 62
7
  6
CONTINUOUS
 10
0.0
 20
0.0
 30
0.0
210
0.0
220
0.0
230
1.0
  2
SOLID
 70
1
 71
1
 91
1
 92
1
 93
49
 72
1
 10
372.7681132081
 20
55.8013536046
 11
372.919308752
 21
55.7961095252
 72
1
 10
372.919308752
 20
55.7961095252
 11
373.0667292977
 21
55.7805907997
 72
1
 10
373.0667292977
 20
55.7805907997
 11
373.210005497
 21
55.7551098857
 72
1
 10
373.210005497
 20
55.7551098857
 11
373.3487680018
 21
55.7199792406
 72
1
 10
373.3487680018
 20
55.7199792406
 11
373.4826474638
 21
55.6755217374
 72
1
 10
373.4826474638
 20
55.6755217374
 11
373.6112745349
 21
55.6220446259
 72
1
 10
373.6112745349
 20
55.6220446259
 11
373.7342798668
 21
55.5598655714
 72
1
 10
373.7342798668
 20
55.5598655714
 11
373.8512941114
 21
55.4892970314
 72
1
 10
373.8512941114
 20
55.4892970314
 11
373.9619479204
 21
55.4106618786
 72
1
 10
373.9619479204
 20
55.4106618786
 11
374.0658719457
 21
55.3242725708
 72
1
 10
374.0658719457
 20
55.3242725708
 11
374.1626968391
 21
55.2304363577
 72
1
 10
374.1626968391
 20
55.2304363577
 11
374.2520532523
 21
55.1294761123
 72
1
 10
374.2520532523
 20
55.1294761123
 11
374.3335718371
 21
55.0217042921
 72
1
 10
374.3335718371
 20
55.0217042921
 11
374.4068832455
 21
54.9074385622
 72
1
 10
374.4068832455
 20
54.9074385622
 11
374.4716181291
 21
54.7869861727
 72
1
 10
374.4716181291
 20
54.7869861727
 11
374.5274071397
 21
54.6606752038
 72
1
 10
374.5274071397
 20
54.6606752038
 11
374.5738809293
 21
54.5288076981
 72
1
 10
374.5738809293
 20
54.5288076981
 11
373.6686422339
 21
54.423108513
 72
1
 10
373.6686422339
 20
54.423108513
 11
373.6359465201
 21
54.4918335534
 72
1
 10
373.6359465201
 20
54.4918335534
 11
373.5987418745
 21
54.5572152979
 72
1
 10
373.5987418745
 20
54.5572152979
 11
373.5571675156
 21
54.6190506492
 72
1
 10
373.5571675156
 20
54.6190506492
 11
373.5113626623
 21
54.6771260944
 72
1
 10
373.5113626623
 20
54.6771260944
 11
373.4614665334
 21
54.7312385362
 72
1
 10
373.4614665334
 20
54.7312385362
 11
373.4076183475
 21
54.7811796697
 72
1
 10
373.4076183475
 20
54.7811796697
 11
373.3499573235
 21
54.8267411896
 72
1
 10
373.3499573235
 20
54.8267411896
 11
373.2886226801
 21
54.8677199987
 72
1
 10
373.2886226801
 20
54.8677199987
 11
373.2237536361
 21
54.9039025842
 72
1
 10
373.2237536361
 20
54.9039025842
 11
373.1554894101
 21
54.9350910563
 72
1
 10
373.1554894101
 20
54.9350910563
 11
373.083969221
 21
54.9610719025
 72
1
 10
373.083969221
 20
54.9610719025
 11
373.0093322875
 21
54.9816368176
 72
1
 10
373.0093322875
 20
54.9816368176
 11
372.9317178284
 21
54.9965827042
 72
1
 10
372.9317178284
 20
54.9965827042
 11
372.8512650623
 21
55.005706465
 72
1
 10
372.8512650623
 20
55.005706465
 11
372.7681132081
 21
55.0087893796
 72
1
 10
372.7681132081
 20
55.0087893796
 11
372.6840417676
 21
55.0056597553
 72
1
 10
372.6840417676
 20
55.0056597553
 11
371.1212781041
 21
54.9074385622
 72
1
 10
371.1212781041
 20
54.9074385622
 11
371.1943804038
 21
55.0217042921
 72
1
 10
371.1943804038
 20
55.0217042921
 11
371.2757385424
 21
55.1294761123
 72
1
 10
371.2757385424
 20
55.1294761123
 11
371.3650012056
 21
55.2304363577
 72
1
 10
371.3650012056
 20
55.2304363577
 11
371.4618170789
 21
55.3242725708
 72
1
 10
371.4618170789
 20
55.3242725708
 11
371.565834848
 21
55.4106618786
 72
1
 10
371.565834848
 20
55.4106618786
 11
371.6767031986
 21
55.4892970314
 72
1
 10
371.6767031986
 20
55.4892970314
 11
371.7940708161
 21
55.5598655714
 72
1
 10
371.7940708161
 20
55.5598655714
 11
371.9175863864
 21
55.6220446259
 72
1
 10
371.9175863864
 20
55.6220446259
 11
372.0468985948
 21
55.6755217374
 72
1
 10
372.0468985948
 20
55.6755217374
 11
372.1816561272
 21
55.7199792406
 72
1
 10
372.1816561272
 20
55.7199792406
 11
372.3215076691
 21
55.7551098857
 72
1
 10
372.3215076691
 20
55.7551098857
 11
372.4661019062
 21
55.7805907997
 72
1
 10
372.4661019062
 20
55.7805907997
 11
372.615087524
 21
55.7961095252
 72
1
 10
372.615087524
 20
55.7961095252
 11
372.7681132081
 21
55.8013536046
 97
1
330
437
 75
0
 76
1
 98
1
 10
0.0
 20
0.0
  0
LWPOLYLINE
  5
439
100
AcDbEntity
  8
0
100
AcDbPolyline
 62
7
  6
CONTINUOUS
 90
50
 70
0
 10
356.2680119521
 20
55.7875742262
 10
356.3720653585
 20
55.7844235732
 10
356.4731099265
 20
55.7750828972
 10
356.5710271548
 20
55.7597128318
 10
356.6656985421
 20
55.7384751543
 10
356.7570055871
 20
55.711531642
 10
356.8448297884
 20
55.6790440724
 10
356.9290526448
 20
55.6411742228
 10
357.009555655
 20
55.5980838706
 10
357.0862203177
 20
55.5499347931
 10
357.1589281316
 20
55.4968887676
 10
357.2275605953
 20
55.4391075717
 10
357.2919992076
 20
55.3767529825
 10
357.3521254672
 20
55.3099867775
 10
357.4078208727
 20
55.238970734
 10
357.4589669229
 20
55.1638666294
 10
357.5054451165
 20
55.0848362411
 10
355.9086596171
 20
54.9924322263
 10
355.837143001
 20
54.984792639
 10
355.768373841
 20
54.9722422603
 10
355.7024516264
 20
54.9549164885
 10
355.6394758464
 20
54.9329663449
 10
355.5795459901
 20
54.9065324353
 10
355.5227615468
 20
54.8757605732
 10
355.4692220057
 20
54.8407965722
 10
355.4190268561
 20
54.8017810382
 10
355.372275587
 20
54.7588597846
 10
355.3290676879
 20
54.7121786251
 10
355.2895026477
 20
54.6618781654
 10
355.2536799559
 20
54.6081094269
 10
355.2216991015
 20
54.5510078077
 10
355.1936595738
 20
54.4907295367
 10
355.1137616641
 20
55.120164877
 10
355.1415558824
 20
55.1700702508
 10
355.1753552434
 20
55.2227294848
 10
355.2151399716
 20
55.2773193
 10
355.2608902914
 20
55.333015308
 10
355.3125864271
 20
55.3889931206
 10
355.3702086032
 20
55.4444283492
 10
355.4337370441
 20
55.4984966056
 10
355.5031519741
 20
55.5503735014
 10
355.5784336177
 20
55.5992346482
 10
355.6595621993
 20
55.6442556577
 10
355.7465179432
 20
55.6846121415
 10
355.8392810739
 20
55.7194797113
 10
355.9176596077
 20
55.74286776
 10
355.9997320875
 20
55.7617932083
 10
356.0854883883
 20
55.7758339693
 10
356.1749183849
 20
55.7845679563
 10
356.2680119521
 20
55.7875742262
  0
HATCH
  5
43A
100
AcDbEntity
  8
0
100
AcDbHatch
 62
7
  6
CONTINUOUS
 10
0.0
 20
0.0
 30
0.0
210
0.0
220
0.0
230
1.0
  2
SOLID
 70
1
 71
1
 91
1
 92
1
 93
49
 72
1
 10
356.2680119521
 20
55.7875742262
 11
356.3720653585
 21
55.7844235732
 72
1
 10
356.3720653585
 20
55.7844235732
 11
356.4731099265
 21
55.7750828972
 72
1
 10
356.4731099265
 20
55.7750828972
 11
356.5710271548
 21
55.7597128318
 72
1
 10
356.5710271548
 20
55.7597128318
 11
356.6656985421
 21
55.7384751543
 72
1
 10
356.6656985421
 20
55.7384751543
 11
356.7570055871
 21
55.711531642
 72
1
 10
356.7570055871
 20
55.711531642
 11
356.8448297884
 21
55.6790440724
 72
1
 10
356.8448297884
 20
55.6790440724
 11
356.9290526448
 21
55.6411742228
 72
1
 10
356.9290526448
 20
55.6411742228
 11
357.009555655
 21
55.5980838706
 72
1
 10
357.009555655
 20
55.5980838706
 11
357.0862203177
 21
55.5499347931
 72
1
 10
357.0862203177
 20
55.5499347931
 11
357.1589281316
 21
55.4968887676
 72
1
 10
357.1589281316
 20
55.4968887676
 11
357.2275605953
 21
55.4391075717
 72
1
 10
357.2275605953
 20
55.4391075717
 11
357.2919992076
 21
55.3767529825
 72
1
 10
357.2919992076
 20
55.3767529825
 11
357.3521254672
 21
55.3099867775
 72
1
 10
357.3521254672
 20
55.3099867775
 11
357.4078208727
 21
55.238970734
 72
1
 10
357.4078208727
 20
55.238970734
 11
357.4589669229
 21
55.1638666294
 72
1
 10
357.4589669229
 20
55.1638666294
 11
357.5054451165
 21
55.0848362411
 72
1
 10
357.5054451165
 20
55.0848362411
 11
355.9086596171
 21
54.9924322263
 72
1
 10
355.9086596171
 20
54.9924322263
 11
355.837143001
 21
54.984792639
 72
1
 10
355.837143001
 20
54.984792639
 11
355.768373841
 21
54.9722422603
 72
1
 10
355.768373841
 20
54.9722422603
 11
355.7024516264
 21
54.9549164885
 72
1
 10
355.7024516264
 20
54.9549164885
 11
355.6394758464
 21
54.9329663449
 72
1
 10
355.6394758464
 20
54.9329663449
 11
355.5795459901
 21
54.9065324353
 72
1
 10
355.5795459901
 20
54.9065324353
 11
355.5227615468
 21
54.8757605732
 72
1
 10
355.5227615468
 20
54.8757605732
 11
355.4692220057
 21
54.8407965722
 72
1
 10
355.4692220057
 20
54.8407965722
 11
355.4190268561
 21
54.8017810382
 72
1
 10
355.4190268561
 20
54.8017810382
 11
355.372275587
 21
54.7588597846
 72
1
 10
355.372275587
 20
54.7588597846
 11
355.3290676879
 21
54.7121786251
 72
1
 10
355.3290676879
 20
54.7121786251
 11
355.2895026477
 21
54.6618781654
 72
1
 10
355.2895026477
 20
54.6618781654
 11
355.2536799559
 21
54.6081094269
 72
1
 10
355.2536799559
 20
54.6081094269
 11
355.2216991015
 21
54.5510078077
 72
1
 10
355.2216991015
 20
54.5510078077
 11
355.1936595738
 21
54.4907295367
 72
1
 10
355.1936595738
 20
54.4907295367
 11
355.1137616641
 21
55.120164877
 72
1
 10
355.1137616641
 20
55.120164877
 11
355.1415558824
 21
55.1700702508
 72
1
 10
355.1415558824
 20
55.1700702508
 11
355.1753552434
 21
55.2227294848
 72
1
 10
355.1753552434
 20
55.2227294848
 11
355.2151399716
 21
55.2773193
 72
1
 10
355.2151399716
 20
55.2773193
 11
355.2608902914
 21
55.333015308
 72
1
 10
355.2608902914
 20
55.333015308
 11
355.3125864271
 21
55.3889931206
 72
1
 10
355.3125864271
 20
55.3889931206
 11
355.3702086032
 21
55.4444283492
 72
1
 10
355.3702086032
 20
55.4444283492
 11
355.4337370441
 21
55.4984966056
 72
1
 10
355.4337370441
 20
55.4984966056
 11
355.5031519741
 21
55.5503735014
 72
1
 10
355.5031519741
 20
55.5503735014
 11
355.5784336177
 21
55.5992346482
 72
1
 10
355.5784336177
 20
55.5992346482
 11
355.6595621993
 21
55.6442556577
 72
1
 10
355.6595621993
 20
55.6442556577
 11
355.7465179432
 21
55.6846121415
 72
1
 10
355.7465179432
 20
55.6846121415
 11
355.8392810739
 21
55.7194797113
 72
1
 10
355.8392810739
 20
55.7194797113
 11
355.9176596077
 21
55.74286776
 72
1
 10
355.9176596077
 20
55.74286776
 11
355.9997320875
 21
55.7617932083
 72
1
 10
355.9997320875
 20
55.7617932083
 11
356.0854883883
 21
55.7758339693
 72
1
 10
356.0854883883
 20
55.7758339693
 11
356.1749183849
 21
55.7845679563
 72
1
 10
356.1749183849
 20
55.7845679563
 11
356.2680119521
 21
55.7875742262
 97
1
330
439
 75
0
 76
1
 98
1
 10
0.0
 20
0.0
  0
LWPOLYLINE
  5
43B
100
AcDbEntity
  8
0
100
AcDbPolyline
 62
7
  6
CONTINUOUS
 90
50
 70
0
 10
358.8403249921
 20
55.7875742262
 10
358.9652475632
 20
55.7832172738
 10
359.0856572026
 20
55.7703210094
 10
359.2013917378
 20
55.7491410316
 10
359.3122889964
 20
55.7199340826
 10
359.4181868057
 20
55.6829569048
 10
359.5189229934
 20
55.6384662404
 10
359.6143353868
 20
55.5867188317
 10
359.7042618136
 20
55.5279714211
 10
359.7885401011
 20
55.4624807509
 10
359.867008077
 20
55.3905035633
 10
359.9395035687
 20
55.3122966006
 10
360.0058644036
 20
55.2281166051
 10
360.0659284094
 20
55.1382203192
 10
360.1195334135
 20
55.0428644851
 10
360.1665172433
 20
54.9423058451
 10
360.2067177265
 20
54.8368011415
 10
360.2399726904
 20
54.7266071167
 10
359.2781137114
 20
54.6142648409
 10
359.2440647921
 20
54.6677836133
 10
359.2063948805
 20
54.7176882934
 10
359.1651850631
 20
54.7638695208
 10
359.1205164263
 20
54.8062075203
 10
359.0724700565
 20
54.8445825163
 10
359.0211270401
 20
54.8788851488
 10
358.9665684636
 20
54.9089904348
 10
358.9088754133
 20
54.934789014
 10
358.8481289757
 20
54.9561559035
 10
358.7844102372
 20
54.9729765355
 10
358.7178002841
 20
54.9851415499
 10
358.648380203
 20
54.9925207559
 10
358.5762310801
 20
54.9950100012
 10
357.5471369521
 20
55.0020413464
 10
357.5798596542
 20
55.0635616185
 10
357.6181384111
 20
55.1276069562
 10
357.6621569699
 20
55.1932812872
 10
357.7120990771
 20
55.2596885393
 10
357.7681484798
 20
55.32593264
 10
357.8304889246
 20
55.3911175172
 10
357.8993041585
 20
55.4543470984
 10
357.9747779281
 20
55.5147253114
 10
358.0570939804
 20
55.5713560839
 10
358.1464360621
 20
55.6233433435
 10
358.2429879201
 20
55.669791018
 10
358.3469333011
 20
55.709803035
 10
358.4355364204
 20
55.7365768147
 10
358.5290830708
 20
55.7581994983
 10
358.6276673306
 20
55.7742122968
 10
358.7313832783
 20
55.7841564212
 10
358.8403249921
 20
55.7875742262
  0
HATCH
  5
43C
100
AcDbEntity
  8
0
100
AcDbHatch
 62
7
  6
CONTINUOUS
 10
0.0
 20
0.0
 30
0.0
210
0.0
220
0.0
230
1.0
  2
SOLID
 70
1
 71
1
 91
1
 92
1
 93
49
 72
1
 10
358.8403249921
 20
55.7875742262
 11
358.9652475632
 21
55.7832172738
 72
1
 10
358.9652475632
 20
55.7832172738
 11
359.0856572026
 21
55.7703210094
 72
1
 10
359.0856572026
 20
55.7703210094
 11
359.2013917378
 21
55.7491410316
 72
1
 10
359.2013917378
 20
55.7491410316
 11
359.3122889964
 21
55.7199340826
 72
1
 10
359.3122889964
 20
55.7199340826
 11
359.4181868057
 21
55.6829569048
 72
1
 10
359.4181868057
 20
55.6829569048
 11
359.5189229934
 21
55.6384662404
 72
1
 10
359.5189229934
 20
55.6384662404
 11
359.6143353868
 21
55.5867188317
 72
1
 10
359.6143353868
 20
55.5867188317
 11
359.7042618136
 21
55.5279714211
 72
1
 10
359.7042618136
 20
55.5279714211
 11
359.7885401011
 21
55.4624807509
 72
1
 10
359.7885401011
 20
55.4624807509
 11
359.867008077
 21
55.3905035633
 72
1
 10
359.867008077
 20
55.3905035633
 11
359.9395035687
 21
55.3122966006
 72
1
 10
359.9395035687
 20
55.3122966006
 11
360.0058644036
 21
55.2281166051
 72
1
 10
360.0058644036
 20
55.2281166051
 11
360.0659284094
 21
55.1382203192
 72
1
 10
360.0659284094
 20
55.1382203192
 11
360.1195334135
 21
55.0428644851
 72
1
 10
360.1195334135
 20
55.0428644851
 11
360.1665172433
 21
54.9423058451
 72
1
 10
360.1665172433
 20
54.9423058451
 11
360.2067177265
 21
54.8368011415
 72
1
 10
360.2067177265
 20
54.8368011415
 11
360.2399726904
 21
54.7266071167
 72
1
 10
360.2399726904
 20
54.7266071167
 11
359.2781137114
 21
54.6142648409
 72
1
 10
359.2781137114
 20
54.6142648409
 11
359.2440647921
 21
54.6677836133
 72
1
 10
359.2440647921
 20
54.6677836133
 11
359.2063948805
 21
54.7176882934
 72
1
 10
359.2063948805
 20
54.7176882934
 11
359.1651850631
 21
54.7638695208
 72
1
 10
359.1651850631
 20
54.7638695208
 11
359.1205164263
 21
54.8062075203
 72
1
 10
359.1205164263
 20
54.8062075203
 11
359.0724700565
 21
54.8445825163
 72
1
 10
359.0724700565
 20
54.8445825163
 11
359.0211270401
 21
54.8788851488
 72
1
 10
359.0211270401
 20
54.8788851488
 11
358.9665684636
 21
54.9089904348
 72
1
 10
358.9665684636
 20
54.9089904348
 11
358.9088754133
 21
54.934789014
 72
1
 10
358.9088754133
 20
54.934789014
 11
358.8481289757
 21
54.9561559035
 72
1
 10
358.8481289757
 20
54.9561559035
 11
358.7844102372
 21
54.9729765355
 72
1
 10
358.7844102372
 20
54.9729765355
 11
358.7178002841
 21
54.9851415499
 72
1
 10
358.7178002841
 20
54.9851415499
 11
358.648380203
 21
54.9925207559
 72
1
 10
358.648380203
 20
54.9925207559
 11
358.5762310801
 21
54.9950100012
 72
1
 10
358.5762310801
 20
54.9950100012
 11
357.5471369521
 21
55.0020413464
 72
1
 10
357.5471369521
 20
55.0020413464
 11
357.5798596542
 21
55.0635616185
 72
1
 10
357.5798596542
 20
55.0635616185
 11
357.6181384111
 21
55.1276069562
 72
1
 10
357.6181384111
 20
55.1276069562
 11
357.6621569699
 21
55.1932812872
 72
1
 10
357.6621569699
 20
55.1932812872
 11
357.7120990771
 21
55.2596885393
 72
1
 10
357.7120990771
 20
55.2596885393
 11
357.7681484798
 21
55.32593264
 72
1
 10
357.7681484798
 20
55.32593264
 11
357.8304889246
 21
55.3911175172
 72
1
 10
357.8304889246
 20
55.3911175172
 11
357.8993041585
 21
55.4543470984
 72
1
 10
357.8993041585
 20
55.4543470984
 11
357.9747779281
 21
55.5147253114
 72
1
 10
357.9747779281
 20
55.5147253114
 11
358.0570939804
 21
55.5713560839
 72
1
 10
358.0570939804
 20
55.5713560839
 11
358.1464360621
 21
55.6233433435
 72
1
 10
358.1464360621
 20
55.6233433435
 11
358.2429879201
 21
55.669791018
 72
1
 10
358.2429879201
 20
55.669791018
 11
358.3469333011
 21
55.709803035
 72
1
 10
358.3469333011
 20
55.709803035
 11
358.4355364204
 21
55.7365768147
 72
1
 10
358.4355364204
 20
55.7365768147
 11
358.5290830708
 21
55.7581994983
 72
1
 10
358.5290830708
 20
55.7581994983
 11
358.6276673306
 21
55.7742122968
 72
1
 10
358.6276673306
 20
55.7742122968
 11
358.7313832783
 21
55.7841564212
 72
1
 10
358.7313832783
 20
55.7841564212
 11
358.8403249921
 21
55.7875742262
 97
1
330
43B
 75
0
 76
1
 98
1
 10
0.0
 20
0.0
  0
LWPOLYLINE
  5
43D
100
AcDbEntity
  8
0
100
AcDbPolyline
 62
7
  6
CONTINUOUS
 90
10
 70
0
 10
351.1247037299
 20
55.7823899948
 10
351.2600729041
 20
55.7875742262
 10
351.3687513705
 20
55.7842290859
 10
351.471670825
 20
55.7745826907
 10
351.5689152199
 20
55.7592122883
 10
351.6605685075
 20
55.7386962701
 10
350.7374518425
 20
55.7061455562
 10
350.86295044
 20
55.7414884974
 10
350.9921819888
 20
55.7669658884
 10
351.1247037299
 20
55.7823899948
  0
HATCH
  5
43E
100
AcDbEntity
  8
0
100
AcDbHatch
 62
7
  6
CONTINUOUS
 10
0.0
 20
0.0
 30
0.0
210
0.0
220
0.0
230
1.0
  2
SOLID
 70
1
 71
1
 91
1
 92
1
 93
9
 72
1
 10
351.1247037299
 20
55.7823899948
 11
351.2600729041
 21
55.7875742262
 72
1
 10
351.2600729041
 20
55.7875742262
 11
351.3687513705
 21
55.7842290859
 72
1
 10
351.3687513705
 20
55.7842290859
 11
351.471670825
 21
55.7745826907
 72
1
 10
351.471670825
 20
55.7745826907
 11
351.5689152199
 21
55.7592122883
 72
1
 10
351.5689152199
 20
55.7592122883
 11
351.6605685075
 21
55.7386962701
 72
1
 10
351.6605685075
 20
55.7386962701
 11
350.7374518425
 21
55.7061455562
 72
1
 10
350.7374518425
 20
55.7061455562
 11
350.86295044
 21
55.7414884974
 72
1
 10
350.86295044
 20
55.7414884974
 11
350.9921819888
 21
55.7669658884
 72
1
 10
350.9921819888
 20
55.7669658884
 11
351.1247037299
 21
55.7823899948
 97
1
330
43D
 75
0
 76
1
 98
1
 10
0.0
 20
0.0
  0
LWPOLYLINE
  5
43F
100
AcDbEntity
  8
0
100
AcDbPolyline
 62
7
  6
CONTINUOUS
 90
44
 70
0
 10
348.4260027731
 20
55.7299570521
 10
348.5170406641
 20
55.7318838737
 10
349.3371662401
 20
55.7318838737
 10
349.3371662401
 20
54.8490402442
 10
348.3986344321
 20
54.8490402442
 10
348.3072848788
 20
54.84773313
 10
348.2208399918
 20
54.8437961648
 10
348.1392093168
 20
54.8371981026
 10
348.0623023995
 20
54.8279233207
 10
347.9900287854
 20
54.8159457809
 10
347.9222980201
 20
54.801239445
 10
347.8590196494
 20
54.783778275
 10
347.8001032188
 20
54.7635414404
 10
347.745458274
 20
54.7405029029
 10
347.6949943605
 20
54.7146418322
 10
347.648621024
 20
54.68593219
 10
347.6062478101
 20
54.6543479382
 10
347.5644783203
 20
54.6165822344
 10
347.5272442244
 20
54.5753430441
 10
347.494428088
 20
54.5305939138
 10
347.4659124769
 20
54.4822983902
 10
347.4415799565
 20
54.4304304351
 10
346.4937277681
 20
52.1931978487
 10
346.4937277681
 20
55.7110742002
 10
347.3768534161
 20
55.7110742002
 10
347.3768534161
 20
55.120164877
 10
347.3974176708
 20
55.1630913382
 10
347.4233854462
 20
55.2104755273
 10
347.4553377396
 20
55.2612186351
 10
347.4938555483
 20
55.3142218526
 10
347.5395198695
 20
55.3683863707
 10
347.5929117004
 20
55.4226081727
 10
347.6383762581
 20
55.4626496091
 10
347.6887594591
 20
55.5016495202
 10
347.7443064118
 20
55.5391288046
 10
347.8052622243
 20
55.5746396064
 10
347.8718720049
 20
55.6077028239
 10
347.9443808617
 20
55.6378653937
 10
348.023033903
 20
55.6646638372
 10
348.108076237
 20
55.6876242602
 10
348.1808751077
 20
55.7029242655
 10
348.2580454903
 20
55.715240301
 10
348.3397128803
 20
55.7243276083
 10
348.4260027731
 20
55.7299570521
  0
HATCH
  5
440
100
AcDbEntity
  8
0
100
AcDbHatch
 62
7
  6
CONTINUOUS
 10
0.0
 20
0.0
 30
0.0
210
0.0
220
0.0
230
1.0
  2
SOLID
 70
1
 71
1
 91
1
 92
1
 93
43
 72
1
 10
348.4260027731
 20
55.7299570521
 11
348.5170406641
 21
55.7318838737
 72
1
 10
348.5170406641
 20
55.7318838737
 11
349.3371662401
 21
55.7318838737
 72
1
 10
349.3371662401
 20
55.7318838737
 11
349.3371662401
 21
54.8490402442
 72
1
 10
349.3371662401
 20
54.8490402442
 11
348.3986344321
 21
54.8490402442
 72
1
 10
348.3986344321
 20
54.8490402442
 11
348.3072848788
 21
54.84773313
 72
1
 10
348.3072848788
 20
54.84773313
 11
348.2208399918
 21
54.8437961648
 72
1
 10
348.2208399918
 20
54.8437961648
 11
348.1392093168
 21
54.8371981026
 72
1
 10
348.1392093168
 20
54.8371981026
 11
348.0623023995
 21
54.8279233207
 72
1
 10
348.0623023995
 20
54.8279233207
 11
347.9900287854
 21
54.8159457809
 72
1
 10
347.9900287854
 20
54.8159457809
 11
347.9222980201
 21
54.801239445
 72
1
 10
347.9222980201
 20
54.801239445
 11
347.8590196494
 21
54.783778275
 72
1
 10
347.8590196494
 20
54.783778275
 11
347.8001032188
 21
54.7635414404
 72
1
 10
347.8001032188
 20
54.7635414404
 11
347.745458274
 21
54.7405029029
 72
1
 10
347.745458274
 20
54.7405029029
 11
347.6949943605
 21
54.7146418322
 72
1
 10
347.6949943605
 20
54.7146418322
 11
347.648621024
 21
54.68593219
 72
1
 10
347.648621024
 20
54.68593219
 11
347.6062478101
 21
54.6543479382
 72
1
 10
347.6062478101
 20
54.6543479382
 11
347.5644783203
 21
54.6165822344
 72
1
 10
347.5644783203
 20
54.6165822344
 11
347.5272442244
 21
54.5753430441
 72
1
 10
347.5272442244
 20
54.5753430441
 11
347.494428088
 21
54.5305939138
 72
1
 10
347.494428088
 20
54.5305939138
 11
347.4659124769
 21
54.4822983902
 72
1
 10
347.4659124769
 20
54.4822983902
 11
347.4415799565
 21
54.4304304351
 72
1
 10
347.4415799565
 20
54.4304304351
 11
346.4937277681
 21
52.1931978487
 72
1
 10
346.4937277681
 20
52.1931978487
 11
346.4937277681
 21
55.7110742002
 72
1
 10
346.4937277681
 20
55.7110742002
 11
347.3768534161
 21
55.7110742002
 72
1
 10
347.3768534161
 20
55.7110742002
 11
347.3768534161
 21
55.120164877
 72
1
 10
347.3768534161
 20
55.120164877
 11
347.3974176708
 21
55.1630913382
 72
1
 10
347.3974176708
 20
55.1630913382
 11
347.4233854462
 21
55.2104755273
 72
1
 10
347.4233854462
 20
55.2104755273
 11
347.4553377396
 21
55.2612186351
 72
1
 10
347.4553377396
 20
55.2612186351
 11
347.4938555483
 21
55.3142218526
 72
1
 10
347.4938555483
 20
55.3142218526
 11
347.5395198695
 21
55.3683863707
 72
1
 10
347.5395198695
 20
55.3683863707
 11
347.5929117004
 21
55.4226081727
 72
1
 10
347.5929117004
 20
55.4226081727
 11
347.6383762581
 21
55.4626496091
 72
1
 10
347.6383762581
 20
55.4626496091
 11
347.6887594591
 21
55.5016495202
 72
1
 10
347.6887594591
 20
55.5016495202
 11
347.7443064118
 21
55.5391288046
 72
1
 10
347.7443064118
 20
55.5391288046
 11
347.8052622243
 21
55.5746396064
 72
1
 10
347.8052622243
 20
55.5746396064
 11
347.8718720049
 21
55.6077028239
 72
1
 10
347.8718720049
 20
55.6077028239
 11
347.9443808617
 21
55.6378653937
 72
1
 10
347.9443808617
 20
55.6378653937
 11
348.023033903
 21
55.6646638372
 72
1
 10
348.023033903
 20
55.6646638372
 11
348.108076237
 21
55.6876242602
 72
1
 10
348.108076237
 20
55.6876242602
 11
348.1808751077
 21
55.7029242655
 72
1
 10
348.1808751077
 20
55.7029242655
 11
348.2580454903
 21
55.715240301
 72
1
 10
348.2580454903
 20
55.715240301
 11
348.3397128803
 21
55.7243276083
 72
1
 10
348.3397128803
 20
55.7243276083
 11
348.4260027731
 21
55.7299570521
 97
1
330
43F
 75
0
 76
1
 98
1
 10
0.0
 20
0.0
  0
LWPOLYLINE
  5
441
100
AcDbEntity
  8
0
100
AcDbPolyline
 62
7
  6
CONTINUOUS
 90
44
 70
0
 10
377.2091381176
 20
55.7299570521
 10
377.3001760321
 20
55.7318838737
 10
378.1205802481
 20
55.7318838737
 10
378.1205802481
 20
54.8490402442
 10
377.1817648321
 20
54.8490402442
 10
377.0904159314
 20
54.84773313
 10
377.0039715853
 20
54.8437961648
 10
376.9223413468
 20
54.8371981026
 10
376.8454347691
 20
54.8279233207
 10
376.7731614053
 20
54.8159457809
 10
376.7054308085
 20
54.801239445
 10
376.6421525318
 20
54.783778275
 10
376.5832361281
 20
54.7635414404
 10
376.5285911508
 20
54.7405029029
 10
376.4781271528
 20
54.7146418322
 10
376.4317536872
 20
54.68593219
 10
376.3893803071
 20
54.6543479382
 10
376.3476106024
 20
54.6165822344
 10
376.3103762661
 20
54.5753430441
 10
376.2775598735
 20
54.5305939138
 10
376.249044
 20
54.4822983902
 10
376.2247112207
 20
54.4304304351
 10
375.2768603281
 20
52.1931978487
 10
375.2768603281
 20
55.7110742002
 10
376.1599837441
 20
55.7110742002
 10
376.1599837441
 20
55.120164877
 10
376.180548063
 20
55.1630913382
 10
376.2065160191
 20
55.2104755273
 10
376.2384685918
 20
55.2612186351
 10
376.2769867603
 20
55.3142218526
 10
376.3226515041
 20
55.3683863707
 10
376.3760438025
 20
55.4226081727
 10
376.4215087293
 20
55.4626496091
 10
376.4718923071
 20
55.5016495202
 10
376.5274396366
 20
55.5391288046
 10
376.5883958183
 20
55.5746396064
 10
376.6550059529
 20
55.6077028239
 10
376.7275151411
 20
55.6378653937
 10
376.8061684835
 20
55.6646638372
 10
376.8912110808
 20
55.6876242602
 10
376.9640101299
 20
55.7029242655
 10
377.041180658
 20
55.715240301
 10
377.1228481567
 20
55.7243276083
 10
377.2091381176
 20
55.7299570521
  0
HATCH
  5
442
100
AcDbEntity
  8
0
100
AcDbHatch
 62
7
  6
CONTINUOUS
 10
0.0
 20
0.0
 30
0.0
210
0.0
220
0.0
230
1.0
  2
SOLID
 70
1
 71
1
 91
1
 92
1
 93
43
 72
1
 10
377.2091381176
 20
55.7299570521
 11
377.3001760321
 21
55.7318838737
 72
1
 10
377.3001760321
 20
55.7318838737
 11
378.1205802481
 21
55.7318838737
 72
1
 10
378.1205802481
 20
55.7318838737
 11
378.1205802481
 21
54.8490402442
 72
1
 10
378.1205802481
 20
54.8490402442
 11
377.1817648321
 21
54.8490402442
 72
1
 10
377.1817648321
 20
54.8490402442
 11
377.0904159314
 21
54.84773313
 72
1
 10
377.0904159314
 20
54.84773313
 11
377.0039715853
 21
54.8437961648
 72
1
 10
377.0039715853
 20
54.8437961648
 11
376.9223413468
 21
54.8371981026
 72
1
 10
376.9223413468
 20
54.8371981026
 11
376.8454347691
 21
54.8279233207
 72
1
 10
376.8454347691
 20
54.8279233207
 11
376.7731614053
 21
54.8159457809
 72
1
 10
376.7731614053
 20
54.8159457809
 11
376.7054308085
 21
54.801239445
 72
1
 10
376.7054308085
 20
54.801239445
 11
376.6421525318
 21
54.783778275
 72
1
 10
376.6421525318
 20
54.783778275
 11
376.5832361281
 21
54.7635414404
 72
1
 10
376.5832361281
 20
54.7635414404
 11
376.5285911508
 21
54.7405029029
 72
1
 10
376.5285911508
 20
54.7405029029
 11
376.4781271528
 21
54.7146418322
 72
1
 10
376.4781271528
 20
54.7146418322
 11
376.4317536872
 21
54.68593219
 72
1
 10
376.4317536872
 20
54.68593219
 11
376.3893803071
 21
54.6543479382
 72
1
 10
376.3893803071
 20
54.6543479382
 11
376.3476106024
 21
54.6165822344
 72
1
 10
376.3476106024
 20
54.6165822344
 11
376.3103762661
 21
54.5753430441
 72
1
 10
376.3103762661
 20
54.5753430441
 11
376.2775598735
 21
54.5305939138
 72
1
 10
376.2775598735
 20
54.5305939138
 11
376.249044
 21
54.4822983902
 72
1
 10
376.249044
 20
54.4822983902
 11
376.2247112207
 21
54.4304304351
 72
1
 10
376.2247112207
 20
54.4304304351
 11
375.2768603281
 21
52.1931978487
 72
1
 10
375.2768603281
 20
52.1931978487
 11
375.2768603281
 21
55.7110742002
 72
1
 10
375.2768603281
 20
55.7110742002
 11
376.1599837441
 21
55.7110742002
 72
1
 10
376.1599837441
 20
55.7110742002
 11
376.1599837441
 21
55.120164877
 72
1
 10
376.1599837441
 20
55.120164877
 11
376.180548063
 21
55.1630913382
 72
1
 10
376.180548063
 20
55.1630913382
 11
376.2065160191
 21
55.2104755273
 72
1
 10
376.2065160191
 20
55.2104755273
 11
376.2384685918
 21
55.2612186351
 72
1
 10
376.2384685918
 20
55.2612186351
 11
376.2769867603
 21
55.3142218526
 72
1
 10
376.2769867603
 20
55.3142218526
 11
376.3226515041
 21
55.3683863707
 72
1
 10
376.3226515041
 20
55.3683863707
 11
376.3760438025
 21
55.4226081727
 72
1
 10
376.3760438025
 20
55.4226081727
 11
376.4215087293
 21
55.4626496091
 72
1
 10
376.4215087293
 20
55.4626496091
 11
376.4718923071
 21
55.5016495202
 72
1
 10
376.4718923071
 20
55.5016495202
 11
376.5274396366
 21
55.5391288046
 72
1
 10
376.5274396366
 20
55.5391288046
 11
376.5883958183
 21
55.5746396064
 72
1
 10
376.5883958183
 20
55.5746396064
 11
376.6550059529
 21
55.6077028239
 72
1
 10
376.6550059529
 20
55.6077028239
 11
376.7275151411
 21
55.6378653937
 72
1
 10
376.7275151411
 20
55.6378653937
 11
376.8061684835
 21
55.6646638372
 72
1
 10
376.8061684835
 20
55.6646638372
 11
376.8912110808
 21
55.6876242602
 72
1
 10
376.8912110808
 20
55.6876242602
 11
376.9640101299
 21
55.7029242655
 72
1
 10
376.9640101299
 20
55.7029242655
 11
377.041180658
 21
55.715240301
 72
1
 10
377.041180658
 20
55.715240301
 11
377.1228481567
 21
55.7243276083
 72
1
 10
377.1228481567
 20
55.7243276083
 11
377.2091381176
 21
55.7299570521
 97
1
330
441
 75
0
 76
1
 98
1
 10
0.0
 20
0.0
  0
LWPOLYLINE
  5
443
100
AcDbEntity
  8
0
100
AcDbPolyline
 62
7
  6
CONTINUOUS
 90
9
 70
0
 10
344.7128526241
 20
56.0516662744
 10
344.7128526241
 20
55.7110742002
 10
342.8566021201
 20
54.9601345298
 10
342.8566021201
 20
55.7110742002
 10
343.8229770481
 20
55.7110742002
 10
344.7222984378
 20
56.1877380753
 10
344.7170297381
 20
56.1443971664
 10
344.7138916462
 20
56.0990334019
 10
344.7128526241
 20
56.0516662744
  0
HATCH
  5
444
100
AcDbEntity
  8
0
100
AcDbHatch
 62
7
  6
CONTINUOUS
 10
0.0
 20
0.0
 30
0.0
210
0.0
220
0.0
230
1.0
  2
SOLID
 70
1
 71
1
 91
1
 92
1
 93
8
 72
1
 10
344.7128526241
 20
56.0516662744
 11
344.7128526241
 21
55.7110742002
 72
1
 10
344.7128526241
 20
55.7110742002
 11
342.8566021201
 21
54.9601345298
 72
1
 10
342.8566021201
 20
54.9601345298
 11
342.8566021201
 21
55.7110742002
 72
1
 10
342.8566021201
 20
55.7110742002
 11
343.8229770481
 21
55.7110742002
 72
1
 10
343.8229770481
 20
55.7110742002
 11
344.7222984378
 21
56.1877380753
 72
1
 10
344.7222984378
 20
56.1877380753
 11
344.7170297381
 21
56.1443971664
 72
1
 10
344.7170297381
 20
56.1443971664
 11
344.7138916462
 21
56.0990334019
 72
1
 10
344.7138916462
 20
56.0990334019
 11
344.7128526241
 21
56.0516662744
 97
1
330
443
 75
0
 76
1
 98
1
 10
0.0
 20
0.0
  0
LWPOLYLINE
  5
445
100
AcDbEntity
  8
0
100
AcDbPolyline
 62
7
  6
CONTINUOUS
 90
8
 70
0
 10
351.7467146401
 20
55.7136130275
 10
351.82743757
 20
55.6845409522
 10
351.9028212495
 20
55.6520584354
 10
350.4994245381
 20
55.6066139606
 10
350.6161289555
 20
55.6611247992
 10
350.7374518425
 20
55.7061455562
 10
351.6605685075
 20
55.7386962701
 10
351.7467146401
 20
55.7136130275
  0
HATCH
  5
446
100
AcDbEntity
  8
0
100
AcDbHatch
 62
7
  6
CONTINUOUS
 10
0.0
 20
0.0
 30
0.0
210
0.0
220
0.0
230
1.0
  2
SOLID
 70
1
 71
1
 91
1
 92
1
 93
7
 72
1
 10
351.7467146401
 20
55.7136130275
 11
351.82743757
 21
55.6845409522
 72
1
 10
351.82743757
 20
55.6845409522
 11
351.9028212495
 21
55.6520584354
 72
1
 10
351.9028212495
 20
55.6520584354
 11
350.4994245381
 21
55.6066139606
 72
1
 10
350.4994245381
 20
55.6066139606
 11
350.6161289555
 21
55.6611247992
 72
1
 10
350.6161289555
 20
55.6611247992
 11
350.7374518425
 21
55.7061455562
 72
1
 10
350.7374518425
 20
55.7061455562
 11
351.6605685075
 21
55.7386962701
 72
1
 10
351.6605685075
 20
55.7386962701
 11
351.7467146401
 21
55.7136130275
 97
1
330
445
 75
0
 76
1
 98
1
 10
0.0
 20
0.0
  0
LWPOLYLINE
  5
447
100
AcDbEntity
  8
0
100
AcDbPolyline
 62
7
  6
CONTINUOUS
 90
10
 70
0
 10
351.9729496308
 20
55.6167438687
 10
352.0584243337
 20
55.5662520577
 10
352.1349045309
 20
55.5131247448
 10
352.2025892204
 20
55.4587329319
 10
350.1814496949
 20
55.3880182995
 10
350.2816421487
 20
55.4698729764
 10
350.3877813495
 20
55.5428007749
 10
350.4994245381
 20
55.6066139606
 10
351.9028212495
 20
55.6520584354
 10
351.9729496308
 20
55.6167438687
  0
HATCH
  5
448
100
AcDbEntity
  8
0
100
AcDbHatch
 62
7
  6
CONTINUOUS
 10
0.0
 20
0.0
 30
0.0
210
0.0
220
0.0
230
1.0
  2
SOLID
 70
1
 71
1
 91
1
 92
1
 93
9
 72
1
 10
351.9729496308
 20
55.6167438687
 11
352.0584243337
 21
55.5662520577
 72
1
 10
352.0584243337
 20
55.5662520577
 11
352.1349045309
 21
55.5131247448
 72
1
 10
352.1349045309
 20
55.5131247448
 11
352.2025892204
 21
55.4587329319
 72
1
 10
352.2025892204
 20
55.4587329319
 11
350.1814496949
 21
55.3880182995
 72
1
 10
350.1814496949
 20
55.3880182995
 11
350.2816421487
 21
55.4698729764
 72
1
 10
350.2816421487
 20
55.4698729764
 11
350.3877813495
 21
55.5428007749
 72
1
 10
350.3877813495
 20
55.5428007749
 11
350.4994245381
 21
55.6066139606
 72
1
 10
350.4994245381
 20
55.6066139606
 11
351.9028212495
 21
55.6520584354
 72
1
 10
351.9028212495
 20
55.6520584354
 11
351.9729496308
 21
55.6167438687
 97
1
330
447
 75
0
 76
1
 98
1
 10
0.0
 20
0.0
  0
LWPOLYLINE
  5
449
100
AcDbEntity
  8
0
100
AcDbPolyline
 62
7
  6
CONTINUOUS
 90
6
 70
0
 10
352.2616774001
 20
55.4044476211
 10
352.3123680682
 20
55.3516398142
 10
350.0876467471
 20
55.2974244784
 10
350.1814496949
 20
55.3880182995
 10
352.2025892204
 20
55.4587329319
 10
352.2616774001
 20
55.4044476211
  0
HATCH
  5
44A
100
AcDbEntity
  8
0
100
AcDbHatch
 62
7
  6
CONTINUOUS
 10
0.0
 20
0.0
 30
0.0
210
0.0
220
0.0
230
1.0
  2
SOLID
 70
1
 71
1
 91
1
 92
1
 93
5
 72
1
 10
352.2616774001
 20
55.4044476211
 11
352.3123680682
 21
55.3516398142
 72
1
 10
352.3123680682
 20
55.3516398142
 11
350.0876467471
 21
55.2974244784
 72
1
 10
350.0876467471
 20
55.2974244784
 11
350.1814496949
 21
55.3880182995
 72
1
 10
350.1814496949
 20
55.3880182995
 11
352.2025892204
 21
55.4587329319
 72
1
 10
352.2025892204
 20
55.4587329319
 11
352.2616774001
 21
55.4044476211
 97
1
330
449
 75
0
 76
1
 98
1
 10
0.0
 20
0.0
  0
LWPOLYLINE
  5
44B
100
AcDbEntity
  8
0
100
AcDbPolyline
 62
7
  6
CONTINUOUS
 90
6
 70
0
 10
352.3548602227
 20
55.3016805133
 10
352.3814687736
 20
55.2669051131
 10
350.0082885225
 20
55.2076408778
 10
350.0876467471
 20
55.2974244784
 10
352.3123680682
 20
55.3516398142
 10
352.3548602227
 20
55.3016805133
  0
HATCH
  5
44C
100
AcDbEntity
  8
0
100
AcDbHatch
 62
7
  6
CONTINUOUS
 10
0.0
 20
0.0
 30
0.0
210
0.0
220
0.0
230
1.0
  2
SOLID
 70
1
 71
1
 91
1
 92
1
 93
5
 72
1
 10
352.3548602227
 20
55.3016805133
 11
352.3814687736
 21
55.2669051131
 72
1
 10
352.3814687736
 20
55.2669051131
 11
350.0082885225
 21
55.2076408778
 72
1
 10
350.0082885225
 20
55.2076408778
 11
350.0876467471
 21
55.2974244784
 72
1
 10
350.0876467471
 20
55.2974244784
 11
352.3123680682
 21
55.3516398142
 72
1
 10
352.3123680682
 20
55.3516398142
 11
352.3548602227
 21
55.3016805133
 97
1
330
44B
 75
0
 76
1
 98
1
 10
0.0
 20
0.0
  0
LWPOLYLINE
  5
44D
100
AcDbEntity
  8
0
100
AcDbPolyline
 62
7
  6
CONTINUOUS
 90
6
 70
0
 10
352.4036615494
 20
55.2350815775
 10
352.4215225021
 20
55.2067882982
 10
349.9349094495
 20
55.1109310439
 10
350.0082885225
 20
55.2076408778
 10
352.3814687736
 20
55.2669051131
 10
352.4036615494
 20
55.2350815775
  0
HATCH
  5
44E
100
AcDbEntity
  8
0
100
AcDbHatch
 62
7
  6
CONTINUOUS
 10
0.0
 20
0.0
 30
0.0
210
0.0
220
0.0
230
1.0
  2
SOLID
 70
1
 71
1
 91
1
 92
1
 93
5
 72
1
 10
352.4036615494
 20
55.2350815775
 11
352.4215225021
 21
55.2067882982
 72
1
 10
352.4215225021
 20
55.2067882982
 11
349.9349094495
 21
55.1109310439
 72
1
 10
349.9349094495
 20
55.1109310439
 11
350.0082885225
 21
55.2076408778
 72
1
 10
350.0082885225
 20
55.2076408778
 11
352.3814687736
 21
55.2669051131
 72
1
 10
352.3814687736
 20
55.2669051131
 11
352.4036615494
 21
55.2350815775
 97
1
330
44D
 75
0
 76
1
 98
1
 10
0.0
 20
0.0
  0
LWPOLYLINE
  5
44F
100
AcDbEntity
  8
0
100
AcDbPolyline
 62
7
  6
CONTINUOUS
 90
28
 70
0
 10
352.4351355841
 20
55.1826036664
 10
352.4351355841
 20
55.7110742002
 10
353.3250111601
 20
55.7110742002
 10
353.3250111601
 20
52.1931978487
 10
352.4418855841
 20
52.1931978487
 10
352.4418855841
 20
52.7492283784
 10
352.3596255186
 20
53.481106252
 10
352.3864018921
 20
53.5529871138
 10
352.4085827818
 20
53.6277894538
 10
352.4260464679
 20
53.7053153822
 10
352.4386712303
 20
53.7853513863
 10
352.446335349
 20
53.8676943687
 10
352.4489171041
 20
53.9521360244
 10
352.446335349
 20
54.0365724725
 10
352.4386712303
 20
54.1189102473
 10
352.4260464679
 20
54.1989410438
 10
352.4085827818
 20
54.2764513493
 10
352.3864018921
 20
54.3512432741
 10
352.3596255186
 20
54.423108513
 10
352.3283753815
 20
54.4918335534
 10
352.2927732005
 20
54.5572152979
 10
352.2529406958
 20
54.6190506492
 10
352.2089995873
 20
54.6771260944
 10
352.161071595
 20
54.7312385362
 10
352.1092784388
 20
54.7811796697
 10
352.0537418388
 20
54.8267411896
 10
351.9945835148
 20
54.8677199987
 10
352.4351355841
 20
55.1826036664
  0
HATCH
  5
450
100
AcDbEntity
  8
0
100
AcDbHatch
 62
7
  6
CONTINUOUS
 10
0.0
 20
0.0
 30
0.0
210
0.0
220
0.0
230
1.0
  2
SOLID
 70
1
 71
1
 91
1
 92
1
 93
27
 72
1
 10
352.4351355841
 20
55.1826036664
 11
352.4351355841
 21
55.7110742002
 72
1
 10
352.4351355841
 20
55.7110742002
 11
353.3250111601
 21
55.7110742002
 72
1
 10
353.3250111601
 20
55.7110742002
 11
353.3250111601
 21
52.1931978487
 72
1
 10
353.3250111601
 20
52.1931978487
 11
352.4418855841
 21
52.1931978487
 72
1
 10
352.4418855841
 20
52.1931978487
 11
352.4418855841
 21
52.7492283784
 72
1
 10
352.4418855841
 20
52.7492283784
 11
352.3596255186
 21
53.481106252
 72
1
 10
352.3596255186
 20
53.481106252
 11
352.3864018921
 21
53.5529871138
 72
1
 10
352.3864018921
 20
53.5529871138
 11
352.4085827818
 21
53.6277894538
 72
1
 10
352.4085827818
 20
53.6277894538
 11
352.4260464679
 21
53.7053153822
 72
1
 10
352.4260464679
 20
53.7053153822
 11
352.4386712303
 21
53.7853513863
 72
1
 10
352.4386712303
 20
53.7853513863
 11
352.446335349
 21
53.8676943687
 72
1
 10
352.446335349
 20
53.8676943687
 11
352.4489171041
 21
53.9521360244
 72
1
 10
352.4489171041
 20
53.9521360244
 11
352.446335349
 21
54.0365724725
 72
1
 10
352.446335349
 20
54.0365724725
 11
352.4386712303
 21
54.1189102473
 72
1
 10
352.4386712303
 20
54.1189102473
 11
352.4260464679
 21
54.1989410438
 72
1
 10
352.4260464679
 20
54.1989410438
 11
352.4085827818
 21
54.2764513493
 72
1
 10
352.4085827818
 20
54.2764513493
 11
352.3864018921
 21
54.3512432741
 72
1
 10
352.3864018921
 20
54.3512432741
 11
352.3596255186
 21
54.423108513
 72
1
 10
352.3596255186
 20
54.423108513
 11
352.3283753815
 21
54.4918335534
 72
1
 10
352.3283753815
 20
54.4918335534
 11
352.2927732005
 21
54.5572152979
 72
1
 10
352.2927732005
 20
54.5572152979
 11
352.2529406958
 21
54.6190506492
 72
1
 10
352.2529406958
 20
54.6190506492
 11
352.2089995873
 21
54.6771260944
 72
1
 10
352.2089995873
 20
54.6771260944
 11
352.161071595
 21
54.7312385362
 72
1
 10
352.161071595
 20
54.7312385362
 11
352.1092784388
 21
54.7811796697
 72
1
 10
352.1092784388
 20
54.7811796697
 11
352.0537418388
 21
54.8267411896
 72
1
 10
352.0537418388
 20
54.8267411896
 11
351.9945835148
 21
54.8677199987
 72
1
 10
351.9945835148
 20
54.8677199987
 11
352.4351355841
 21
55.1826036664
 97
1
330
44F
 75
0
 76
1
 98
1
 10
0.0
 20
0.0
  0
LWPOLYLINE
  5
451
100
AcDbEntity
  8
0
100
AcDbPolyline
 62
7
  6
CONTINUOUS
 90
12
 70
0
 10
352.4351355841
 20
55.1826036664
 10
351.9945835148
 20
54.8677199987
 10
351.9319251869
 20
54.9039025842
 10
351.8658885751
 20
54.9350910563
 10
351.7965953994
 20
54.9610719025
 10
351.7241673796
 20
54.9816368176
 10
351.6487262358
 20
54.9965827042
 10
351.570393688
 20
55.005706465
 10
351.4892914561
 20
55.0087893796
 10
349.9349094495
 20
55.1109310439
 10
352.4215225021
 20
55.2067882982
 10
352.4351355841
 20
55.1826036664
  0
HATCH
  5
452
100
AcDbEntity
  8
0
100
AcDbHatch
 62
7
  6
CONTINUOUS
 10
0.0
 20
0.0
 30
0.0
210
0.0
220
0.0
230
1.0
  2
SOLID
 70
1
 71
1
 91
1
 92
1
 93
11
 72
1
 10
352.4351355841
 20
55.1826036664
 11
351.9945835148
 21
54.8677199987
 72
1
 10
351.9945835148
 20
54.8677199987
 11
351.9319251869
 21
54.9039025842
 72
1
 10
351.9319251869
 20
54.9039025842
 11
351.8658885751
 21
54.9350910563
 72
1
 10
351.8658885751
 20
54.9350910563
 11
351.7965953994
 21
54.9610719025
 72
1
 10
351.7965953994
 20
54.9610719025
 11
351.7241673796
 21
54.9816368176
 72
1
 10
351.7241673796
 20
54.9816368176
 11
351.6487262358
 21
54.9965827042
 72
1
 10
351.6487262358
 20
54.9965827042
 11
351.570393688
 21
55.005706465
 72
1
 10
351.570393688
 20
55.005706465
 11
351.4892914561
 21
55.0087893796
 72
1
 10
351.4892914561
 20
55.0087893796
 11
349.9349094495
 21
55.1109310439
 72
1
 10
349.9349094495
 20
55.1109310439
 11
352.4215225021
 21
55.2067882982
 72
1
 10
352.4215225021
 20
55.2067882982
 11
352.4351355841
 21
55.1826036664
 97
1
330
451
 75
0
 76
1
 98
1
 10
0.0
 20
0.0
  0
LWPOLYLINE
  5
453
100
AcDbEntity
  8
0
100
AcDbPolyline
 62
7
  6
CONTINUOUS
 90
10
 70
0
 10
362.3521984331
 20
55.0371821467
 10
362.2936295628
 20
55.0104478435
 10
361.1563772348
 20
54.9166869704
 10
361.2261671299
 20
55.0308197917
 10
362.6861360187
 20
55.1109546468
 10
362.6140932659
 20
55.1044696142
 10
362.5446109723
 20
55.0937649683
 10
362.4777562965
 20
55.0789255887
 10
362.4135963972
 20
55.060036355
 10
362.3521984331
 20
55.0371821467
  0
HATCH
  5
454
100
AcDbEntity
  8
0
100
AcDbHatch
 62
7
  6
CONTINUOUS
 10
0.0
 20
0.0
 30
0.0
210
0.0
220
0.0
230
1.0
  2
SOLID
 70
1
 71
1
 91
1
 92
1
 93
9
 72
1
 10
362.3521984331
 20
55.0371821467
 11
362.2936295628
 21
55.0104478435
 72
1
 10
362.2936295628
 20
55.0104478435
 11
361.1563772348
 21
54.9166869704
 72
1
 10
361.1563772348
 20
54.9166869704
 11
361.2261671299
 21
55.0308197917
 72
1
 10
361.2261671299
 20
55.0308197917
 11
362.6861360187
 21
55.1109546468
 72
1
 10
362.6861360187
 20
55.1109546468
 11
362.6140932659
 21
55.1044696142
 72
1
 10
362.6140932659
 20
55.1044696142
 11
362.5446109723
 21
55.0937649683
 72
1
 10
362.5446109723
 20
55.0937649683
 11
362.4777562965
 21
55.0789255887
 72
1
 10
362.4777562965
 20
55.0789255887
 11
362.4135963972
 21
55.060036355
 72
1
 10
362.4135963972
 20
55.060036355
 11
362.3521984331
 21
55.0371821467
 97
1
330
453
 75
0
 76
1
 98
1
 10
0.0
 20
0.0
  0
LWPOLYLINE
  5
455
100
AcDbEntity
  8
0
100
AcDbPolyline
 62
7
  6
CONTINUOUS
 90
6
 70
0
 10
349.8678421797
 20
55.0074360245
 10
349.9349094495
 20
55.1109310439
 10
351.4892914561
 20
55.0087893796
 10
351.405347391
 20
55.005706465
 10
349.8074193645
 20
54.897296867
 10
349.8678421797
 20
55.0074360245
  0
HATCH
  5
456
100
AcDbEntity
  8
0
100
AcDbHatch
 62
7
  6
CONTINUOUS
 10
0.0
 20
0.0
 30
0.0
210
0.0
220
0.0
230
1.0
  2
SOLID
 70
1
 71
1
 91
1
 92
1
 93
5
 72
1
 10
349.8678421797
 20
55.0074360245
 11
349.9349094495
 21
55.1109310439
 72
1
 10
349.9349094495
 20
55.1109310439
 11
351.4892914561
 21
55.0087893796
 72
1
 10
351.4892914561
 20
55.0087893796
 11
351.405347391
 21
55.005706465
 72
1
 10
351.405347391
 20
55.005706465
 11
349.8074193645
 21
54.897296867
 72
1
 10
349.8074193645
 20
54.897296867
 11
349.8678421797
 21
55.0074360245
 97
1
330
455
 75
0
 76
1
 98
1
 10
0.0
 20
0.0
  0
LWPOLYLINE
  5
457
100
AcDbEntity
  8
0
100
AcDbPolyline
 62
7
  6
CONTINUOUS
 90
50
 70
0
 10
356.0550116507
 20
54.9925207559
 10
355.9828242001
 20
54.9950100012
 10
355.9086596171
 20
54.9924322263
 10
357.5054451165
 20
55.0848362411
 10
357.5471369521
 20
55.0020413464
 10
358.5762310801
 20
54.9950100012
 10
358.5020301123
 20
54.9924322263
 10
358.4304842064
 20
54.984792639
 10
358.3616923059
 20
54.9722422603
 10
358.2957533542
 20
54.9549164885
 10
358.2327662949
 20
54.9329663449
 10
358.1728300713
 20
54.9065324353
 10
358.1160436268
 20
54.8757605732
 10
358.062505905
 20
54.8407965722
 10
358.0123158492
 20
54.8017810382
 10
357.9655724029
 20
54.7588597846
 10
357.9223745095
 20
54.7121786251
 10
357.8828211126
 20
54.6618781654
 10
357.8470111554
 20
54.6081094269
 10
357.8150435815
 20
54.5510078077
 10
357.7870173343
 20
54.4907295367
 10
357.7630313572
 20
54.4274048044
 10
357.7431845936
 20
54.3611898397
 10
357.7275759872
 20
54.2922200409
 10
357.7163044811
 20
54.220646429
 10
357.709469019
 20
54.1466148177
 10
357.7071685441
 20
54.0702606052
 10
357.7071685441
 20
52.1931978487
 10
356.8172928961
 20
52.1931978487
 10
356.8172928961
 20
54.0702606052
 10
356.8151309999
 20
54.1484374868
 10
356.8086992466
 20
54.2239376487
 10
356.7980785393
 20
54.2966517306
 10
356.7833497811
 20
54.3664547496
 10
356.7645938752
 20
54.4332373456
 10
356.7418917245
 20
54.496879743
 10
356.7153242321
 20
54.5572621666
 10
356.6849723013
 20
54.6142648409
 10
356.650916835
 20
54.6677836133
 10
356.6132387364
 20
54.7176882934
 10
356.5720189085
 20
54.7638695208
 10
356.5273382544
 20
54.8062075203
 10
356.4792776773
 20
54.8445825163
 10
356.4279180801
 20
54.8788851488
 10
356.3733403661
 20
54.9089904348
 10
356.3156254383
 20
54.934789014
 10
356.2548541997
 20
54.9561559035
 10
356.1911075535
 20
54.9729765355
 10
356.1244664028
 20
54.9851415499
 10
356.0550116507
 20
54.9925207559
  0
HATCH
  5
458
100
AcDbEntity
  8
0
100
AcDbHatch
 62
7
  6
CONTINUOUS
 10
0.0
 20
0.0
 30
0.0
210
0.0
220
0.0
230
1.0
  2
SOLID
 70
1
 71
1
 91
1
 92
1
 93
49
 72
1
 10
356.0550116507
 20
54.9925207559
 11
355.9828242001
 21
54.9950100012
 72
1
 10
355.9828242001
 20
54.9950100012
 11
355.9086596171
 21
54.9924322263
 72
1
 10
355.9086596171
 20
54.9924322263
 11
357.5054451165
 21
55.0848362411
 72
1
 10
357.5054451165
 20
55.0848362411
 11
357.5471369521
 21
55.0020413464
 72
1
 10
357.5471369521
 20
55.0020413464
 11
358.5762310801
 21
54.9950100012
 72
1
 10
358.5762310801
 20
54.9950100012
 11
358.5020301123
 21
54.9924322263
 72
1
 10
358.5020301123
 20
54.9924322263
 11
358.4304842064
 21
54.984792639
 72
1
 10
358.4304842064
 20
54.984792639
 11
358.3616923059
 21
54.9722422603
 72
1
 10
358.3616923059
 20
54.9722422603
 11
358.2957533542
 21
54.9549164885
 72
1
 10
358.2957533542
 20
54.9549164885
 11
358.2327662949
 21
54.9329663449
 72
1
 10
358.2327662949
 20
54.9329663449
 11
358.1728300713
 21
54.9065324353
 72
1
 10
358.1728300713
 20
54.9065324353
 11
358.1160436268
 21
54.8757605732
 72
1
 10
358.1160436268
 20
54.8757605732
 11
358.062505905
 21
54.8407965722
 72
1
 10
358.062505905
 20
54.8407965722
 11
358.0123158492
 21
54.8017810382
 72
1
 10
358.0123158492
 20
54.8017810382
 11
357.9655724029
 21
54.7588597846
 72
1
 10
357.9655724029
 20
54.7588597846
 11
357.9223745095
 21
54.7121786251
 72
1
 10
357.9223745095
 20
54.7121786251
 11
357.8828211126
 21
54.6618781654
 72
1
 10
357.8828211126
 20
54.6618781654
 11
357.8470111554
 21
54.6081094269
 72
1
 10
357.8470111554
 20
54.6081094269
 11
357.8150435815
 21
54.5510078077
 72
1
 10
357.8150435815
 20
54.5510078077
 11
357.7870173343
 21
54.4907295367
 72
1
 10
357.7870173343
 20
54.4907295367
 11
357.7630313572
 21
54.4274048044
 72
1
 10
357.7630313572
 20
54.4274048044
 11
357.7431845936
 21
54.3611898397
 72
1
 10
357.7431845936
 20
54.3611898397
 11
357.7275759872
 21
54.2922200409
 72
1
 10
357.7275759872
 20
54.2922200409
 11
357.7163044811
 21
54.220646429
 72
1
 10
357.7163044811
 20
54.220646429
 11
357.709469019
 21
54.1466148177
 72
1
 10
357.709469019
 20
54.1466148177
 11
357.7071685441
 21
54.0702606052
 72
1
 10
357.7071685441
 20
54.0702606052
 11
357.7071685441
 21
52.1931978487
 72
1
 10
357.7071685441
 20
52.1931978487
 11
356.8172928961
 21
52.1931978487
 72
1
 10
356.8172928961
 20
52.1931978487
 11
356.8172928961
 21
54.0702606052
 72
1
 10
356.8172928961
 20
54.0702606052
 11
356.8151309999
 21
54.1484374868
 72
1
 10
356.8151309999
 20
54.1484374868
 11
356.8086992466
 21
54.2239376487
 72
1
 10
356.8086992466
 20
54.2239376487
 11
356.7980785393
 21
54.2966517306
 72
1
 10
356.7980785393
 20
54.2966517306
 11
356.7833497811
 21
54.3664547496
 72
1
 10
356.7833497811
 20
54.3664547496
 11
356.7645938752
 21
54.4332373456
 72
1
 10
356.7645938752
 20
54.4332373456
 11
356.7418917245
 21
54.496879743
 72
1
 10
356.7418917245
 20
54.496879743
 11
356.7153242321
 21
54.5572621666
 72
1
 10
356.7153242321
 20
54.5572621666
 11
356.6849723013
 21
54.6142648409
 72
1
 10
356.6849723013
 20
54.6142648409
 11
356.650916835
 21
54.6677836133
 72
1
 10
356.650916835
 20
54.6677836133
 11
356.6132387364
 21
54.7176882934
 72
1
 10
356.6132387364
 20
54.7176882934
 11
356.5720189085
 21
54.7638695208
 72
1
 10
356.5720189085
 20
54.7638695208
 11
356.5273382544
 21
54.8062075203
 72
1
 10
356.5273382544
 20
54.8062075203
 11
356.4792776773
 21
54.8445825163
 72
1
 10
356.4792776773
 20
54.8445825163
 11
356.4279180801
 21
54.8788851488
 72
1
 10
356.4279180801
 20
54.8788851488
 11
356.3733403661
 21
54.9089904348
 72
1
 10
356.3733403661
 20
54.9089904348
 11
356.3156254383
 21
54.934789014
 72
1
 10
356.3156254383
 20
54.934789014
 11
356.2548541997
 21
54.9561559035
 72
1
 10
356.2548541997
 20
54.9561559035
 11
356.1911075535
 21
54.9729765355
 72
1
 10
356.1911075535
 20
54.9729765355
 11
356.1244664028
 21
54.9851415499
 72
1
 10
356.1244664028
 20
54.9851415499
 11
356.0550116507
 21
54.9925207559
 97
1
330
457
 75
0
 76
1
 98
1
 10
0.0
 20
0.0
  0
LWPOLYLINE
  5
459
100
AcDbEntity
  8
0
100
AcDbPolyline
 62
7
  6
CONTINUOUS
 90
9
 70
0
 10
345.9714461041
 20
55.7110742002
 10
345.9714461041
 20
54.9601345298
 10
344.7128526241
 20
54.9601345298
 10
344.7128526241
 20
52.1931978487
 10
343.8229770481
 20
52.1931978487
 10
343.8229770481
 20
54.9601345298
 10
342.8566021201
 20
54.9601345298
 10
344.7128526241
 20
55.7110742002
 10
345.9714461041
 20
55.7110742002
  0
HATCH
  5
45A
100
AcDbEntity
  8
0
100
AcDbHatch
 62
7
  6
CONTINUOUS
 10
0.0
 20
0.0
 30
0.0
210
0.0
220
0.0
230
1.0
  2
SOLID
 70
1
 71
1
 91
1
 92
1
 93
8
 72
1
 10
345.9714461041
 20
55.7110742002
 11
345.9714461041
 21
54.9601345298
 72
1
 10
345.9714461041
 20
54.9601345298
 11
344.7128526241
 21
54.9601345298
 72
1
 10
344.7128526241
 20
54.9601345298
 11
344.7128526241
 21
52.1931978487
 72
1
 10
344.7128526241
 20
52.1931978487
 11
343.8229770481
 21
52.1931978487
 72
1
 10
343.8229770481
 20
52.1931978487
 11
343.8229770481
 21
54.9601345298
 72
1
 10
343.8229770481
 20
54.9601345298
 11
342.8566021201
 21
54.9601345298
 72
1
 10
342.8566021201
 20
54.9601345298
 11
344.7128526241
 21
55.7110742002
 72
1
 10
344.7128526241
 20
55.7110742002
 11
345.9714461041
 21
55.7110742002
 97
1
330
459
 75
0
 76
1
 98
1
 10
0.0
 20
0.0
  0
LWPOLYLINE
  5
45B
100
AcDbEntity
  8
0
100
AcDbPolyline
 62
7
  6
CONTINUOUS
 90
7
 70
0
 10
362.1852477383
 20
54.9456784706
 10
362.1355691013
 20
54.9078131601
 10
361.0949432212
 20
54.7960898667
 10
361.1563772348
 20
54.9166869704
 10
362.2936295628
 20
55.0104478435
 10
362.237956945
 20
54.9799183249
 10
362.1852477383
 20
54.9456784706
  0
HATCH
  5
45C
100
AcDbEntity
  8
0
100
AcDbHatch
 62
7
  6
CONTINUOUS
 10
0.0
 20
0.0
 30
0.0
210
0.0
220
0.0
230
1.0
  2
SOLID
 70
1
 71
1
 91
1
 92
1
 93
6
 72
1
 10
362.1852477383
 20
54.9456784706
 11
362.1355691013
 21
54.9078131601
 72
1
 10
362.1355691013
 20
54.9078131601
 11
361.0949432212
 21
54.7960898667
 72
1
 10
361.0949432212
 20
54.7960898667
 11
361.1563772348
 21
54.9166869704
 72
1
 10
361.1563772348
 20
54.9166869704
 11
362.2936295628
 21
55.0104478435
 72
1
 10
362.2936295628
 20
55.0104478435
 11
362.237956945
 21
54.9799183249
 72
1
 10
362.237956945
 20
54.9799183249
 11
362.1852477383
 21
54.9456784706
 97
1
330
45B
 75
0
 76
1
 98
1
 10
0.0
 20
0.0
  0
LWPOLYLINE
  5
45D
100
AcDbEntity
  8
0
100
AcDbPolyline
 62
7
  6
CONTINUOUS
 90
9
 70
0
 10
372.3769704211
 20
54.9341792928
 10
372.3081804047
 20
54.9026739697
 10
371.0567829578
 20
54.7869861727
 10
371.1212781041
 20
54.9074385622
 10
372.6840417676
 20
55.0056597553
 10
372.6027569253
 20
54.996412091
 10
372.5243935247
 20
54.9812690168
 10
372.4490864089
 20
54.9604511963
 10
372.3769704211
 20
54.9341792928
  0
HATCH
  5
45E
100
AcDbEntity
  8
0
100
AcDbHatch
 62
7
  6
CONTINUOUS
 10
0.0
 20
0.0
 30
0.0
210
0.0
220
0.0
230
1.0
  2
SOLID
 70
1
 71
1
 91
1
 92
1
 93
8
 72
1
 10
372.3769704211
 20
54.9341792928
 11
372.3081804047
 21
54.9026739697
 72
1
 10
372.3081804047
 20
54.9026739697
 11
371.0567829578
 21
54.7869861727
 72
1
 10
371.0567829578
 20
54.7869861727
 11
371.1212781041
 21
54.9074385622
 72
1
 10
371.1212781041
 20
54.9074385622
 11
372.6840417676
 21
55.0056597553
 72
1
 10
372.6840417676
 20
55.0056597553
 11
372.6027569253
 21
54.996412091
 72
1
 10
372.6027569253
 20
54.996412091
 11
372.5243935247
 21
54.9812690168
 72
1
 10
372.5243935247
 20
54.9812690168
 11
372.4490864089
 21
54.9604511963
 72
1
 10
372.4490864089
 20
54.9604511963
 11
372.3769704211
 21
54.9341792928
 97
1
330
45D
 75
0
 76
1
 98
1
 10
0.0
 20
0.0
  0
LWPOLYLINE
  5
45F
100
AcDbEntity
  8
0
100
AcDbPolyline
 62
7
  6
CONTINUOUS
 90
10
 70
0
 10
351.0322151341
 20
54.9039025842
 10
350.9677289975
 20
54.8677199987
 10
349.7539736554
 20
54.7806546191
 10
349.8074193645
 20
54.897296867
 10
351.405347391
 20
55.005706465
 10
351.3243524922
 20
54.9965827042
 10
351.2464242884
 20
54.9816368176
 10
351.1716803083
 20
54.9610719025
 10
351.1002380806
 20
54.9350910563
 10
351.0322151341
 20
54.9039025842
  0
HATCH
  5
460
100
AcDbEntity
  8
0
100
AcDbHatch
 62
7
  6
CONTINUOUS
 10
0.0
 20
0.0
 30
0.0
210
0.0
220
0.0
230
1.0
  2
SOLID
 70
1
 71
1
 91
1
 92
1
 93
9
 72
1
 10
351.0322151341
 20
54.9039025842
 11
350.9677289975
 21
54.8677199987
 72
1
 10
350.9677289975
 20
54.8677199987
 11
349.7539736554
 21
54.7806546191
 72
1
 10
349.7539736554
 20
54.7806546191
 11
349.8074193645
 21
54.897296867
 72
1
 10
349.8074193645
 20
54.897296867
 11
351.405347391
 21
55.005706465
 72
1
 10
351.405347391
 20
55.005706465
 11
351.3243524922
 21
54.9965827042
 72
1
 10
351.3243524922
 20
54.9965827042
 11
351.2464242884
 21
54.9816368176
 72
1
 10
351.2464242884
 20
54.9816368176
 11
351.1716803083
 21
54.9610719025
 72
1
 10
351.1716803083
 20
54.9610719025
 11
351.1002380806
 21
54.9350910563
 72
1
 10
351.1002380806
 20
54.9350910563
 11
351.0322151341
 21
54.9039025842
 97
1
330
45F
 75
0
 76
1
 98
1
 10
0.0
 20
0.0
  0
LWPOLYLINE
  5
461
100
AcDbEntity
  8
0
100
AcDbPolyline
 62
7
  6
CONTINUOUS
 90
7
 70
0
 10
362.0455721712
 20
54.8215456889
 10
362.0053881953
 20
54.7733132875
 10
361.042157724
 20
54.6693030802
 10
361.0949432212
 20
54.7960898667
 10
362.1355691013
 20
54.9078131601
 10
362.0889881927
 20
54.866407273
 10
362.0455721712
 20
54.8215456889
  0
HATCH
  5
462
100
AcDbEntity
  8
0
100
AcDbHatch
 62
7
  6
CONTINUOUS
 10
0.0
 20
0.0
 30
0.0
210
0.0
220
0.0
230
1.0
  2
SOLID
 70
1
 71
1
 91
1
 92
1
 93
6
 72
1
 10
362.0455721712
 20
54.8215456889
 11
362.0053881953
 21
54.7733132875
 72
1
 10
362.0053881953
 20
54.7733132875
 11
361.042157724
 21
54.6693030802
 72
1
 10
361.042157724
 20
54.6693030802
 11
361.0949432212
 21
54.7960898667
 72
1
 10
361.0949432212
 20
54.7960898667
 11
362.1355691013
 21
54.9078131601
 72
1
 10
362.1355691013
 20
54.9078131601
 11
362.0889881927
 21
54.866407273
 72
1
 10
362.0889881927
 20
54.866407273
 11
362.0455721712
 21
54.8215456889
 97
1
330
461
 75
0
 76
1
 98
1
 10
0.0
 20
0.0
  0
LWPOLYLINE
  5
463
100
AcDbEntity
  8
0
100
AcDbPolyline
 62
7
  6
CONTINUOUS
 90
7
 70
0
 10
372.1811176587
 20
54.8248457184
 10
372.1231146157
 20
54.7789641171
 10
371.0012462791
 20
54.6606752038
 10
371.0567829578
 20
54.7869861727
 10
372.3081804047
 20
54.9026739697
 10
372.2428512028
 20
54.8661558904
 10
372.1811176587
 20
54.8248457184
  0
HATCH
  5
464
100
AcDbEntity
  8
0
100
AcDbHatch
 62
7
  6
CONTINUOUS
 10
0.0
 20
0.0
 30
0.0
210
0.0
220
0.0
230
1.0
  2
SOLID
 70
1
 71
1
 91
1
 92
1
 93
6
 72
1
 10
372.1811176587
 20
54.8248457184
 11
372.1231146157
 21
54.7789641171
 72
1
 10
372.1231146157
 20
54.7789641171
 11
371.0012462791
 21
54.6606752038
 72
1
 10
371.0012462791
 20
54.6606752038
 11
371.0567829578
 21
54.7869861727
 72
1
 10
371.0567829578
 20
54.7869861727
 11
372.3081804047
 21
54.9026739697
 72
1
 10
372.3081804047
 20
54.9026739697
 11
372.2428512028
 21
54.8661558904
 72
1
 10
372.2428512028
 20
54.8661558904
 11
372.1811176587
 21
54.8248457184
 97
1
330
463
 75
0
 76
1
 98
1
 10
0.0
 20
0.0
  0
LWPOLYLINE
  5
465
100
AcDbEntity
  8
0
100
AcDbPolyline
 62
7
  6
CONTINUOUS
 90
7
 70
0
 10
350.8498372688
 20
54.7811796697
 10
350.7966667342
 20
54.7312385362
 10
349.7078377039
 20
54.6576503284
 10
349.7539736554
 20
54.7806546191
 10
350.9677289975
 20
54.8677199987
 10
350.9068971995
 20
54.8267411896
 10
350.8498372688
 20
54.7811796697
  0
HATCH
  5
466
100
AcDbEntity
  8
0
100
AcDbHatch
 62
7
  6
CONTINUOUS
 10
0.0
 20
0.0
 30
0.0
210
0.0
220
0.0
230
1.0
  2
SOLID
 70
1
 71
1
 91
1
 92
1
 93
6
 72
1
 10
350.8498372688
 20
54.7811796697
 11
350.7966667342
 21
54.7312385362
 72
1
 10
350.7966667342
 20
54.7312385362
 11
349.7078377039
 21
54.6576503284
 72
1
 10
349.7078377039
 20
54.6576503284
 11
349.7539736554
 21
54.7806546191
 72
1
 10
349.7539736554
 20
54.7806546191
 11
350.9677289975
 21
54.8677199987
 72
1
 10
350.9677289975
 20
54.8677199987
 11
350.9068971995
 21
54.8267411896
 72
1
 10
350.9068971995
 20
54.8267411896
 11
350.8498372688
 21
54.7811796697
 97
1
330
465
 75
0
 76
1
 98
1
 10
0.0
 20
0.0
  0
LWPOLYLINE
  5
467
100
AcDbEntity
  8
0
100
AcDbPolyline
 62
7
  6
CONTINUOUS
 90
6
 70
0
 10
361.9685034238
 20
54.7217949482
 10
361.9349850153
 20
54.6670755507
 10
360.9983133782
 20
54.5366012108
 10
361.042157724
 20
54.6693030802
 10
362.0053881953
 20
54.7733132875
 10
361.9685034238
 20
54.7217949482
  0
HATCH
  5
468
100
AcDbEntity
  8
0
100
AcDbHatch
 62
7
  6
CONTINUOUS
 10
0.0
 20
0.0
 30
0.0
210
0.0
220
0.0
230
1.0
  2
SOLID
 70
1
 71
1
 91
1
 92
1
 93
5
 72
1
 10
361.9685034238
 20
54.7217949482
 11
361.9349850153
 21
54.6670755507
 72
1
 10
361.9349850153
 20
54.6670755507
 11
360.9983133782
 21
54.5366012108
 72
1
 10
360.9983133782
 20
54.5366012108
 11
361.042157724
 21
54.6693030802
 72
1
 10
361.042157724
 20
54.6693030802
 11
362.0053881953
 21
54.7733132875
 72
1
 10
362.0053881953
 20
54.7733132875
 11
361.9685034238
 21
54.7217949482
 97
1
330
467
 75
0
 76
1
 98
1
 10
0.0
 20
0.0
  0
LWPOLYLINE
  5
469
100
AcDbEntity
  8
0
100
AcDbPolyline
 62
7
  6
CONTINUOUS
 90
7
 70
0
 10
372.0188394057
 20
54.6743692802
 10
371.9728369252
 20
54.6160973715
 10
370.9550193824
 20
54.5288076981
 10
371.0012462791
 20
54.6606752038
 10
372.1231146157
 20
54.7789641171
 10
372.0689769169
 20
54.7287317499
 10
372.0188394057
 20
54.6743692802
  0
HATCH
  5
46A
100
AcDbEntity
  8
0
100
AcDbHatch
 62
7
  6
CONTINUOUS
 10
0.0
 20
0.0
 30
0.0
210
0.0
220
0.0
230
1.0
  2
SOLID
 70
1
 71
1
 91
1
 92
1
 93
6
 72
1
 10
372.0188394057
 20
54.6743692802
 11
371.9728369252
 21
54.6160973715
 72
1
 10
371.9728369252
 20
54.6160973715
 11
370.9550193824
 21
54.5288076981
 72
1
 10
370.9550193824
 20
54.5288076981
 11
371.0012462791
 21
54.6606752038
 72
1
 10
371.0012462791
 20
54.6606752038
 11
372.1231146157
 21
54.7789641171
 72
1
 10
372.1231146157
 20
54.7789641171
 11
372.0689769169
 21
54.7287317499
 72
1
 10
372.0689769169
 20
54.7287317499
 11
372.0188394057
 21
54.6743692802
 97
1
330
469
 75
0
 76
1
 98
1
 10
0.0
 20
0.0
  0
LWPOLYLINE
  5
46B
100
AcDbEntity
  8
0
100
AcDbPolyline
 62
7
  6
CONTINUOUS
 90
6
 70
0
 10
350.7475031244
 20
54.6771260944
 10
350.702463968
 20
54.6190506492
 10
349.6693441615
 20
54.5284250425
 10
349.7078377039
 20
54.6576503284
 10
350.7966667342
 20
54.7312385362
 10
350.7475031244
 20
54.6771260944
  0
HATCH
  5
46C
100
AcDbEntity
  8
0
100
AcDbHatch
 62
7
  6
CONTINUOUS
 10
0.0
 20
0.0
 30
0.0
210
0.0
220
0.0
230
1.0
  2
SOLID
 70
1
 71
1
 91
1
 92
1
 93
5
 72
1
 10
350.7475031244
 20
54.6771260944
 11
350.702463968
 21
54.6190506492
 72
1
 10
350.702463968
 20
54.6190506492
 11
349.6693441615
 21
54.5284250425
 72
1
 10
349.6693441615
 20
54.5284250425
 11
349.7078377039
 21
54.6576503284
 72
1
 10
349.7078377039
 20
54.6576503284
 11
350.7966667342
 21
54.7312385362
 72
1
 10
350.7966667342
 20
54.7312385362
 11
350.7475031244
 21
54.6771260944
 97
1
330
46B
 75
0
 76
1
 98
1
 10
0.0
 20
0.0
  0
LWPOLYLINE
  5
46D
100
AcDbEntity
  8
0
100
AcDbPolyline
 62
7
  6
CONTINUOUS
 90
17
 70
0
 10
360.2399726904
 20
54.7266071167
 10
360.2661199627
 20
54.6119805128
 10
360.2849973707
 20
54.4931780723
 10
360.296442742
 20
54.3704565374
 10
360.3002939041
 20
54.2440726504
 10
360.3002939041
 20
52.1931978487
 10
359.4104189761
 20
52.1931978487
 10
359.4104189761
 20
54.0702606052
 10
359.4082571056
 20
54.1484374868
 10
359.4018255514
 20
54.2239376487
 10
359.3912054002
 20
54.2966517306
 10
359.3764777382
 20
54.3664547496
 10
359.3577236519
 20
54.4332373456
 10
359.3350242278
 20
54.496879743
 10
359.3084605521
 20
54.5572621666
 10
359.2781137114
 20
54.6142648409
 10
360.2399726904
 20
54.7266071167
  0
HATCH
  5
46E
100
AcDbEntity
  8
0
100
AcDbHatch
 62
7
  6
CONTINUOUS
 10
0.0
 20
0.0
 30
0.0
210
0.0
220
0.0
230
1.0
  2
SOLID
 70
1
 71
1
 91
1
 92
1
 93
16
 72
1
 10
360.2399726904
 20
54.7266071167
 11
360.2661199627
 21
54.6119805128
 72
1
 10
360.2661199627
 20
54.6119805128
 11
360.2849973707
 21
54.4931780723
 72
1
 10
360.2849973707
 20
54.4931780723
 11
360.296442742
 21
54.3704565374
 72
1
 10
360.296442742
 20
54.3704565374
 11
360.3002939041
 21
54.2440726504
 72
1
 10
360.3002939041
 20
54.2440726504
 11
360.3002939041
 21
52.1931978487
 72
1
 10
360.3002939041
 20
52.1931978487
 11
359.4104189761
 21
52.1931978487
 72
1
 10
359.4104189761
 20
52.1931978487
 11
359.4104189761
 21
54.0702606052
 72
1
 10
359.4104189761
 20
54.0702606052
 11
359.4082571056
 21
54.1484374868
 72
1
 10
359.4082571056
 20
54.1484374868
 11
359.4018255514
 21
54.2239376487
 72
1
 10
359.4018255514
 20
54.2239376487
 11
359.3912054002
 21
54.2966517306
 72
1
 10
359.3912054002
 20
54.2966517306
 11
359.3764777382
 21
54.3664547496
 72
1
 10
359.3764777382
 20
54.3664547496
 11
359.3577236519
 21
54.4332373456
 72
1
 10
359.3577236519
 20
54.4332373456
 11
359.3350242278
 21
54.496879743
 72
1
 10
359.3350242278
 20
54.496879743
 11
359.3084605521
 21
54.5572621666
 72
1
 10
359.3084605521
 20
54.5572621666
 11
359.2781137114
 21
54.6142648409
 72
1
 10
359.2781137114
 20
54.6142648409
 11
360.2399726904
 21
54.7266071167
 97
1
330
46D
 75
0
 76
1
 98
1
 10
0.0
 20
0.0
  0
LWPOLYLINE
  5
46F
100
AcDbEntity
  8
0
100
AcDbPolyline
 62
7
  6
CONTINUOUS
 90
7
 70
0
 10
361.8783159218
 20
54.5483730994
 10
361.8552995542
 20
54.4845598048
 10
360.9637028187
 20
54.3982588582
 10
360.9983133782
 20
54.5366012108
 10
361.9349850153
 20
54.6670755507
 10
361.9049001284
 20
54.6092399746
 10
361.8783159218
 20
54.5483730994
  0
HATCH
  5
470
100
AcDbEntity
  8
0
100
AcDbHatch
 62
7
  6
CONTINUOUS
 10
0.0
 20
0.0
 30
0.0
210
0.0
220
0.0
230
1.0
  2
SOLID
 70
1
 71
1
 91
1
 92
1
 93
6
 72
1
 10
361.8783159218
 20
54.5483730994
 11
361.8552995542
 21
54.4845598048
 72
1
 10
361.8552995542
 20
54.4845598048
 11
360.9637028187
 21
54.3982588582
 72
1
 10
360.9637028187
 20
54.3982588582
 11
360.9983133782
 21
54.5366012108
 72
1
 10
360.9983133782
 20
54.5366012108
 11
361.9349850153
 21
54.6670755507
 72
1
 10
361.9349850153
 20
54.6670755507
 11
361.9049001284
 21
54.6092399746
 72
1
 10
361.9049001284
 20
54.6092399746
 11
361.8783159218
 21
54.5483730994
 97
1
330
46F
 75
0
 76
1
 98
1
 10
0.0
 20
0.0
  0
LWPOLYLINE
  5
471
100
AcDbEntity
  8
0
100
AcDbPolyline
 62
7
  6
CONTINUOUS
 90
6
 70
0
 10
371.9311043187
 20
54.554136687
 10
371.8937764295
 20
54.4887078904
 10
370.9184535823
 20
54.3917065282
 10
370.9550193824
 20
54.5288076981
 10
371.9728369252
 20
54.6160973715
 10
371.9311043187
 20
54.554136687
  0
HATCH
  5
472
100
AcDbEntity
  8
0
100
AcDbHatch
 62
7
  6
CONTINUOUS
 10
0.0
 20
0.0
 30
0.0
210
0.0
220
0.0
230
1.0
  2
SOLID
 70
1
 71
1
 91
1
 92
1
 93
5
 72
1
 10
371.9311043187
 20
54.554136687
 11
371.8937764295
 21
54.4887078904
 72
1
 10
371.8937764295
 20
54.4887078904
 11
370.9184535823
 21
54.3917065282
 72
1
 10
370.9184535823
 20
54.3917065282
 11
370.9550193824
 21
54.5288076981
 72
1
 10
370.9550193824
 20
54.5288076981
 11
371.9728369252
 21
54.6160973715
 72
1
 10
371.9728369252
 20
54.6160973715
 11
371.9311043187
 21
54.554136687
 97
1
330
471
 75
0
 76
1
 98
1
 10
0.0
 20
0.0
  0
LWPOLYLINE
  5
473
100
AcDbEntity
  8
0
100
AcDbPolyline
 62
7
  6
CONTINUOUS
 90
6
 70
0
 10
350.661666794
 20
54.5572152979
 10
350.6252291308
 20
54.4918335534
 10
349.6388256796
 20
54.3931198089
 10
349.6693441615
 20
54.5284250425
 10
350.702463968
 20
54.6190506492
 10
350.661666794
 20
54.5572152979
  0
HATCH
  5
474
100
AcDbEntity
  8
0
100
AcDbHatch
 62
7
  6
CONTINUOUS
 10
0.0
 20
0.0
 30
0.0
210
0.0
220
0.0
230
1.0
  2
SOLID
 70
1
 71
1
 91
1
 92
1
 93
5
 72
1
 10
350.661666794
 20
54.5572152979
 11
350.6252291308
 21
54.4918335534
 72
1
 10
350.6252291308
 20
54.4918335534
 11
349.6388256796
 21
54.3931198089
 72
1
 10
349.6388256796
 20
54.3931198089
 11
349.6693441615
 21
54.5284250425
 72
1
 10
349.6693441615
 20
54.5284250425
 11
350.702463968
 21
54.6190506492
 72
1
 10
350.702463968
 20
54.6190506492
 11
350.661666794
 21
54.5572152979
 97
1
330
473
 75
0
 76
1
 98
1
 10
0.0
 20
0.0
  0
LWPOLYLINE
  5
475
100
AcDbEntity
  8
0
100
AcDbPolyline
 62
7
  6
CONTINUOUS
 90
7
 70
0
 10
364.4797786436
 20
54.6536142936
 10
364.5233411289
 20
54.5160551094
 10
364.5577099418
 20
54.3720462115
 10
363.6710762881
 20
54.4178852641
 10
363.649635627
 20
54.4865128064
 10
363.6248015635
 20
54.5518571577
 10
364.4797786436
 20
54.6536142936
  0
HATCH
  5
476
100
AcDbEntity
  8
0
100
AcDbHatch
 62
7
  6
CONTINUOUS
 10
0.0
 20
0.0
 30
0.0
210
0.0
220
0.0
230
1.0
  2
SOLID
 70
1
 71
1
 91
1
 92
1
 93
6
 72
1
 10
364.4797786436
 20
54.6536142936
 11
364.5233411289
 21
54.5160551094
 72
1
 10
364.5233411289
 20
54.5160551094
 11
364.5577099418
 21
54.3720462115
 72
1
 10
364.5577099418
 20
54.3720462115
 11
363.6710762881
 21
54.4178852641
 72
1
 10
363.6710762881
 20
54.4178852641
 11
363.649635627
 21
54.4865128064
 72
1
 10
363.649635627
 20
54.4865128064
 11
363.6248015635
 21
54.5518571577
 72
1
 10
363.6248015635
 20
54.5518571577
 11
364.4797786436
 21
54.6536142936
 97
1
330
475
 75
0
 76
1
 98
1
 10
0.0
 20
0.0
  0
LWPOLYLINE
  5
477
100
AcDbEntity
  8
0
100
AcDbPolyline
 62
7
  6
CONTINUOUS
 90
13
 70
0
 10
363.6710762881
 20
54.4178852641
 10
364.5577099418
 20
54.3720462115
 10
364.5826053852
 20
54.2218033431
 10
364.5977477622
 20
54.065542247
 10
364.6028573761
 20
53.9034786664
 10
360.9233610996
 20
53.8030375936
 10
360.9182002081
 20
53.9521360244
 10
360.9233535987
 20
54.1057511022
 10
360.9386186806
 20
54.2545506221
 10
360.9637028187
 20
54.3982588582
 10
361.8552995542
 20
54.4845598048
 10
361.8359181841
 20
54.4178852641
 10
363.6710762881
 20
54.4178852641
  0
HATCH
  5
478
100
AcDbEntity
  8
0
100
AcDbHatch
 62
7
  6
CONTINUOUS
 10
0.0
 20
0.0
 30
0.0
210
0.0
220
0.0
230
1.0
  2
SOLID
 70
1
 71
1
 91
1
 92
1
 93
12
 72
1
 10
363.6710762881
 20
54.4178852641
 11
364.5577099418
 21
54.3720462115
 72
1
 10
364.5577099418
 20
54.3720462115
 11
364.5826053852
 21
54.2218033431
 72
1
 10
364.5826053852
 20
54.2218033431
 11
364.5977477622
 21
54.065542247
 72
1
 10
364.5977477622
 20
54.065542247
 11
364.6028573761
 21
53.9034786664
 72
1
 10
364.6028573761
 20
53.9034786664
 11
360.9233610996
 21
53.8030375936
 72
1
 10
360.9233610996
 20
53.8030375936
 11
360.9182002081
 21
53.9521360244
 72
1
 10
360.9182002081
 20
53.9521360244
 11
360.9233535987
 21
54.1057511022
 72
1
 10
360.9233535987
 20
54.1057511022
 11
360.9386186806
 21
54.2545506221
 72
1
 10
360.9386186806
 20
54.2545506221
 11
360.9637028187
 21
54.3982588582
 72
1
 10
360.9637028187
 20
54.3982588582
 11
361.8552995542
 21
54.4845598048
 72
1
 10
361.8552995542
 20
54.4845598048
 11
361.8359181841
 21
54.4178852641
 72
1
 10
361.8359181841
 20
54.4178852641
 11
363.6710762881
 21
54.4178852641
 97
1
330
477
 75
0
 76
1
 98
1
 10
0.0
 20
0.0
  0
LWPOLYLINE
  5
479
100
AcDbEntity
  8
0
100
AcDbPolyline
 62
7
  6
CONTINUOUS
 90
6
 70
0
 10
350.5932685073
 20
54.423108513
 10
350.5659024523
 20
54.3512432741
 10
349.6166149098
 20
54.2518756753
 10
349.6388256796
 20
54.3931198089
 10
350.6252291308
 20
54.4918335534
 10
350.5932685073
 20
54.423108513
  0
HATCH
  5
47A
100
AcDbEntity
  8
0
100
AcDbHatch
 62
7
  6
CONTINUOUS
 10
0.0
 20
0.0
 30
0.0
210
0.0
220
0.0
230
1.0
  2
SOLID
 70
1
 71
1
 91
1
 92
1
 93
5
 72
1
 10
350.5932685073
 20
54.423108513
 11
350.5659024523
 21
54.3512432741
 72
1
 10
350.5659024523
 20
54.3512432741
 11
349.6166149098
 21
54.2518756753
 72
1
 10
349.6166149098
 20
54.2518756753
 11
349.6388256796
 21
54.3931198089
 72
1
 10
349.6388256796
 20
54.3931198089
 11
350.6252291308
 21
54.4918335534
 72
1
 10
350.6252291308
 20
54.4918335534
 11
350.5932685073
 21
54.423108513
 97
1
330
479
 75
0
 76
1
 98
1
 10
0.0
 20
0.0
  0
LWPOLYLINE
  5
47B
100
AcDbEntity
  8
0
100
AcDbPolyline
 62
7
  6
CONTINUOUS
 90
6
 70
0
 10
371.8609881007
 20
54.4200316449
 10
371.8328741757
 20
54.3483286141
 10
370.8919001929
 20
54.2496841517
 10
370.9184535823
 20
54.3917065282
 10
371.8937764295
 20
54.4887078904
 10
371.8609881007
 20
54.4200316449
  0
HATCH
  5
47C
100
AcDbEntity
  8
0
100
AcDbHatch
 62
7
  6
CONTINUOUS
 10
0.0
 20
0.0
 30
0.0
210
0.0
220
0.0
230
1.0
  2
SOLID
 70
1
 71
1
 91
1
 92
1
 93
5
 72
1
 10
371.8609881007
 20
54.4200316449
 11
371.8328741757
 21
54.3483286141
 72
1
 10
371.8328741757
 20
54.3483286141
 11
370.8919001929
 21
54.2496841517
 72
1
 10
370.8919001929
 20
54.2496841517
 11
370.9184535823
 21
54.3917065282
 72
1
 10
370.9184535823
 20
54.3917065282
 11
371.8937764295
 21
54.4887078904
 72
1
 10
371.8937764295
 20
54.4887078904
 11
371.8609881007
 21
54.4200316449
 97
1
330
47B
 75
0
 76
1
 98
1
 10
0.0
 20
0.0
  0
LWPOLYLINE
  5
47D
100
AcDbEntity
  8
0
100
AcDbPolyline
 62
7
  6
CONTINUOUS
 90
41
 70
0
 10
374.5738809293
 20
54.5288076981
 10
374.6106701495
 20
54.3917065282
 10
374.6374054522
 20
54.2496841517
 10
374.6537174891
 20
54.1030530262
 10
374.6592369121
 20
53.9521360244
 10
374.6537174891
 20
53.8012138151
 10
374.6374054522
 20
53.654577482
 10
374.6106701495
 20
53.5125498979
 10
374.5738809293
 20
53.3754331051
 10
374.5274071397
 20
53.243555184
 10
374.4716181291
 20
53.1172233847
 10
374.4068832455
 20
52.9967605799
 10
374.3335718371
 20
52.8824740195
 10
372.8512650623
 20
52.8982843721
 10
372.9317178284
 20
52.9074081328
 10
373.0093322875
 20
52.9223644347
 10
373.083969221
 20
52.9429449727
 10
373.1554894101
 20
52.9689362341
 10
373.2237536361
 20
53.0001403292
 10
373.2886226801
 20
53.0363437452
 10
373.3499573235
 20
53.0773381771
 10
373.4076183475
 20
53.1229205276
 10
373.4614665334
 20
53.1728824915
 10
373.5113626623
 20
53.2270157638
 10
373.5571675156
 20
53.2851120396
 10
373.5987418745
 20
53.3469630137
 10
373.6359465201
 20
53.4123655887
 10
373.6686422339
 20
53.481106252
 10
373.696689797
 20
53.5529871138
 10
373.7199499907
 20
53.6277894538
 10
373.7382835962
 20
53.7053153822
 10
373.7515513948
 20
53.7853513863
 10
373.7596141677
 20
53.8676943687
 10
373.7623326961
 20
53.9521360244
 10
373.7596141677
 20
54.0365724725
 10
373.7515513948
 20
54.1189102473
 10
373.7382835962
 20
54.1989410438
 10
373.7199499907
 20
54.2764513493
 10
373.696689797
 20
54.3512432741
 10
373.6686422339
 20
54.423108513
 10
374.5738809293
 20
54.5288076981
  0
HATCH
  5
47E
100
AcDbEntity
  8
0
100
AcDbHatch
 62
7
  6
CONTINUOUS
 10
0.0
 20
0.0
 30
0.0
210
0.0
220
0.0
230
1.0
  2
SOLID
 70
1
 71
1
 91
1
 92
1
 93
40
 72
1
 10
374.5738809293
 20
54.5288076981
 11
374.6106701495
 21
54.3917065282
 72
1
 10
374.6106701495
 20
54.3917065282
 11
374.6374054522
 21
54.2496841517
 72
1
 10
374.6374054522
 20
54.2496841517
 11
374.6537174891
 21
54.1030530262
 72
1
 10
374.6537174891
 20
54.1030530262
 11
374.6592369121
 21
53.9521360244
 72
1
 10
374.6592369121
 20
53.9521360244
 11
374.6537174891
 21
53.8012138151
 72
1
 10
374.6537174891
 20
53.8012138151
 11
374.6374054522
 21
53.654577482
 72
1
 10
374.6374054522
 20
53.654577482
 11
374.6106701495
 21
53.5125498979
 72
1
 10
374.6106701495
 20
53.5125498979
 11
374.5738809293
 21
53.3754331051
 72
1
 10
374.5738809293
 20
53.3754331051
 11
374.5274071397
 21
53.243555184
 72
1
 10
374.5274071397
 20
53.243555184
 11
374.4716181291
 21
53.1172233847
 72
1
 10
374.4716181291
 20
53.1172233847
 11
374.4068832455
 21
52.9967605799
 72
1
 10
374.4068832455
 20
52.9967605799
 11
374.3335718371
 21
52.8824740195
 72
1
 10
374.3335718371
 20
52.8824740195
 11
372.8512650623
 21
52.8982843721
 72
1
 10
372.8512650623
 20
52.8982843721
 11
372.9317178284
 21
52.9074081328
 72
1
 10
372.9317178284
 20
52.9074081328
 11
373.0093322875
 21
52.9223644347
 72
1
 10
373.0093322875
 20
52.9223644347
 11
373.083969221
 21
52.9429449727
 72
1
 10
373.083969221
 20
52.9429449727
 11
373.1554894101
 21
52.9689362341
 72
1
 10
373.1554894101
 20
52.9689362341
 11
373.2237536361
 21
53.0001403292
 72
1
 10
373.2237536361
 20
53.0001403292
 11
373.2886226801
 21
53.0363437452
 72
1
 10
373.2886226801
 20
53.0363437452
 11
373.3499573235
 21
53.0773381771
 72
1
 10
373.3499573235
 20
53.0773381771
 11
373.4076183475
 21
53.1229205276
 72
1
 10
373.4076183475
 20
53.1229205276
 11
373.4614665334
 21
53.1728824915
 72
1
 10
373.4614665334
 20
53.1728824915
 11
373.5113626623
 21
53.2270157638
 72
1
 10
373.5113626623
 20
53.2270157638
 11
373.5571675156
 21
53.2851120396
 72
1
 10
373.5571675156
 20
53.2851120396
 11
373.5987418745
 21
53.3469630137
 72
1
 10
373.5987418745
 20
53.3469630137
 11
373.6359465201
 21
53.4123655887
 72
1
 10
373.6359465201
 20
53.4123655887
 11
373.6686422339
 21
53.481106252
 72
1
 10
373.6686422339
 20
53.481106252
 11
373.696689797
 21
53.5529871138
 72
1
 10
373.696689797
 20
53.5529871138
 11
373.7199499907
 21
53.6277894538
 72
1
 10
373.7199499907
 20
53.6277894538
 11
373.7382835962
 21
53.7053153822
 72
1
 10
373.7382835962
 20
53.7053153822
 11
373.7515513948
 21
53.7853513863
 72
1
 10
373.7515513948
 20
53.7853513863
 11
373.7596141677
 21
53.8676943687
 72
1
 10
373.7596141677
 20
53.8676943687
 11
373.7623326961
 21
53.9521360244
 72
1
 10
373.7623326961
 20
53.9521360244
 11
373.7596141677
 21
54.0365724725
 72
1
 10
373.7596141677
 20
54.0365724725
 11
373.7515513948
 21
54.1189102473
 72
1
 10
373.7515513948
 20
54.1189102473
 11
373.7382835962
 21
54.1989410438
 72
1
 10
373.7382835962
 20
54.1989410438
 11
373.7199499907
 21
54.2764513493
 72
1
 10
373.7199499907
 20
54.2764513493
 11
373.696689797
 21
54.3512432741
 72
1
 10
373.696689797
 20
54.3512432741
 11
373.6686422339
 21
54.423108513
 72
1
 10
373.6686422339
 20
54.423108513
 11
374.5738809293
 21
54.5288076981
 97
1
330
47D
 75
0
 76
1
 98
1
 10
0.0
 20
0.0
  0
LWPOLYLINE
  5
47F
100
AcDbEntity
  8
0
100
AcDbPolyline
 62
7
  6
CONTINUOUS
 90
12
 70
0
 10
379.5186766801
 20
54.2789472904
 10
381.1316427121
 20
55.7110742002
 10
382.2926430001
 20
55.7110742002
 10
380.4226152961
 20
54.0702606052
 10
382.3899582721
 20
52.1931978487
 10
381.2011155121
 20
52.1931978487
 10
379.5186766801
 20
53.7923848264
 10
379.5186766801
 20
52.1931978487
 10
378.6425803921
 20
52.1931978487
 10
378.6425803921
 20
57.3102580328
 10
379.5186766801
 20
57.3102580328
 10
379.5186766801
 20
54.2789472904
  0
HATCH
  5
480
100
AcDbEntity
  8
0
100
AcDbHatch
 62
7
  6
CONTINUOUS
 10
0.0
 20
0.0
 30
0.0
210
0.0
220
0.0
230
1.0
  2
SOLID
 70
1
 71
1
 91
1
 92
1
 93
11
 72
1
 10
379.5186766801
 20
54.2789472904
 11
381.1316427121
 21
55.7110742002
 72
1
 10
381.1316427121
 20
55.7110742002
 11
382.2926430001
 21
55.7110742002
 72
1
 10
382.2926430001
 20
55.7110742002
 11
380.4226152961
 21
54.0702606052
 72
1
 10
380.4226152961
 20
54.0702606052
 11
382.3899582721
 21
52.1931978487
 72
1
 10
382.3899582721
 20
52.1931978487
 11
381.2011155121
 21
52.1931978487
 72
1
 10
381.2011155121
 20
52.1931978487
 11
379.5186766801
 21
53.7923848264
 72
1
 10
379.5186766801
 20
53.7923848264
 11
379.5186766801
 21
52.1931978487
 72
1
 10
379.5186766801
 20
52.1931978487
 11
378.6425803921
 21
52.1931978487
 72
1
 10
378.6425803921
 20
52.1931978487
 11
378.6425803921
 21
57.3102580328
 72
1
 10
378.6425803921
 20
57.3102580328
 11
379.5186766801
 21
57.3102580328
 72
1
 10
379.5186766801
 20
57.3102580328
 11
379.5186766801
 21
54.2789472904
 97
1
330
47F
 75
0
 76
1
 98
1
 10
0.0
 20
0.0
  0
LWPOLYLINE
  5
481
100
AcDbEntity
  8
0
100
AcDbPolyline
 62
7
  6
CONTINUOUS
 90
6
 70
0
 10
350.5432484943
 20
54.2764513493
 10
350.5254241622
 20
54.1989410438
 10
349.6030445035
 20
54.1048336893
 10
349.6166149098
 20
54.2518756753
 10
350.5659024523
 20
54.3512432741
 10
350.5432484943
 20
54.2764513493
  0
HATCH
  5
482
100
AcDbEntity
  8
0
100
AcDbHatch
 62
7
  6
CONTINUOUS
 10
0.0
 20
0.0
 30
0.0
210
0.0
220
0.0
230
1.0
  2
SOLID
 70
1
 71
1
 91
1
 92
1
 93
5
 72
1
 10
350.5432484943
 20
54.2764513493
 11
350.5254241622
 21
54.1989410438
 72
1
 10
350.5254241622
 20
54.1989410438
 11
349.6030445035
 21
54.1048336893
 72
1
 10
349.6030445035
 20
54.1048336893
 11
349.6166149098
 21
54.2518756753
 72
1
 10
349.6166149098
 20
54.2518756753
 11
350.5659024523
 21
54.3512432741
 72
1
 10
350.5659024523
 20
54.3512432741
 11
350.5432484943
 21
54.2764513493
 97
1
330
481
 75
0
 76
1
 98
1
 10
0.0
 20
0.0
  0
LWPOLYLINE
  5
483
100
AcDbEntity
  8
0
100
AcDbPolyline
 62
7
  6
CONTINUOUS
 90
6
 70
0
 10
371.8095694977
 20
54.2738194612
 10
371.7912089099
 20
54.1967248498
 10
370.8757105287
 20
54.1030530262
 10
370.8919001929
 20
54.2496841517
 10
371.8328741757
 20
54.3483286141
 10
371.8095694977
 20
54.2738194612
  0
HATCH
  5
484
100
AcDbEntity
  8
0
100
AcDbHatch
 62
7
  6
CONTINUOUS
 10
0.0
 20
0.0
 30
0.0
210
0.0
220
0.0
230
1.0
  2
SOLID
 70
1
 71
1
 91
1
 92
1
 93
5
 72
1
 10
371.8095694977
 20
54.2738194612
 11
371.7912089099
 21
54.1967248498
 72
1
 10
371.7912089099
 20
54.1967248498
 11
370.8757105287
 21
54.1030530262
 72
1
 10
370.8757105287
 20
54.1030530262
 11
370.8919001929
 21
54.2496841517
 72
1
 10
370.8919001929
 20
54.2496841517
 11
371.8328741757
 21
54.3483286141
 72
1
 10
371.8328741757
 20
54.3483286141
 11
371.8095694977
 21
54.2738194612
 97
1
330
483
 75
0
 76
1
 98
1
 10
0.0
 20
0.0
  0
LWPOLYLINE
  5
485
100
AcDbEntity
  8
0
100
AcDbPolyline
 62
7
  6
CONTINUOUS
 90
8
 70
0
 10
350.5125469846
 20
54.1189102473
 10
350.5047344904
 20
54.0365724725
 10
350.5021042081
 20
53.9521360244
 10
349.6030438431
 20
53.7976888738
 10
349.5984471121
 20
53.9521360244
 10
349.6030445035
 20
54.1048336893
 10
350.5254241622
 20
54.1989410438
 10
350.5125469846
 20
54.1189102473
  0
HATCH
  5
486
100
AcDbEntity
  8
0
100
AcDbHatch
 62
7
  6
CONTINUOUS
 10
0.0
 20
0.0
 30
0.0
210
0.0
220
0.0
230
1.0
  2
SOLID
 70
1
 71
1
 91
1
 92
1
 93
7
 72
1
 10
350.5125469846
 20
54.1189102473
 11
350.5047344904
 21
54.0365724725
 72
1
 10
350.5047344904
 20
54.0365724725
 11
350.5021042081
 21
53.9521360244
 72
1
 10
350.5021042081
 20
53.9521360244
 11
349.6030438431
 21
53.7976888738
 72
1
 10
349.6030438431
 20
53.7976888738
 11
349.5984471121
 21
53.9521360244
 72
1
 10
349.5984471121
 20
53.9521360244
 11
349.6030445035
 21
54.1048336893
 72
1
 10
349.6030445035
 20
54.1048336893
 11
350.5254241622
 21
54.1989410438
 72
1
 10
350.5254241622
 20
54.1989410438
 11
350.5125469846
 21
54.1189102473
 97
1
330
485
 75
0
 76
1
 98
1
 10
0.0
 20
0.0
  0
LWPOLYLINE
  5
487
100
AcDbEntity
  8
0
100
AcDbPolyline
 62
7
  6
CONTINUOUS
 90
8
 70
0
 10
371.7779272555
 20
54.1172654433
 10
371.7698593779
 20
54.035661905
 10
371.7671401201
 20
53.9521360244
 10
370.8757105287
 20
53.8012138151
 10
370.8702359041
 20
53.9521360244
 10
370.8757105287
 20
54.1030530262
 10
371.7912089099
 20
54.1967248498
 10
371.7779272555
 20
54.1172654433
  0
HATCH
  5
488
100
AcDbEntity
  8
0
100
AcDbHatch
 62
7
  6
CONTINUOUS
 10
0.0
 20
0.0
 30
0.0
210
0.0
220
0.0
230
1.0
  2
SOLID
 70
1
 71
1
 91
1
 92
1
 93
7
 72
1
 10
371.7779272555
 20
54.1172654433
 11
371.7698593779
 21
54.035661905
 72
1
 10
371.7698593779
 20
54.035661905
 11
371.7671401201
 21
53.9521360244
 72
1
 10
371.7671401201
 20
53.9521360244
 11
370.8757105287
 21
53.8012138151
 72
1
 10
370.8757105287
 20
53.8012138151
 11
370.8702359041
 21
53.9521360244
 72
1
 10
370.8702359041
 20
53.9521360244
 11
370.8757105287
 21
54.1030530262
 72
1
 10
370.8757105287
 20
54.1030530262
 11
371.7912089099
 21
54.1967248498
 72
1
 10
371.7912089099
 20
54.1967248498
 11
371.7779272555
 21
54.1172654433
 97
1
330
487
 75
0
 76
1
 98
1
 10
0.0
 20
0.0
  0
LWPOLYLINE
  5
489
100
AcDbEntity
  8
0
100
AcDbPolyline
 62
7
  6
CONTINUOUS
 90
9
 70
0
 10
364.6028573761
 20
53.9034786664
 10
364.6028573761
 20
53.8061662674
 10
361.8080757841
 20
53.8061662674
 10
361.8164165937
 20
53.7286269153
 10
361.829474623
 20
53.6530712513
 10
360.9639053423
 20
53.516991835
 10
360.9386786876
 20
53.6578757777
 10
360.9233610996
 20
53.8030375936
 10
364.6028573761
 20
53.9034786664
  0
HATCH
  5
48A
100
AcDbEntity
  8
0
100
AcDbHatch
 62
7
  6
CONTINUOUS
 10
0.0
 20
0.0
 30
0.0
210
0.0
220
0.0
230
1.0
  2
SOLID
 70
1
 71
1
 91
1
 92
1
 93
8
 72
1
 10
364.6028573761
 20
53.9034786664
 11
364.6028573761
 21
53.8061662674
 72
1
 10
364.6028573761
 20
53.8061662674
 11
361.8080757841
 21
53.8061662674
 72
1
 10
361.8080757841
 20
53.8061662674
 11
361.8164165937
 21
53.7286269153
 72
1
 10
361.8164165937
 20
53.7286269153
 11
361.829474623
 21
53.6530712513
 72
1
 10
361.829474623
 20
53.6530712513
 11
360.9639053423
 21
53.516991835
 72
1
 10
360.9639053423
 20
53.516991835
 11
360.9386786876
 21
53.6578757777
 72
1
 10
360.9386786876
 20
53.6578757777
 11
360.9233610996
 21
53.8030375936
 72
1
 10
360.9233610996
 20
53.8030375936
 11
364.6028573761
 21
53.9034786664
 97
1
330
489
 75
0
 76
1
 98
1
 10
0.0
 20
0.0
  0
LWPOLYLINE
  5
48B
100
AcDbEntity
  8
0
100
AcDbPolyline
 62
7
  6
CONTINUOUS
 90
6
 70
0
 10
371.7698593779
 20
53.8686060282
 10
371.7779272555
 20
53.7869971626
 10
370.8919001929
 20
53.654577482
 10
370.8757105287
 20
53.8012138151
 10
371.7671401201
 20
53.9521360244
 10
371.7698593779
 20
53.8686060282
  0
HATCH
  5
48C
100
AcDbEntity
  8
0
100
AcDbHatch
 62
7
  6
CONTINUOUS
 10
0.0
 20
0.0
 30
0.0
210
0.0
220
0.0
230
1.0
  2
SOLID
 70
1
 71
1
 91
1
 92
1
 93
5
 72
1
 10
371.7698593779
 20
53.8686060282
 11
371.7779272555
 21
53.7869971626
 72
1
 10
371.7779272555
 20
53.7869971626
 11
370.8919001929
 21
53.654577482
 72
1
 10
370.8919001929
 20
53.654577482
 11
370.8757105287
 21
53.8012138151
 72
1
 10
370.8757105287
 20
53.8012138151
 11
371.7671401201
 21
53.9521360244
 72
1
 10
371.7671401201
 20
53.9521360244
 11
371.7698593779
 21
53.8686060282
 97
1
330
48B
 75
0
 76
1
 98
1
 10
0.0
 20
0.0
  0
LWPOLYLINE
  5
48D
100
AcDbEntity
  8
0
100
AcDbPolyline
 62
7
  6
CONTINUOUS
 90
6
 70
0
 10
350.5047344904
 20
53.8676943687
 10
350.5125469846
 20
53.7853513863
 10
349.6166096269
 20
53.6492245365
 10
349.6030438431
 20
53.7976888738
 10
350.5021042081
 20
53.9521360244
 10
350.5047344904
 20
53.8676943687
  0
HATCH
  5
48E
100
AcDbEntity
  8
0
100
AcDbHatch
 62
7
  6
CONTINUOUS
 10
0.0
 20
0.0
 30
0.0
210
0.0
220
0.0
230
1.0
  2
SOLID
 70
1
 71
1
 91
1
 92
1
 93
5
 72
1
 10
350.5047344904
 20
53.8676943687
 11
350.5125469846
 21
53.7853513863
 72
1
 10
350.5125469846
 20
53.7853513863
 11
349.6166096269
 21
53.6492245365
 72
1
 10
349.6166096269
 20
53.6492245365
 11
349.6030438431
 21
53.7976888738
 72
1
 10
349.6030438431
 20
53.7976888738
 11
350.5021042081
 21
53.9521360244
 72
1
 10
350.5021042081
 20
53.9521360244
 11
350.5047344904
 21
53.8676943687
 97
1
330
48D
 75
0
 76
1
 98
1
 10
0.0
 20
0.0
  0
LWPOLYLINE
  5
48F
100
AcDbEntity
  8
0
100
AcDbPolyline
 62
7
  6
CONTINUOUS
 90
6
 70
0
 10
371.7912089099
 20
53.7075293299
 10
371.8095694977
 20
53.630423558
 10
370.9184535823
 20
53.5125498979
 10
370.8919001929
 20
53.654577482
 10
371.7779272555
 20
53.7869971626
 10
371.7912089099
 20
53.7075293299
  0
HATCH
  5
490
100
AcDbEntity
  8
0
100
AcDbHatch
 62
7
  6
CONTINUOUS
 10
0.0
 20
0.0
 30
0.0
210
0.0
220
0.0
230
1.0
  2
SOLID
 70
1
 71
1
 91
1
 92
1
 93
5
 72
1
 10
371.7912089099
 20
53.7075293299
 11
371.8095694977
 21
53.630423558
 72
1
 10
371.8095694977
 20
53.630423558
 11
370.9184535823
 21
53.5125498979
 72
1
 10
370.9184535823
 20
53.5125498979
 11
370.8919001929
 21
53.654577482
 72
1
 10
370.8919001929
 20
53.654577482
 11
371.7779272555
 21
53.7869971626
 72
1
 10
371.7779272555
 20
53.7869971626
 11
371.7912089099
 21
53.7075293299
 97
1
330
48F
 75
0
 76
1
 98
1
 10
0.0
 20
0.0
  0
LWPOLYLINE
  5
491
100
AcDbEntity
  8
0
100
AcDbPolyline
 62
7
  6
CONTINUOUS
 90
6
 70
0
 10
350.5254241622
 20
53.7053153822
 10
350.5432484943
 20
53.6277894538
 10
349.6388078499
 20
53.5068591622
 10
349.6166096269
 20
53.6492245365
 10
350.5125469846
 20
53.7853513863
 10
350.5254241622
 20
53.7053153822
  0
HATCH
  5
492
100
AcDbEntity
  8
0
100
AcDbHatch
 62
7
  6
CONTINUOUS
 10
0.0
 20
0.0
 30
0.0
210
0.0
220
0.0
230
1.0
  2
SOLID
 70
1
 71
1
 91
1
 92
1
 93
5
 72
1
 10
350.5254241622
 20
53.7053153822
 11
350.5432484943
 21
53.6277894538
 72
1
 10
350.5432484943
 20
53.6277894538
 11
349.6388078499
 21
53.5068591622
 72
1
 10
349.6388078499
 20
53.5068591622
 11
349.6166096269
 21
53.6492245365
 72
1
 10
349.6166096269
 20
53.6492245365
 11
350.5125469846
 21
53.7853513863
 72
1
 10
350.5125469846
 20
53.7853513863
 11
350.5254241622
 21
53.7053153822
 97
1
330
491
 75
0
 76
1
 98
1
 10
0.0
 20
0.0
  0
LWPOLYLINE
  5
493
100
AcDbEntity
  8
0
100
AcDbPolyline
 62
7
  6
CONTINUOUS
 90
6
 70
0
 10
361.8471418187
 20
53.5796832195
 10
361.869310127
 20
53.5086474048
 10
360.9987934342
 20
53.3807281495
 10
360.9639053423
 20
53.516991835
 10
361.829474623
 20
53.6530712513
 10
361.8471418187
 20
53.5796832195
  0
HATCH
  5
494
100
AcDbEntity
  8
0
100
AcDbHatch
 62
7
  6
CONTINUOUS
 10
0.0
 20
0.0
 30
0.0
210
0.0
220
0.0
230
1.0
  2
SOLID
 70
1
 71
1
 91
1
 92
1
 93
5
 72
1
 10
361.8471418187
 20
53.5796832195
 11
361.869310127
 21
53.5086474048
 72
1
 10
361.869310127
 20
53.5086474048
 11
360.9987934342
 21
53.3807281495
 72
1
 10
360.9987934342
 20
53.3807281495
 11
360.9639053423
 21
53.516991835
 72
1
 10
360.9639053423
 20
53.516991835
 11
361.829474623
 21
53.6530712513
 72
1
 10
361.829474623
 20
53.6530712513
 11
361.8471418187
 21
53.5796832195
 97
1
330
493
 75
0
 76
1
 98
1
 10
0.0
 20
0.0
  0
LWPOLYLINE
  5
495
100
AcDbEntity
  8
0
100
AcDbPolyline
 62
7
  6
CONTINUOUS
 90
6
 70
0
 10
371.8328741757
 20
53.5559008749
 10
371.8609881007
 20
53.4841823088
 10
370.9550193824
 20
53.3754331051
 10
370.9184535823
 20
53.5125498979
 10
371.8095694977
 20
53.630423558
 10
371.8328741757
 20
53.5559008749
  0
HATCH
  5
496
100
AcDbEntity
  8
0
100
AcDbHatch
 62
7
  6
CONTINUOUS
 10
0.0
 20
0.0
 30
0.0
210
0.0
220
0.0
230
1.0
  2
SOLID
 70
1
 71
1
 91
1
 92
1
 93
5
 72
1
 10
371.8328741757
 20
53.5559008749
 11
371.8609881007
 21
53.4841823088
 72
1
 10
371.8609881007
 20
53.4841823088
 11
370.9550193824
 21
53.3754331051
 72
1
 10
370.9550193824
 20
53.3754331051
 11
370.9184535823
 21
53.5125498979
 72
1
 10
370.9184535823
 20
53.5125498979
 11
371.8095694977
 21
53.630423558
 72
1
 10
371.8095694977
 20
53.630423558
 11
371.8328741757
 21
53.5559008749
 97
1
330
495
 75
0
 76
1
 98
1
 10
0.0
 20
0.0
  0
LWPOLYLINE
  5
497
100
AcDbEntity
  8
0
100
AcDbPolyline
 62
7
  6
CONTINUOUS
 90
6
 70
0
 10
350.5659024523
 20
53.5529871138
 10
350.5932685073
 20
53.481106252
 10
349.6693018984
 20
53.3707100266
 10
349.6388078499
 20
53.5068591622
 10
350.5432484943
 20
53.6277894538
 10
350.5659024523
 20
53.5529871138
  0
HATCH
  5
498
100
AcDbEntity
  8
0
100
AcDbHatch
 62
7
  6
CONTINUOUS
 10
0.0
 20
0.0
 30
0.0
210
0.0
220
0.0
230
1.0
  2
SOLID
 70
1
 71
1
 91
1
 92
1
 93
5
 72
1
 10
350.5659024523
 20
53.5529871138
 11
350.5932685073
 21
53.481106252
 72
1
 10
350.5932685073
 20
53.481106252
 11
349.6693018984
 21
53.3707100266
 72
1
 10
349.6693018984
 20
53.3707100266
 11
349.6388078499
 21
53.5068591622
 72
1
 10
349.6388078499
 20
53.5068591622
 11
350.5432484943
 21
53.6277894538
 72
1
 10
350.5432484943
 20
53.6277894538
 11
350.5659024523
 21
53.5529871138
 97
1
330
497
 75
0
 76
1
 98
1
 10
0.0
 20
0.0
  0
LWPOLYLINE
  5
499
100
AcDbEntity
  8
0
100
AcDbPolyline
 62
7
  6
CONTINUOUS
 90
6
 70
0
 10
361.8958714945
 20
53.4401483924
 10
361.9267178674
 20
53.3743707672
 10
361.0430953333
 20
53.2494271057
 10
360.9987934342
 20
53.3807281495
 10
361.869310127
 20
53.5086474048
 10
361.8958714945
 20
53.4401483924
  0
HATCH
  5
49A
100
AcDbEntity
  8
0
100
AcDbHatch
 62
7
  6
CONTINUOUS
 10
0.0
 20
0.0
 30
0.0
210
0.0
220
0.0
230
1.0
  2
SOLID
 70
1
 71
1
 91
1
 92
1
 93
5
 72
1
 10
361.8958714945
 20
53.4401483924
 11
361.9267178674
 21
53.3743707672
 72
1
 10
361.9267178674
 20
53.3743707672
 11
361.0430953333
 21
53.2494271057
 72
1
 10
361.0430953333
 20
53.2494271057
 11
360.9987934342
 21
53.3807281495
 72
1
 10
360.9987934342
 20
53.3807281495
 11
361.869310127
 21
53.5086474048
 72
1
 10
361.869310127
 20
53.5086474048
 11
361.8958714945
 21
53.4401483924
 97
1
330
499
 75
0
 76
1
 98
1
 10
0.0
 20
0.0
  0
LWPOLYLINE
  5
49B
100
AcDbEntity
  8
0
100
AcDbPolyline
 62
7
  6
CONTINUOUS
 90
6
 70
0
 10
371.8937764295
 20
53.4154888877
 10
371.9311043187
 20
53.3500416397
 10
371.0012462791
 20
53.243555184
 10
370.9550193824
 20
53.3754331051
 10
371.8609881007
 20
53.4841823088
 10
371.8937764295
 20
53.4154888877
  0
HATCH
  5
49C
100
AcDbEntity
  8
0
100
AcDbHatch
 62
7
  6
CONTINUOUS
 10
0.0
 20
0.0
 30
0.0
210
0.0
220
0.0
230
1.0
  2
SOLID
 70
1
 71
1
 91
1
 92
1
 93
5
 72
1
 10
371.8937764295
 20
53.4154888877
 11
371.9311043187
 21
53.3500416397
 72
1
 10
371.9311043187
 20
53.3500416397
 11
371.0012462791
 21
53.243555184
 72
1
 10
371.0012462791
 20
53.243555184
 11
370.9550193824
 21
53.3754331051
 72
1
 10
370.9550193824
 20
53.3754331051
 11
371.8609881007
 21
53.4841823088
 72
1
 10
371.8609881007
 20
53.4841823088
 11
371.8937764295
 21
53.4154888877
 97
1
330
49B
 75
0
 76
1
 98
1
 10
0.0
 20
0.0
  0
LWPOLYLINE
  5
49D
100
AcDbEntity
  8
0
100
AcDbPolyline
 62
7
  6
CONTINUOUS
 90
6
 70
0
 10
350.6252291308
 20
53.4123655887
 10
350.661666794
 20
53.3469630137
 10
349.7077551589
 20
53.2408944055
 10
349.6693018984
 20
53.3707100266
 10
350.5932685073
 20
53.481106252
 10
350.6252291308
 20
53.4123655887
  0
HATCH
  5
49E
100
AcDbEntity
  8
0
100
AcDbHatch
 62
7
  6
CONTINUOUS
 10
0.0
 20
0.0
 30
0.0
210
0.0
220
0.0
230
1.0
  2
SOLID
 70
1
 71
1
 91
1
 92
1
 93
5
 72
1
 10
350.6252291308
 20
53.4123655887
 11
350.661666794
 21
53.3469630137
 72
1
 10
350.661666794
 20
53.3469630137
 11
349.7077551589
 21
53.2408944055
 72
1
 10
349.7077551589
 20
53.2408944055
 11
349.6693018984
 21
53.3707100266
 72
1
 10
349.6693018984
 20
53.3707100266
 11
350.5932685073
 21
53.481106252
 72
1
 10
350.5932685073
 20
53.481106252
 11
350.6252291308
 21
53.4123655887
 97
1
330
49D
 75
0
 76
1
 98
1
 10
0.0
 20
0.0
  0
LWPOLYLINE
  5
49F
100
AcDbEntity
  8
0
100
AcDbPolyline
 62
7
  6
CONTINUOUS
 90
11
 70
0
 10
368.1885159841
 20
55.7389141688
 10
369.0505434001
 20
53.3679785224
 10
370.7192014321
 20
55.7110742002
 10
369.4330434721
 20
52.1653526725
 10
368.6334544561
 20
52.1653526725
 10
367.7365430401
 20
54.6125096824
 10
366.8466732241
 20
52.1653526725
 10
366.0678922081
 20
52.1653526725
 10
366.5339194801
 20
53.3471654824
 10
367.4027005681
 20
55.7389141688
 10
368.1885159841
 20
55.7389141688
  0
HATCH
  5
4A0
100
AcDbEntity
  8
0
100
AcDbHatch
 62
7
  6
CONTINUOUS
 10
0.0
 20
0.0
 30
0.0
210
0.0
220
0.0
230
1.0
  2
SOLID
 70
1
 71
1
 91
1
 92
1
 93
10
 72
1
 10
368.1885159841
 20
55.7389141688
 11
369.0505434001
 21
53.3679785224
 72
1
 10
369.0505434001
 20
53.3679785224
 11
370.7192014321
 21
55.7110742002
 72
1
 10
370.7192014321
 20
55.7110742002
 11
369.4330434721
 21
52.1653526725
 72
1
 10
369.4330434721
 20
52.1653526725
 11
368.6334544561
 21
52.1653526725
 72
1
 10
368.6334544561
 20
52.1653526725
 11
367.7365430401
 21
54.6125096824
 72
1
 10
367.7365430401
 20
54.6125096824
 11
366.8466732241
 21
52.1653526725
 72
1
 10
366.8466732241
 20
52.1653526725
 11
366.0678922081
 21
52.1653526725
 72
1
 10
366.0678922081
 20
52.1653526725
 11
366.5339194801
 21
53.3471654824
 72
1
 10
366.5339194801
 20
53.3471654824
 11
367.4027005681
 21
55.7389141688
 72
1
 10
367.4027005681
 20
55.7389141688
 11
368.1885159841
 21
55.7389141688
 97
1
330
49F
 75
0
 76
1
 98
1
 10
0.0
 20
0.0
  0
SOLID
  5
4A1
100
AcDbEntity
  8
0
100
AcDbTrace
 62
7
  6
CONTINUOUS
 10
369.0505434001
 20
53.3679785224
 11
369.8568932161
 21
55.7110742002
 12
370.7192014321
 22
55.7110742002
 13
370.7192014321
 23
55.7110742002
  0
LWPOLYLINE
  5
4A2
100
AcDbEntity
  8
0
100
AcDbPolyline
 62
7
  6
CONTINUOUS
 90
7
 70
0
 10
362.0008334152
 20
53.251718019
 10
362.043886483
 20
53.195212066
 10
361.0965634101
 20
53.1234310877
 10
361.0430953333
 20
53.2494271057
 10
361.9267178674
 20
53.3743707672
 10
361.9617411921
 20
53.3114991144
 10
362.0008334152
 20
53.251718019
  0
HATCH
  5
4A3
100
AcDbEntity
  8
0
100
AcDbHatch
 62
7
  6
CONTINUOUS
 10
0.0
 20
0.0
 30
0.0
210
0.0
220
0.0
230
1.0
  2
SOLID
 70
1
 71
1
 91
1
 92
1
 93
6
 72
1
 10
362.0008334152
 20
53.251718019
 11
362.043886483
 21
53.195212066
 72
1
 10
362.043886483
 20
53.195212066
 11
361.0965634101
 21
53.1234310877
 72
1
 10
361.0965634101
 20
53.1234310877
 11
361.0430953333
 21
53.2494271057
 72
1
 10
361.0430953333
 20
53.2494271057
 11
361.9267178674
 21
53.3743707672
 72
1
 10
361.9267178674
 20
53.3743707672
 11
361.9617411921
 21
53.3114991144
 72
1
 10
361.9617411921
 20
53.3114991144
 11
362.0008334152
 21
53.251718019
 97
1
330
4A2
 75
0
 76
1
 98
1
 10
0.0
 20
0.0
  0
LWPOLYLINE
  5
4A4
100
AcDbEntity
  8
0
100
AcDbPolyline
 62
7
  6
CONTINUOUS
 90
6
 70
0
 10
371.9728369252
 20
53.2880615928
 10
372.0188394057
 20
53.2297697751
 10
371.0567829578
 20
53.1172233847
 10
371.0012462791
 20
53.243555184
 10
371.9311043187
 20
53.3500416397
 10
371.9728369252
 20
53.2880615928
  0
HATCH
  5
4A5
100
AcDbEntity
  8
0
100
AcDbHatch
 62
7
  6
CONTINUOUS
 10
0.0
 20
0.0
 30
0.0
210
0.0
220
0.0
230
1.0
  2
SOLID
 70
1
 71
1
 91
1
 92
1
 93
5
 72
1
 10
371.9728369252
 20
53.2880615928
 11
372.0188394057
 21
53.2297697751
 72
1
 10
372.0188394057
 20
53.2297697751
 11
371.0567829578
 21
53.1172233847
 72
1
 10
371.0567829578
 20
53.1172233847
 11
371.0012462791
 21
53.243555184
 72
1
 10
371.0012462791
 20
53.243555184
 11
371.9311043187
 21
53.3500416397
 72
1
 10
371.9311043187
 20
53.3500416397
 11
371.9728369252
 21
53.2880615928
 97
1
330
4A4
 75
0
 76
1
 98
1
 10
0.0
 20
0.0
  0
LWPOLYLINE
  5
4A6
100
AcDbEntity
  8
0
100
AcDbPolyline
 62
7
  6
CONTINUOUS
 90
6
 70
0
 10
350.702463968
 20
53.2851120396
 10
350.7475031244
 20
53.2270157638
 10
349.7538310175
 20
53.1175295745
 10
349.7077551589
 20
53.2408944055
 10
350.661666794
 20
53.3469630137
 10
350.702463968
 20
53.2851120396
  0
HATCH
  5
4A7
100
AcDbEntity
  8
0
100
AcDbHatch
 62
7
  6
CONTINUOUS
 10
0.0
 20
0.0
 30
0.0
210
0.0
220
0.0
230
1.0
  2
SOLID
 70
1
 71
1
 91
1
 92
1
 93
5
 72
1
 10
350.702463968
 20
53.2851120396
 11
350.7475031244
 21
53.2270157638
 72
1
 10
350.7475031244
 20
53.2270157638
 11
349.7538310175
 21
53.1175295745
 72
1
 10
349.7538310175
 20
53.1175295745
 11
349.7077551589
 21
53.2408944055
 72
1
 10
349.7077551589
 20
53.2408944055
 11
350.661666794
 21
53.3469630137
 72
1
 10
350.661666794
 20
53.3469630137
 11
350.702463968
 21
53.2851120396
 97
1
330
4A6
 75
0
 76
1
 98
1
 10
0.0
 20
0.0
  0
LWPOLYLINE
  5
4A8
100
AcDbEntity
  8
0
100
AcDbPolyline
 62
7
  6
CONTINUOUS
 90
31
 70
0
 10
363.6703244642
 20
53.2001855928
 10
363.6851378881
 20
53.2220112352
 10
364.5612341761
 20
53.2220112352
 10
364.5443544729
 20
53.1447862248
 10
364.5156464776
 20
53.0590471211
 10
364.4745916623
 20
52.9668435124
 10
364.4206714987
 20
52.8702268995
 10
364.3533674588
 20
52.7712487837
 10
364.2721610144
 20
52.671960666
 10
361.4927294185
 20
52.5850098331
 10
361.3971448993
 20
52.6793449585
 10
361.3094884091
 20
52.7806970309
 10
362.8301376721
 20
52.8397906984
 10
362.8961133475
 20
52.8411280083
 10
362.9589483945
 20
52.845018978
 10
363.0187070729
 20
52.8512821675
 10
363.0754536419
 20
52.8597361367
 10
363.1292523611
 20
52.8701994457
 10
363.1924532416
 20
52.8858278033
 10
363.2512740191
 20
52.9039578791
 10
363.3058402003
 20
52.9242352981
 10
363.356277292
 20
52.9463056852
 10
363.402710801
 20
52.9698146653
 10
363.4452662341
 20
52.9944078634
 10
363.4840690982
 20
53.0197309045
 10
363.5192449
 20
53.0454294134
 10
363.5607207975
 20
53.0796656531
 10
363.596269205
 20
53.113099391
 10
363.6261876203
 20
53.144890627
 10
363.6507735408
 20
53.174199361
 10
363.6703244642
 20
53.2001855928
  0
HATCH
  5
4A9
100
AcDbEntity
  8
0
100
AcDbHatch
 62
7
  6
CONTINUOUS
 10
0.0
 20
0.0
 30
0.0
210
0.0
220
0.0
230
1.0
  2
SOLID
 70
1
 71
1
 91
1
 92
1
 93
30
 72
1
 10
363.6703244642
 20
53.2001855928
 11
363.6851378881
 21
53.2220112352
 72
1
 10
363.6851378881
 20
53.2220112352
 11
364.5612341761
 21
53.2220112352
 72
1
 10
364.5612341761
 20
53.2220112352
 11
364.5443544729
 21
53.1447862248
 72
1
 10
364.5443544729
 20
53.1447862248
 11
364.5156464776
 21
53.0590471211
 72
1
 10
364.5156464776
 20
53.0590471211
 11
364.4745916623
 21
52.9668435124
 72
1
 10
364.4745916623
 20
52.9668435124
 11
364.4206714987
 21
52.8702268995
 72
1
 10
364.4206714987
 20
52.8702268995
 11
364.3533674588
 21
52.7712487837
 72
1
 10
364.3533674588
 20
52.7712487837
 11
364.2721610144
 21
52.671960666
 72
1
 10
364.2721610144
 20
52.671960666
 11
361.4927294185
 21
52.5850098331
 72
1
 10
361.4927294185
 20
52.5850098331
 11
361.3971448993
 21
52.6793449585
 72
1
 10
361.3971448993
 20
52.6793449585
 11
361.3094884091
 21
52.7806970309
 72
1
 10
361.3094884091
 20
52.7806970309
 11
362.8301376721
 21
52.8397906984
 72
1
 10
362.8301376721
 20
52.8397906984
 11
362.8961133475
 21
52.8411280083
 72
1
 10
362.8961133475
 20
52.8411280083
 11
362.9589483945
 21
52.845018978
 72
1
 10
362.9589483945
 20
52.845018978
 11
363.0187070729
 21
52.8512821675
 72
1
 10
363.0187070729
 20
52.8512821675
 11
363.0754536419
 21
52.8597361367
 72
1
 10
363.0754536419
 20
52.8597361367
 11
363.1292523611
 21
52.8701994457
 72
1
 10
363.1292523611
 20
52.8701994457
 11
363.1924532416
 21
52.8858278033
 72
1
 10
363.1924532416
 20
52.8858278033
 11
363.2512740191
 21
52.9039578791
 72
1
 10
363.2512740191
 20
52.9039578791
 11
363.3058402003
 21
52.9242352981
 72
1
 10
363.3058402003
 20
52.9242352981
 11
363.356277292
 21
52.9463056852
 72
1
 10
363.356277292
 20
52.9463056852
 11
363.402710801
 21
52.9698146653
 72
1
 10
363.402710801
 20
52.9698146653
 11
363.4452662341
 21
52.9944078634
 72
1
 10
363.4452662341
 20
52.9944078634
 11
363.4840690982
 21
53.0197309045
 72
1
 10
363.4840690982
 20
53.0197309045
 11
363.5192449
 21
53.0454294134
 72
1
 10
363.5192449
 20
53.0454294134
 11
363.5607207975
 21
53.0796656531
 72
1
 10
363.5607207975
 20
53.0796656531
 11
363.596269205
 21
53.113099391
 72
1
 10
363.596269205
 20
53.113099391
 11
363.6261876203
 21
53.144890627
 72
1
 10
363.6261876203
 20
53.144890627
 11
363.6507735408
 21
53.174199361
 72
1
 10
363.6507735408
 20
53.174199361
 11
363.6703244642
 21
53.2001855928
 97
1
330
4A8
 75
0
 76
1
 98
1
 10
0.0
 20
0.0
  0
LWPOLYLINE
  5
4AA
100
AcDbEntity
  8
0
100
AcDbPolyline
 62
7
  6
CONTINUOUS
 90
6
 70
0
 10
362.0907923418
 20
53.1421658405
 10
362.1414429381
 20
53.0927639276
 10
361.1589500348
 20
53.0030824797
 10
361.0965634101
 20
53.1234310877
 10
362.043886483
 20
53.195212066
 10
362.0907923418
 20
53.1421658405
  0
HATCH
  5
4AB
100
AcDbEntity
  8
0
100
AcDbHatch
 62
7
  6
CONTINUOUS
 10
0.0
 20
0.0
 30
0.0
210
0.0
220
0.0
230
1.0
  2
SOLID
 70
1
 71
1
 91
1
 92
1
 93
5
 72
1
 10
362.0907923418
 20
53.1421658405
 11
362.1414429381
 21
53.0927639276
 72
1
 10
362.1414429381
 20
53.0927639276
 11
361.1589500348
 21
53.0030824797
 72
1
 10
361.1589500348
 20
53.0030824797
 11
361.0965634101
 21
53.1234310877
 72
1
 10
361.0965634101
 20
53.1234310877
 11
362.043886483
 21
53.195212066
 72
1
 10
362.043886483
 20
53.195212066
 11
362.0907923418
 21
53.1421658405
 97
1
330
4AA
 75
0
 76
1
 98
1
 10
0.0
 20
0.0
  0
LWPOLYLINE
  5
4AC
100
AcDbEntity
  8
0
100
AcDbPolyline
 62
7
  6
CONTINUOUS
 90
7
 70
0
 10
350.8498372688
 20
53.1229205276
 10
350.9068971995
 20
53.0773381771
 10
349.8071928608
 20
53.0007328094
 10
349.7538310175
 20
53.1175295745
 10
350.7475031244
 20
53.2270157638
 10
350.7966667342
 20
53.1728824915
 10
350.8498372688
 20
53.1229205276
  0
HATCH
  5
4AD
100
AcDbEntity
  8
0
100
AcDbHatch
 62
7
  6
CONTINUOUS
 10
0.0
 20
0.0
 30
0.0
210
0.0
220
0.0
230
1.0
  2
SOLID
 70
1
 71
1
 91
1
 92
1
 93
6
 72
1
 10
350.8498372688
 20
53.1229205276
 11
350.9068971995
 21
53.0773381771
 72
1
 10
350.9068971995
 20
53.0773381771
 11
349.8071928608
 21
53.0007328094
 72
1
 10
349.8071928608
 20
53.0007328094
 11
349.7538310175
 21
53.1175295745
 72
1
 10
349.7538310175
 20
53.1175295745
 11
350.7475031244
 21
53.2270157638
 72
1
 10
350.7475031244
 20
53.2270157638
 11
350.7966667342
 21
53.1728824915
 72
1
 10
350.7966667342
 20
53.1728824915
 11
350.8498372688
 21
53.1229205276
 97
1
330
4AC
 75
0
 76
1
 98
1
 10
0.0
 20
0.0
  0
LWPOLYLINE
  5
4AE
100
AcDbEntity
  8
0
100
AcDbPolyline
 62
7
  6
CONTINUOUS
 90
7
 70
0
 10
372.1231146157
 20
53.1251349394
 10
372.1811176587
 20
53.0792339775
 10
371.1212781041
 20
52.9967605799
 10
371.0567829578
 20
53.1172233847
 10
372.0188394057
 20
53.2297697751
 10
372.0689769169
 20
53.1753872146
 10
372.1231146157
 20
53.1251349394
  0
HATCH
  5
4AF
100
AcDbEntity
  8
0
100
AcDbHatch
 62
7
  6
CONTINUOUS
 10
0.0
 20
0.0
 30
0.0
210
0.0
220
0.0
230
1.0
  2
SOLID
 70
1
 71
1
 91
1
 92
1
 93
6
 72
1
 10
372.1231146157
 20
53.1251349394
 11
372.1811176587
 21
53.0792339775
 72
1
 10
372.1811176587
 20
53.0792339775
 11
371.1212781041
 21
52.9967605799
 72
1
 10
371.1212781041
 20
52.9967605799
 11
371.0567829578
 21
53.1172233847
 72
1
 10
371.0567829578
 20
53.1172233847
 11
372.0188394057
 21
53.2297697751
 72
1
 10
372.0188394057
 20
53.2297697751
 11
372.0689769169
 21
53.1753872146
 72
1
 10
372.0689769169
 20
53.1753872146
 11
372.1231146157
 21
53.1251349394
 97
1
330
4AE
 75
0
 76
1
 98
1
 10
0.0
 20
0.0
  0
LWPOLYLINE
  5
4B0
100
AcDbEntity
  8
0
100
AcDbPolyline
 62
7
  6
CONTINUOUS
 90
7
 70
0
 10
362.2535461289
 20
53.0056313795
 10
362.3147826161
 20
52.9682699144
 10
361.2300075777
 20
52.8887236661
 10
361.1589500348
 20
53.0030824797
 10
362.1414429381
 20
53.0927639276
 10
362.1957302184
 20
53.0471909122
 10
362.2535461289
 20
53.0056313795
  0
HATCH
  5
4B1
100
AcDbEntity
  8
0
100
AcDbHatch
 62
7
  6
CONTINUOUS
 10
0.0
 20
0.0
 30
0.0
210
0.0
220
0.0
230
1.0
  2
SOLID
 70
1
 71
1
 91
1
 92
1
 93
6
 72
1
 10
362.2535461289
 20
53.0056313795
 11
362.3147826161
 21
52.9682699144
 72
1
 10
362.3147826161
 20
52.9682699144
 11
361.2300075777
 21
52.8887236661
 72
1
 10
361.2300075777
 20
52.8887236661
 11
361.1589500348
 21
53.0030824797
 72
1
 10
361.1589500348
 20
53.0030824797
 11
362.1414429381
 21
53.0927639276
 72
1
 10
362.1414429381
 20
53.0927639276
 11
362.1957302184
 21
53.0471909122
 72
1
 10
362.1957302184
 20
53.0471909122
 11
362.2535461289
 21
53.0056313795
 97
1
330
4B0
 75
0
 76
1
 98
1
 10
0.0
 20
0.0
  0
LWPOLYLINE
  5
4B2
100
AcDbEntity
  8
0
100
AcDbPolyline
 62
7
  6
CONTINUOUS
 90
6
 70
0
 10
350.9677289975
 20
53.0363437452
 10
351.0322151341
 20
53.0001403292
 10
349.8675040751
 20
52.8906213858
 10
349.8071928608
 20
53.0007328094
 10
350.9068971995
 20
53.0773381771
 10
350.9677289975
 20
53.0363437452
  0
HATCH
  5
4B3
100
AcDbEntity
  8
0
100
AcDbHatch
 62
7
  6
CONTINUOUS
 10
0.0
 20
0.0
 30
0.0
210
0.0
220
0.0
230
1.0
  2
SOLID
 70
1
 71
1
 91
1
 92
1
 93
5
 72
1
 10
350.9677289975
 20
53.0363437452
 11
351.0322151341
 21
53.0001403292
 72
1
 10
351.0322151341
 20
53.0001403292
 11
349.8675040751
 21
52.8906213858
 72
1
 10
349.8675040751
 20
52.8906213858
 11
349.8071928608
 21
53.0007328094
 72
1
 10
349.8071928608
 20
53.0007328094
 11
350.9068971995
 21
53.0773381771
 72
1
 10
350.9068971995
 20
53.0773381771
 11
350.9677289975
 21
53.0363437452
 97
1
330
4B2
 75
0
 76
1
 98
1
 10
0.0
 20
0.0
  0
LWPOLYLINE
  5
4B4
100
AcDbEntity
  8
0
100
AcDbPolyline
 62
7
  6
CONTINUOUS
 90
7
 70
0
 10
372.3081804047
 20
53.0013701061
 10
372.3769704211
 20
52.9698492527
 10
371.1943804038
 20
52.8824740195
 10
371.1212781041
 20
52.9967605799
 10
372.1811176587
 20
53.0792339775
 10
372.2428512028
 20
53.0379053571
 10
372.3081804047
 20
53.0013701061
  0
HATCH
  5
4B5
100
AcDbEntity
  8
0
100
AcDbHatch
 62
7
  6
CONTINUOUS
 10
0.0
 20
0.0
 30
0.0
210
0.0
220
0.0
230
1.0
  2
SOLID
 70
1
 71
1
 91
1
 92
1
 93
6
 72
1
 10
372.3081804047
 20
53.0013701061
 11
372.3769704211
 21
52.9698492527
 72
1
 10
372.3769704211
 20
52.9698492527
 11
371.1943804038
 21
52.8824740195
 72
1
 10
371.1943804038
 20
52.8824740195
 11
371.1212781041
 21
52.9967605799
 72
1
 10
371.1212781041
 20
52.9967605799
 11
372.1811176587
 21
53.0792339775
 72
1
 10
372.1811176587
 20
53.0792339775
 11
372.2428512028
 21
53.0379053571
 72
1
 10
372.2428512028
 20
53.0379053571
 11
372.3081804047
 21
53.0013701061
 97
1
330
4B4
 75
0
 76
1
 98
1
 10
0.0
 20
0.0
  0
LWPOLYLINE
  5
4B6
100
AcDbEntity
  8
0
100
AcDbPolyline
 62
7
  6
CONTINUOUS
 90
26
 70
0
 10
351.4892914561
 20
52.8951962499
 10
351.570393688
 20
52.8982843721
 10
351.6487262358
 20
52.9074081328
 10
351.7241673796
 20
52.9223644347
 10
351.7965953994
 20
52.9429449727
 10
351.8658885751
 20
52.9689362341
 10
351.9319251869
 20
53.0001403292
 10
351.9945835148
 20
53.0363437452
 10
352.0537418388
 20
53.0773381771
 10
352.1092784388
 20
53.1229205276
 10
352.161071595
 20
53.1728824915
 10
352.2089995873
 20
53.2270157638
 10
352.2529406958
 20
53.2851120396
 10
352.2927732005
 20
53.3469630137
 10
352.3283753815
 20
53.4123655887
 10
352.3596255186
 20
53.481106252
 10
352.4418855841
 20
52.7492283784
 10
349.9344280466
 20
52.7873125795
 10
349.8675040751
 20
52.8906213858
 10
351.0322151341
 20
53.0001403292
 10
351.1002380806
 20
52.9689362341
 10
351.1716803083
 20
52.9429449727
 10
351.2464242884
 20
52.9223644347
 10
351.3243524922
 20
52.9074081328
 10
351.405347391
 20
52.8982843721
 10
351.4892914561
 20
52.8951962499
  0
HATCH
  5
4B7
100
AcDbEntity
  8
0
100
AcDbHatch
 62
7
  6
CONTINUOUS
 10
0.0
 20
0.0
 30
0.0
210
0.0
220
0.0
230
1.0
  2
SOLID
 70
1
 71
1
 91
1
 92
1
 93
25
 72
1
 10
351.4892914561
 20
52.8951962499
 11
351.570393688
 21
52.8982843721
 72
1
 10
351.570393688
 20
52.8982843721
 11
351.6487262358
 21
52.9074081328
 72
1
 10
351.6487262358
 20
52.9074081328
 11
351.7241673796
 21
52.9223644347
 72
1
 10
351.7241673796
 20
52.9223644347
 11
351.7965953994
 21
52.9429449727
 72
1
 10
351.7965953994
 20
52.9429449727
 11
351.8658885751
 21
52.9689362341
 72
1
 10
351.8658885751
 20
52.9689362341
 11
351.9319251869
 21
53.0001403292
 72
1
 10
351.9319251869
 20
53.0001403292
 11
351.9945835148
 21
53.0363437452
 72
1
 10
351.9945835148
 20
53.0363437452
 11
352.0537418388
 21
53.0773381771
 72
1
 10
352.0537418388
 20
53.0773381771
 11
352.1092784388
 21
53.1229205276
 72
1
 10
352.1092784388
 20
53.1229205276
 11
352.161071595
 21
53.1728824915
 72
1
 10
352.161071595
 20
53.1728824915
 11
352.2089995873
 21
53.2270157638
 72
1
 10
352.2089995873
 20
53.2270157638
 11
352.2529406958
 21
53.2851120396
 72
1
 10
352.2529406958
 20
53.2851120396
 11
352.2927732005
 21
53.3469630137
 72
1
 10
352.2927732005
 20
53.3469630137
 11
352.3283753815
 21
53.4123655887
 72
1
 10
352.3283753815
 20
53.4123655887
 11
352.3596255186
 21
53.481106252
 72
1
 10
352.3596255186
 20
53.481106252
 11
352.4418855841
 21
52.7492283784
 72
1
 10
352.4418855841
 20
52.7492283784
 11
349.9344280466
 21
52.7873125795
 72
1
 10
349.9344280466
 20
52.7873125795
 11
349.8675040751
 21
52.8906213858
 72
1
 10
349.8675040751
 20
52.8906213858
 11
351.0322151341
 21
53.0001403292
 72
1
 10
351.0322151341
 20
53.0001403292
 11
351.1002380806
 21
52.9689362341
 72
1
 10
351.1002380806
 20
52.9689362341
 11
351.1716803083
 21
52.9429449727
 72
1
 10
351.1716803083
 20
52.9429449727
 11
351.2464242884
 21
52.9223644347
 72
1
 10
351.2464242884
 20
52.9223644347
 11
351.3243524922
 21
52.9074081328
 72
1
 10
351.3243524922
 20
52.9074081328
 11
351.405347391
 21
52.8982843721
 72
1
 10
351.405347391
 20
52.8982843721
 11
351.4892914561
 21
52.8951962499
 97
1
330
4B6
 75
0
 76
1
 98
1
 10
0.0
 20
0.0
  0
LWPOLYLINE
  5
4B8
100
AcDbEntity
  8
0
100
AcDbPolyline
 62
7
  6
CONTINUOUS
 90
7
 70
0
 10
362.4470851063
 20
52.9068795276
 10
362.5179350021
 20
52.8832197759
 10
361.3094884091
 20
52.7806970309
 10
361.2300075777
 20
52.8887236661
 10
362.3147826161
 20
52.9682699144
 10
362.3793316265
 20
52.9352911021
 10
362.4470851063
 20
52.9068795276
  0
HATCH
  5
4B9
100
AcDbEntity
  8
0
100
AcDbHatch
 62
7
  6
CONTINUOUS
 10
0.0
 20
0.0
 30
0.0
210
0.0
220
0.0
230
1.0
  2
SOLID
 70
1
 71
1
 91
1
 92
1
 93
6
 72
1
 10
362.4470851063
 20
52.9068795276
 11
362.5179350021
 21
52.8832197759
 72
1
 10
362.5179350021
 20
52.8832197759
 11
361.3094884091
 21
52.7806970309
 72
1
 10
361.3094884091
 20
52.7806970309
 11
361.2300075777
 21
52.8887236661
 72
1
 10
361.2300075777
 20
52.8887236661
 11
362.3147826161
 21
52.9682699144
 72
1
 10
362.3147826161
 20
52.9682699144
 11
362.3793316265
 21
52.9352911021
 72
1
 10
362.3793316265
 20
52.9352911021
 11
362.4470851063
 21
52.9068795276
 97
1
330
4B8
 75
0
 76
1
 98
1
 10
0.0
 20
0.0
  0
LWPOLYLINE
  5
4BA
100
AcDbEntity
  8
0
100
AcDbPolyline
 62
7
  6
CONTINUOUS
 90
35
 70
0
 10
372.7681132081
 20
52.8951962499
 10
372.8512650623
 20
52.8982843721
 10
374.3335718371
 20
52.8824740195
 10
374.2520532523
 20
52.7746813688
 10
374.1626968391
 20
52.6737002929
 10
374.0658719457
 20
52.5798484569
 10
373.9619479204
 20
52.4934383186
 10
373.8512941114
 20
52.4147823354
 10
373.7342798668
 20
52.3441981725
 10
373.6112745349
 20
52.282003495
 10
373.4826474638
 20
52.2285107607
 10
373.3487680018
 20
52.1840376346
 10
373.210005497
 20
52.1488965743
 10
373.0667292977
 20
52.123405245
 10
372.919308752
 20
52.1078813118
 10
372.7681132081
 20
52.1026343944
 10
372.615087524
 20
52.1078813118
 10
372.4661019062
 20
52.123405245
 10
372.3215076691
 20
52.1488965743
 10
372.1816561272
 20
52.1840376346
 10
372.0468985948
 20
52.2285107607
 10
371.9175863864
 20
52.282003495
 10
371.7940708161
 20
52.3441981725
 10
371.6767031986
 20
52.4147823354
 10
371.565834848
 20
52.4934383186
 10
371.4618170789
 20
52.5798484569
 10
371.3650012056
 20
52.6737002929
 10
371.2757385424
 20
52.7746813688
 10
371.1943804038
 20
52.8824740195
 10
372.3769704211
 20
52.9698492527
 10
372.4490864089
 20
52.9435638248
 10
372.5243935247
 20
52.9227348506
 10
372.6027569253
 20
52.9075833581
 10
372.6840417676
 20
52.8983303753
 10
372.7681132081
 20
52.8951962499
  0
HATCH
  5
4BB
100
AcDbEntity
  8
0
100
AcDbHatch
 62
7
  6
CONTINUOUS
 10
0.0
 20
0.0
 30
0.0
210
0.0
220
0.0
230
1.0
  2
SOLID
 70
1
 71
1
 91
1
 92
1
 93
34
 72
1
 10
372.7681132081
 20
52.8951962499
 11
372.8512650623
 21
52.8982843721
 72
1
 10
372.8512650623
 20
52.8982843721
 11
374.3335718371
 21
52.8824740195
 72
1
 10
374.3335718371
 20
52.8824740195
 11
374.2520532523
 21
52.7746813688
 72
1
 10
374.2520532523
 20
52.7746813688
 11
374.1626968391
 21
52.6737002929
 72
1
 10
374.1626968391
 20
52.6737002929
 11
374.0658719457
 21
52.5798484569
 72
1
 10
374.0658719457
 20
52.5798484569
 11
373.9619479204
 21
52.4934383186
 72
1
 10
373.9619479204
 20
52.4934383186
 11
373.8512941114
 21
52.4147823354
 72
1
 10
373.8512941114
 20
52.4147823354
 11
373.7342798668
 21
52.3441981725
 72
1
 10
373.7342798668
 20
52.3441981725
 11
373.6112745349
 21
52.282003495
 72
1
 10
373.6112745349
 20
52.282003495
 11
373.4826474638
 21
52.2285107607
 72
1
 10
373.4826474638
 20
52.2285107607
 11
373.3487680018
 21
52.1840376346
 72
1
 10
373.3487680018
 20
52.1840376346
 11
373.210005497
 21
52.1488965743
 72
1
 10
373.210005497
 20
52.1488965743
 11
373.0667292977
 21
52.123405245
 72
1
 10
373.0667292977
 20
52.123405245
 11
372.919308752
 21
52.1078813118
 72
1
 10
372.919308752
 20
52.1078813118
 11
372.7681132081
 21
52.1026343944
 72
1
 10
372.7681132081
 20
52.1026343944
 11
372.615087524
 21
52.1078813118
 72
1
 10
372.615087524
 20
52.1078813118
 11
372.4661019062
 21
52.123405245
 72
1
 10
372.4661019062
 20
52.123405245
 11
372.3215076691
 21
52.1488965743
 72
1
 10
372.3215076691
 20
52.1488965743
 11
372.1816561272
 21
52.1840376346
 72
1
 10
372.1816561272
 20
52.1840376346
 11
372.0468985948
 21
52.2285107607
 72
1
 10
372.0468985948
 20
52.2285107607
 11
371.9175863864
 21
52.282003495
 72
1
 10
371.9175863864
 20
52.282003495
 11
371.7940708161
 21
52.3441981725
 72
1
 10
371.7940708161
 20
52.3441981725
 11
371.6767031986
 21
52.4147823354
 72
1
 10
371.6767031986
 20
52.4147823354
 11
371.565834848
 21
52.4934383186
 72
1
 10
371.565834848
 20
52.4934383186
 11
371.4618170789
 21
52.5798484569
 72
1
 10
371.4618170789
 20
52.5798484569
 11
371.3650012056
 21
52.6737002929
 72
1
 10
371.3650012056
 20
52.6737002929
 11
371.2757385424
 21
52.7746813688
 72
1
 10
371.2757385424
 20
52.7746813688
 11
371.1943804038
 21
52.8824740195
 72
1
 10
371.1943804038
 20
52.8824740195
 11
372.3769704211
 21
52.9698492527
 72
1
 10
372.3769704211
 20
52.9698492527
 11
372.4490864089
 21
52.9435638248
 72
1
 10
372.4490864089
 20
52.9435638248
 11
372.5243935247
 21
52.9227348506
 72
1
 10
372.5243935247
 20
52.9227348506
 11
372.6027569253
 21
52.9075833581
 72
1
 10
372.6027569253
 20
52.9075833581
 11
372.6840417676
 21
52.8983303753
 72
1
 10
372.6840417676
 20
52.8983303753
 11
372.7681132081
 21
52.8951962499
 97
1
330
4BA
 75
0
 76
1
 98
1
 10
0.0
 20
0.0
  0
LWPOLYLINE
  5
4BC
100
AcDbEntity
  8
0
100
AcDbPolyline
 62
7
  6
CONTINUOUS
 90
7
 70
0
 10
362.8301376721
 20
52.8397906984
 10
361.3094884091
 20
52.7806970309
 10
362.5179350021
 20
52.8832197759
 10
362.5917732601
 20
52.864496432
 10
362.6684918269
 20
52.8508940812
 10
362.7479826487
 20
52.8425973083
 10
362.8301376721
 20
52.8397906984
  0
HATCH
  5
4BD
100
AcDbEntity
  8
0
100
AcDbHatch
 62
7
  6
CONTINUOUS
 10
0.0
 20
0.0
 30
0.0
210
0.0
220
0.0
230
1.0
  2
SOLID
 70
1
 71
1
 91
1
 92
1
 93
6
 72
1
 10
362.8301376721
 20
52.8397906984
 11
361.3094884091
 21
52.7806970309
 72
1
 10
361.3094884091
 20
52.7806970309
 11
362.5179350021
 21
52.8832197759
 72
1
 10
362.5179350021
 20
52.8832197759
 11
362.5917732601
 21
52.864496432
 72
1
 10
362.5917732601
 20
52.864496432
 11
362.6684918269
 21
52.8508940812
 72
1
 10
362.6684918269
 20
52.8508940812
 11
362.7479826487
 21
52.8425973083
 72
1
 10
362.7479826487
 20
52.8425973083
 11
362.8301376721
 21
52.8397906984
 97
1
330
4BC
 75
0
 76
1
 98
1
 10
0.0
 20
0.0
  0
LWPOLYLINE
  5
4BE
100
AcDbEntity
  8
0
100
AcDbPolyline
 62
7
  6
CONTINUOUS
 90
8
 70
0
 10
352.4125543442
 20
52.6960469762
 10
352.3913565047
 20
52.6633438437
 10
350.0867678071
 20
52.6015719214
 10
350.0076281619
 20
52.6909236661
 10
349.9344280466
 20
52.7873125795
 10
352.4418855841
 20
52.7492283784
 10
352.4293608788
 20
52.7248819434
 10
352.4125543442
 20
52.6960469762
  0
HATCH
  5
4BF
100
AcDbEntity
  8
0
100
AcDbHatch
 62
7
  6
CONTINUOUS
 10
0.0
 20
0.0
 30
0.0
210
0.0
220
0.0
230
1.0
  2
SOLID
 70
1
 71
1
 91
1
 92
1
 93
7
 72
1
 10
352.4125543442
 20
52.6960469762
 11
352.3913565047
 21
52.6633438437
 72
1
 10
352.3913565047
 20
52.6633438437
 11
350.0867678071
 21
52.6015719214
 72
1
 10
350.0867678071
 20
52.6015719214
 11
350.0076281619
 21
52.6909236661
 72
1
 10
350.0076281619
 20
52.6909236661
 11
349.9344280466
 21
52.7873125795
 72
1
 10
349.9344280466
 20
52.7873125795
 11
352.4418855841
 21
52.7492283784
 72
1
 10
352.4418855841
 20
52.7492283784
 11
352.4293608788
 21
52.7248819434
 72
1
 10
352.4293608788
 20
52.7248819434
 11
352.4125543442
 21
52.6960469762
 97
1
330
4BE
 75
0
 76
1
 98
1
 10
0.0
 20
0.0
  0
LWPOLYLINE
  5
4C0
100
AcDbEntity
  8
0
100
AcDbPolyline
 62
7
  6
CONTINUOUS
 90
6
 70
0
 10
352.3656578841
 20
52.6273929125
 10
352.3242026242
 20
52.5754784455
 10
350.1802798257
 20
52.5115529006
 10
350.0867678071
 20
52.6015719214
 10
352.3913565047
 20
52.6633438437
 10
352.3656578841
 20
52.6273929125
  0
HATCH
  5
4C1
100
AcDbEntity
  8
0
100
AcDbHatch
 62
7
  6
CONTINUOUS
 10
0.0
 20
0.0
 30
0.0
210
0.0
220
0.0
230
1.0
  2
SOLID
 70
1
 71
1
 91
1
 92
1
 93
5
 72
1
 10
352.3656578841
 20
52.6273929125
 11
352.3242026242
 21
52.5754784455
 72
1
 10
352.3242026242
 20
52.5754784455
 11
350.1802798257
 21
52.5115529006
 72
1
 10
350.1802798257
 20
52.5115529006
 11
350.0867678071
 21
52.6015719214
 72
1
 10
350.0867678071
 20
52.6015719214
 11
352.3913565047
 21
52.6633438437
 72
1
 10
352.3913565047
 20
52.6633438437
 11
352.3656578841
 21
52.6273929125
 97
1
330
4C0
 75
0
 76
1
 98
1
 10
0.0
 20
0.0
  0
LWPOLYLINE
  5
4C2
100
AcDbEntity
  8
0
100
AcDbPolyline
 62
7
  6
CONTINUOUS
 90
18
 70
0
 10
364.2018208011
 20
52.5985252451
 10
364.1231500591
 20
52.5269348944
 10
364.0359300345
 20
52.458055091
 10
363.9399419731
 20
52.3927513119
 10
363.8349671208
 20
52.3318890341
 10
363.7207867238
 20
52.2763337346
 10
363.5971820278
 20
52.2269508904
 10
363.4639342788
 20
52.1846059785
 10
362.3630049709
 20
52.1498987463
 10
362.2188578803
 20
52.1855284843
 10
362.0809054106
 20
52.2305718589
 10
361.9493951918
 20
52.2846864859
 10
361.8245748535
 20
52.3475299811
 10
361.7066920253
 20
52.4187599601
 10
361.5959943371
 20
52.4980340389
 10
361.4927294185
 20
52.5850098331
 10
364.2721610144
 20
52.671960666
 10
364.2018208011
 20
52.5985252451
  0
HATCH
  5
4C3
100
AcDbEntity
  8
0
100
AcDbHatch
 62
7
  6
CONTINUOUS
 10
0.0
 20
0.0
 30
0.0
210
0.0
220
0.0
230
1.0
  2
SOLID
 70
1
 71
1
 91
1
 92
1
 93
17
 72
1
 10
364.2018208011
 20
52.5985252451
 11
364.1231500591
 21
52.5269348944
 72
1
 10
364.1231500591
 20
52.5269348944
 11
364.0359300345
 21
52.458055091
 72
1
 10
364.0359300345
 20
52.458055091
 11
363.9399419731
 21
52.3927513119
 72
1
 10
363.9399419731
 20
52.3927513119
 11
363.8349671208
 21
52.3318890341
 72
1
 10
363.8349671208
 20
52.3318890341
 11
363.7207867238
 21
52.2763337346
 72
1
 10
363.7207867238
 20
52.2763337346
 11
363.5971820278
 21
52.2269508904
 72
1
 10
363.5971820278
 20
52.2269508904
 11
363.4639342788
 21
52.1846059785
 72
1
 10
363.4639342788
 20
52.1846059785
 11
362.3630049709
 21
52.1498987463
 72
1
 10
362.3630049709
 20
52.1498987463
 11
362.2188578803
 21
52.1855284843
 72
1
 10
362.2188578803
 20
52.1855284843
 11
362.0809054106
 21
52.2305718589
 72
1
 10
362.0809054106
 20
52.2305718589
 11
361.9493951918
 21
52.2846864859
 72
1
 10
361.9493951918
 20
52.2846864859
 11
361.8245748535
 21
52.3475299811
 72
1
 10
361.8245748535
 20
52.3475299811
 11
361.7066920253
 21
52.4187599601
 72
1
 10
361.7066920253
 20
52.4187599601
 11
361.5959943371
 21
52.4980340389
 72
1
 10
361.5959943371
 20
52.4980340389
 11
361.4927294185
 21
52.5850098331
 72
1
 10
361.4927294185
 20
52.5850098331
 11
364.2721610144
 21
52.671960666
 72
1
 10
364.2721610144
 20
52.671960666
 11
364.2018208011
 21
52.5985252451
 97
1
330
4C2
 75
0
 76
1
 98
1
 10
0.0
 20
0.0
  0
LWPOLYLINE
  5
4C4
100
AcDbEntity
  8
0
100
AcDbPolyline
 62
7
  6
CONTINUOUS
 90
8
 70
0
 10
352.2742918535
 20
52.5203634877
 10
352.2156660735
 20
52.4635185383
 10
352.1658214091
 20
52.4206341162
 10
350.3858503183
 20
52.358109868
 10
350.2801233404
 20
52.4303468515
 10
350.1802798257
 20
52.5115529006
 10
352.3242026242
 20
52.5754784455
 10
352.2742918535
 20
52.5203634877
  0
HATCH
  5
4C5
100
AcDbEntity
  8
0
100
AcDbHatch
 62
7
  6
CONTINUOUS
 10
0.0
 20
0.0
 30
0.0
210
0.0
220
0.0
230
1.0
  2
SOLID
 70
1
 71
1
 91
1
 92
1
 93
7
 72
1
 10
352.2742918535
 20
52.5203634877
 11
352.2156660735
 21
52.4635185383
 72
1
 10
352.2156660735
 20
52.4635185383
 11
352.1658214091
 21
52.4206341162
 72
1
 10
352.1658214091
 20
52.4206341162
 11
350.3858503183
 21
52.358109868
 72
1
 10
350.3858503183
 20
52.358109868
 11
350.2801233404
 21
52.4303468515
 72
1
 10
350.2801233404
 20
52.4303468515
 11
350.1802798257
 21
52.5115529006
 72
1
 10
350.1802798257
 20
52.5115529006
 11
352.3242026242
 21
52.5754784455
 72
1
 10
352.3242026242
 20
52.5754784455
 11
352.2742918535
 21
52.5203634877
 97
1
330
4C4
 75
0
 76
1
 98
1
 10
0.0
 20
0.0
  0
LWPOLYLINE
  5
4C6
100
AcDbEntity
  8
0
100
AcDbPolyline
 62
7
  6
CONTINUOUS
 90
6
 70
0
 10
352.1108191081
 20
52.3782240964
 10
352.0505496947
 20
52.3369088456
 10
350.4970127268
 20
52.2949980441
 10
350.3858503183
 20
52.358109868
 10
352.1658214091
 20
52.4206341162
 10
352.1108191081
 20
52.3782240964
  0
HATCH
  5
4C7
100
AcDbEntity
  8
0
100
AcDbHatch
 62
7
  6
CONTINUOUS
 10
0.0
 20
0.0
 30
0.0
210
0.0
220
0.0
230
1.0
  2
SOLID
 70
1
 71
1
 91
1
 92
1
 93
5
 72
1
 10
352.1108191081
 20
52.3782240964
 11
352.0505496947
 21
52.3369088456
 72
1
 10
352.0505496947
 20
52.3369088456
 11
350.4970127268
 21
52.2949980441
 72
1
 10
350.4970127268
 20
52.2949980441
 11
350.3858503183
 21
52.358109868
 72
1
 10
350.3858503183
 20
52.358109868
 11
352.1658214091
 21
52.4206341162
 72
1
 10
352.1658214091
 20
52.4206341162
 11
352.1108191081
 21
52.3782240964
 97
1
330
4C6
 75
0
 76
1
 98
1
 10
0.0
 20
0.0
  0
LWPOLYLINE
  5
4C8
100
AcDbEntity
  8
0
100
AcDbPolyline
 62
7
  6
CONTINUOUS
 90
10
 70
0
 10
351.9849036929
 20
52.2973087305
 10
351.9137716267
 20
52.2600441181
 10
351.8370440203
 20
52.225735375
 10
351.7546113976
 20
52.1950028682
 10
350.8586322078
 20
52.1619744697
 10
350.7338517043
 20
52.196774251
 10
350.613162533
 20
52.2411674738
 10
350.4970127268
 20
52.2949980441
 10
352.0505496947
 20
52.3369088456
 10
351.9849036929
 20
52.2973087305
  0
HATCH
  5
4C9
100
AcDbEntity
  8
0
100
AcDbHatch
 62
7
  6
CONTINUOUS
 10
0.0
 20
0.0
 30
0.0
210
0.0
220
0.0
230
1.0
  2
SOLID
 70
1
 71
1
 91
1
 92
1
 93
9
 72
1
 10
351.9849036929
 20
52.2973087305
 11
351.9137716267
 21
52.2600441181
 72
1
 10
351.9137716267
 20
52.2600441181
 11
351.8370440203
 21
52.225735375
 72
1
 10
351.8370440203
 20
52.225735375
 11
351.7546113976
 21
52.1950028682
 72
1
 10
351.7546113976
 20
52.1950028682
 11
350.8586322078
 21
52.1619744697
 72
1
 10
350.8586322078
 20
52.1619744697
 11
350.7338517043
 21
52.196774251
 72
1
 10
350.7338517043
 20
52.196774251
 11
350.613162533
 21
52.2411674738
 72
1
 10
350.613162533
 20
52.2411674738
 11
350.4970127268
 21
52.2949980441
 72
1
 10
350.4970127268
 20
52.2949980441
 11
352.0505496947
 21
52.3369088456
 72
1
 10
352.0505496947
 20
52.3369088456
 11
351.9849036929
 21
52.2973087305
 97
1
330
4C8
 75
0
 76
1
 98
1
 10
0.0
 20
0.0
  0
LWPOLYLINE
  5
4CA
100
AcDbEntity
  8
0
100
AcDbPolyline
 62
7
  6
CONTINUOUS
 90
10
 70
0
 10
347.3768534161
 20
54.0424154289
 10
347.3768534161
 20
52.1931978487
 10
346.4937277681
 20
52.1931978487
 10
347.4415799565
 20
54.4304304351
 10
347.4213130926
 20
54.3749588029
 10
347.4049944507
 20
54.3158470401
 10
347.3925065965
 20
54.2530691086
 10
347.3837320956
 20
54.1865937626
 10
347.3785535136
 20
54.1163845487
 10
347.3768534161
 20
54.0424154289
  0
HATCH
  5
4CB
100
AcDbEntity
  8
0
100
AcDbHatch
 62
7
  6
CONTINUOUS
 10
0.0
 20
0.0
 30
0.0
210
0.0
220
0.0
230
1.0
  2
SOLID
 70
1
 71
1
 91
1
 92
1
 93
9
 72
1
 10
347.3768534161
 20
54.0424154289
 11
347.3768534161
 21
52.1931978487
 72
1
 10
347.3768534161
 20
52.1931978487
 11
346.4937277681
 21
52.1931978487
 72
1
 10
346.4937277681
 20
52.1931978487
 11
347.4415799565
 21
54.4304304351
 72
1
 10
347.4415799565
 20
54.4304304351
 11
347.4213130926
 21
54.3749588029
 72
1
 10
347.4213130926
 20
54.3749588029
 11
347.4049944507
 21
54.3158470401
 72
1
 10
347.4049944507
 20
54.3158470401
 11
347.3925065965
 21
54.2530691086
 72
1
 10
347.3925065965
 20
54.2530691086
 11
347.3837320956
 21
54.1865937626
 72
1
 10
347.3837320956
 20
54.1865937626
 11
347.3785535136
 21
54.1163845487
 72
1
 10
347.3785535136
 20
54.1163845487
 11
347.3768534161
 21
54.0424154289
 97
1
330
4CA
 75
0
 76
1
 98
1
 10
0.0
 20
0.0
  0
LWPOLYLINE
  5
4CC
100
AcDbEntity
  8
0
100
AcDbPolyline
 62
7
  6
CONTINUOUS
 90
13
 70
0
 10
355.1137616641
 20
54.0702606052
 10
355.1137616641
 20
52.1931978487
 10
354.2309176081
 20
52.1931978487
 10
354.2309176081
 20
55.7110742002
 10
355.1137616641
 20
55.7110742002
 10
355.1137616641
 20
55.120164877
 10
355.1936595738
 20
54.4907295367
 10
355.169660862
 20
54.4274048044
 10
355.1498024553
 20
54.3611898397
 10
355.134183843
 20
54.2922200409
 10
355.1229045142
 20
54.220646429
 10
355.1160639582
 20
54.1466148177
 10
355.1137616641
 20
54.0702606052
  0
HATCH
  5
4CD
100
AcDbEntity
  8
0
100
AcDbHatch
 62
7
  6
CONTINUOUS
 10
0.0
 20
0.0
 30
0.0
210
0.0
220
0.0
230
1.0
  2
SOLID
 70
1
 71
1
 91
1
 92
1
 93
12
 72
1
 10
355.1137616641
 20
54.0702606052
 11
355.1137616641
 21
52.1931978487
 72
1
 10
355.1137616641
 20
52.1931978487
 11
354.2309176081
 21
52.1931978487
 72
1
 10
354.2309176081
 20
52.1931978487
 11
354.2309176081
 21
55.7110742002
 72
1
 10
354.2309176081
 20
55.7110742002
 11
355.1137616641
 21
55.7110742002
 72
1
 10
355.1137616641
 20
55.7110742002
 11
355.1137616641
 21
55.120164877
 72
1
 10
355.1137616641
 20
55.120164877
 11
355.1936595738
 21
54.4907295367
 72
1
 10
355.1936595738
 20
54.4907295367
 11
355.169660862
 21
54.4274048044
 72
1
 10
355.169660862
 20
54.4274048044
 11
355.1498024553
 21
54.3611898397
 72
1
 10
355.1498024553
 20
54.3611898397
 11
355.134183843
 21
54.2922200409
 72
1
 10
355.134183843
 20
54.2922200409
 11
355.1229045142
 21
54.220646429
 72
1
 10
355.1229045142
 20
54.220646429
 11
355.1160639582
 21
54.1466148177
 72
1
 10
355.1160639582
 20
54.1466148177
 11
355.1137616641
 21
54.0702606052
 97
1
330
4CC
 75
0
 76
1
 98
1
 10
0.0
 20
0.0
  0
LWPOLYLINE
  5
4CE
100
AcDbEntity
  8
0
100
AcDbPolyline
 62
7
  6
CONTINUOUS
 90
10
 70
0
 10
376.1599837441
 20
54.0424154289
 10
376.1599837441
 20
52.1931978487
 10
375.2768603281
 20
52.1931978487
 10
376.2247112207
 20
54.4304304351
 10
376.2044441111
 20
54.3749588029
 10
376.1881252465
 20
54.3158470401
 10
376.1756372022
 20
54.2530691086
 10
376.1668625535
 20
54.1865937626
 10
376.1616838757
 20
54.1163845487
 10
376.1599837441
 20
54.0424154289
  0
HATCH
  5
4CF
100
AcDbEntity
  8
0
100
AcDbHatch
 62
7
  6
CONTINUOUS
 10
0.0
 20
0.0
 30
0.0
210
0.0
220
0.0
230
1.0
  2
SOLID
 70
1
 71
1
 91
1
 92
1
 93
9
 72
1
 10
376.1599837441
 20
54.0424154289
 11
376.1599837441
 21
52.1931978487
 72
1
 10
376.1599837441
 20
52.1931978487
 11
375.2768603281
 21
52.1931978487
 72
1
 10
375.2768603281
 20
52.1931978487
 11
376.2247112207
 21
54.4304304351
 72
1
 10
376.2247112207
 20
54.4304304351
 11
376.2044441111
 21
54.3749588029
 72
1
 10
376.2044441111
 20
54.3749588029
 11
376.1881252465
 21
54.3158470401
 72
1
 10
376.1881252465
 20
54.3158470401
 11
376.1756372022
 21
54.2530691086
 72
1
 10
376.1756372022
 20
54.2530691086
 11
376.1668625535
 21
54.1865937626
 72
1
 10
376.1668625535
 20
54.1865937626
 11
376.1616838757
 21
54.1163845487
 72
1
 10
376.1616838757
 20
54.1163845487
 11
376.1599837441
 21
54.0424154289
 97
1
330
4CE
 75
0
 76
1
 98
1
 10
0.0
 20
0.0
  0
SOLID
  5
4D0
100
AcDbEntity
  8
0
100
AcDbTrace
 62
7
  6
CONTINUOUS
 10
366.5339194801
 20
53.3471654824
 11
366.0678922081
 21
52.1653526725
 12
365.7202616641
 22
55.7110742002
 13
364.7538918481
 23
55.7110742002
  0
LWPOLYLINE
  5
4D1
100
AcDbEntity
  8
0
100
AcDbPolyline
 62
7
  6
CONTINUOUS
 90
8
 70
0
 10
351.6663642829
 20
52.1684669643
 10
351.5915065889
 20
52.1506766818
 10
351.5128015038
 20
52.1362868877
 10
351.1186750805
 20
52.1217796074
 10
350.9870560108
 20
52.1369242238
 10
350.8586322078
 20
52.1619744697
 10
351.7546113976
 20
52.1950028682
 10
351.6663642829
 20
52.1684669643
  0
HATCH
  5
4D2
100
AcDbEntity
  8
0
100
AcDbHatch
 62
7
  6
CONTINUOUS
 10
0.0
 20
0.0
 30
0.0
210
0.0
220
0.0
230
1.0
  2
SOLID
 70
1
 71
1
 91
1
 92
1
 93
7
 72
1
 10
351.6663642829
 20
52.1684669643
 11
351.5915065889
 21
52.1506766818
 72
1
 10
351.5915065889
 20
52.1506766818
 11
351.5128015038
 21
52.1362868877
 72
1
 10
351.5128015038
 20
52.1362868877
 11
351.1186750805
 21
52.1217796074
 72
1
 10
351.1186750805
 20
52.1217796074
 11
350.9870560108
 21
52.1369242238
 72
1
 10
350.9870560108
 20
52.1369242238
 11
350.8586322078
 21
52.1619744697
 72
1
 10
350.8586322078
 20
52.1619744697
 11
351.7546113976
 21
52.1950028682
 72
1
 10
351.7546113976
 20
52.1950028682
 11
351.6663642829
 21
52.1684669643
 97
1
330
4D1
 75
0
 76
1
 98
1
 10
0.0
 20
0.0
  0
LWPOLYLINE
  5
4D3
100
AcDbEntity
  8
0
100
AcDbPolyline
 62
7
  6
CONTINUOUS
 90
10
 70
0
 10
363.3502460788
 20
52.1563789609
 10
363.2301343202
 20
52.1336532494
 10
363.1034870009
 20
52.1168719683
 10
362.9701921189
 20
52.1064782419
 10
362.8301376721
 20
52.1029151944
 10
362.6688924966
 20
52.1082497171
 10
362.5130990529
 20
52.1240250292
 10
362.3630049709
 20
52.1498987463
 10
363.4639342788
 20
52.1846059785
 10
363.3502460788
 20
52.1563789609
  0
HATCH
  5
4D4
100
AcDbEntity
  8
0
100
AcDbHatch
 62
7
  6
CONTINUOUS
 10
0.0
 20
0.0
 30
0.0
210
0.0
220
0.0
230
1.0
  2
SOLID
 70
1
 71
1
 91
1
 92
1
 93
9
 72
1
 10
363.3502460788
 20
52.1563789609
 11
363.2301343202
 21
52.1336532494
 72
1
 10
363.2301343202
 20
52.1336532494
 11
363.1034870009
 21
52.1168719683
 72
1
 10
363.1034870009
 20
52.1168719683
 11
362.9701921189
 21
52.1064782419
 72
1
 10
362.9701921189
 20
52.1064782419
 11
362.8301376721
 21
52.1029151944
 72
1
 10
362.8301376721
 20
52.1029151944
 11
362.6688924966
 21
52.1082497171
 72
1
 10
362.6688924966
 20
52.1082497171
 11
362.5130990529
 21
52.1240250292
 72
1
 10
362.5130990529
 20
52.1240250292
 11
362.3630049709
 21
52.1498987463
 72
1
 10
362.3630049709
 20
52.1498987463
 11
363.4639342788
 21
52.1846059785
 72
1
 10
363.4639342788
 20
52.1846059785
 11
363.3502460788
 21
52.1563789609
 97
1
330
4D3
 75
0
 76
1
 98
1
 10
0.0
 20
0.0
  0
LWPOLYLINE
  5
4D5
100
AcDbEntity
  8
0
100
AcDbPolyline
 62
7
  6
CONTINUOUS
 90
6
 70
0
 10
351.4301929757
 20
52.12561521
 10
351.343624953
 20
52.1189792763
 10
351.2530413841
 20
52.1166967144
 10
351.1186750805
 20
52.1217796074
 10
351.5128015038
 20
52.1362868877
 10
351.4301929757
 20
52.12561521
  0
HATCH
  5
4D6
100
AcDbEntity
  8
0
100
AcDbHatch
 62
7
  6
CONTINUOUS
 10
0.0
 20
0.0
 30
0.0
210
0.0
220
0.0
230
1.0
  2
SOLID
 70
1
 71
1
 91
1
 92
1
 93
5
 72
1
 10
351.4301929757
 20
52.12561521
 11
351.343624953
 21
52.1189792763
 72
1
 10
351.343624953
 20
52.1189792763
 11
351.2530413841
 21
52.1166967144
 72
1
 10
351.2530413841
 20
52.1166967144
 11
351.1186750805
 21
52.1217796074
 72
1
 10
351.1186750805
 20
52.1217796074
 11
351.5128015038
 21
52.1362868877
 72
1
 10
351.5128015038
 20
52.1362868877
 11
351.4301929757
 21
52.12561521
 97
1
330
4D5
 75
0
 76
1
 98
1
 10
0.0
 20
0.0
  0
LWPOLYLINE
  5
4D7
100
AcDbEntity
  8
0
100
AcDbPolyline
 62
7
  6
CONTINUOUS
 90
16
 70
0
 10
337.4208252734
 20
57.6750733435
 10
337.4427831498
 20
57.6760233842
 10
337.4647305164
 20
57.6756845162
 10
337.486609375
 20
57.6740506882
 10
337.5083617273
 20
57.6711340028
 10
337.5299295748
 20
57.6669223574
 10
337.5512549193
 20
57.6614339057
 10
337.5722797624
 20
57.6546565453
 10
337.5929461058
 20
57.6466023787
 10
337.1957236653
 20
57.6030275822
 10
337.3129081881
 20
57.6508442801
 10
337.3340486379
 20
57.6582872741
 10
337.3554685696
 20
57.6644353082
 10
337.377109985
 20
57.6692762799
 10
337.3989148858
 20
57.6728222916
 10
337.4208252734
 20
57.6750733435
  0
HATCH
  5
4D8
100
AcDbEntity
  8
0
100
AcDbHatch
 62
7
  6
CONTINUOUS
 10
0.0
 20
0.0
 30
0.0
210
0.0
220
0.0
230
1.0
  2
SOLID
 70
1
 71
1
 91
1
 92
1
 93
15
 72
1
 10
337.4208252734
 20
57.6750733435
 11
337.4427831498
 21
57.6760233842
 72
1
 10
337.4427831498
 20
57.6760233842
 11
337.4647305164
 21
57.6756845162
 72
1
 10
337.4647305164
 20
57.6756845162
 11
337.486609375
 21
57.6740506882
 72
1
 10
337.486609375
 20
57.6740506882
 11
337.5083617273
 21
57.6711340028
 72
1
 10
337.5083617273
 20
57.6711340028
 11
337.5299295748
 21
57.6669223574
 72
1
 10
337.5299295748
 20
57.6669223574
 11
337.5512549193
 21
57.6614339057
 72
1
 10
337.5512549193
 20
57.6614339057
 11
337.5722797624
 21
57.6546565453
 72
1
 10
337.5722797624
 20
57.6546565453
 11
337.5929461058
 21
57.6466023787
 72
1
 10
337.5929461058
 20
57.6466023787
 11
337.1957236653
 21
57.6030275822
 72
1
 10
337.1957236653
 20
57.6030275822
 11
337.3129081881
 21
57.6508442801
 72
1
 10
337.3129081881
 20
57.6508442801
 11
337.3340486379
 21
57.6582872741
 72
1
 10
337.3340486379
 20
57.6582872741
 11
337.3554685696
 21
57.6644353082
 72
1
 10
337.3554685696
 20
57.6644353082
 11
337.377109985
 21
57.6692762799
 72
1
 10
337.377109985
 20
57.6692762799
 11
337.3989148858
 21
57.6728222916
 72
1
 10
337.3989148858
 20
57.6728222916
 11
337.4208252734
 21
57.6750733435
 97
1
330
4D7
 75
0
 76
1
 98
1
 10
0.0
 20
0.0
  0
LWPOLYLINE
  5
4D9
100
AcDbEntity
  8
0
100
AcDbPolyline
 62
7
  6
CONTINUOUS
 90
19
 70
0
 10
339.4946462605
 20
57.6760233842
 10
339.5165964894
 20
57.6750733435
 10
339.5385017206
 20
57.6728222916
 10
339.5603034545
 20
57.6692762799
 10
339.5819431914
 20
57.6644353082
 10
339.6033624318
 20
57.6582872741
 10
339.6245026761
 20
57.6508442801
 10
339.741687985
 20
57.6030275822
 10
338.8285655001
 20
57.3521563263
 10
339.3047217321
 20
57.6266515241
 10
339.3244444596
 20
57.6372653545
 10
339.3446486856
 20
57.6466023787
 10
339.3652759105
 20
57.6546565453
 10
339.3862676348
 20
57.6614339057
 10
339.4075653588
 20
57.6669223574
 10
339.4291105829
 20
57.6711340028
 10
339.4508448077
 20
57.6740506882
 10
339.4727095334
 20
57.6756845162
 10
339.4946462605
 20
57.6760233842
  0
HATCH
  5
4DA
100
AcDbEntity
  8
0
100
AcDbHatch
 62
7
  6
CONTINUOUS
 10
0.0
 20
0.0
 30
0.0
210
0.0
220
0.0
230
1.0
  2
SOLID
 70
1
 71
1
 91
1
 92
1
 93
18
 72
1
 10
339.4946462605
 20
57.6760233842
 11
339.5165964894
 21
57.6750733435
 72
1
 10
339.5165964894
 20
57.6750733435
 11
339.5385017206
 21
57.6728222916
 72
1
 10
339.5385017206
 20
57.6728222916
 11
339.5603034545
 21
57.6692762799
 72
1
 10
339.5603034545
 20
57.6692762799
 11
339.5819431914
 21
57.6644353082
 72
1
 10
339.5819431914
 20
57.6644353082
 11
339.6033624318
 21
57.6582872741
 72
1
 10
339.6033624318
 20
57.6582872741
 11
339.6245026761
 21
57.6508442801
 72
1
 10
339.6245026761
 20
57.6508442801
 11
339.741687985
 21
57.6030275822
 72
1
 10
339.741687985
 20
57.6030275822
 11
338.8285655001
 21
57.3521563263
 72
1
 10
338.8285655001
 20
57.3521563263
 11
339.3047217321
 21
57.6266515241
 72
1
 10
339.3047217321
 20
57.6266515241
 11
339.3244444596
 21
57.6372653545
 72
1
 10
339.3244444596
 20
57.6372653545
 11
339.3446486856
 21
57.6466023787
 72
1
 10
339.3446486856
 20
57.6466023787
 11
339.3652759105
 21
57.6546565453
 72
1
 10
339.3652759105
 20
57.6546565453
 11
339.3862676348
 21
57.6614339057
 72
1
 10
339.3862676348
 20
57.6614339057
 11
339.4075653588
 21
57.6669223574
 72
1
 10
339.4075653588
 20
57.6669223574
 11
339.4291105829
 21
57.6711340028
 72
1
 10
339.4291105829
 20
57.6711340028
 11
339.4508448077
 21
57.6740506882
 72
1
 10
339.4508448077
 20
57.6740506882
 11
339.4727095334
 21
57.6756845162
 72
1
 10
339.4727095334
 20
57.6756845162
 11
339.4946462605
 21
57.6760233842
 97
1
330
4D9
 75
0
 76
1
 98
1
 10
0.0
 20
0.0
  0
LWPOLYLINE
  5
4DB
100
AcDbEntity
  8
0
100
AcDbPolyline
 62
7
  6
CONTINUOUS
 90
11
 70
0
 10
337.6329713001
 20
57.6266515241
 10
338.1088460841
 20
57.3521563263
 10
336.6475060874
 20
57.2996317833
 10
336.7517707305
 20
57.3685369643
 10
336.8588302701
 20
57.4334362411
 10
336.968579246
 20
57.494220692
 10
337.0809121979
 20
57.5507874463
 10
337.1957236653
 20
57.6030275822
 10
337.5929461058
 20
57.6466023787
 10
337.6131959511
 20
57.6372653545
 10
337.6329713001
 20
57.6266515241
  0
HATCH
  5
4DC
100
AcDbEntity
  8
0
100
AcDbHatch
 62
7
  6
CONTINUOUS
 10
0.0
 20
0.0
 30
0.0
210
0.0
220
0.0
230
1.0
  2
SOLID
 70
1
 71
1
 91
1
 92
1
 93
10
 72
1
 10
337.6329713001
 20
57.6266515241
 11
338.1088460841
 21
57.3521563263
 72
1
 10
338.1088460841
 20
57.3521563263
 11
336.6475060874
 21
57.2996317833
 72
1
 10
336.6475060874
 20
57.2996317833
 11
336.7517707305
 21
57.3685369643
 72
1
 10
336.7517707305
 20
57.3685369643
 11
336.8588302701
 21
57.4334362411
 72
1
 10
336.8588302701
 20
57.4334362411
 11
336.968579246
 21
57.494220692
 72
1
 10
336.968579246
 20
57.494220692
 11
337.0809121979
 21
57.5507874463
 72
1
 10
337.0809121979
 20
57.5507874463
 11
337.1957236653
 21
57.6030275822
 72
1
 10
337.1957236653
 20
57.6030275822
 11
337.5929461058
 21
57.6466023787
 72
1
 10
337.5929461058
 20
57.6466023787
 11
337.6131959511
 21
57.6372653545
 72
1
 10
337.6131959511
 20
57.6372653545
 11
337.6329713001
 21
57.6266515241
 97
1
330
4DB
 75
0
 76
1
 98
1
 10
0.0
 20
0.0
  0
LWPOLYLINE
  5
4DD
100
AcDbEntity
  8
0
100
AcDbPolyline
 62
7
  6
CONTINUOUS
 90
17
 70
0
 10
340.1857093705
 20
57.3685369643
 10
340.2900239481
 20
57.2996317833
 10
340.3914578957
 20
57.226823569
 10
338.4687057921
 20
57.2555443104
 10
338.5152715367
 20
57.2570554372
 10
338.5616864926
 20
57.2615817458
 10
338.6077998711
 20
57.2691276104
 10
338.6534608836
 20
57.2796990824
 10
338.6985187415
 20
57.2932840592
 10
338.7428226559
 20
57.3098885921
 10
338.7862218384
 20
57.3295126811
 10
338.8285655001
 20
57.3521563263
 10
339.741687985
 20
57.6030275822
 10
339.8565034701
 20
57.5507874463
 10
339.9688469702
 20
57.494220692
 10
340.0786163241
 20
57.4334362411
 10
340.1857093705
 20
57.3685369643
  0
HATCH
  5
4DE
100
AcDbEntity
  8
0
100
AcDbHatch
 62
7
  6
CONTINUOUS
 10
0.0
 20
0.0
 30
0.0
210
0.0
220
0.0
230
1.0
  2
SOLID
 70
1
 71
1
 91
1
 92
1
 93
16
 72
1
 10
340.1857093705
 20
57.3685369643
 11
340.2900239481
 21
57.2996317833
 72
1
 10
340.2900239481
 20
57.2996317833
 11
340.3914578957
 21
57.226823569
 72
1
 10
340.3914578957
 20
57.226823569
 11
338.4687057921
 21
57.2555443104
 72
1
 10
338.4687057921
 20
57.2555443104
 11
338.5152715367
 21
57.2570554372
 72
1
 10
338.5152715367
 20
57.2570554372
 11
338.5616864926
 21
57.2615817458
 72
1
 10
338.5616864926
 20
57.2615817458
 11
338.6077998711
 21
57.2691276104
 72
1
 10
338.6077998711
 20
57.2691276104
 11
338.6534608836
 21
57.2796990824
 72
1
 10
338.6534608836
 20
57.2796990824
 11
338.6985187415
 21
57.2932840592
 72
1
 10
338.6985187415
 20
57.2932840592
 11
338.7428226559
 21
57.3098885921
 72
1
 10
338.7428226559
 20
57.3098885921
 11
338.7862218384
 21
57.3295126811
 72
1
 10
338.7862218384
 20
57.3295126811
 11
338.8285655001
 21
57.3521563263
 72
1
 10
338.8285655001
 20
57.3521563263
 11
339.741687985
 21
57.6030275822
 72
1
 10
339.741687985
 20
57.6030275822
 11
339.8565034701
 21
57.5507874463
 72
1
 10
339.8565034701
 20
57.5507874463
 11
339.9688469702
 21
57.494220692
 72
1
 10
339.9688469702
 20
57.494220692
 11
340.0786163241
 21
57.4334362411
 72
1
 10
340.0786163241
 20
57.4334362411
 11
340.1857093705
 21
57.3685369643
 97
1
330
4DD
 75
0
 76
1
 98
1
 10
0.0
 20
0.0
  0
LWPOLYLINE
  5
4DF
100
AcDbEntity
  8
0
100
AcDbPolyline
 62
7
  6
CONTINUOUS
 90
7
 70
0
 10
338.1945889283
 20
57.3098885921
 10
338.2388928428
 20
57.2932840592
 10
336.5461418011
 20
57.226823569
 10
336.6475060874
 20
57.2996317833
 10
338.1088460841
 20
57.3521563263
 10
338.1511897459
 20
57.3295126811
 10
338.1945889283
 20
57.3098885921
  0
HATCH
  5
4E0
100
AcDbEntity
  8
0
100
AcDbHatch
 62
7
  6
CONTINUOUS
 10
0.0
 20
0.0
 30
0.0
210
0.0
220
0.0
230
1.0
  2
SOLID
 70
1
 71
1
 91
1
 92
1
 93
6
 72
1
 10
338.1945889283
 20
57.3098885921
 11
338.2388928428
 21
57.2932840592
 72
1
 10
338.2388928428
 20
57.2932840592
 11
336.5461418011
 21
57.226823569
 72
1
 10
336.5461418011
 20
57.226823569
 11
336.6475060874
 21
57.2996317833
 72
1
 10
336.6475060874
 20
57.2996317833
 11
338.1088460841
 21
57.3521563263
 72
1
 10
338.1088460841
 20
57.3521563263
 11
338.1511897459
 21
57.3295126811
 72
1
 10
338.1511897459
 20
57.3295126811
 11
338.1945889283
 21
57.3098885921
 97
1
330
4DF
 75
0
 76
1
 98
1
 10
0.0
 20
0.0
  0
LWPOLYLINE
  5
4E1
100
AcDbEntity
  8
0
100
AcDbPolyline
 62
7
  6
CONTINUOUS
 90
43
 70
0
 10
338.4687057921
 20
57.2555443104
 10
340.3914578957
 20
57.226823569
 10
340.4899090521
 20
57.1502151918
 10
340.5068620881
 20
57.1356922767
 10
340.5228281237
 20
57.1202677307
 10
340.5377801587
 20
57.104008117
 10
340.5516911927
 20
57.0869497429
 10
340.5645342254
 20
57.0691531207
 10
340.5762822566
 20
57.05066666
 10
340.5869082858
 20
57.0315387706
 10
340.5963853128
 20
57.0118299646
 10
340.6046863372
 20
56.9915765492
 10
340.6117843588
 20
56.9708390367
 10
340.6176523771
 20
56.949671888
 10
340.622263392
 20
56.9281114103
 10
340.6255904029
 20
56.906224167
 10
340.6276064098
 20
56.8840525166
 10
340.6282844121
 20
56.86165092
 10
338.1834804453
 20
56.5608631947
 10
336.3091271001
 20
56.3129328291
 10
336.3091271001
 20
56.86165092
 10
336.3098051857
 20
56.8840525166
 10
336.3118217751
 20
56.906224167
 10
336.3151503673
 20
56.9281114103
 10
336.3197644613
 20
56.949671888
 10
336.3256375561
 20
56.9708390367
 10
336.3327431508
 20
56.9915765492
 10
336.3410547443
 20
57.0118299646
 10
336.3505458357
 20
57.0315387706
 10
336.361189924
 20
57.05066666
 10
336.3729605081
 20
57.0691531207
 10
336.3858310871
 20
57.0869497429
 10
336.39977516
 20
57.104008117
 10
336.4147662258
 20
57.1202677307
 10
336.4307777835
 20
57.1356922767
 10
336.4477833321
 20
57.1502151918
 10
336.5461418011
 20
57.226823569
 10
338.2388928428
 20
57.2932840592
 10
338.2839507006
 20
57.2796990824
 10
338.3296117131
 20
57.2691276104
 10
338.3757250917
 20
57.2615817458
 10
338.4221400476
 20
57.2570554372
 10
338.4687057921
 20
57.2555443104
  0
HATCH
  5
4E2
100
AcDbEntity
  8
0
100
AcDbHatch
 62
7
  6
CONTINUOUS
 10
0.0
 20
0.0
 30
0.0
210
0.0
220
0.0
230
1.0
  2
SOLID
 70
1
 71
1
 91
1
 92
1
 93
42
 72
1
 10
338.4687057921
 20
57.2555443104
 11
340.3914578957
 21
57.226823569
 72
1
 10
340.3914578957
 20
57.226823569
 11
340.4899090521
 21
57.1502151918
 72
1
 10
340.4899090521
 20
57.1502151918
 11
340.5068620881
 21
57.1356922767
 72
1
 10
340.5068620881
 20
57.1356922767
 11
340.5228281237
 21
57.1202677307
 72
1
 10
340.5228281237
 20
57.1202677307
 11
340.5377801587
 21
57.104008117
 72
1
 10
340.5377801587
 20
57.104008117
 11
340.5516911927
 21
57.0869497429
 72
1
 10
340.5516911927
 20
57.0869497429
 11
340.5645342254
 21
57.0691531207
 72
1
 10
340.5645342254
 20
57.0691531207
 11
340.5762822566
 21
57.05066666
 72
1
 10
340.5762822566
 20
57.05066666
 11
340.5869082858
 21
57.0315387706
 72
1
 10
340.5869082858
 20
57.0315387706
 11
340.5963853128
 21
57.0118299646
 72
1
 10
340.5963853128
 20
57.0118299646
 11
340.6046863372
 21
56.9915765492
 72
1
 10
340.6046863372
 20
56.9915765492
 11
340.6117843588
 21
56.9708390367
 72
1
 10
340.6117843588
 20
56.9708390367
 11
340.6176523771
 21
56.949671888
 72
1
 10
340.6176523771
 20
56.949671888
 11
340.622263392
 21
56.9281114103
 72
1
 10
340.622263392
 20
56.9281114103
 11
340.6255904029
 21
56.906224167
 72
1
 10
340.6255904029
 20
56.906224167
 11
340.6276064098
 21
56.8840525166
 72
1
 10
340.6276064098
 20
56.8840525166
 11
340.6282844121
 21
56.86165092
 72
1
 10
340.6282844121
 20
56.86165092
 11
338.1834804453
 21
56.5608631947
 72
1
 10
338.1834804453
 20
56.5608631947
 11
336.3091271001
 21
56.3129328291
 72
1
 10
336.3091271001
 20
56.3129328291
 11
336.3091271001
 21
56.86165092
 72
1
 10
336.3091271001
 20
56.86165092
 11
336.3098051857
 21
56.8840525166
 72
1
 10
336.3098051857
 20
56.8840525166
 11
336.3118217751
 21
56.906224167
 72
1
 10
336.3118217751
 20
56.906224167
 11
336.3151503673
 21
56.9281114103
 72
1
 10
336.3151503673
 20
56.9281114103
 11
336.3197644613
 21
56.949671888
 72
1
 10
336.3197644613
 20
56.949671888
 11
336.3256375561
 21
56.9708390367
 72
1
 10
336.3256375561
 20
56.9708390367
 11
336.3327431508
 21
56.9915765492
 72
1
 10
336.3327431508
 20
56.9915765492
 11
336.3410547443
 21
57.0118299646
 72
1
 10
336.3410547443
 20
57.0118299646
 11
336.3505458357
 21
57.0315387706
 72
1
 10
336.3505458357
 20
57.0315387706
 11
336.361189924
 21
57.05066666
 72
1
 10
336.361189924
 20
57.05066666
 11
336.3729605081
 21
57.0691531207
 72
1
 10
336.3729605081
 20
57.0691531207
 11
336.3858310871
 21
57.0869497429
 72
1
 10
336.3858310871
 20
57.0869497429
 11
336.39977516
 21
57.104008117
 72
1
 10
336.39977516
 20
57.104008117
 11
336.4147662258
 21
57.1202677307
 72
1
 10
336.4147662258
 20
57.1202677307
 11
336.4307777835
 21
57.1356922767
 72
1
 10
336.4307777835
 20
57.1356922767
 11
336.4477833321
 21
57.1502151918
 72
1
 10
336.4477833321
 20
57.1502151918
 11
336.5461418011
 21
57.226823569
 72
1
 10
336.5461418011
 20
57.226823569
 11
338.2388928428
 21
57.2932840592
 72
1
 10
338.2388928428
 20
57.2932840592
 11
338.2839507006
 21
57.2796990824
 72
1
 10
338.2839507006
 20
57.2796990824
 11
338.3296117131
 21
57.2691276104
 72
1
 10
338.3296117131
 20
57.2691276104
 11
338.3757250917
 21
57.2615817458
 72
1
 10
338.3757250917
 20
57.2615817458
 11
338.4221400476
 21
57.2570554372
 72
1
 10
338.4221400476
 20
57.2570554372
 11
338.4687057921
 21
57.2555443104
 97
1
330
4E1
 75
0
 76
1
 98
1
 10
0.0
 20
0.0
  0
LWPOLYLINE
  5
4E3
100
AcDbEntity
  8
0
100
AcDbPolyline
 62
7
  6
CONTINUOUS
 90
34
 70
0
 10
337.5334330035
 20
56.340502163
 10
337.4172759781
 20
56.2706227365
 10
337.3066084003
 20
56.1930038065
 10
337.2018039673
 20
56.1080326507
 10
337.1032363761
 20
56.0160723421
 10
337.0112793239
 20
55.9175101583
 10
336.9263065078
 20
55.812703121
 10
336.8486916249
 20
55.7020324567
 10
336.7788083724
 20
55.585879392
 10
335.4738145641
 20
55.4149023228
 10
335.9491270281
 20
55.6896819277
 10
335.9875377758
 20
55.7134389963
 10
336.0241102387
 20
55.7393563485
 10
336.0587812168
 20
55.7673311137
 10
336.0914875104
 20
55.7972543701
 10
336.1221659196
 20
55.8290050932
 10
336.1507532445
 20
55.8624864637
 10
336.1771862853
 20
55.8975835085
 10
336.2014018421
 20
55.9341752034
 10
336.2233367152
 20
55.9721647288
 10
336.2429277045
 20
56.0114371117
 10
336.2601116104
 20
56.051877379
 10
336.2748252329
 20
56.0933826601
 10
336.2870053721
 20
56.1358319307
 10
336.2965888284
 20
56.1791283713
 10
336.3035124017
 20
56.2231449065
 10
336.3077128922
 20
56.2677847168
 10
336.3091271001
 20
56.3129328291
 10
338.1834804453
 20
56.5608631947
 10
338.0454816387
 20
56.5352484032
 10
337.9111037941
 20
56.5000242829
 10
337.7807206086
 20
56.4555781115
 10
337.6547057793
 20
56.4022790131
 10
337.5334330035
 20
56.340502163
  0
HATCH
  5
4E4
100
AcDbEntity
  8
0
100
AcDbHatch
 62
7
  6
CONTINUOUS
 10
0.0
 20
0.0
 30
0.0
210
0.0
220
0.0
230
1.0
  2
SOLID
 70
1
 71
1
 91
1
 92
1
 93
33
 72
1
 10
337.5334330035
 20
56.340502163
 11
337.4172759781
 21
56.2706227365
 72
1
 10
337.4172759781
 20
56.2706227365
 11
337.3066084003
 21
56.1930038065
 72
1
 10
337.3066084003
 20
56.1930038065
 11
337.2018039673
 21
56.1080326507
 72
1
 10
337.2018039673
 20
56.1080326507
 11
337.1032363761
 21
56.0160723421
 72
1
 10
337.1032363761
 20
56.0160723421
 11
337.0112793239
 21
55.9175101583
 72
1
 10
337.0112793239
 20
55.9175101583
 11
336.9263065078
 21
55.812703121
 72
1
 10
336.9263065078
 20
55.812703121
 11
336.8486916249
 21
55.7020324567
 72
1
 10
336.8486916249
 20
55.7020324567
 11
336.7788083724
 21
55.585879392
 72
1
 10
336.7788083724
 20
55.585879392
 11
335.4738145641
 21
55.4149023228
 72
1
 10
335.4738145641
 20
55.4149023228
 11
335.9491270281
 21
55.6896819277
 72
1
 10
335.9491270281
 20
55.6896819277
 11
335.9875377758
 21
55.7134389963
 72
1
 10
335.9875377758
 20
55.7134389963
 11
336.0241102387
 21
55.7393563485
 72
1
 10
336.0241102387
 20
55.7393563485
 11
336.0587812168
 21
55.7673311137
 72
1
 10
336.0587812168
 20
55.7673311137
 11
336.0914875104
 21
55.7972543701
 72
1
 10
336.0914875104
 20
55.7972543701
 11
336.1221659196
 21
55.8290050932
 72
1
 10
336.1221659196
 20
55.8290050932
 11
336.1507532445
 21
55.8624864637
 72
1
 10
336.1507532445
 20
55.8624864637
 11
336.1771862853
 21
55.8975835085
 72
1
 10
336.1771862853
 20
55.8975835085
 11
336.2014018421
 21
55.9341752034
 72
1
 10
336.2014018421
 20
55.9341752034
 11
336.2233367152
 21
55.9721647288
 72
1
 10
336.2233367152
 20
55.9721647288
 11
336.2429277045
 21
56.0114371117
 72
1
 10
336.2429277045
 20
56.0114371117
 11
336.2601116104
 21
56.051877379
 72
1
 10
336.2601116104
 20
56.051877379
 11
336.2748252329
 21
56.0933826601
 72
1
 10
336.2748252329
 20
56.0933826601
 11
336.2870053721
 21
56.1358319307
 72
1
 10
336.2870053721
 20
56.1358319307
 11
336.2965888284
 21
56.1791283713
 72
1
 10
336.2965888284
 20
56.1791283713
 11
336.3035124017
 21
56.2231449065
 72
1
 10
336.3035124017
 20
56.2231449065
 11
336.3077128922
 21
56.2677847168
 72
1
 10
336.3077128922
 20
56.2677847168
 11
336.3091271001
 21
56.3129328291
 72
1
 10
336.3091271001
 20
56.3129328291
 11
338.1834804453
 21
56.5608631947
 72
1
 10
338.1834804453
 20
56.5608631947
 11
338.0454816387
 21
56.5352484032
 72
1
 10
338.0454816387
 20
56.5352484032
 11
337.9111037941
 21
56.5000242829
 72
1
 10
337.9111037941
 20
56.5000242829
 11
337.7807206086
 21
56.4555781115
 72
1
 10
337.7807206086
 20
56.4555781115
 11
337.6547057793
 21
56.4022790131
 72
1
 10
337.6547057793
 20
56.4022790131
 11
337.5334330035
 21
56.340502163
 97
1
330
4E3
 75
0
 76
1
 98
1
 10
0.0
 20
0.0
  0
LWPOLYLINE
  5
4E5
100
AcDbEntity
  8
0
100
AcDbPolyline
 62
7
  6
CONTINUOUS
 90
16
 70
0
 10
338.4688461561
 20
56.5818095484
 10
338.3247265168
 20
56.5765116357
 10
338.1834804453
 20
56.5608631947
 10
340.6282844121
 20
56.86165092
 10
340.6282844121
 20
56.3129328291
 10
340.6296986201
 20
56.2677847168
 10
339.6309811443
 20
56.1930038065
 10
339.5203317517
 20
56.2706227365
 10
339.40419196
 20
56.340502163
 10
339.2829351491
 20
56.4022790131
 10
339.1569346988
 20
56.4555781115
 10
339.0265639893
 20
56.5000242829
 10
338.8921964003
 20
56.5352484032
 10
338.7542053118
 20
56.5608631947
 10
338.6129641037
 20
56.5765116357
 10
338.4688461561
 20
56.5818095484
  0
HATCH
  5
4E6
100
AcDbEntity
  8
0
100
AcDbHatch
 62
7
  6
CONTINUOUS
 10
0.0
 20
0.0
 30
0.0
210
0.0
220
0.0
230
1.0
  2
SOLID
 70
1
 71
1
 91
1
 92
1
 93
15
 72
1
 10
338.4688461561
 20
56.5818095484
 11
338.3247265168
 21
56.5765116357
 72
1
 10
338.3247265168
 20
56.5765116357
 11
338.1834804453
 21
56.5608631947
 72
1
 10
338.1834804453
 20
56.5608631947
 11
340.6282844121
 21
56.86165092
 72
1
 10
340.6282844121
 20
56.86165092
 11
340.6282844121
 21
56.3129328291
 72
1
 10
340.6282844121
 20
56.3129328291
 11
340.6296986201
 21
56.2677847168
 72
1
 10
340.6296986201
 20
56.2677847168
 11
339.6309811443
 21
56.1930038065
 72
1
 10
339.6309811443
 20
56.1930038065
 11
339.5203317517
 21
56.2706227365
 72
1
 10
339.5203317517
 20
56.2706227365
 11
339.40419196
 21
56.340502163
 72
1
 10
339.40419196
 20
56.340502163
 11
339.2829351491
 21
56.4022790131
 72
1
 10
339.2829351491
 20
56.4022790131
 11
339.1569346988
 21
56.4555781115
 72
1
 10
339.1569346988
 20
56.4555781115
 11
339.0265639893
 21
56.5000242829
 72
1
 10
339.0265639893
 20
56.5000242829
 11
338.8921964003
 21
56.5352484032
 72
1
 10
338.8921964003
 20
56.5352484032
 11
338.7542053118
 21
56.5608631947
 72
1
 10
338.7542053118
 20
56.5608631947
 11
338.6129641037
 21
56.5765116357
 72
1
 10
338.6129641037
 20
56.5765116357
 11
338.4688461561
 21
56.5818095484
 97
1
330
4E5
 75
0
 76
1
 98
1
 10
0.0
 20
0.0
  0
LWPOLYLINE
  5
4E7
100
AcDbEntity
  8
0
100
AcDbPolyline
 62
7
  6
CONTINUOUS
 90
6
 70
0
 10
340.6338991107
 20
56.2231449065
 10
340.6408226843
 20
56.1791283713
 10
339.7357667577
 20
56.1080326507
 10
339.6309811443
 20
56.1930038065
 10
340.6296986201
 20
56.2677847168
 10
340.6338991107
 20
56.2231449065
  0
HATCH
  5
4E8
100
AcDbEntity
  8
0
100
AcDbHatch
 62
7
  6
CONTINUOUS
 10
0.0
 20
0.0
 30
0.0
210
0.0
220
0.0
230
1.0
  2
SOLID
 70
1
 71
1
 91
1
 92
1
 93
5
 72
1
 10
340.6338991107
 20
56.2231449065
 11
340.6408226843
 21
56.1791283713
 72
1
 10
340.6408226843
 20
56.1791283713
 11
339.7357667577
 21
56.1080326507
 72
1
 10
339.7357667577
 20
56.1080326507
 11
339.6309811443
 21
56.1930038065
 72
1
 10
339.6309811443
 20
56.1930038065
 11
340.6296986201
 21
56.2677847168
 72
1
 10
340.6296986201
 20
56.2677847168
 11
340.6338991107
 21
56.2231449065
 97
1
330
4E7
 75
0
 76
1
 98
1
 10
0.0
 20
0.0
  0
LWPOLYLINE
  5
4E9
100
AcDbEntity
  8
0
100
AcDbPolyline
 62
7
  6
CONTINUOUS
 90
6
 70
0
 10
340.650406141
 20
56.1358319307
 10
340.6625862812
 20
56.0933826601
 10
339.8343152121
 20
56.0160723421
 10
339.7357667577
 20
56.1080326507
 10
340.6408226843
 20
56.1791283713
 10
340.650406141
 20
56.1358319307
  0
HATCH
  5
4EA
100
AcDbEntity
  8
0
100
AcDbHatch
 62
7
  6
CONTINUOUS
 10
0.0
 20
0.0
 30
0.0
210
0.0
220
0.0
230
1.0
  2
SOLID
 70
1
 71
1
 91
1
 92
1
 93
5
 72
1
 10
340.650406141
 20
56.1358319307
 11
340.6625862812
 21
56.0933826601
 72
1
 10
340.6625862812
 20
56.0933826601
 11
339.8343152121
 21
56.0160723421
 72
1
 10
339.8343152121
 20
56.0160723421
 11
339.7357667577
 21
56.1080326507
 72
1
 10
339.7357667577
 20
56.1080326507
 11
340.6408226843
 21
56.1791283713
 72
1
 10
340.6408226843
 20
56.1791283713
 11
340.650406141
 21
56.1358319307
 97
1
330
4E9
 75
0
 76
1
 98
1
 10
0.0
 20
0.0
  0
LWPOLYLINE
  5
4EB
100
AcDbEntity
  8
0
100
AcDbPolyline
 62
7
  6
CONTINUOUS
 90
6
 70
0
 10
340.677299905
 20
56.051877379
 10
340.6944838127
 20
56.0114371117
 10
339.9262531275
 20
55.9175101583
 10
339.8343152121
 20
56.0160723421
 10
340.6625862812
 20
56.0933826601
 10
340.677299905
 20
56.051877379
  0
HATCH
  5
4EC
100
AcDbEntity
  8
0
100
AcDbHatch
 62
7
  6
CONTINUOUS
 10
0.0
 20
0.0
 30
0.0
210
0.0
220
0.0
230
1.0
  2
SOLID
 70
1
 71
1
 91
1
 92
1
 93
5
 72
1
 10
340.677299905
 20
56.051877379
 11
340.6944838127
 21
56.0114371117
 72
1
 10
340.6944838127
 20
56.0114371117
 11
339.9262531275
 21
55.9175101583
 72
1
 10
339.9262531275
 20
55.9175101583
 11
339.8343152121
 21
56.0160723421
 72
1
 10
339.8343152121
 20
56.0160723421
 11
340.6625862812
 21
56.0933826601
 72
1
 10
340.6625862812
 20
56.0933826601
 11
340.677299905
 21
56.051877379
 97
1
330
4EB
 75
0
 76
1
 98
1
 10
0.0
 20
0.0
  0
LWPOLYLINE
  5
4ED
100
AcDbEntity
  8
0
100
AcDbPolyline
 62
7
  6
CONTINUOUS
 90
7
 70
0
 10
340.7360096808
 20
55.9341752034
 10
340.7602252416
 20
55.8975835085
 10
340.0112071241
 20
55.812703121
 10
339.9262531275
 20
55.9175101583
 10
340.6944838127
 20
56.0114371117
 10
340.7140748046
 20
55.9721647288
 10
340.7360096808
 20
55.9341752034
  0
HATCH
  5
4EE
100
AcDbEntity
  8
0
100
AcDbHatch
 62
7
  6
CONTINUOUS
 10
0.0
 20
0.0
 30
0.0
210
0.0
220
0.0
230
1.0
  2
SOLID
 70
1
 71
1
 91
1
 92
1
 93
6
 72
1
 10
340.7360096808
 20
55.9341752034
 11
340.7602252416
 21
55.8975835085
 72
1
 10
340.7602252416
 20
55.8975835085
 11
340.0112071241
 21
55.812703121
 72
1
 10
340.0112071241
 20
55.812703121
 11
339.9262531275
 21
55.9175101583
 72
1
 10
339.9262531275
 20
55.9175101583
 11
340.6944838127
 21
56.0114371117
 72
1
 10
340.6944838127
 20
56.0114371117
 11
340.7140748046
 21
55.9721647288
 72
1
 10
340.7140748046
 20
55.9721647288
 11
340.7360096808
 21
55.9341752034
 97
1
330
4ED
 75
0
 76
1
 98
1
 10
0.0
 20
0.0
  0
LWPOLYLINE
  5
4EF
100
AcDbEntity
  8
0
100
AcDbPolyline
 62
7
  6
CONTINUOUS
 90
7
 70
0
 10
340.815245618
 20
55.8290050932
 10
340.845924034
 20
55.7972543701
 10
340.0888038217
 20
55.7020324567
 10
340.0112071241
 20
55.812703121
 10
340.7602252416
 20
55.8975835085
 10
340.7866582872
 20
55.8624864637
 10
340.815245618
 20
55.8290050932
  0
HATCH
  5
4F0
100
AcDbEntity
  8
0
100
AcDbHatch
 62
7
  6
CONTINUOUS
 10
0.0
 20
0.0
 30
0.0
210
0.0
220
0.0
230
1.0
  2
SOLID
 70
1
 71
1
 91
1
 92
1
 93
6
 72
1
 10
340.815245618
 20
55.8290050932
 11
340.845924034
 21
55.7972543701
 72
1
 10
340.845924034
 20
55.7972543701
 11
340.0888038217
 21
55.7020324567
 72
1
 10
340.0888038217
 20
55.7020324567
 11
340.0112071241
 21
55.812703121
 72
1
 10
340.0112071241
 20
55.812703121
 11
340.7602252416
 21
55.8975835085
 72
1
 10
340.7602252416
 20
55.8975835085
 11
340.7866582872
 21
55.8624864637
 72
1
 10
340.7866582872
 20
55.8624864637
 11
340.815245618
 21
55.8290050932
 97
1
330
4EF
 75
0
 76
1
 98
1
 10
0.0
 20
0.0
  0
LWPOLYLINE
  5
4F1
100
AcDbEntity
  8
0
100
AcDbPolyline
 62
7
  6
CONTINUOUS
 90
11
 70
0
 10
340.9498737964
 20
55.7134389963
 10
340.9882845561
 20
55.6896819277
 10
341.4638785401
 20
55.4149023228
 10
340.2737163223
 20
55.3385904552
 10
340.2204318008
 20
55.4646069997
 10
340.1586698406
 20
55.585879392
 10
340.0888038217
 20
55.7020324567
 10
340.845924034
 20
55.7972543701
 10
340.8786303356
 20
55.7673311137
 10
340.913301323
 20
55.7393563485
 10
340.9498737964
 20
55.7134389963
  0
HATCH
  5
4F2
100
AcDbEntity
  8
0
100
AcDbHatch
 62
7
  6
CONTINUOUS
 10
0.0
 20
0.0
 30
0.0
210
0.0
220
0.0
230
1.0
  2
SOLID
 70
1
 71
1
 91
1
 92
1
 93
10
 72
1
 10
340.9498737964
 20
55.7134389963
 11
340.9882845561
 21
55.6896819277
 72
1
 10
340.9882845561
 20
55.6896819277
 11
341.4638785401
 21
55.4149023228
 72
1
 10
341.4638785401
 20
55.4149023228
 11
340.2737163223
 21
55.3385904552
 72
1
 10
340.2737163223
 20
55.3385904552
 11
340.2204318008
 21
55.4646069997
 72
1
 10
340.2204318008
 20
55.4646069997
 11
340.1586698406
 21
55.585879392
 72
1
 10
340.1586698406
 20
55.585879392
 11
340.0888038217
 21
55.7020324567
 72
1
 10
340.0888038217
 20
55.7020324567
 11
340.845924034
 21
55.7972543701
 72
1
 10
340.845924034
 20
55.7972543701
 11
340.8786303356
 21
55.7673311137
 72
1
 10
340.8786303356
 20
55.7673311137
 11
340.913301323
 21
55.7393563485
 72
1
 10
340.913301323
 20
55.7393563485
 11
340.9498737964
 21
55.7134389963
 97
1
330
4F1
 75
0
 76
1
 98
1
 10
0.0
 20
0.0
  0
LWPOLYLINE
  5
4F3
100
AcDbEntity
  8
0
100
AcDbPolyline
 62
7
  6
CONTINUOUS
 90
50
 70
0
 10
336.7170304473
 20
55.4646069997
 10
336.6637315468
 20
55.3385904552
 10
336.6192853679
 20
55.2082049337
 10
336.5840656079
 20
55.0738316617
 10
336.5584459639
 20
54.9358337122
 10
336.5428001329
 20
54.7945862604
 10
336.5375018121
 20
54.6504644817
 10
336.5428001329
 20
54.506342703
 10
336.5584459639
 20
54.3651013025
 10
336.5840656079
 20
54.227103353
 10
336.6192853679
 20
54.0927240298
 10
335.3731400872
 20
53.9713729717
 10
335.359744976
 20
53.9887218041
 10
335.3473993801
 20
54.0068330894
 10
335.3361342996
 20
54.0256523669
 10
335.3259807348
 20
54.0451312268
 10
335.3169696858
 20
54.0652212593
 10
335.3091321529
 20
54.0858740549
 10
335.3024991361
 20
54.1070351524
 10
335.2971016358
 20
54.1286561423
 10
335.2929706521
 20
54.1506825635
 10
335.2812088621
 20
54.2324284218
 10
335.2715329721
 20
54.3148217602
 10
335.2639664421
 20
54.3978323224
 10
335.2585327321
 20
54.4814540573
 10
335.2552553021
 20
54.5656688112
 10
335.2541576121
 20
54.6504644817
 10
335.2552553021
 20
54.7352601523
 10
335.2585327321
 20
54.8194870086
 10
335.2639664421
 20
54.9031329484
 10
335.2715329721
 20
54.9861919203
 10
335.2812088621
 20
55.0686639244
 10
335.2929706521
 20
55.1505247559
 10
335.2971016358
 20
55.1725027674
 10
335.3024991361
 20
55.1940692963
 10
335.3091321529
 20
55.2151759329
 10
335.3169696858
 20
55.2357742675
 10
335.3259807348
 20
55.2558219415
 10
335.3361342996
 20
55.2752584429
 10
335.3473993801
 20
55.2940414131
 10
335.359744976
 20
55.3121284936
 10
335.3731400872
 20
55.3294591723
 10
335.3875537134
 20
55.3459850394
 10
335.4029548546
 20
55.3616637365
 10
335.4193125104
 20
55.3764468539
 10
335.4365956807
 20
55.3902799305
 10
335.4547733654
 20
55.4031145567
 10
335.4738145641
 20
55.4149023228
 10
336.7788083724
 20
55.585879392
 10
336.7170304473
 20
55.4646069997
  0
HATCH
  5
4F4
100
AcDbEntity
  8
0
100
AcDbHatch
 62
7
  6
CONTINUOUS
 10
0.0
 20
0.0
 30
0.0
210
0.0
220
0.0
230
1.0
  2
SOLID
 70
1
 71
1
 91
1
 92
1
 93
49
 72
1
 10
336.7170304473
 20
55.4646069997
 11
336.6637315468
 21
55.3385904552
 72
1
 10
336.6637315468
 20
55.3385904552
 11
336.6192853679
 21
55.2082049337
 72
1
 10
336.6192853679
 20
55.2082049337
 11
336.5840656079
 21
55.0738316617
 72
1
 10
336.5840656079
 20
55.0738316617
 11
336.5584459639
 21
54.9358337122
 72
1
 10
336.5584459639
 20
54.9358337122
 11
336.5428001329
 21
54.7945862604
 72
1
 10
336.5428001329
 20
54.7945862604
 11
336.5375018121
 21
54.6504644817
 72
1
 10
336.5375018121
 20
54.6504644817
 11
336.5428001329
 21
54.506342703
 72
1
 10
336.5428001329
 20
54.506342703
 11
336.5584459639
 21
54.3651013025
 72
1
 10
336.5584459639
 20
54.3651013025
 11
336.5840656079
 21
54.227103353
 72
1
 10
336.5840656079
 20
54.227103353
 11
336.6192853679
 21
54.0927240298
 72
1
 10
336.6192853679
 20
54.0927240298
 11
335.3731400872
 21
53.9713729717
 72
1
 10
335.3731400872
 20
53.9713729717
 11
335.359744976
 21
53.9887218041
 72
1
 10
335.359744976
 20
53.9887218041
 11
335.3473993801
 21
54.0068330894
 72
1
 10
335.3473993801
 20
54.0068330894
 11
335.3361342996
 21
54.0256523669
 72
1
 10
335.3361342996
 20
54.0256523669
 11
335.3259807348
 21
54.0451312268
 72
1
 10
335.3259807348
 20
54.0451312268
 11
335.3169696858
 21
54.0652212593
 72
1
 10
335.3169696858
 20
54.0652212593
 11
335.3091321529
 21
54.0858740549
 72
1
 10
335.3091321529
 20
54.0858740549
 11
335.3024991361
 21
54.1070351524
 72
1
 10
335.3024991361
 20
54.1070351524
 11
335.2971016358
 21
54.1286561423
 72
1
 10
335.2971016358
 20
54.1286561423
 11
335.2929706521
 21
54.1506825635
 72
1
 10
335.2929706521
 20
54.1506825635
 11
335.2812088621
 21
54.2324284218
 72
1
 10
335.2812088621
 20
54.2324284218
 11
335.2715329721
 21
54.3148217602
 72
1
 10
335.2715329721
 20
54.3148217602
 11
335.2639664421
 21
54.3978323224
 72
1
 10
335.2639664421
 20
54.3978323224
 11
335.2585327321
 21
54.4814540573
 72
1
 10
335.2585327321
 20
54.4814540573
 11
335.2552553021
 21
54.5656688112
 72
1
 10
335.2552553021
 20
54.5656688112
 11
335.2541576121
 21
54.6504644817
 72
1
 10
335.2541576121
 20
54.6504644817
 11
335.2552553021
 21
54.7352601523
 72
1
 10
335.2552553021
 20
54.7352601523
 11
335.2585327321
 21
54.8194870086
 72
1
 10
335.2585327321
 20
54.8194870086
 11
335.2639664421
 21
54.9031329484
 72
1
 10
335.2639664421
 20
54.9031329484
 11
335.2715329721
 21
54.9861919203
 72
1
 10
335.2715329721
 20
54.9861919203
 11
335.2812088621
 21
55.0686639244
 72
1
 10
335.2812088621
 20
55.0686639244
 11
335.2929706521
 21
55.1505247559
 72
1
 10
335.2929706521
 20
55.1505247559
 11
335.2971016358
 21
55.1725027674
 72
1
 10
335.2971016358
 20
55.1725027674
 11
335.3024991361
 21
55.1940692963
 72
1
 10
335.3024991361
 20
55.1940692963
 11
335.3091321529
 21
55.2151759329
 72
1
 10
335.3091321529
 20
55.2151759329
 11
335.3169696858
 21
55.2357742675
 72
1
 10
335.3169696858
 20
55.2357742675
 11
335.3259807348
 21
55.2558219415
 72
1
 10
335.3259807348
 20
55.2558219415
 11
335.3361342996
 21
55.2752584429
 72
1
 10
335.3361342996
 20
55.2752584429
 11
335.3473993801
 21
55.2940414131
 72
1
 10
335.3473993801
 20
55.2940414131
 11
335.359744976
 21
55.3121284936
 72
1
 10
335.359744976
 20
55.3121284936
 11
335.3731400872
 21
55.3294591723
 72
1
 10
335.3731400872
 20
55.3294591723
 11
335.3875537134
 21
55.3459850394
 72
1
 10
335.3875537134
 20
55.3459850394
 11
335.4029548546
 21
55.3616637365
 72
1
 10
335.4029548546
 20
55.3616637365
 11
335.4193125104
 21
55.3764468539
 72
1
 10
335.4193125104
 20
55.3764468539
 11
335.4365956807
 21
55.3902799305
 72
1
 10
335.4365956807
 20
55.3902799305
 11
335.4547733654
 21
55.4031145567
 72
1
 10
335.4547733654
 20
55.4031145567
 11
335.4738145641
 21
55.4149023228
 72
1
 10
335.4738145641
 20
55.4149023228
 11
336.7788083724
 21
55.585879392
 72
1
 10
336.7788083724
 20
55.585879392
 11
336.7170304473
 21
55.4646069997
 97
1
330
4F3
 75
0
 76
1
 98
1
 10
0.0
 20
0.0
  0
LWPOLYLINE
  5
4F5
100
AcDbEntity
  8
0
100
AcDbPolyline
 62
7
  6
CONTINUOUS
 90
10
 70
0
 10
341.5501284334
 20
55.3459850394
 10
341.5645344249
 20
55.3294591723
 10
340.3181500252
 20
55.2082049337
 10
340.2737163223
 20
55.3385904552
 10
341.4638785401
 20
55.4149023228
 10
341.4829195076
 20
55.4031145567
 10
341.5010964814
 20
55.3902799305
 10
341.5183779609
 20
55.3764468539
 10
341.5347324452
 20
55.3616637365
 10
341.5501284334
 20
55.3459850394
  0
HATCH
  5
4F6
100
AcDbEntity
  8
0
100
AcDbHatch
 62
7
  6
CONTINUOUS
 10
0.0
 20
0.0
 30
0.0
210
0.0
220
0.0
230
1.0
  2
SOLID
 70
1
 71
1
 91
1
 92
1
 93
9
 72
1
 10
341.5501284334
 20
55.3459850394
 11
341.5645344249
 21
55.3294591723
 72
1
 10
341.5645344249
 20
55.3294591723
 11
340.3181500252
 21
55.2082049337
 72
1
 10
340.3181500252
 20
55.2082049337
 11
340.2737163223
 21
55.3385904552
 72
1
 10
340.2737163223
 20
55.3385904552
 11
341.4638785401
 21
55.4149023228
 72
1
 10
341.4638785401
 20
55.4149023228
 11
341.4829195076
 21
55.4031145567
 72
1
 10
341.4829195076
 20
55.4031145567
 11
341.5010964814
 21
55.3902799305
 72
1
 10
341.5010964814
 20
55.3902799305
 11
341.5183779609
 21
55.3764468539
 72
1
 10
341.5183779609
 20
55.3764468539
 11
341.5347324452
 21
55.3616637365
 72
1
 10
341.5347324452
 20
55.3616637365
 11
341.5501284334
 21
55.3459850394
 97
1
330
4F5
 75
0
 76
1
 98
1
 10
0.0
 20
0.0
  0
LWPOLYLINE
  5
4F7
100
AcDbEntity
  8
0
100
AcDbPolyline
 62
7
  6
CONTINUOUS
 90
11
 70
0
 10
341.6284163961
 20
55.2151759329
 10
341.6350103876
 20
55.1940692963
 10
340.3533595296
 20
55.0738316617
 10
340.3181500252
 20
55.2082049337
 10
341.5645344249
 20
55.3294591723
 10
341.5779189188
 20
55.3121284936
 10
341.5902504142
 20
55.2940414131
 10
341.6014974105
 20
55.2752584429
 10
341.6116284068
 20
55.2558219415
 10
341.6206119022
 20
55.2357742675
 10
341.6284163961
 20
55.2151759329
  0
HATCH
  5
4F8
100
AcDbEntity
  8
0
100
AcDbHatch
 62
7
  6
CONTINUOUS
 10
0.0
 20
0.0
 30
0.0
210
0.0
220
0.0
230
1.0
  2
SOLID
 70
1
 71
1
 91
1
 92
1
 93
10
 72
1
 10
341.6284163961
 20
55.2151759329
 11
341.6350103876
 21
55.1940692963
 72
1
 10
341.6350103876
 20
55.1940692963
 11
340.3533595296
 21
55.0738316617
 72
1
 10
340.3533595296
 20
55.0738316617
 11
340.3181500252
 21
55.2082049337
 72
1
 10
340.3181500252
 20
55.2082049337
 11
341.5645344249
 21
55.3294591723
 72
1
 10
341.5645344249
 20
55.3294591723
 11
341.5779189188
 21
55.3121284936
 72
1
 10
341.5779189188
 20
55.3121284936
 11
341.5902504142
 21
55.2940414131
 72
1
 10
341.5902504142
 20
55.2940414131
 11
341.6014974105
 21
55.2752584429
 72
1
 10
341.6014974105
 20
55.2752584429
 11
341.6116284068
 21
55.2558219415
 72
1
 10
341.6116284068
 20
55.2558219415
 11
341.6206119022
 21
55.2357742675
 72
1
 10
341.6206119022
 20
55.2357742675
 11
341.6284163961
 21
55.2151759329
 97
1
330
4F7
 75
0
 76
1
 98
1
 10
0.0
 20
0.0
  0
LWPOLYLINE
  5
4F9
100
AcDbEntity
  8
0
100
AcDbPolyline
 62
7
  6
CONTINUOUS
 90
7
 70
0
 10
341.6444408601
 20
55.1505247559
 10
341.6562234501
 20
55.0686639244
 10
340.3789714555
 20
54.9358337122
 10
340.3533595296
 20
55.0738316617
 10
341.6350103876
 20
55.1940692963
 10
341.6403623758
 20
55.1725027674
 10
341.6444408601
 20
55.1505247559
  0
HATCH
  5
4FA
100
AcDbEntity
  8
0
100
AcDbHatch
 62
7
  6
CONTINUOUS
 10
0.0
 20
0.0
 30
0.0
210
0.0
220
0.0
230
1.0
  2
SOLID
 70
1
 71
1
 91
1
 92
1
 93
6
 72
1
 10
341.6444408601
 20
55.1505247559
 11
341.6562234501
 21
55.0686639244
 72
1
 10
341.6562234501
 20
55.0686639244
 11
340.3789714555
 21
54.9358337122
 72
1
 10
340.3789714555
 20
54.9358337122
 11
340.3533595296
 21
55.0738316617
 72
1
 10
340.3533595296
 20
55.0738316617
 11
341.6350103876
 21
55.1940692963
 72
1
 10
341.6350103876
 20
55.1940692963
 11
341.6403623758
 21
55.1725027674
 72
1
 10
341.6403623758
 20
55.1725027674
 11
341.6444408601
 21
55.1505247559
 97
1
330
4F9
 75
0
 76
1
 98
1
 10
0.0
 20
0.0
  0
LWPOLYLINE
  5
4FB
100
AcDbEntity
  8
0
100
AcDbPolyline
 62
7
  6
CONTINUOUS
 90
6
 70
0
 10
341.6659513401
 20
54.9861919203
 10
341.6735854701
 20
54.9031329484
 10
340.394612423
 20
54.7945862604
 10
340.3789714555
 20
54.9358337122
 10
341.6562234501
 20
55.0686639244
 10
341.6659513401
 20
54.9861919203
  0
HATCH
  5
4FC
100
AcDbEntity
  8
0
100
AcDbHatch
 62
7
  6
CONTINUOUS
 10
0.0
 20
0.0
 30
0.0
210
0.0
220
0.0
230
1.0
  2
SOLID
 70
1
 71
1
 91
1
 92
1
 93
5
 72
1
 10
341.6659513401
 20
54.9861919203
 11
341.6735854701
 21
54.9031329484
 72
1
 10
341.6735854701
 20
54.9031329484
 11
340.394612423
 21
54.7945862604
 72
1
 10
340.394612423
 20
54.7945862604
 11
340.3789714555
 21
54.9358337122
 72
1
 10
340.3789714555
 20
54.9358337122
 11
341.6562234501
 21
55.0686639244
 72
1
 10
341.6562234501
 20
55.0686639244
 11
341.6659513401
 21
54.9861919203
 97
1
330
4FB
 75
0
 76
1
 98
1
 10
0.0
 20
0.0
  0
LWPOLYLINE
  5
4FD
100
AcDbEntity
  8
0
100
AcDbPolyline
 62
7
  6
CONTINUOUS
 90
8
 70
0
 10
341.6790867801
 20
54.8194870086
 10
341.6824162101
 20
54.7352601523
 10
341.6835347001
 20
54.6504644817
 10
340.394612423
 20
54.506342703
 10
340.3999090521
 20
54.6504644817
 10
340.394612423
 20
54.7945862604
 10
341.6735854701
 20
54.9031329484
 10
341.6790867801
 20
54.8194870086
  0
HATCH
  5
4FE
100
AcDbEntity
  8
0
100
AcDbHatch
 62
7
  6
CONTINUOUS
 10
0.0
 20
0.0
 30
0.0
210
0.0
220
0.0
230
1.0
  2
SOLID
 70
1
 71
1
 91
1
 92
1
 93
7
 72
1
 10
341.6790867801
 20
54.8194870086
 11
341.6824162101
 21
54.7352601523
 72
1
 10
341.6824162101
 20
54.7352601523
 11
341.6835347001
 21
54.6504644817
 72
1
 10
341.6835347001
 20
54.6504644817
 11
340.394612423
 21
54.506342703
 72
1
 10
340.394612423
 20
54.506342703
 11
340.3999090521
 21
54.6504644817
 72
1
 10
340.3999090521
 20
54.6504644817
 11
340.394612423
 21
54.7945862604
 72
1
 10
340.394612423
 20
54.7945862604
 11
341.6735854701
 21
54.9031329484
 72
1
 10
341.6735854701
 20
54.9031329484
 11
341.6790867801
 21
54.8194870086
 97
1
330
4FD
 75
0
 76
1
 98
1
 10
0.0
 20
0.0
  0
LWPOLYLINE
  5
4FF
100
AcDbEntity
  8
0
100
AcDbPolyline
 62
7
  6
CONTINUOUS
 90
6
 70
0
 10
341.6824162101
 20
54.5656688112
 10
341.6790867801
 20
54.4814540573
 10
340.3789714555
 20
54.3651013025
 10
340.394612423
 20
54.506342703
 10
341.6835347001
 20
54.6504644817
 10
341.6824162101
 20
54.5656688112
  0
HATCH
  5
500
100
AcDbEntity
  8
0
100
AcDbHatch
 62
7
  6
CONTINUOUS
 10
0.0
 20
0.0
 30
0.0
210
0.0
220
0.0
230
1.0
  2
SOLID
 70
1
 71
1
 91
1
 92
1
 93
5
 72
1
 10
341.6824162101
 20
54.5656688112
 11
341.6790867801
 21
54.4814540573
 72
1
 10
341.6790867801
 20
54.4814540573
 11
340.3789714555
 21
54.3651013025
 72
1
 10
340.3789714555
 20
54.3651013025
 11
340.394612423
 21
54.506342703
 72
1
 10
340.394612423
 20
54.506342703
 11
341.6835347001
 21
54.6504644817
 72
1
 10
341.6835347001
 20
54.6504644817
 11
341.6824162101
 21
54.5656688112
 97
1
330
4FF
 75
0
 76
1
 98
1
 10
0.0
 20
0.0
  0
LWPOLYLINE
  5
501
100
AcDbEntity
  8
0
100
AcDbPolyline
 62
7
  6
CONTINUOUS
 90
6
 70
0
 10
341.6735854701
 20
54.3978323224
 10
341.6659513401
 20
54.3148217602
 10
340.3533595296
 20
54.227103353
 10
340.3789714555
 20
54.3651013025
 10
341.6790867801
 20
54.4814540573
 10
341.6735854701
 20
54.3978323224
  0
HATCH
  5
502
100
AcDbEntity
  8
0
100
AcDbHatch
 62
7
  6
CONTINUOUS
 10
0.0
 20
0.0
 30
0.0
210
0.0
220
0.0
230
1.0
  2
SOLID
 70
1
 71
1
 91
1
 92
1
 93
5
 72
1
 10
341.6735854701
 20
54.3978323224
 11
341.6659513401
 21
54.3148217602
 72
1
 10
341.6659513401
 20
54.3148217602
 11
340.3533595296
 21
54.227103353
 72
1
 10
340.3533595296
 20
54.227103353
 11
340.3789714555
 21
54.3651013025
 72
1
 10
340.3789714555
 20
54.3651013025
 11
341.6790867801
 21
54.4814540573
 72
1
 10
341.6790867801
 20
54.4814540573
 11
341.6735854701
 21
54.3978323224
 97
1
330
501
 75
0
 76
1
 98
1
 10
0.0
 20
0.0
  0
LWPOLYLINE
  5
503
100
AcDbEntity
  8
0
100
AcDbPolyline
 62
7
  6
CONTINUOUS
 90
6
 70
0
 10
341.6562234501
 20
54.2324284218
 10
341.6444408601
 20
54.1506825635
 10
340.3181500252
 20
54.0927240298
 10
340.3533595296
 20
54.227103353
 10
341.6659513401
 20
54.3148217602
 10
341.6562234501
 20
54.2324284218
  0
HATCH
  5
504
100
AcDbEntity
  8
0
100
AcDbHatch
 62
7
  6
CONTINUOUS
 10
0.0
 20
0.0
 30
0.0
210
0.0
220
0.0
230
1.0
  2
SOLID
 70
1
 71
1
 91
1
 92
1
 93
5
 72
1
 10
341.6562234501
 20
54.2324284218
 11
341.6444408601
 21
54.1506825635
 72
1
 10
341.6444408601
 20
54.1506825635
 11
340.3181500252
 21
54.0927240298
 72
1
 10
340.3181500252
 20
54.0927240298
 11
340.3533595296
 21
54.227103353
 72
1
 10
340.3533595296
 20
54.227103353
 11
341.6659513401
 21
54.3148217602
 72
1
 10
341.6659513401
 20
54.3148217602
 11
341.6562234501
 21
54.2324284218
 97
1
330
503
 75
0
 76
1
 98
1
 10
0.0
 20
0.0
  0
LWPOLYLINE
  5
505
100
AcDbEntity
  8
0
100
AcDbPolyline
 62
7
  6
CONTINUOUS
 90
7
 70
0
 10
341.6350103876
 20
54.1070351524
 10
341.6284163961
 20
54.0858740549
 10
340.2737163223
 20
53.9623385083
 10
340.3181500252
 20
54.0927240298
 10
341.6444408601
 20
54.1506825635
 10
341.6403623758
 20
54.1286561423
 10
341.6350103876
 20
54.1070351524
  0
HATCH
  5
506
100
AcDbEntity
  8
0
100
AcDbHatch
 62
7
  6
CONTINUOUS
 10
0.0
 20
0.0
 30
0.0
210
0.0
220
0.0
230
1.0
  2
SOLID
 70
1
 71
1
 91
1
 92
1
 93
6
 72
1
 10
341.6350103876
 20
54.1070351524
 11
341.6284163961
 21
54.0858740549
 72
1
 10
341.6284163961
 20
54.0858740549
 11
340.2737163223
 21
53.9623385083
 72
1
 10
340.2737163223
 20
53.9623385083
 11
340.3181500252
 21
54.0927240298
 72
1
 10
340.3181500252
 20
54.0927240298
 11
341.6444408601
 21
54.1506825635
 72
1
 10
341.6444408601
 20
54.1506825635
 11
341.6403623758
 21
54.1286561423
 72
1
 10
341.6403623758
 20
54.1286561423
 11
341.6350103876
 21
54.1070351524
 97
1
330
505
 75
0
 76
1
 98
1
 10
0.0
 20
0.0
  0
LWPOLYLINE
  5
507
100
AcDbEntity
  8
0
100
AcDbPolyline
 62
7
  6
CONTINUOUS
 90
12
 70
0
 10
336.6192853679
 20
54.0927240298
 10
336.6637315468
 20
53.9623385083
 10
336.7170304473
 20
53.8363219638
 10
335.9491270281
 20
53.6115253917
 10
335.4738145641
 20
53.8860266407
 10
335.4547733654
 20
53.897765997
 10
335.4365956807
 20
53.9105703672
 10
335.4193125104
 20
53.924379239
 10
335.4029548546
 20
53.9391502539
 10
335.3875537134
 20
53.954828951
 10
335.3731400872
 20
53.9713729717
 10
336.6192853679
 20
54.0927240298
  0
HATCH
  5
508
100
AcDbEntity
  8
0
100
AcDbHatch
 62
7
  6
CONTINUOUS
 10
0.0
 20
0.0
 30
0.0
210
0.0
220
0.0
230
1.0
  2
SOLID
 70
1
 71
1
 91
1
 92
1
 93
11
 72
1
 10
336.6192853679
 20
54.0927240298
 11
336.6637315468
 21
53.9623385083
 72
1
 10
336.6637315468
 20
53.9623385083
 11
336.7170304473
 21
53.8363219638
 72
1
 10
336.7170304473
 20
53.8363219638
 11
335.9491270281
 21
53.6115253917
 72
1
 10
335.9491270281
 20
53.6115253917
 11
335.4738145641
 21
53.8860266407
 72
1
 10
335.4738145641
 20
53.8860266407
 11
335.4547733654
 21
53.897765997
 72
1
 10
335.4547733654
 20
53.897765997
 11
335.4365956807
 21
53.9105703672
 72
1
 10
335.4365956807
 20
53.9105703672
 11
335.4193125104
 21
53.924379239
 72
1
 10
335.4193125104
 20
53.924379239
 11
335.4029548546
 21
53.9391502539
 72
1
 10
335.4029548546
 20
53.9391502539
 11
335.3875537134
 21
53.954828951
 72
1
 10
335.3875537134
 20
53.954828951
 11
335.3731400872
 21
53.9713729717
 72
1
 10
335.3731400872
 20
53.9713729717
 11
336.6192853679
 21
54.0927240298
 97
1
330
507
 75
0
 76
1
 98
1
 10
0.0
 20
0.0
  0
LWPOLYLINE
  5
509
100
AcDbEntity
  8
0
100
AcDbPolyline
 62
7
  6
CONTINUOUS
 90
11
 70
0
 10
341.5645344249
 20
53.9713729717
 10
341.5501284334
 20
53.954828951
 10
340.2204318008
 20
53.8363219638
 10
340.2737163223
 20
53.9623385083
 10
341.6284163961
 20
54.0858740549
 10
341.6206119022
 20
54.0652212593
 10
341.6116284068
 20
54.0451312268
 10
341.6014974105
 20
54.0256523669
 10
341.5902504142
 20
54.0068330894
 10
341.5779189188
 20
53.9887218041
 10
341.5645344249
 20
53.9713729717
  0
HATCH
  5
50A
100
AcDbEntity
  8
0
100
AcDbHatch
 62
7
  6
CONTINUOUS
 10
0.0
 20
0.0
 30
0.0
210
0.0
220
0.0
230
1.0
  2
SOLID
 70
1
 71
1
 91
1
 92
1
 93
10
 72
1
 10
341.5645344249
 20
53.9713729717
 11
341.5501284334
 21
53.954828951
 72
1
 10
341.5501284334
 20
53.954828951
 11
340.2204318008
 21
53.8363219638
 72
1
 10
340.2204318008
 20
53.8363219638
 11
340.2737163223
 21
53.9623385083
 72
1
 10
340.2737163223
 20
53.9623385083
 11
341.6284163961
 21
54.0858740549
 72
1
 10
341.6284163961
 20
54.0858740549
 11
341.6206119022
 21
54.0652212593
 72
1
 10
341.6206119022
 20
54.0652212593
 11
341.6116284068
 21
54.0451312268
 72
1
 10
341.6116284068
 20
54.0451312268
 11
341.6014974105
 21
54.0256523669
 72
1
 10
341.6014974105
 20
54.0256523669
 11
341.5902504142
 21
54.0068330894
 72
1
 10
341.5902504142
 20
54.0068330894
 11
341.5779189188
 21
53.9887218041
 72
1
 10
341.5779189188
 20
53.9887218041
 11
341.5645344249
 21
53.9713729717
 97
1
330
509
 75
0
 76
1
 98
1
 10
0.0
 20
0.0
  0
LWPOLYLINE
  5
50B
100
AcDbEntity
  8
0
100
AcDbPolyline
 62
7
  6
CONTINUOUS
 90
13
 70
0
 10
341.4638785401
 20
53.8860266407
 10
340.9882845561
 20
53.6115253917
 10
340.947533505
 20
53.5861223927
 10
340.0112071241
 20
53.4882258425
 10
340.0888038217
 20
53.5988965068
 10
340.1586698406
 20
53.7150495715
 10
340.2204318008
 20
53.8363219638
 10
341.5501284334
 20
53.954828951
 10
341.5347324452
 20
53.9391502539
 10
341.5183779609
 20
53.924379239
 10
341.5010964814
 20
53.9105703672
 10
341.4829195076
 20
53.897765997
 10
341.4638785401
 20
53.8860266407
  0
HATCH
  5
50C
100
AcDbEntity
  8
0
100
AcDbHatch
 62
7
  6
CONTINUOUS
 10
0.0
 20
0.0
 30
0.0
210
0.0
220
0.0
230
1.0
  2
SOLID
 70
1
 71
1
 91
1
 92
1
 93
12
 72
1
 10
341.4638785401
 20
53.8860266407
 11
340.9882845561
 21
53.6115253917
 72
1
 10
340.9882845561
 20
53.6115253917
 11
340.947533505
 21
53.5861223927
 72
1
 10
340.947533505
 20
53.5861223927
 11
340.0112071241
 21
53.4882258425
 72
1
 10
340.0112071241
 20
53.4882258425
 11
340.0888038217
 21
53.5988965068
 72
1
 10
340.0888038217
 20
53.5988965068
 11
340.1586698406
 21
53.7150495715
 72
1
 10
340.1586698406
 20
53.7150495715
 11
340.2204318008
 21
53.8363219638
 72
1
 10
340.2204318008
 20
53.8363219638
 11
341.5501284334
 21
53.954828951
 72
1
 10
341.5501284334
 20
53.954828951
 11
341.5347324452
 21
53.9391502539
 72
1
 10
341.5347324452
 20
53.9391502539
 11
341.5183779609
 21
53.924379239
 72
1
 10
341.5183779609
 20
53.924379239
 11
341.5010964814
 21
53.9105703672
 72
1
 10
341.5010964814
 20
53.9105703672
 11
341.4829195076
 21
53.897765997
 72
1
 10
341.4829195076
 20
53.897765997
 11
341.4638785401
 21
53.8860266407
 97
1
330
50B
 75
0
 76
1
 98
1
 10
0.0
 20
0.0
  0
LWPOLYLINE
  5
50D
100
AcDbEntity
  8
0
100
AcDbPolyline
 62
7
  6
CONTINUOUS
 90
29
 70
0
 10
336.7788083724
 20
53.7150495715
 10
336.8486916249
 20
53.5988965068
 10
336.9263065078
 20
53.4882258425
 10
337.0112793239
 20
53.3834248564
 10
337.1032363761
 20
53.2848566214
 10
337.2018039673
 20
53.1928963127
 10
337.3066084003
 20
53.107925157
 10
337.4172759781
 20
53.0303122782
 10
337.5334330035
 20
52.9604268005
 10
336.3091271001
 20
52.4392780434
 10
336.3091271001
 20
52.9879961344
 10
336.3075313351
 20
53.0359943688
 10
336.3027945775
 20
53.0833935329
 10
336.294992633
 20
53.1300605001
 10
336.2842013076
 20
53.175874246
 10
336.2704964071
 20
53.2207016439
 10
336.2539537375
 20
53.2644095672
 10
336.2346491045
 20
53.3068769914
 10
336.2126583141
 20
53.3479586875
 10
336.1880571721
 20
53.3875396824
 10
336.1609214845
 20
53.4254868493
 10
336.131327057
 20
53.4616610103
 10
336.0993496956
 20
53.4959471924
 10
336.0650652061
 20
53.5282062175
 10
336.0285493945
 20
53.5583049591
 10
335.9898780665
 20
53.5861223927
 10
335.9491270281
 20
53.6115253917
 10
336.7170304473
 20
53.8363219638
 10
336.7788083724
 20
53.7150495715
  0
HATCH
  5
50E
100
AcDbEntity
  8
0
100
AcDbHatch
 62
7
  6
CONTINUOUS
 10
0.0
 20
0.0
 30
0.0
210
0.0
220
0.0
230
1.0
  2
SOLID
 70
1
 71
1
 91
1
 92
1
 93
28
 72
1
 10
336.7788083724
 20
53.7150495715
 11
336.8486916249
 21
53.5988965068
 72
1
 10
336.8486916249
 20
53.5988965068
 11
336.9263065078
 21
53.4882258425
 72
1
 10
336.9263065078
 20
53.4882258425
 11
337.0112793239
 21
53.3834248564
 72
1
 10
337.0112793239
 20
53.3834248564
 11
337.1032363761
 21
53.2848566214
 72
1
 10
337.1032363761
 20
53.2848566214
 11
337.2018039673
 21
53.1928963127
 72
1
 10
337.2018039673
 20
53.1928963127
 11
337.3066084003
 21
53.107925157
 72
1
 10
337.3066084003
 20
53.107925157
 11
337.4172759781
 21
53.0303122782
 72
1
 10
337.4172759781
 20
53.0303122782
 11
337.5334330035
 21
52.9604268005
 72
1
 10
337.5334330035
 20
52.9604268005
 11
336.3091271001
 21
52.4392780434
 72
1
 10
336.3091271001
 20
52.4392780434
 11
336.3091271001
 21
52.9879961344
 72
1
 10
336.3091271001
 20
52.9879961344
 11
336.3075313351
 21
53.0359943688
 72
1
 10
336.3075313351
 20
53.0359943688
 11
336.3027945775
 21
53.0833935329
 72
1
 10
336.3027945775
 20
53.0833935329
 11
336.294992633
 21
53.1300605001
 72
1
 10
336.294992633
 20
53.1300605001
 11
336.2842013076
 21
53.175874246
 72
1
 10
336.2842013076
 20
53.175874246
 11
336.2704964071
 21
53.2207016439
 72
1
 10
336.2704964071
 20
53.2207016439
 11
336.2539537375
 21
53.2644095672
 72
1
 10
336.2539537375
 20
53.2644095672
 11
336.2346491045
 21
53.3068769914
 72
1
 10
336.2346491045
 20
53.3068769914
 11
336.2126583141
 21
53.3479586875
 72
1
 10
336.2126583141
 20
53.3479586875
 11
336.1880571721
 21
53.3875396824
 72
1
 10
336.1880571721
 20
53.3875396824
 11
336.1609214845
 21
53.4254868493
 72
1
 10
336.1609214845
 20
53.4254868493
 11
336.131327057
 21
53.4616610103
 72
1
 10
336.131327057
 20
53.4616610103
 11
336.0993496956
 21
53.4959471924
 72
1
 10
336.0993496956
 20
53.4959471924
 11
336.0650652061
 21
53.5282062175
 72
1
 10
336.0650652061
 20
53.5282062175
 11
336.0285493945
 21
53.5583049591
 72
1
 10
336.0285493945
 20
53.5583049591
 11
335.9898780665
 21
53.5861223927
 72
1
 10
335.9898780665
 20
53.5861223927
 11
335.9491270281
 21
53.6115253917
 72
1
 10
335.9491270281
 20
53.6115253917
 11
336.7170304473
 21
53.8363219638
 72
1
 10
336.7170304473
 20
53.8363219638
 11
336.7788083724
 21
53.7150495715
 97
1
330
50D
 75
0
 76
1
 98
1
 10
0.0
 20
0.0
  0
LWPOLYLINE
  5
50F
100
AcDbEntity
  8
0
100
AcDbPolyline
 62
7
  6
CONTINUOUS
 90
8
 70
0
 10
340.838061847
 20
53.4959471924
 10
340.8060844786
 20
53.4616610103
 10
339.9262531275
 20
53.3834248564
 10
340.0112071241
 20
53.4882258425
 10
340.947533505
 20
53.5861223927
 10
340.908862166
 20
53.5583049591
 10
340.8723463447
 20
53.5282062175
 10
340.838061847
 20
53.4959471924
  0
HATCH
  5
510
100
AcDbEntity
  8
0
100
AcDbHatch
 62
7
  6
CONTINUOUS
 10
0.0
 20
0.0
 30
0.0
210
0.0
220
0.0
230
1.0
  2
SOLID
 70
1
 71
1
 91
1
 92
1
 93
7
 72
1
 10
340.838061847
 20
53.4959471924
 11
340.8060844786
 21
53.4616610103
 72
1
 10
340.8060844786
 20
53.4616610103
 11
339.9262531275
 21
53.3834248564
 72
1
 10
339.9262531275
 20
53.3834248564
 11
340.0112071241
 21
53.4882258425
 72
1
 10
340.0112071241
 20
53.4882258425
 11
340.947533505
 21
53.5861223927
 72
1
 10
340.947533505
 20
53.5861223927
 11
340.908862166
 21
53.5583049591
 72
1
 10
340.908862166
 20
53.5583049591
 11
340.8723463447
 21
53.5282062175
 72
1
 10
340.8723463447
 20
53.5282062175
 11
340.838061847
 21
53.4959471924
 97
1
330
50F
 75
0
 76
1
 98
1
 10
0.0
 20
0.0
  0
LWPOLYLINE
  5
511
100
AcDbEntity
  8
0
100
AcDbPolyline
 62
7
  6
CONTINUOUS
 90
7
 70
0
 10
340.7493543529
 20
53.3875396824
 10
340.7247532071
 20
53.3479586875
 10
339.8343152121
 20
53.2848566214
 10
339.9262531275
 20
53.3834248564
 10
340.8060844786
 20
53.4616610103
 10
340.7764900453
 20
53.4254868493
 10
340.7493543529
 20
53.3875396824
  0
HATCH
  5
512
100
AcDbEntity
  8
0
100
AcDbHatch
 62
7
  6
CONTINUOUS
 10
0.0
 20
0.0
 30
0.0
210
0.0
220
0.0
230
1.0
  2
SOLID
 70
1
 71
1
 91
1
 92
1
 93
6
 72
1
 10
340.7493543529
 20
53.3875396824
 11
340.7247532071
 21
53.3479586875
 72
1
 10
340.7247532071
 20
53.3479586875
 11
339.8343152121
 21
53.2848566214
 72
1
 10
339.8343152121
 20
53.2848566214
 11
339.9262531275
 21
53.3834248564
 72
1
 10
339.9262531275
 20
53.3834248564
 11
340.8060844786
 21
53.4616610103
 72
1
 10
340.8060844786
 20
53.4616610103
 11
340.7764900453
 21
53.4254868493
 72
1
 10
340.7764900453
 20
53.4254868493
 11
340.7493543529
 21
53.3875396824
 97
1
330
511
 75
0
 76
1
 98
1
 10
0.0
 20
0.0
  0
LWPOLYLINE
  5
513
100
AcDbEntity
  8
0
100
AcDbPolyline
 62
7
  6
CONTINUOUS
 90
6
 70
0
 10
340.7027624137
 20
53.3068769914
 10
340.6834577785
 20
53.2644095672
 10
339.7357667577
 20
53.1928963127
 10
339.8343152121
 20
53.2848566214
 10
340.7247532071
 20
53.3479586875
 10
340.7027624137
 20
53.3068769914
  0
HATCH
  5
514
100
AcDbEntity
  8
0
100
AcDbHatch
 62
7
  6
CONTINUOUS
 10
0.0
 20
0.0
 30
0.0
210
0.0
220
0.0
230
1.0
  2
SOLID
 70
1
 71
1
 91
1
 92
1
 93
5
 72
1
 10
340.7027624137
 20
53.3068769914
 11
340.6834577785
 21
53.2644095672
 72
1
 10
340.6834577785
 20
53.2644095672
 11
339.7357667577
 21
53.1928963127
 72
1
 10
339.7357667577
 20
53.1928963127
 11
339.8343152121
 21
53.2848566214
 72
1
 10
339.8343152121
 20
53.2848566214
 11
340.7247532071
 21
53.3479586875
 72
1
 10
340.7247532071
 20
53.3479586875
 11
340.7027624137
 21
53.3068769914
 97
1
330
513
 75
0
 76
1
 98
1
 10
0.0
 20
0.0
  0
LWPOLYLINE
  5
515
100
AcDbEntity
  8
0
100
AcDbPolyline
 62
7
  6
CONTINUOUS
 90
6
 70
0
 10
340.6669151073
 20
53.2207016439
 10
340.6532102057
 20
53.175874246
 10
339.6309811443
 20
53.107925157
 10
339.7357667577
 20
53.1928963127
 10
340.6834577785
 20
53.2644095672
 10
340.6669151073
 20
53.2207016439
  0
HATCH
  5
516
100
AcDbEntity
  8
0
100
AcDbHatch
 62
7
  6
CONTINUOUS
 10
0.0
 20
0.0
 30
0.0
210
0.0
220
0.0
230
1.0
  2
SOLID
 70
1
 71
1
 91
1
 92
1
 93
5
 72
1
 10
340.6669151073
 20
53.2207016439
 11
340.6532102057
 21
53.175874246
 72
1
 10
340.6532102057
 20
53.175874246
 11
339.6309811443
 21
53.107925157
 72
1
 10
339.6309811443
 20
53.107925157
 11
339.7357667577
 21
53.1928963127
 72
1
 10
339.7357667577
 20
53.1928963127
 11
340.6834577785
 21
53.2644095672
 72
1
 10
340.6834577785
 20
53.2644095672
 11
340.6669151073
 21
53.2207016439
 97
1
330
515
 75
0
 76
1
 98
1
 10
0.0
 20
0.0
  0
LWPOLYLINE
  5
517
100
AcDbEntity
  8
0
100
AcDbPolyline
 62
7
  6
CONTINUOUS
 90
6
 70
0
 10
340.6424188797
 20
53.1300605001
 10
340.6346169349
 20
53.0833935329
 10
339.5203317517
 20
53.0303122782
 10
339.6309811443
 20
53.107925157
 10
340.6532102057
 20
53.175874246
 10
340.6424188797
 20
53.1300605001
  0
HATCH
  5
518
100
AcDbEntity
  8
0
100
AcDbHatch
 62
7
  6
CONTINUOUS
 10
0.0
 20
0.0
 30
0.0
210
0.0
220
0.0
230
1.0
  2
SOLID
 70
1
 71
1
 91
1
 92
1
 93
5
 72
1
 10
340.6424188797
 20
53.1300605001
 11
340.6346169349
 21
53.0833935329
 72
1
 10
340.6346169349
 20
53.0833935329
 11
339.5203317517
 21
53.0303122782
 72
1
 10
339.5203317517
 20
53.0303122782
 11
339.6309811443
 21
53.107925157
 72
1
 10
339.6309811443
 20
53.107925157
 11
340.6532102057
 21
53.175874246
 72
1
 10
340.6532102057
 20
53.175874246
 11
340.6424188797
 21
53.1300605001
 97
1
330
517
 75
0
 76
1
 98
1
 10
0.0
 20
0.0
  0
LWPOLYLINE
  5
519
100
AcDbEntity
  8
0
100
AcDbPolyline
 62
7
  6
CONTINUOUS
 90
12
 70
0
 10
340.6298801771
 20
53.0359943688
 10
340.6282844121
 20
52.9879961344
 10
340.6282844121
 20
52.4392780434
 10
338.7542053118
 20
52.7400657688
 10
338.8921964003
 20
52.7656866115
 10
339.0265639893
 20
52.8009046806
 10
339.1569346988
 20
52.845350852
 10
339.2829351491
 20
52.8986499504
 10
339.40419196
 20
52.9604268005
 10
339.5203317517
 20
53.0303122782
 10
340.6346169349
 20
53.0833935329
 10
340.6298801771
 20
53.0359943688
  0
HATCH
  5
51A
100
AcDbEntity
  8
0
100
AcDbHatch
 62
7
  6
CONTINUOUS
 10
0.0
 20
0.0
 30
0.0
210
0.0
220
0.0
230
1.0
  2
SOLID
 70
1
 71
1
 91
1
 92
1
 93
11
 72
1
 10
340.6298801771
 20
53.0359943688
 11
340.6282844121
 21
52.9879961344
 72
1
 10
340.6282844121
 20
52.9879961344
 11
340.6282844121
 21
52.4392780434
 72
1
 10
340.6282844121
 20
52.4392780434
 11
338.7542053118
 21
52.7400657688
 72
1
 10
338.7542053118
 20
52.7400657688
 11
338.8921964003
 21
52.7656866115
 72
1
 10
338.8921964003
 20
52.7656866115
 11
339.0265639893
 21
52.8009046806
 72
1
 10
339.0265639893
 20
52.8009046806
 11
339.1569346988
 21
52.845350852
 72
1
 10
339.1569346988
 20
52.845350852
 11
339.2829351491
 21
52.8986499504
 72
1
 10
339.2829351491
 20
52.8986499504
 11
339.40419196
 21
52.9604268005
 72
1
 10
339.40419196
 20
52.9604268005
 11
339.5203317517
 21
53.0303122782
 72
1
 10
339.5203317517
 20
53.0303122782
 11
340.6346169349
 21
53.0833935329
 72
1
 10
340.6346169349
 20
53.0833935329
 11
340.6298801771
 21
53.0359943688
 97
1
330
519
 75
0
 76
1
 98
1
 10
0.0
 20
0.0
  0
LWPOLYLINE
  5
51B
100
AcDbEntity
  8
0
100
AcDbPolyline
 62
7
  6
CONTINUOUS
 90
50
 70
0
 10
338.4688461561
 20
52.7191207884
 10
338.6129641037
 20
52.7244173277
 10
338.7542053118
 20
52.7400657688
 10
340.6282844121
 20
52.4392780434
 10
340.6276064098
 20
52.4169248566
 10
340.6255904029
 20
52.3947895135
 10
340.622263392
 20
52.3729264751
 10
340.6176523771
 20
52.351384151
 10
340.6117843588
 20
52.3302170023
 10
340.6046863372
 20
52.3094734385
 10
340.5963853128
 20
52.289213972
 10
340.5869082858
 20
52.2694870123
 10
340.5762822566
 20
52.2503470204
 10
340.5645342254
 20
52.2318424061
 10
340.5516911927
 20
52.214021579
 10
340.5377801587
 20
52.1969511026
 10
340.5228281237
 20
52.1806733353
 10
340.5068620881
 20
52.165242738
 10
340.4899090521
 20
52.1507137716
 10
340.3914578957
 20
52.0741114457
 10
338.6077998711
 20
52.0318981725
 10
338.5616864926
 20
52.0394319347
 10
338.5152715367
 20
52.043952192
 10
338.4687057921
 20
52.0454569464
 10
336.6475060874
 20
52.0013032314
 10
336.5461418011
 20
52.0741114457
 10
336.4477833321
 20
52.1507137716
 10
336.4307777835
 20
52.165242738
 10
336.4147662258
 20
52.1806733353
 10
336.39977516
 20
52.1969511026
 10
336.3858310871
 20
52.214021579
 10
336.3729605081
 20
52.2318424061
 10
336.361189924
 20
52.2503470204
 10
336.3505458357
 20
52.2694870123
 10
336.3410547443
 20
52.289213972
 10
336.3327431508
 20
52.3094734385
 10
336.3256375561
 20
52.3302170023
 10
336.3197644613
 20
52.351384151
 10
336.3151503673
 20
52.3729264751
 10
336.3118217751
 20
52.3947895135
 10
336.3098051857
 20
52.4169248566
 10
336.3091271001
 20
52.4392780434
 10
337.5334330035
 20
52.9604268005
 10
337.6547057793
 20
52.8986499504
 10
337.7807206086
 20
52.845350852
 10
337.9111037941
 20
52.8009046806
 10
338.0454816387
 20
52.7656866115
 10
338.1834804453
 20
52.7400657688
 10
338.3247265168
 20
52.7244173277
 10
338.4688461561
 20
52.7191207884
  0
HATCH
  5
51C
100
AcDbEntity
  8
0
100
AcDbHatch
 62
7
  6
CONTINUOUS
 10
0.0
 20
0.0
 30
0.0
210
0.0
220
0.0
230
1.0
  2
SOLID
 70
1
 71
1
 91
1
 92
1
 93
49
 72
1
 10
338.4688461561
 20
52.7191207884
 11
338.6129641037
 21
52.7244173277
 72
1
 10
338.6129641037
 20
52.7244173277
 11
338.7542053118
 21
52.7400657688
 72
1
 10
338.7542053118
 20
52.7400657688
 11
340.6282844121
 21
52.4392780434
 72
1
 10
340.6282844121
 20
52.4392780434
 11
340.6276064098
 21
52.4169248566
 72
1
 10
340.6276064098
 20
52.4169248566
 11
340.6255904029
 21
52.3947895135
 72
1
 10
340.6255904029
 20
52.3947895135
 11
340.622263392
 21
52.3729264751
 72
1
 10
340.622263392
 20
52.3729264751
 11
340.6176523771
 21
52.351384151
 72
1
 10
340.6176523771
 20
52.351384151
 11
340.6117843588
 21
52.3302170023
 72
1
 10
340.6117843588
 20
52.3302170023
 11
340.6046863372
 21
52.3094734385
 72
1
 10
340.6046863372
 20
52.3094734385
 11
340.5963853128
 21
52.289213972
 72
1
 10
340.5963853128
 20
52.289213972
 11
340.5869082858
 21
52.2694870123
 72
1
 10
340.5869082858
 20
52.2694870123
 11
340.5762822566
 21
52.2503470204
 72
1
 10
340.5762822566
 20
52.2503470204
 11
340.5645342254
 21
52.2318424061
 72
1
 10
340.5645342254
 20
52.2318424061
 11
340.5516911927
 21
52.214021579
 72
1
 10
340.5516911927
 20
52.214021579
 11
340.5377801587
 21
52.1969511026
 72
1
 10
340.5377801587
 20
52.1969511026
 11
340.5228281237
 21
52.1806733353
 72
1
 10
340.5228281237
 20
52.1806733353
 11
340.5068620881
 21
52.165242738
 72
1
 10
340.5068620881
 20
52.165242738
 11
340.4899090521
 21
52.1507137716
 72
1
 10
340.4899090521
 20
52.1507137716
 11
340.3914578957
 21
52.0741114457
 72
1
 10
340.3914578957
 20
52.0741114457
 11
338.6077998711
 21
52.0318981725
 72
1
 10
338.6077998711
 20
52.0318981725
 11
338.5616864926
 21
52.0394319347
 72
1
 10
338.5616864926
 20
52.0394319347
 11
338.5152715367
 21
52.043952192
 72
1
 10
338.5152715367
 20
52.043952192
 11
338.4687057921
 21
52.0454569464
 72
1
 10
338.4687057921
 20
52.0454569464
 11
336.6475060874
 21
52.0013032314
 72
1
 10
336.6475060874
 20
52.0013032314
 11
336.5461418011
 21
52.0741114457
 72
1
 10
336.5461418011
 20
52.0741114457
 11
336.4477833321
 21
52.1507137716
 72
1
 10
336.4477833321
 20
52.1507137716
 11
336.4307777835
 21
52.165242738
 72
1
 10
336.4307777835
 20
52.165242738
 11
336.4147662258
 21
52.1806733353
 72
1
 10
336.4147662258
 20
52.1806733353
 11
336.39977516
 21
52.1969511026
 72
1
 10
336.39977516
 20
52.1969511026
 11
336.3858310871
 21
52.214021579
 72
1
 10
336.3858310871
 20
52.214021579
 11
336.3729605081
 21
52.2318424061
 72
1
 10
336.3729605081
 20
52.2318424061
 11
336.361189924
 21
52.2503470204
 72
1
 10
336.361189924
 20
52.2503470204
 11
336.3505458357
 21
52.2694870123
 72
1
 10
336.3505458357
 20
52.2694870123
 11
336.3410547443
 21
52.289213972
 72
1
 10
336.3410547443
 20
52.289213972
 11
336.3327431508
 21
52.3094734385
 72
1
 10
336.3327431508
 20
52.3094734385
 11
336.3256375561
 21
52.3302170023
 72
1
 10
336.3256375561
 20
52.3302170023
 11
336.3197644613
 21
52.351384151
 72
1
 10
336.3197644613
 20
52.351384151
 11
336.3151503673
 21
52.3729264751
 72
1
 10
336.3151503673
 20
52.3729264751
 11
336.3118217751
 21
52.3947895135
 72
1
 10
336.3118217751
 20
52.3947895135
 11
336.3098051857
 21
52.4169248566
 72
1
 10
336.3098051857
 20
52.4169248566
 11
336.3091271001
 21
52.4392780434
 72
1
 10
336.3091271001
 20
52.4392780434
 11
337.5334330035
 21
52.9604268005
 72
1
 10
337.5334330035
 20
52.9604268005
 11
337.6547057793
 21
52.8986499504
 72
1
 10
337.6547057793
 20
52.8986499504
 11
337.7807206086
 21
52.845350852
 72
1
 10
337.7807206086
 20
52.845350852
 11
337.9111037941
 21
52.8009046806
 72
1
 10
337.9111037941
 20
52.8009046806
 11
338.0454816387
 21
52.7656866115
 72
1
 10
338.0454816387
 20
52.7656866115
 11
338.1834804453
 21
52.7400657688
 72
1
 10
338.1834804453
 20
52.7400657688
 11
338.3247265168
 21
52.7244173277
 72
1
 10
338.3247265168
 20
52.7244173277
 11
338.4688461561
 21
52.7191207884
 97
1
330
51B
 75
0
 76
1
 98
1
 10
0.0
 20
0.0
  0
LWPOLYLINE
  5
51D
100
AcDbEntity
  8
0
100
AcDbPolyline
 62
7
  6
CONTINUOUS
 90
10
 70
0
 10
338.2388928428
 20
52.0078022359
 10
338.1945889283
 20
51.9912340102
 10
336.7517707305
 20
51.9323919992
 10
336.6475060874
 20
52.0013032314
 10
338.4687057921
 20
52.0454569464
 10
338.4221400476
 20
52.043952192
 10
338.3757250917
 20
52.0394319347
 10
338.3296117131
 20
52.0318981725
 10
338.2839507006
 20
52.0213569566
 10
338.2388928428
 20
52.0078022359
  0
HATCH
  5
51E
100
AcDbEntity
  8
0
100
AcDbHatch
 62
7
  6
CONTINUOUS
 10
0.0
 20
0.0
 30
0.0
210
0.0
220
0.0
230
1.0
  2
SOLID
 70
1
 71
1
 91
1
 92
1
 93
9
 72
1
 10
338.2388928428
 20
52.0078022359
 11
338.1945889283
 21
51.9912340102
 72
1
 10
338.1945889283
 20
51.9912340102
 11
336.7517707305
 21
51.9323919992
 72
1
 10
336.7517707305
 20
51.9323919992
 11
336.6475060874
 21
52.0013032314
 72
1
 10
336.6475060874
 20
52.0013032314
 11
338.4687057921
 21
52.0454569464
 72
1
 10
338.4687057921
 20
52.0454569464
 11
338.4221400476
 21
52.043952192
 72
1
 10
338.4221400476
 20
52.043952192
 11
338.3757250917
 21
52.0394319347
 72
1
 10
338.3757250917
 20
52.0394319347
 11
338.3296117131
 21
52.0318981725
 72
1
 10
338.3296117131
 20
52.0318981725
 11
338.2839507006
 21
52.0213569566
 72
1
 10
338.2839507006
 20
52.0213569566
 11
338.2388928428
 21
52.0078022359
 97
1
330
51D
 75
0
 76
1
 98
1
 10
0.0
 20
0.0
  0
LWPOLYLINE
  5
51F
100
AcDbEntity
  8
0
100
AcDbPolyline
 62
7
  6
CONTINUOUS
 90
11
 70
0
 10
338.6077998711
 20
52.0318981725
 10
340.3914578957
 20
52.0741114457
 10
340.2900239481
 20
52.0013032314
 10
340.1857093705
 20
51.9323919992
 10
339.3047217321
 20
51.6739930323
 10
338.8285655001
 20
51.9490570443
 10
338.7862218384
 20
51.9716522797
 10
338.7428226559
 20
51.9912340102
 10
338.6985187415
 20
52.0078022359
 10
338.6534608836
 20
52.0213569566
 10
338.6077998711
 20
52.0318981725
  0
HATCH
  5
520
100
AcDbEntity
  8
0
100
AcDbHatch
 62
7
  6
CONTINUOUS
 10
0.0
 20
0.0
 30
0.0
210
0.0
220
0.0
230
1.0
  2
SOLID
 70
1
 71
1
 91
1
 92
1
 93
10
 72
1
 10
338.6077998711
 20
52.0318981725
 11
340.3914578957
 21
52.0741114457
 72
1
 10
340.3914578957
 20
52.0741114457
 11
340.2900239481
 21
52.0013032314
 72
1
 10
340.2900239481
 20
52.0013032314
 11
340.1857093705
 21
51.9323919992
 72
1
 10
340.1857093705
 20
51.9323919992
 11
339.3047217321
 21
51.6739930323
 72
1
 10
339.3047217321
 20
51.6739930323
 11
338.8285655001
 21
51.9490570443
 72
1
 10
338.8285655001
 20
51.9490570443
 11
338.7862218384
 21
51.9716522797
 72
1
 10
338.7862218384
 20
51.9716522797
 11
338.7428226559
 21
51.9912340102
 72
1
 10
338.7428226559
 20
51.9912340102
 11
338.6985187415
 21
52.0078022359
 72
1
 10
338.6985187415
 20
52.0078022359
 11
338.6534608836
 21
52.0213569566
 72
1
 10
338.6534608836
 20
52.0213569566
 11
338.6077998711
 21
52.0318981725
 97
1
330
51F
 75
0
 76
1
 98
1
 10
0.0
 20
0.0
  0
LWPOLYLINE
  5
521
100
AcDbEntity
  8
0
100
AcDbPolyline
 62
7
  6
CONTINUOUS
 90
11
 70
0
 10
338.1088460841
 20
51.9490570443
 10
337.6329713001
 20
51.6739930323
 10
337.3129081881
 20
51.6500907346
 10
337.1957236653
 20
51.6979013813
 10
337.0809121979
 20
51.7501415172
 10
336.968579246
 20
51.8067082715
 10
336.8588302701
 20
51.8674987736
 10
336.7517707305
 20
51.9323919992
 10
338.1945889283
 20
51.9912340102
 10
338.1511897459
 20
51.9716522797
 10
338.1088460841
 20
51.9490570443
  0
HATCH
  5
522
100
AcDbEntity
  8
0
100
AcDbHatch
 62
7
  6
CONTINUOUS
 10
0.0
 20
0.0
 30
0.0
210
0.0
220
0.0
230
1.0
  2
SOLID
 70
1
 71
1
 91
1
 92
1
 93
10
 72
1
 10
338.1088460841
 20
51.9490570443
 11
337.6329713001
 21
51.6739930323
 72
1
 10
337.6329713001
 20
51.6739930323
 11
337.3129081881
 21
51.6500907346
 72
1
 10
337.3129081881
 20
51.6500907346
 11
337.1957236653
 21
51.6979013813
 72
1
 10
337.1957236653
 20
51.6979013813
 11
337.0809121979
 21
51.7501415172
 72
1
 10
337.0809121979
 20
51.7501415172
 11
336.968579246
 21
51.8067082715
 72
1
 10
336.968579246
 20
51.8067082715
 11
336.8588302701
 21
51.8674987736
 72
1
 10
336.8588302701
 20
51.8674987736
 11
336.7517707305
 21
51.9323919992
 72
1
 10
336.7517707305
 20
51.9323919992
 11
338.1945889283
 21
51.9912340102
 72
1
 10
338.1945889283
 20
51.9912340102
 11
338.1511897459
 21
51.9716522797
 72
1
 10
338.1511897459
 20
51.9716522797
 11
338.1088460841
 21
51.9490570443
 97
1
330
521
 75
0
 76
1
 98
1
 10
0.0
 20
0.0
  0
LWPOLYLINE
  5
523
100
AcDbEntity
  8
0
100
AcDbPolyline
 62
7
  6
CONTINUOUS
 90
22
 70
0
 10
339.741687985
 20
51.6979013813
 10
339.6245026761
 20
51.6500907346
 10
339.6033624318
 20
51.6426356381
 10
339.5819431914
 20
51.6364815529
 10
339.5603034545
 20
51.6316224275
 10
339.5385017206
 20
51.6280582621
 10
339.5165964894
 20
51.6257890566
 10
339.4946462605
 20
51.6248087599
 10
339.4727095334
 20
51.625123423
 10
339.4508448077
 20
51.6267269949
 10
339.4291105829
 20
51.6296194755
 10
339.4075653588
 20
51.6338008648
 10
339.3862676348
 20
51.6392651116
 10
339.3652759105
 20
51.6460243183
 10
339.3446486856
 20
51.6540603314
 10
339.3244444596
 20
51.6633852531
 10
339.3047217321
 20
51.6739930323
 10
340.1857093705
 20
51.9323919992
 10
340.0786163241
 20
51.8674987736
 10
339.9688469702
 20
51.8067082715
 10
339.8565034701
 20
51.7501415172
 10
339.741687985
 20
51.6979013813
  0
HATCH
  5
524
100
AcDbEntity
  8
0
100
AcDbHatch
 62
7
  6
CONTINUOUS
 10
0.0
 20
0.0
 30
0.0
210
0.0
220
0.0
230
1.0
  2
SOLID
 70
1
 71
1
 91
1
 92
1
 93
21
 72
1
 10
339.741687985
 20
51.6979013813
 11
339.6245026761
 21
51.6500907346
 72
1
 10
339.6245026761
 20
51.6500907346
 11
339.6033624318
 21
51.6426356381
 72
1
 10
339.6033624318
 20
51.6426356381
 11
339.5819431914
 21
51.6364815529
 72
1
 10
339.5819431914
 20
51.6364815529
 11
339.5603034545
 21
51.6316224275
 72
1
 10
339.5603034545
 20
51.6316224275
 11
339.5385017206
 21
51.6280582621
 72
1
 10
339.5385017206
 20
51.6280582621
 11
339.5165964894
 21
51.6257890566
 72
1
 10
339.5165964894
 20
51.6257890566
 11
339.4946462605
 21
51.6248087599
 72
1
 10
339.4946462605
 20
51.6248087599
 11
339.4727095334
 21
51.625123423
 72
1
 10
339.4727095334
 20
51.625123423
 11
339.4508448077
 21
51.6267269949
 72
1
 10
339.4508448077
 20
51.6267269949
 11
339.4291105829
 21
51.6296194755
 72
1
 10
339.4291105829
 20
51.6296194755
 11
339.4075653588
 21
51.6338008648
 72
1
 10
339.4075653588
 20
51.6338008648
 11
339.3862676348
 21
51.6392651116
 72
1
 10
339.3862676348
 20
51.6392651116
 11
339.3652759105
 21
51.6460243183
 72
1
 10
339.3652759105
 20
51.6460243183
 11
339.3446486856
 21
51.6540603314
 72
1
 10
339.3446486856
 20
51.6540603314
 11
339.3244444596
 21
51.6633852531
 72
1
 10
339.3244444596
 20
51.6633852531
 11
339.3047217321
 21
51.6739930323
 72
1
 10
339.3047217321
 20
51.6739930323
 11
340.1857093705
 21
51.9323919992
 72
1
 10
340.1857093705
 20
51.9323919992
 11
340.0786163241
 21
51.8674987736
 72
1
 10
340.0786163241
 20
51.8674987736
 11
339.9688469702
 21
51.8067082715
 72
1
 10
339.9688469702
 20
51.8067082715
 11
339.8565034701
 21
51.7501415172
 72
1
 10
339.8565034701
 20
51.7501415172
 11
339.741687985
 21
51.6979013813
 97
1
330
523
 75
0
 76
1
 98
1
 10
0.0
 20
0.0
  0
LWPOLYLINE
  5
525
100
AcDbEntity
  8
0
100
AcDbPolyline
 62
7
  6
CONTINUOUS
 90
17
 70
0
 10
337.5929461058
 20
51.6540603314
 10
337.5722797624
 20
51.6460243183
 10
337.5512549193
 20
51.6392651116
 10
337.5299295748
 20
51.6338008648
 10
337.5083617273
 20
51.6296194755
 10
337.486609375
 20
51.6267269949
 10
337.4647305164
 20
51.625123423
 10
337.4427831498
 20
51.6248087599
 10
337.4208252734
 20
51.6257890566
 10
337.3989148858
 20
51.6280582621
 10
337.377109985
 20
51.6316224275
 10
337.3554685696
 20
51.6364815529
 10
337.3340486379
 20
51.6426356381
 10
337.3129081881
 20
51.6500907346
 10
337.6329713001
 20
51.6739930323
 10
337.6131959511
 20
51.6633852531
 10
337.5929461058
 20
51.6540603314
  0
HATCH
  5
526
100
AcDbEntity
  8
0
100
AcDbHatch
 62
7
  6
CONTINUOUS
 10
0.0
 20
0.0
 30
0.0
210
0.0
220
0.0
230
1.0
  2
SOLID
 70
1
 71
1
 91
1
 92
1
 93
16
 72
1
 10
337.5929461058
 20
51.6540603314
 11
337.5722797624
 21
51.6460243183
 72
1
 10
337.5722797624
 20
51.6460243183
 11
337.5512549193
 21
51.6392651116
 72
1
 10
337.5512549193
 20
51.6392651116
 11
337.5299295748
 21
51.6338008648
 72
1
 10
337.5299295748
 20
51.6338008648
 11
337.5083617273
 21
51.6296194755
 72
1
 10
337.5083617273
 20
51.6296194755
 11
337.486609375
 21
51.6267269949
 72
1
 10
337.486609375
 20
51.6267269949
 11
337.4647305164
 21
51.625123423
 72
1
 10
337.4647305164
 20
51.625123423
 11
337.4427831498
 21
51.6248087599
 72
1
 10
337.4427831498
 20
51.6248087599
 11
337.4208252734
 21
51.6257890566
 72
1
 10
337.4208252734
 20
51.6257890566
 11
337.3989148858
 21
51.6280582621
 72
1
 10
337.3989148858
 20
51.6280582621
 11
337.377109985
 21
51.6316224275
 72
1
 10
337.377109985
 20
51.6316224275
 11
337.3554685696
 21
51.6364815529
 72
1
 10
337.3554685696
 20
51.6364815529
 11
337.3340486379
 21
51.6426356381
 72
1
 10
337.3340486379
 20
51.6426356381
 11
337.3129081881
 21
51.6500907346
 72
1
 10
337.3129081881
 20
51.6500907346
 11
337.6329713001
 21
51.6739930323
 72
1
 10
337.6329713001
 20
51.6739930323
 11
337.6131959511
 21
51.6633852531
 72
1
 10
337.6131959511
 20
51.6633852531
 11
337.5929461058
 21
51.6540603314
 97
1
330
525
 75
0
 76
1
 98
1
 10
0.0
 20
0.0
  0
MTEXT
  5
527
100
AcDbEntity
  8
0
100
AcDbMText
 62
2
  6
CONTINUOUS
  7
TEXTSTYLE_2
 71
1
 72
1
 10
46.25
 20
20.0
 30
0.0
 11
1.0
 21
0.0
 31
0.0
 73
2
 44
0.9
  1
A
 40
3.0
 41
3.0
  0
MTEXT
  5
528
100
AcDbEntity
  8
0
100
AcDbMText
 62
2
  6
CONTINUOUS
  7
TEXTSTYLE_2
 71
1
 72
1
 10
91.75
 20
20.0
 30
0.0
 11
1.0
 21
0.0
 31
0.0
 73
2
 44
0.9
  1
B
 40
3.0
 41
3.0
  0
MTEXT
  5
529
100
AcDbEntity
  8
0
100
AcDbMText
 62
2
  6
CONTINUOUS
  7
TEXTSTYLE_2
 71
1
 72
1
 10
20.5
 20
49.2
 30
0.0
 11
1.0
 21
0.0
 31
0.0
 73
2
 44
0.9
  1
5
 40
3.0
 41
3.0
  0
MTEXT
  5
52A
100
AcDbEntity
  8
0
100
AcDbMText
 62
2
  6
CONTINUOUS
  7
TEXTSTYLE_2
 71
1
 72
1
 10
20.5
 20
99.6
 30
0.0
 11
1.0
 21
0.0
 31
0.0
 73
2
 44
0.9
  1
4
 40
3.0
 41
3.0
  0
MTEXT
  5
52B
100
AcDbEntity
  8
0
100
AcDbMText
 62
2
  6
CONTINUOUS
  7
TEXTSTYLE_2
 71
1
 72
1
 10
20.5
 20
150.0
 30
0.0
 11
1.0
 21
0.0
 31
0.0
 73
2
 44
0.9
  1
3
 40
3.0
 41
3.0
  0
MTEXT
  5
52C
100
AcDbEntity
  8
0
100
AcDbMText
 62
2
  6
CONTINUOUS
  7
TEXTSTYLE_2
 71
1
 72
1
 10
20.5
 20
200.4
 30
0.0
 11
1.0
 21
0.0
 31
0.0
 73
2
 44
0.9
  1
2
 40
3.0
 41
3.0
  0
MTEXT
  5
52D
100
AcDbEntity
  8
0
100
AcDbMText
 62
2
  6
CONTINUOUS
  7
TEXTSTYLE_2
 71
1
 72
1
 10
46.25
 20
280.0
 30
0.0
 11
1.0
 21
0.0
 31
0.0
 73
2
 44
0.9
  1
A
 40
3.0
 41
3.0
  0
MTEXT
  5
52E
100
AcDbEntity
  8
0
100
AcDbMText
 62
2
  6
CONTINUOUS
  7
TEXTSTYLE_2
 71
1
 72
1
 10
20.5
 20
250.8
 30
0.0
 11
1.0
 21
0.0
 31
0.0
 73
2
 44
0.9
  1
1
 40
3.0
 41
3.0
  0
MTEXT
  5
52F
100
AcDbEntity
  8
0
100
AcDbMText
 62
2
  6
CONTINUOUS
  7
TEXTSTYLE_2
 71
1
 72
1
 10
91.75
 20
280.0
 30
0.0
 11
1.0
 21
0.0
 31
0.0
 73
2
 44
0.9
  1
B
 40
3.0
 41
3.0
  0
MTEXT
  5
530
100
AcDbEntity
  8
0
100
AcDbMText
 62
2
  6
CONTINUOUS
  7
TEXTSTYLE_2
 71
1
 72
1
 10
137.25
 20
20.0
 30
0.0
 11
1.0
 21
0.0
 31
0.0
 73
2
 44
0.9
  1
C
 40
3.0
 41
3.0
  0
MTEXT
  5
531
100
AcDbEntity
  8
0
100
AcDbMText
 62
2
  6
CONTINUOUS
  7
TEXTSTYLE_2
 71
1
 72
1
 10
182.75
 20
20.0
 30
0.0
 11
1.0
 21
0.0
 31
0.0
 73
2
 44
0.9
  1
D
 40
3.0
 41
3.0
  0
MTEXT
  5
532
100
AcDbEntity
  8
0
100
AcDbMText
 62
2
  6
CONTINUOUS
  7
TEXTSTYLE_2
 71
1
 72
1
 10
228.25
 20
20.0
 30
0.0
 11
1.0
 21
0.0
 31
0.0
 73
2
 44
0.9
  1
E
 40
3.0
 41
3.0
  0
MTEXT
  5
533
100
AcDbEntity
  8
0
100
AcDbMText
 62
2
  6
CONTINUOUS
  7
TEXTSTYLE_2
 71
1
 72
1
 10
273.75
 20
20.0
 30
0.0
 11
1.0
 21
0.0
 31
0.0
 73
2
 44
0.9
  1
F
 40
3.0
 41
3.0
  0
MTEXT
  5
534
100
AcDbEntity
  8
0
100
AcDbMText
 62
2
  6
CONTINUOUS
  7
TEXTSTYLE_2
 71
1
 72
1
 10
137.25
 20
280.0
 30
0.0
 11
1.0
 21
0.0
 31
0.0
 73
2
 44
0.9
  1
C
 40
3.0
 41
3.0
  0
MTEXT
  5
535
100
AcDbEntity
  8
0
100
AcDbMText
 62
2
  6
CONTINUOUS
  7
TEXTSTYLE_2
 71
1
 72
1
 10
182.75
 20
280.0
 30
0.0
 11
1.0
 21
0.0
 31
0.0
 73
2
 44
0.9
  1
D
 40
3.0
 41
3.0
  0
MTEXT
  5
536
100
AcDbEntity
  8
0
100
AcDbMText
 62
2
  6
CONTINUOUS
  7
TEXTSTYLE_2
 71
1
 72
1
 10
228.25
 20
280.0
 30
0.0
 11
1.0
 21
0.0
 31
0.0
 73
2
 44
0.9
  1
E
 40
3.0
 41
3.0
  0
MTEXT
  5
537
100
AcDbEntity
  8
0
100
AcDbMText
 62
2
  6
CONTINUOUS
  7
TEXTSTYLE_2
 71
1
 72
1
 10
273.75
 20
280.0
 30
0.0
 11
1.0
 21
0.0
 31
0.0
 73
2
 44
0.9
  1
F
 40
3.0
 41
3.0
  0
MTEXT
  5
538
100
AcDbEntity
  8
0
100
AcDbMText
 62
2
  6
CONTINUOUS
  7
TEXTSTYLE_2
 71
1
 72
1
 10
319.25
 20
20.0
 30
0.0
 11
1.0
 21
0.0
 31
0.0
 73
2
 44
0.9
  1
G
 40
3.0
 41
3.0
  0
MTEXT
  5
539
100
AcDbEntity
  8
0
100
AcDbMText
 62
2
  6
CONTINUOUS
  7
TEXTSTYLE_2
 71
1
 72
1
 10
364.75
 20
20.0
 30
0.0
 11
1.0
 21
0.0
 31
0.0
 73
2
 44
0.9
  1
H
 40
3.0
 41
3.0
  0
MTEXT
  5
53A
100
AcDbEntity
  8
0
100
AcDbMText
 62
2
  6
CONTINUOUS
  7
TEXTSTYLE_2
 71
1
 72
1
 10
397.0
 20
49.2
 30
0.0
 11
1.0
 21
0.0
 31
0.0
 73
2
 44
0.9
  1
5
 40
3.0
 41
3.0
  0
MTEXT
  5
53B
100
AcDbEntity
  8
0
100
AcDbMText
 62
2
  6
CONTINUOUS
  7
TEXTSTYLE_2
 71
1
 72
1
 10
397.0
 20
99.6
 30
0.0
 11
1.0
 21
0.0
 31
0.0
 73
2
 44
0.9
  1
4
 40
3.0
 41
3.0
  0
MTEXT
  5
53C
100
AcDbEntity
  8
0
100
AcDbMText
 62
2
  6
CONTINUOUS
  7
TEXTSTYLE_2
 71
1
 72
1
 10
319.25
 20
280.0
 30
0.0
 11
1.0
 21
0.0
 31
0.0
 73
2
 44
0.9
  1
G
 40
3.0
 41
3.0
  0
MTEXT
  5
53D
100
AcDbEntity
  8
0
100
AcDbMText
 62
2
  6
CONTINUOUS
  7
TEXTSTYLE_2
 71
1
 72
1
 10
364.75
 20
280.0
 30
0.0
 11
1.0
 21
0.0
 31
0.0
 73
2
 44
0.9
  1
H
 40
3.0
 41
3.0
  0
MTEXT
  5
53E
100
AcDbEntity
  8
0
100
AcDbMText
 62
2
  6
CONTINUOUS
  7
TEXTSTYLE_2
 71
1
 72
1
 10
397.0
 20
150.0
 30
0.0
 11
1.0
 21
0.0
 31
0.0
 73
2
 44
0.9
  1
3
 40
3.0
 41
3.0
  0
MTEXT
  5
53F
100
AcDbEntity
  8
0
100
AcDbMText
 62
2
  6
CONTINUOUS
  7
TEXTSTYLE_2
 71
1
 72
1
 10
397.0
 20
200.4
 30
0.0
 11
1.0
 21
0.0
 31
0.0
 73
2
 44
0.9
  1
2
 40
3.0
 41
3.0
  0
MTEXT
  5
540
100
AcDbEntity
  8
0
100
AcDbMText
 62
2
  6
CONTINUOUS
  7
TEXTSTYLE_2
 71
1
 72
1
 10
397.0
 20
250.8
 30
0.0
 11
1.0
 21
0.0
 31
0.0
 73
2
 44
0.9
  1
1
 40
3.0
 41
3.0
  0
INSERT
  5
541
100
AcDbEntity
  8
0
100
AcDbBlockReference
 62
2
  6
CONTINUOUS
  2
SYM301_BL0
 10
310.5289843344
 20
34.4962659381
  0
INSERT
  5
542
100
AcDbEntity
  8
0
100
AcDbBlockReference
 62
2
  6
CONTINUOUS
  2
SYM301_BL1
 10
310.6692604679
 20
37.5110682975
  0
INSERT
  5
543
100
AcDbEntity
  8
0
100
AcDbBlockReference
 62
2
  6
CONTINUOUS
  2
SYM301_BL2
 10
310.1239413542
 20
40.4607489579
  0
INSERT
  5
544
100
AcDbEntity
  8
0
100
AcDbBlockReference
 62
2
  6
CONTINUOUS
  2
SYM001_BL3
 10
306.3060295647
 20
34.5212028383
  0
INSERT
  5
545
100
AcDbEntity
  8
0
100
AcDbBlockReference
 62
2
  6
CONTINUOUS
  2
SYM001_BL4
 10
306.314597998
 20
37.4827628938
  0
INSERT
  5
546
100
AcDbEntity
  8
0
100
AcDbBlockReference
 62
2
  6
CONTINUOUS
  2
SYM301_BL5
 10
306.0943526642
 20
40.5623453798
  0
DIMENSION
  5
547
100
AcDbEntity
  8
0
100
AcDbDimension
 62
2
  6
CONTINUOUS
  2
*D0
 10
308.6986815045
 20
206.8415140897
 11
317.4902927528
 21
216.0822915595
 70
163
 71
1
 72
2
 41
0.9
 42
6.0
  1
{\fSymbol_ASME;\W1.0;⌀}<>
  3
DIMSTYLE_1
100
AcDbDiametricDimension
 15
303.8610344201
 25
203.2922647766
  0
DIMENSION
  5
548
100
AcDbEntity
  8
0
100
AcDbDimension
 62
2
  6
CONTINUOUS
  2
*D1
 10
250.541712774
 20
207.0376793284
 11
257.3650507735
 21
215.9672381478
 70
163
 71
1
 72
2
 41
0.9
 42
6.0
  1
{\fSymbol_ASME;\W1.0;⌀}<>
  3
DIMSTYLE_1
100
AcDbDiametricDimension
 15
246.0180031507
 25
203.0960995379
  0
DIMENSION
  5
549
100
AcDbEntity
  8
0
100
AcDbDimension
 62
2
  6
CONTINUOUS
  2
*D2
 10
250.6321741889
 20
165.3287724506
 11
259.1816753326
 21
174.9653046188
 70
163
 71
1
 72
2
 41
0.9
 42
6.0
  1
{\fSymbol_ASME;\W1.0;⌀}<>
  3
DIMSTYLE_1
100
AcDbDiametricDimension
 15
245.9275417358
 25
161.6050064158
  0
DIMENSION
  5
54A
100
AcDbEntity
  8
0
100
AcDbDimension
 62
2
  6
CONTINUOUS
  2
*D3
 10
298.2389644604
 20
228.3617805518
 11
306.7913006661
 21
239.5163366073
 70
163
 71
1
 72
2
 41
0.9
 42
5.0
  1
{\fSymbol_ASME;\W1.0;⌀}<>
  3
DIMSTYLE_1
100
AcDbDiametricDimension
 15
294.6007514643
 25
224.9319983145
  0
DIMENSION
  5
54B
100
AcDbEntity
  8
0
100
AcDbDimension
 62
2
  6
CONTINUOUS
  2
*D4
 10
288.3285480724
 20
140.6678805702
 11
295.5827555242
 21
128.2652877348
 70
163
 71
1
 72
2
 41
0.9
 42
5.0
  1
{\fSymbol_ASME;\W1.0;⌀}<>
  3
DIMSTYLE_1
100
AcDbDiametricDimension
 15
286.5111678522
 25
145.3258982961
  0
DIMENSION
  5
54C
100
AcDbEntity
  8
0
100
AcDbDimension
 62
2
  6
CONTINUOUS
  2
*D5
 10
269.4698307179
 20
140.8614903689
 11
260.3072460493
 21
130.1380422359
 70
163
 71
3
 72
2
 41
0.9
 42
5.0
  1
{\fSymbol_ASME;\W1.0;⌀}<>
  3
DIMSTYLE_1
100
AcDbDiametricDimension
 15
272.0698852068
 25
145.1322884974
  0
DIMENSION
  5
54D
100
AcDbEntity
  8
0
100
AcDbDimension
 62
2
  6
CONTINUOUS
  2
*D6
 10
121.2808836643
 20
65.9202837471
 11
108.3375183105
 21
65.9202837471
 70
160
 71
3
 72
2
 41
0.9
 42
0.7
  3
DIMSTYLE_2
100
AcDbAlignedDimension
 13
119.1808836643
 23
61.4191712882
 14
121.2808836643
 24
61.4191712882
100
AcDbRotatedDimension
  0
DIMENSION
  5
54E
100
AcDbEntity
  8
0
100
AcDbDimension
 62
2
  6
CONTINUOUS
  2
*D7
 10
100.8912848808
 20
60.2191712882
 11
100.8912848808
 21
68.5785446714
 70
160
 71
1
 72
2
 41
0.9
 42
0.4
  3
DIMSTYLE_2
100
AcDbAlignedDimension
 13
119.1808836643
 23
61.4191712882
 14
119.1808836643
 24
60.2191712882
 50
270.0
100
AcDbRotatedDimension
  0
DIMENSION
  5
54F
100
AcDbEntity
  8
0
100
AcDbDimension
 62
2
  6
CONTINUOUS
  2
*D8
 10
89.2851884457
 20
59.6191712882
 11
89.2851884457
 21
74.9924732335
 70
160
 71
1
 72
2
 41
0.9
 42
0.6
  1
<> \P(Pitch)
  3
DIMSTYLE_2
100
AcDbAlignedDimension
 13
119.1808836643
 23
61.4191712882
 14
119.1808836643
 24
59.6191712882
 50
270.0
100
AcDbRotatedDimension
  0
DIMENSION
  5
550
100
AcDbEntity
  8
0
100
AcDbDimension
 62
2
  6
CONTINUOUS
  2
*D9
 10
121.7608836643
 20
81.1823985508
 11
109.2287775696
 21
81.1823985508
 70
160
 71
3
 72
2
 41
0.9
 42
0.86
  1
<>-4
  3
DIMSTYLE_2
100
AcDbAlignedDimension
 13
119.1808836643
 23
61.4191712882
 14
121.7608836643
 24
61.4191712882
100
AcDbRotatedDimension
  0
DIMENSION
  5
551
100
AcDbEntity
  8
0
100
AcDbDimension
 62
2
  6
CONTINUOUS
  2
*D10
 10
129.0808836643
 20
85.4813520734
 11
124.1308795166
 21
85.4813520734
 70
160
 71
2
 72
2
 41
0.9
 42
3.3
  3
DIMSTYLE_2
100
AcDbAlignedDimension
 13
119.1808836643
 23
61.4191712882
 14
129.0808836643
 24
61.4191712882
100
AcDbRotatedDimension
  0
DIMENSION
  5
552
100
AcDbEntity
  8
0
100
AcDbDimension
 62
2
  6
CONTINUOUS
  2
*D11
 10
138.9808836643
 20
92.0352553967
 11
129.0808886719
 21
92.0352553967
 70
160
 71
2
 72
2
 41
0.9
 42
6.6
  3
DIMSTYLE_2
100
AcDbAlignedDimension
 13
119.1808836643
 23
61.4191712882
 14
138.9808836643
 24
61.4191712882
100
AcDbRotatedDimension
  0
DIMENSION
  5
553
100
AcDbEntity
  8
0
100
AcDbDimension
 62
2
  6
CONTINUOUS
  2
*D12
 10
148.8808836643
 20
96.988304189
 11
134.0308850098
 21
96.988304189
 70
160
 71
2
 72
2
 41
0.9
 42
9.9
  3
DIMSTYLE_2
100
AcDbAlignedDimension
 13
119.1808836643
 23
61.4191712882
 14
148.8808836643
 24
61.4191712882
100
AcDbRotatedDimension
  0
DIMENSION
  5
554
100
AcDbEntity
  8
0
100
AcDbDimension
 62
6
  6
CONTINUOUS
  2
*D13
 10
68.6144552005
 20
143.5532410355
 11
55.7048007202
 21
145.8032418823
 70
166
 71
3
 72
2
 41
0.9
  3
DIMSTYLE_3
100
AcDbOrdinateDimension
 13
68.0343670124
 23
143.5532410355
 14
62.0048009304
 24
143.5532410355
1001
ACAD
1000
DSTYLE
1002
{
1070
73
1070
0
1070
74
1070
0
1070
77
1070
1
1002
}
  0
DIMENSION
  5
555
100
AcDbEntity
  8
0
100
AcDbDimension
 62
6
  6
CONTINUOUS
  2
*D14
 10
111.5493320424
 20
143.5532410355
 11
99.8826727295
 21
145.7332461548
 70
166
 71
3
 72
2
 41
0.9
 42
0.07
  3
DIMSTYLE_3
100
AcDbOrdinateDimension
 13
110.5493320424
 23
143.4832410355
 14
106.1826726821
 24
143.4832410355
1001
ACAD
1000
DSTYLE
1002
{
1070
73
1070
0
1070
74
1070
0
1070
77
1070
1
1002
}
  0
DIMENSION
  5
556
100
AcDbEntity
  8
0
100
AcDbDimension
 62
6
  6
CONTINUOUS
  2
*D15
 10
105.0793320424
 20
143.5532410355
 11
54.4946763611
 21
222.9032409668
 70
166
 71
3
 72
2
 41
0.9
 42
77.1
  3
DIMSTYLE_3
100
AcDbOrdinateDimension
 13
104.0793320424
 23
220.6532410355
 14
61.9946777723
 24
220.6532410355
1001
ACAD
1000
DSTYLE
1002
{
1070
73
1070
0
1070
74
1070
0
1070
77
1070
1
1002
}
  0
DIMENSION
  5
557
100
AcDbEntity
  8
0
100
AcDbDimension
 62
2
  6
CONTINUOUS
  2
*D16
 10
336.1198579623
 20
146.2468894332
 11
347.9141162109
 21
148.4968917847
 70
166
 71
1
 72
2
 41
0.9
  3
DIMSTYLE_3
100
AcDbOrdinateDimension
 13
337.1198579623
 23
146.2468894332
 14
341.6141208062
 24
146.2468894332
1001
ACAD
1000
DSTYLE
1002
{
1070
73
1070
0
1070
74
1070
0
1070
77
1070
1
1002
}
  0
DIMENSION
  5
558
100
AcDbEntity
  8
0
100
AcDbDimension
 62
2
  6
CONTINUOUS
  2
*D17
 10
67.5793320424
 20
143.4532410355
 11
102.8293285655
 21
246.4942657075
 70
230
 71
1
 72
2
 41
0.9
 42
37.5
  3
DIMSTYLE_3
100
AcDbOrdinateDimension
 13
105.0793320424
 23
228.6532410355
 14
105.0793320424
 24
238.9942677633
1001
ACAD
1000
DSTYLE
1002
{
1070
73
1070
0
1070
74
1070
0
1070
77
1070
1
1002
}
  0
DIMENSION
  5
559
100
AcDbEntity
  8
0
100
AcDbDimension
 62
2
  6
CONTINUOUS
  2
*D18
 10
67.5793320424
 20
143.4532410355
 11
65.3293285655
 21
245.2942707429
 70
230
 71
1
 72
2
 41
0.9
  3
DIMSTYLE_3
100
AcDbOrdinateDimension
 13
67.5793320424
 23
144.4532410355
 14
67.5793320424
 24
238.9942677633
1001
ACAD
1000
DSTYLE
1002
{
1070
73
1070
0
1070
74
1070
0
1070
77
1070
1
1002
}
  0
DIMENSION
  5
55A
100
AcDbEntity
  8
0
100
AcDbDimension
 62
2
  6
CONTINUOUS
  2
*D19
 10
67.5793320424
 20
227.6532410355
 11
110.0293285655
 21
246.4942670808
 70
230
 71
1
 72
2
 41
0.9
 42
44.7
  3
DIMSTYLE_3
100
AcDbOrdinateDimension
 13
112.2793320424
 23
228.6532410355
 14
112.2793320424
 24
238.9942677633
1001
ACAD
1000
DSTYLE
1002
{
1070
73
1070
0
1070
74
1070
0
1070
77
1070
1
1002
}
  0
DIMENSION
  5
55B
100
AcDbEntity
  8
0
100
AcDbDimension
 62
2
  6
CONTINUOUS
  2
*D20
 10
67.5793320424
 20
227.6532410355
 11
122.0293285655
 21
246.4942661653
 70
230
 71
1
 72
2
 41
0.9
 42
56.7
  3
DIMSTYLE_3
100
AcDbOrdinateDimension
 13
124.2793320424
 23
228.6532410355
 14
124.2793320424
 24
238.9942677633
1001
ACAD
1000
DSTYLE
1002
{
1070
73
1070
0
1070
74
1070
0
1070
77
1070
1
1002
}
  0
DIMENSION
  5
55C
100
AcDbEntity
  8
0
100
AcDbDimension
 62
2
  6
CONTINUOUS
  2
*D21
 10
67.5793320424
 20
227.6532410355
 11
131.2293285655
 21
246.4942695222
 70
230
 71
1
 72
2
 41
0.9
 42
65.9
  3
DIMSTYLE_3
100
AcDbOrdinateDimension
 13
133.4793320424
 23
228.6532410355
 14
133.4793320424
 24
238.9942677633
1001
ACAD
1000
DSTYLE
1002
{
1070
73
1070
0
1070
74
1070
0
1070
77
1070
1
1002
}
  0
DIMENSION
  5
55D
100
AcDbEntity
  8
0
100
AcDbDimension
 62
2
  6
CONTINUOUS
  2
*D22
 10
337.1198579623
 20
146.0468894332
 11
324.8698602876
 21
125.8631256251
 70
230
 71
3
 72
2
 41
0.9
 42
10.0
  3
DIMSTYLE_3
100
AcDbOrdinateDimension
 13
327.1198579623
 23
136.2468894332
 14
327.1198579623
 24
133.0631319029
1001
ACAD
1000
DSTYLE
1002
{
1070
73
1070
0
1070
74
1070
0
1070
77
1070
1
1002
}
  0
DIMENSION
  5
55E
100
AcDbEntity
  8
0
100
AcDbDimension
 62
2
  6
CONTINUOUS
  2
*D23
 10
337.1198579623
 20
146.0468894332
 11
334.8698566255
 21
126.7631396632
 70
230
 71
3
 72
2
 41
0.9
  3
DIMSTYLE_3
100
AcDbOrdinateDimension
 13
337.1198579623
 23
145.0468894332
 14
337.1198579623
 24
133.0631319029
1001
ACAD
1000
DSTYLE
1002
{
1070
73
1070
0
1070
74
1070
0
1070
77
1070
1
1002
}
  0
DIMENSION
  5
55F
100
AcDbEntity
  8
0
100
AcDbDimension
 62
2
  6
CONTINUOUS
  2
*D24
 10
337.1198579623
 20
137.2468894332
 11
238.9698602876
 21
125.5631244044
 70
230
 71
3
 72
2
 41
0.9
 42
95.9
  3
DIMSTYLE_3
100
AcDbOrdinateDimension
 13
241.2198579623
 23
136.2468894332
 14
241.2198579623
 24
133.0631319029
1001
ACAD
1000
DSTYLE
1002
{
1070
73
1070
0
1070
74
1070
0
1070
77
1070
1
1002
}
  0
DIMENSION
  5
560
100
AcDbEntity
  8
0
100
AcDbDimension
 62
2
  6
CONTINUOUS
  2
*D25
 10
241.2198579623
 20
146.2468894332
 11
220.0428039551
 21
146.9968862915
 70
166
 71
3
 72
2
 41
0.9
 42
1.5
  3
DIMSTYLE_3
100
AcDbOrdinateDimension
 13
237.2198579623
 23
144.7468894332
 14
226.0428125972
 24
144.7468894332
1001
ACAD
1000
DSTYLE
1002
{
1070
73
1070
0
1070
74
1070
0
1070
77
1070
1
1002
}
  0
DIMENSION
  5
561
100
AcDbEntity
  8
0
100
AcDbDimension
 62
2
  6
CONTINUOUS
  2
*D26
 10
235.7198579623
 20
146.2468894332
 11
215.04519104
 21
219.4968933105
 70
166
 71
3
 72
2
 41
0.9
 42
71.0
  3
DIMSTYLE_3
100
AcDbOrdinateDimension
 13
231.2198579623
 23
217.2468894332
 14
222.5451941499
 24
217.2468894332
1001
ACAD
1000
DSTYLE
1002
{
1070
73
1070
0
1070
74
1070
0
1070
77
1070
1
1002
}
  0
DIMENSION
  5
562
100
AcDbEntity
  8
0
100
AcDbDimension
 62
2
  6
CONTINUOUS
  2
*D27
 10
235.7198579623
 20
146.2468894332
 11
209.5808972168
 21
215.4968829346
 70
166
 71
3
 72
2
 41
0.9
 42
67.0
  3
DIMSTYLE_3
100
AcDbOrdinateDimension
 13
231.2198579623
 23
213.2468894332
 14
217.0809013569
 24
213.2468894332
1001
ACAD
1000
DSTYLE
1002
{
1070
73
1070
0
1070
74
1070
0
1070
77
1070
1
1002
}
  0
DIMENSION
  5
563
100
AcDbEntity
  8
0
100
AcDbDimension
 62
2
  6
CONTINUOUS
  2
*D28
 10
337.1198579623
 20
146.2468894332
 11
349.114118042
 21
219.4968933105
 70
166
 71
1
 72
2
 41
0.9
 42
71.0
  3
DIMSTYLE_3
100
AcDbOrdinateDimension
 13
338.1198579623
 23
217.2468894332
 14
341.6141208062
 24
217.2468894332
1001
ACAD
1000
DSTYLE
1002
{
1070
73
1070
0
1070
74
1070
0
1070
77
1070
1
1002
}
  0
DIMENSION
  5
564
100
AcDbEntity
  8
0
100
AcDbDimension
 62
2
  6
CONTINUOUS
  2
*D29
 10
337.1198579623
 20
146.2468894332
 11
349.114118042
 21
215.4968829346
 70
166
 71
1
 72
2
 41
0.9
 42
67.0
  3
DIMSTYLE_3
100
AcDbOrdinateDimension
 13
338.1198579623
 23
213.2468894332
 14
341.6141208062
 24
213.2468894332
1001
ACAD
1000
DSTYLE
1002
{
1070
73
1070
0
1070
74
1070
0
1070
77
1070
1
1002
}
  0
DIMENSION
  5
565
100
AcDbEntity
  8
0
100
AcDbDimension
 62
2
  6
CONTINUOUS
  2
*D30
 10
337.1198579623
 20
213.2468894332
 11
330.8698599746
 21
246.8746154855
 70
230
 71
1
 72
2
 41
0.9
 42
4.0
  3
DIMSTYLE_3
100
AcDbOrdinateDimension
 13
333.1198579623
 23
218.2468894332
 14
333.1198579623
 24
240.5746052837
1001
ACAD
1000
DSTYLE
1002
{
1070
73
1070
0
1070
74
1070
0
1070
77
1070
1
1002
}
  0
DIMENSION
  5
566
100
AcDbEntity
  8
0
100
AcDbDimension
 62
2
  6
CONTINUOUS
  2
*D31
 10
337.1198579623
 20
213.2468894332
 11
233.4698555222
 21
247.5319920145
 70
230
 71
1
 72
2
 41
0.9
 42
101.4
  3
DIMSTYLE_3
100
AcDbOrdinateDimension
 13
235.7198579623
 23
218.2468894332
 14
235.7198579623
 24
238.5319842542
1001
ACAD
1000
DSTYLE
1002
{
1070
73
1070
0
1070
74
1070
0
1070
77
1070
1
1002
}
  0
DIMENSION
  5
567
100
AcDbEntity
  8
0
100
AcDbDimension
 62
2
  6
CONTINUOUS
  2
*D32
 10
259.7640967574
 20
227.83446051
 11
249.4393916547
 21
224.5503169429
 70
163
 71
3
 72
2
 41
0.9
 42
4.5
  1
{\fSymbol_ASME;\W1.0;⌀}<>
  3
DIMSTYLE_1
100
AcDbDiametricDimension
 15
263.6756191673
 25
230.0593183564
  0
DIMENSION
  5
568
100
AcDbEntity
  8
0
100
AcDbDimension
 62
2
  6
CONTINUOUS
  2
*D33
 10
308.6322521089
 20
165.3286740016
 11
317.2159279325
 21
174.9915764629
 70
163
 71
1
 72
2
 41
0.9
 42
6.0
  1
{\fSymbol_ASME;\W1.0;⌀}<>
  3
DIMSTYLE_1
100
AcDbDiametricDimension
 15
303.9274638158
 25
161.6051048647
  0
DIMENSION
  5
569
100
AcDbEntity
  8
0
100
AcDbDimension
 62
2
  6
CONTINUOUS
  2
*D34
 10
337.1198579623
 20
137.2468894332
 11
321.1698602876
 21
125.8631317287
 70
230
 71
3
 72
2
 41
0.9
 42
13.7
  3
DIMSTYLE_3
100
AcDbOrdinateDimension
 13
323.4198579623
 23
136.2468894332
 14
323.4198579623
 24
133.0631319029
1001
ACAD
1000
DSTYLE
1002
{
1070
73
1070
0
1070
74
1070
0
1070
77
1070
1
1002
}
  0
DIMENSION
  5
56A
100
AcDbEntity
  8
0
100
AcDbDimension
 62
2
  6
CONTINUOUS
  2
*D35
 10
337.1198579623
 20
137.2468894332
 11
309.1198602876
 21
125.6381292873
 70
230
 71
3
 72
2
 41
0.9
 42
25.75
  3
DIMSTYLE_3
100
AcDbOrdinateDimension
 13
311.3698579623
 23
136.2468894332
 14
311.3698579623
 24
133.0631319029
1001
ACAD
1000
DSTYLE
1002
{
1070
73
1070
0
1070
74
1070
0
1070
77
1070
1
1002
}
  0
DIMENSION
  5
56B
100
AcDbEntity
  8
0
100
AcDbDimension
 62
2
  6
CONTINUOUS
  2
*D36
 10
280.9198579623
 20
146.2468894332
 11
349.114118042
 21
224.9968963623
 70
166
 71
1
 72
2
 41
0.9
 42
76.5
  3
DIMSTYLE_3
100
AcDbOrdinateDimension
 13
281.9198579623
 23
222.7468894332
 14
341.6141208062
 24
222.7468894332
1001
ACAD
1000
DSTYLE
1002
{
1070
73
1070
0
1070
74
1070
0
1070
77
1070
1
1002
}
  0
DIMENSION
  5
56C
100
AcDbEntity
  8
0
100
AcDbDimension
 62
2
  6
CONTINUOUS
  2
*D37
 10
337.1198579623
 20
222.7468894332
 11
278.6698558605
 21
240.9394490178
 70
230
 71
1
 72
2
 41
0.9
 42
56.2
  3
DIMSTYLE_3
100
AcDbOrdinateDimension
 13
280.9198579623
 23
231.2468894332
 14
280.9198579623
 24
233.4394589577
1001
ACAD
1000
DSTYLE
1002
{
1070
73
1070
0
1070
74
1070
0
1070
77
1070
1
1002
}
  0
DIMENSION
  5
56D
100
AcDbEntity
  8
0
100
AcDbDimension
 62
2
  6
CONTINUOUS
  2
*D38
 10
337.1198579623
 20
222.7468894332
 11
268.1698516414
 21
243.8585780995
 70
230
 71
1
 72
2
 41
0.9
 42
66.7
  3
DIMSTYLE_3
100
AcDbOrdinateDimension
 13
270.4198579623
 23
231.2468894332
 14
270.4198579623
 24
236.3585880394
1001
ACAD
1000
DSTYLE
1002
{
1070
73
1070
0
1070
74
1070
0
1070
77
1070
1
1002
}
  0
DIMENSION
  5
56E
100
AcDbEntity
  8
0
100
AcDbDimension
 62
6
  6
CONTINUOUS
  2
*D39
 10
166.8793284986
 20
143.5532410355
 11
189.6755529785
 21
151.3032449341
 70
166
 71
1
 72
2
 41
0.9
 42
5.5
  3
DIMSTYLE_3
100
AcDbOrdinateDimension
 13
173.9793320424
 23
149.0532410355
 14
183.3755519955
 24
149.0532410355
1001
ACAD
1000
DSTYLE
1002
{
1070
73
1070
0
1070
74
1070
0
1070
77
1070
1
1002
}
  0
DIMENSION
  5
56F
100
AcDbEntity
  8
0
100
AcDbDimension
 62
6
  6
CONTINUOUS
  2
*D40
 10
81.5793320424
 20
143.5532410355
 11
42.8422366333
 21
143.9032443237
 70
166
 71
3
 72
2
 41
0.9
 42
1.9
  3
DIMSTYLE_3
100
AcDbOrdinateDimension
 13
80.5793320424
 23
141.6532410355
 14
48.8422359119
 24
141.6532410355
1001
ACAD
1000
DSTYLE
1002
{
1070
73
1070
0
1070
74
1070
0
1070
77
1070
1
1002
}
  0
DIMENSION
  5
570
100
AcDbEntity
  8
0
100
AcDbDimension
 62
2
  6
CONTINUOUS
  2
*D41
 10
67.5793320424
 20
141.6532410355
 11
79.3293306733
 21
117.3525525749
 70
230
 71
3
 72
2
 41
0.9
 42
14.0
  3
DIMSTYLE_3
100
AcDbOrdinateDimension
 13
81.5793320424
 23
133.6532410355
 14
81.5793320424
 24
124.5525526471
1001
ACAD
1000
DSTYLE
1002
{
1070
73
1070
0
1070
74
1070
0
1070
77
1070
1
1002
}
  0
DIMENSION
  5
571
100
AcDbEntity
  8
0
100
AcDbDimension
 62
2
  6
CONTINUOUS
  2
*D42
 10
67.5793320424
 20
141.6532410355
 11
85.8293340516
 21
119.8346189414
 70
230
 71
3
 72
2
 41
0.9
 42
20.5
  3
DIMSTYLE_3
100
AcDbOrdinateDimension
 13
88.0793320424
 23
133.6532410355
 14
88.0793320424
 24
127.3346202343
1001
ACAD
1000
DSTYLE
1002
{
1070
73
1070
0
1070
74
1070
0
1070
77
1070
1
1002
}
  0
DIMENSION
  5
572
100
AcDbEntity
  8
0
100
AcDbDimension
 62
2
  6
CONTINUOUS
  2
*D43
 10
67.5793320424
 20
149.0532410355
 11
164.6293276264
 21
125.0013136345
 70
230
 71
3
 72
2
 41
0.9
 42
99.2999964562
  3
DIMSTYLE_3
100
AcDbOrdinateDimension
 13
166.8793284986
 23
141.8532383777
 14
166.8793284986
 24
132.501317182
1001
ACAD
1000
DSTYLE
1002
{
1070
73
1070
0
1070
74
1070
0
1070
77
1070
1
1002
}
  0
DIMENSION
  5
573
100
AcDbEntity
  8
0
100
AcDbDimension
 62
2
  6
CONTINUOUS
  2
*D44
 10
323.4198579623
 20
146.2468894332
 11
366.6820458984
 21
146.0968881226
 70
166
 71
1
 72
2
 41
0.9
 42
2.4
  3
DIMSTYLE_3
100
AcDbOrdinateDimension
 13
324.4198579623
 23
143.8468894332
 14
360.3820370692
 24
143.8468894332
1001
ACAD
1000
DSTYLE
1002
{
1070
73
1070
0
1070
74
1070
0
1070
77
1070
1
1002
}
  0
DIMENSION
  5
574
100
AcDbEntity
  8
0
100
AcDbDimension
 62
2
  6
CONTINUOUS
  2
*D45
 10
250.0698579623
 20
146.2468894332
 11
203.8324804687
 21
145.0968887329
 70
166
 71
3
 72
2
 41
0.9
 42
3.4
  3
DIMSTYLE_3
100
AcDbOrdinateDimension
 13
242.0698579623
 23
142.8468894332
 14
210.1324741953
 24
142.8468894332
1001
ACAD
1000
DSTYLE
1002
{
1070
73
1070
0
1070
74
1070
0
1070
77
1070
1
1002
}
  0
DIMENSION
  5
575
100
AcDbEntity
  8
0
100
AcDbDimension
 62
2
  6
CONTINUOUS
  2
*D46
 10
337.1198579623
 20
137.2468894332
 11
247.8198602876
 21
125.5631298976
 70
230
 71
3
 72
2
 41
0.9
 42
87.05
  3
DIMSTYLE_3
100
AcDbOrdinateDimension
 13
250.0698579623
 23
136.2468894332
 14
250.0698579623
 24
133.0631319029
1001
ACAD
1000
DSTYLE
1002
{
1070
73
1070
0
1070
74
1070
0
1070
77
1070
1
1002
}
  0
DIMENSION
  5
576
100
AcDbEntity
  8
0
100
AcDbDimension
 62
2
  6
CONTINUOUS
  2
*D47
 10
337.1198579623
 20
141.8718894332
 11
240.8198547275
 21
110.5939507535
 70
230
 71
3
 72
2
 41
0.9
 42
94.05
  3
DIMSTYLE_3
100
AcDbOrdinateDimension
 13
243.0698579623
 23
140.8718894332
 14
243.0698579623
 24
118.0189539795
1001
ACAD
1000
DSTYLE
1002
{
1070
73
1070
0
1070
74
1070
0
1070
77
1070
1
1002
}
  0
DIMENSION
  5
577
100
AcDbEntity
  8
0
100
AcDbDimension
 62
6
  6
CONTINUOUS
  2
*D48
 10
95.9904616341
 20
143.5532410355
 11
83.7376730347
 21
144.9032437134
 70
166
 71
3
 72
2
 41
0.9
 42
0.9
  3
DIMSTYLE_3
100
AcDbOrdinateDimension
 13
94.9904616341
 23
142.6532410355
 14
90.0376759576
 24
142.6532410355
1001
ACAD
1000
DSTYLE
1002
{
1070
73
1070
0
1070
74
1070
0
1070
77
1070
1
1002
}
  0
DIMENSION
  5
578
100
AcDbEntity
  8
0
100
AcDbDimension
 62
6
  6
CONTINUOUS
  2
*D49
 10
148.3793320424
 20
143.5532410355
 11
185.0369036865
 21
144.9032437134
 70
166
 71
1
 72
2
 41
0.9
 42
0.9
  3
DIMSTYLE_3
100
AcDbOrdinateDimension
 13
154.311587094
 23
142.6532410355
 14
178.736902563
 24
142.6532410355
1001
ACAD
1000
DSTYLE
1002
{
1070
73
1070
0
1070
74
1070
0
1070
77
1070
1
1002
}
  0
DIMENSION
  5
579
100
AcDbEntity
  8
0
100
AcDbDimension
 62
6
  6
CONTINUOUS
  2
*D50
 10
286.4198579623
 20
146.4943894332
 11
349.0391235352
 21
231.0443939209
 70
166
 71
1
 72
2
 41
0.9
 42
82.3
  3
DIMSTYLE_3
100
AcDbOrdinateDimension
 13
287.4198579623
 23
228.7943894332
 14
341.6141208062
 24
228.7943894332
1001
ACAD
1000
DSTYLE
1002
{
1070
73
1070
0
1070
74
1070
0
1070
77
1070
1
1002
}
  0
DIMENSION
  5
57A
100
AcDbEntity
  8
0
100
AcDbDimension
 62
2
  6
CONTINUOUS
  2
*D51
 10
67.5793320424
 20
142.6532410355
 11
93.74045974
 21
119.7660478548
 70
230
 71
3
 72
2
 41
0.9
 42
28.4111295917
  3
DIMSTYLE_3
100
AcDbOrdinateDimension
 13
95.9904616341
 23
133.6532410355
 14
95.9904616341
 24
127.566046995
1001
ACAD
1000
DSTYLE
1002
{
1070
73
1070
0
1070
74
1070
0
1070
77
1070
1
1002
}
  0
DIMENSION
  5
57B
100
AcDbEntity
  8
0
100
AcDbDimension
 62
2
  6
CONTINUOUS
  2
*D52
 10
67.5793320424
 20
142.6532410355
 11
99.9293327548
 21
116.4154677117
 70
230
 71
3
 72
2
 41
0.9
 42
34.6
  3
DIMSTYLE_3
100
AcDbOrdinateDimension
 13
102.1793320424
 23
138.0499039902
 14
102.1793320424
 24
123.9154667158
1001
ACAD
1000
DSTYLE
1002
{
1070
73
1070
0
1070
74
1070
0
1070
77
1070
1
1002
}
  0
DIMENSION
  5
57C
100
AcDbEntity
  8
0
100
AcDbDimension
 62
2
  6
CONTINUOUS
  2
*D53
 10
67.5793320424
 20
142.6532410355
 11
146.1293347324
 21
122.5464500666
 70
230
 71
3
 72
2
 41
0.9
 42
80.8
  3
DIMSTYLE_3
100
AcDbOrdinateDimension
 13
148.3793320424
 23
138.0499039902
 14
148.3793320424
 24
130.1214531905
1001
ACAD
1000
DSTYLE
1002
{
1070
73
1070
0
1070
74
1070
0
1070
77
1070
1
1002
}
  0
DIMENSION
  5
57D
100
AcDbEntity
  8
0
100
AcDbDimension
 62
2
  6
CONTINUOUS
  2
*D54
 10
67.5793320424
 20
135.8750080372
 11
155.0615863707
 21
124.0360504274
 70
230
 71
3
 72
2
 41
0.9
 42
89.7322550516
  3
DIMSTYLE_3
100
AcDbOrdinateDimension
 13
157.311587094
 23
133.6532410355
 14
157.311587094
 24
131.5360530487
1001
ACAD
1000
DSTYLE
1002
{
1070
73
1070
0
1070
74
1070
0
1070
77
1070
1
1002
}
  0
DIMENSION
  5
57E
100
AcDbEntity
  8
0
100
AcDbDimension
 62
6
  6
CONTINUOUS
  2
*D55
 10
337.1198579623
 20
228.7943894332
 11
284.1698537536
 21
247.6806242792
 70
230
 71
1
 72
2
 41
0.9
 42
50.7
  3
DIMSTYLE_3
100
AcDbOrdinateDimension
 13
286.4198579623
 23
229.7943894332
 14
286.4198579623
 24
240.1806183499
1001
ACAD
1000
DSTYLE
1002
{
1070
73
1070
0
1070
74
1070
0
1070
77
1070
1
1002
}
  0
DIMENSION
  5
57F
100
AcDbEntity
  8
0
100
AcDbDimension
 62
2
  6
CONTINUOUS
  2
*D56
 10
67.5793320424
 20
226.1532410355
 11
168.0593285655
 21
248.0692628084
 70
230
 71
1
 72
2
 41
0.9
 42
102.73
  3
DIMSTYLE_3
100
AcDbOrdinateDimension
 13
170.3093320424
 23
227.1532410355
 14
170.3093320424
 24
238.9942677633
1001
ACAD
1000
DSTYLE
1002
{
1070
73
1070
0
1070
74
1070
0
1070
77
1070
1
1002
}
  0
DIMENSION
  5
580
100
AcDbEntity
  8
0
100
AcDbDimension
 62
2
  6
CONTINUOUS
  2
*D57
 10
67.5793320424
 20
226.1532410355
 11
163.8593285655
 21
246.5692701326
 70
230
 71
1
 72
2
 41
0.9
 42
98.53
  3
DIMSTYLE_3
100
AcDbOrdinateDimension
 13
166.1093320424
 23
227.1532410355
 14
166.1093320424
 24
238.9942677633
1001
ACAD
1000
DSTYLE
1002
{
1070
73
1070
0
1070
74
1070
0
1070
77
1070
1
1002
}
  0
DIMENSION
  5
581
100
AcDbEntity
  8
0
100
AcDbDimension
 62
6
  6
CONTINUOUS
  2
*D58
 10
170.3093320424
 20
143.5532410355
 11
184.4952346802
 21
228.4032440186
 70
166
 71
1
 72
2
 41
0.9
 42
82.6
  3
DIMSTYLE_3
100
AcDbOrdinateDimension
 13
171.3093320424
 23
226.1532410355
 14
177.0702315936
 24
226.1532410355
1001
ACAD
1000
DSTYLE
1002
{
1070
73
1070
0
1070
74
1070
0
1070
77
1070
1
1002
}
  0
DIMENSION
  5
582
100
AcDbEntity
  8
0
100
AcDbDimension
 62
6
  6
CONTINUOUS
  2
*D59
 10
170.3093320424
 20
143.5532410355
 11
200.1806799316
 21
225.7532373047
 70
166
 71
1
 72
2
 41
0.9
 42
79.95
  3
DIMSTYLE_3
100
AcDbOrdinateDimension
 13
171.3093320424
 23
223.5032410355
 14
192.6056794834
 24
223.5032410355
1001
ACAD
1000
DSTYLE
1002
{
1070
73
1070
0
1070
74
1070
0
1070
77
1070
1
1002
}
  0
ACAD_TABLE
  5
583
100
AcDbEntity
  8
0
 62
2
  6
CONTINUOUS
100
AcDbBlockReference
  2
*T1
 10
320.0
 20
276.0
 30
0.0
100
AcDbTable
342
      1391
343
277
 11
1.0
 21
0.0
 31
0.0
 90
22
 91
2
 92
4
 93
0
 94
0
 95
0
 96
0
141
3.0
141
4.0
142
6.0
142
40.0
142
15.0
142
15.0
171
1
172
0
173
0
174
0
175
1
176
1
 91
49
178
0
145
0.0
  7
TEXTSTYLE_4
301
CELL_VALUE
 90
4
  1
REV
304
ACVALUE_END
170
5
140
2.0
171
1
172
0
173
0
174
0
175
1
176
1
 91
49
178
0
145
0.0
  7
TEXTSTYLE_4
301
CELL_VALUE
 90
4
  1
DESCRIPTION OF CHANGE
304
ACVALUE_END
170
5
140
2.0
171
1
172
0
173
0
174
0
175
1
176
1
 91
49
178
0
145
0.0
  7
TEXTSTYLE_4
301
CELL_VALUE
 90
4
  1
REV BY
304
ACVALUE_END
170
5
140
2.0
171
1
172
0
173
0
174
0
175
1
176
1
 91
49
178
0
145
0.0
  7
TEXTSTYLE_4
301
CELL_VALUE
 90
4
  1
DATE
304
ACVALUE_END
170
5
140
2.0
171
1
172
0
173
0
174
0
175
1
176
1
 91
33
178
0
145
0.0
301
CELL_VALUE
 90
4
  1
 
304
ACVALUE_END
170
5
140
2.0
171
1
172
0
173
0
174
0
175
1
176
1
 91
33
178
0
145
0.0
301
CELL_VALUE
 90
4
  1
 
304
ACVALUE_END
170
4
140
2.0
171
1
172
0
173
0
174
0
175
1
176
1
 91
33
178
0
145
0.0
301
CELL_VALUE
 90
4
  1
 
304
ACVALUE_END
170
5
140
2.0
171
1
172
0
173
0
174
0
175
1
176
1
 91
33
178
0
145
0.0
301
CELL_VALUE
 90
4
  1
 
304
ACVALUE_END
170
5
140
2.0
  0
ACAD_TABLE
  5
584
100
AcDbEntity
  8
0
 62
2
  6
CONTINUOUS
100
AcDbBlockReference
  2
*T2
 10
324.0
 20
60.0
 30
0.0
100
AcDbTable
342
      1391
343
278
 11
1.0
 21
0.0
 31
0.0
 90
22
 91
12
 92
9
 93
24
 94
0
 95
0
 96
0
 40
1.1
 41
1.1
141
1.0
141
8.0
141
3.0
141
3.0
141
3.0
141
3.0
141
3.0
141
3.0
141
3.0
141
3.0
141
3.0
141
3.0
142
8.0
142
8.0
142
8.0
142
8.0
142
8.0
142
8.0
142
8.0
142
8.0
142
8.0
171
1
172
0
173
0
174
0
175
9
176
1
 91
33
178
0
145
0.0
301
CELL_VALUE
 90
4
  1
 
304
ACVALUE_END
170
1
140
2.2
171
1
172
0
173
1
174
0
175
1
176
1
 91
1
178
0
145
0.0
170
1
171
1
172
0
173
1
174
0
175
1
176
1
 91
1
178
0
145
0.0
170
1
171
1
172
0
173
1
174
0
175
1
176
1
 91
1
178
0
145
0.0
170
1
171
1
172
0
173
1
174
0
175
1
176
1
 91
1
178
0
145
0.0
170
1
171
1
172
0
173
1
174
0
175
1
176
1
 91
1
178
0
145
0.0
170
1
171
1
172
0
173
1
174
0
175
1
176
1
 91
1
178
0
145
0.0
170
1
171
1
172
0
173
1
174
0
175
1
176
1
 91
1
178
0
145
0.0
170
1
171
1
172
0
173
1
174
0
175
1
176
1
 91
1
178
0
145
0.0
170
1
171
1
172
0
173
0
174
0
175
9
176
1
 91
33
178
0
145
0.0
301
CELL_VALUE
 90
4
  1
 
304
ACVALUE_END
170
1
140
2.2
171
1
172
0
173
1
174
0
175
1
176
1
 91
1
178
0
145
0.0
170
1
171
1
172
0
173
1
174
0
175
1
176
1
 91
1
178
0
145
0.0
170
1
171
1
172
0
173
1
174
0
175
1
176
1
 91
1
178
0
145
0.0
170
1
171
1
172
0
173
1
174
0
175
1
176
1
 91
1
178
0
145
0.0
170
1
171
1
172
0
173
1
174
0
175
1
176
1
 91
1
178
0
145
0.0
170
1
171
1
172
0
173
1
174
0
175
1
176
1
 91
1
178
0
145
0.0
170
1
171
1
172
0
173
1
174
0
175
1
176
1
 91
1
178
0
145
0.0
170
1
171
1
172
0
173
1
174
0
175
1
176
1
 91
1
178
0
145
0.0
170
1
171
1
172
0
173
0
174
0
175
3
176
3
 91
33
178
0
145
0.0
301
CELL_VALUE
 90
4
  1
 
304
ACVALUE_END
170
1
140
2.2
171
1
172
0
173
1
174
0
175
1
176
1
 91
1
178
0
145
0.0
170
1
171
1
172
0
173
1
174
0
175
1
176
1
 91
1
178
0
145
0.0
170
1
171
1
172
0
173
0
174
0
175
3
176
1
 91
49
178
0
145
0.0
  7
TEXTSTYLE_6
301
CELL_VALUE
 90
4
  1
DESIGNED BY
304
ACVALUE_END
170
4
140
1.5
171
1
172
0
173
1
174
0
175
1
176
1
 91
1
178
0
145
0.0
170
1
171
1
172
0
173
1
174
0
175
1
176
1
 91
1
178
0
145
0.0
170
1
171
1
172
0
173
0
174
0
175
3
176
1
 91
49
178
0
145
0.0
  7
TEXTSTYLE_6
301
CELL_VALUE
 90
4
  1
DRAWN BY
304
ACVALUE_END
170
4
140
1.5
171
1
172
0
173
1
174
0
175
1
176
1
 91
1
178
0
145
0.0
170
1
171
1
172
0
173
1
174
0
175
1
176
1
 91
1
178
0
145
0.0
170
1
171
1
172
0
173
1
174
0
175
1
176
1
 91
1
178
0
145
0.0
170
1
171
1
172
0
173
1
174
0
175
1
176
1
 91
1
178
0
145
0.0
170
1
171
1
172
0
173
1
174
0
175
1
176
1
 91
1
178
0
145
0.0
170
1
171
1
172
0
173
0
174
0
175
3
176
1
 91
49
178
0
145
0.0
  7
TEXTSTYLE_7
301
CELL_VALUE
 90
4
  1
Framework
304
ACVALUE_END
170
6
140
1.5
171
1
172
0
173
1
174
0
175
1
176
1
 91
1
178
0
145
0.0
170
1
171
1
172
0
173
1
174
0
175
1
176
1
 91
1
178
0
145
0.0
170
1
171
1
172
0
173
0
174
0
175
3
176
1
 91
33
178
0
145
0.0
301
CELL_VALUE
 90
4
  1
 
304
ACVALUE_END
170
1
140
2.2
171
1
172
0
173
1
174
0
175
1
176
1
 91
1
178
0
145
0.0
170
1
171
1
172
0
173
1
174
0
175
1
176
1
 91
1
178
0
145
0.0
170
1
171
1
172
0
173
1
174
0
175
1
176
1
 91
1
178
0
145
0.0
170
1
171
1
172
0
173
1
174
0
175
1
176
1
 91
1
178
0
145
0.0
170
1
171
1
172
0
173
1
174
0
175
1
176
1
 91
1
178
0
145
0.0
170
1
171
1
172
0
173
0
174
0
175
3
176
1
 91
49
178
0
145
0.0
  7
TEXTSTYLE_6
301
CELL_VALUE
 90
4
  1
CHECKED BY
304
ACVALUE_END
170
4
140
1.5
171
1
172
0
173
1
174
0
175
1
176
1
 91
1
178
0
145
0.0
170
1
171
1
172
0
173
1
174
0
175
1
176
1
 91
1
178
0
145
0.0
170
1
171
1
172
0
173
0
174
0
175
3
176
1
 91
49
178
0
145
0.0
  7
TEXTSTYLE_6
301
CELL_VALUE
 90
4
  1
APPROVED BY
304
ACVALUE_END
170
4
140
1.5
171
1
172
0
173
1
174
0
175
1
176
1
 91
1
178
0
145
0.0
170
1
171
1
172
0
173
1
174
0
175
1
176
1
 91
1
178
0
145
0.0
170
1
171
1
172
0
173
0
174
0
175
3
176
1
 91
49
178
0
145
0.0
  7
TEXTSTYLE_6
301
CELL_VALUE
 90
4
  1
MODEL
304
ACVALUE_END
170
5
140
2.0
171
1
172
0
173
1
174
0
175
1
176
1
 91
1
178
0
145
0.0
170
1
171
1
172
0
173
1
174
0
175
1
176
1
 91
1
178
0
145
0.0
170
1
171
1
172
0
173
0
174
0
175
3
176
1
 91
49
178
0
145
0.0
  7
TEXTSTYLE_7
301
CELL_VALUE
 90
4
  1
Framework
304
ACVALUE_END
170
6
140
1.5
171
1
172
0
173
1
174
0
175
1
176
1
 91
1
178
0
145
0.0
170
1
171
1
172
0
173
1
174
0
175
1
176
1
 91
1
178
0
145
0.0
170
1
171
1
172
0
173
0
174
0
175
3
176
1
 91
49
178
0
145
0.0
  7
TEXTSTYLE_7
301
CELL_VALUE
 90
4
  1
Framework
304
ACVALUE_END
170
6
140
1.5
171
1
172
0
173
1
174
0
175
1
176
1
 91
1
178
0
145
0.0
170
1
171
1
172
0
173
1
174
0
175
1
176
1
 91
1
178
0
145
0.0
170
1
171
1
172
0
173
0
174
0
175
3
176
2
 91
49
178
0
145
0.0
  7
TEXTSTYLE_6
301
CELL_VALUE
 90
4
  1
THIRD ANGLE PROJECTION
304
ACVALUE_END
170
5
140
1.1
171
1
172
0
173
1
174
0
175
1
176
1
 91
1
178
0
145
0.0
170
1
171
1
172
0
173
1
174
0
175
1
176
1
 91
1
178
0
145
0.0
170
1
171
1
172
0
173
0
174
0
175
4
176
1
 91
49
178
0
145
0.0
  7
TEXTSTYLE_6
301
CELL_VALUE
 90
4
  1
ISSUED DATE
304
ACVALUE_END
170
4
140
1.5
171
1
172
0
173
1
174
0
175
1
176
1
 91
1
178
0
145
0.0
170
1
171
1
172
0
173
1
174
0
175
1
176
1
 91
1
178
0
145
0.0
170
1
171
1
172
0
173
1
174
0
175
1
176
1
 91
1
178
0
145
0.0
170
1
171
1
172
0
173
0
174
0
175
1
176
1
 91
49
178
0
145
0.0
  7
TEXTSTYLE_6
301
CELL_VALUE
 90
4
  1
SCALE
304
ACVALUE_END
170
5
140
1.5
171
1
172
0
173
0
174
0
175
1
176
1
 91
49
178
0
145
0.0
  7
TEXTSTYLE_6
301
CELL_VALUE
 90
4
  1
UNIT
304
ACVALUE_END
170
5
140
2.0
171
1
172
0
173
1
174
0
175
1
176
1
 91
1
178
0
145
0.0
170
1
171
1
172
0
173
1
174
0
175
1
176
1
 91
1
178
0
145
0.0
170
1
171
1
172
0
173
1
174
0
175
1
176
1
 91
1
178
0
145
0.0
170
1
171
1
172
0
173
0
174
0
175
4
176
1
 91
33
178
0
145
0.0
301
CELL_VALUE
 90
4
  1
 
304
ACVALUE_END
170
1
140
2.2
171
1
172
0
173
1
174
0
175
1
176
1
 91
1
178
0
145
0.0
170
1
171
1
172
0
173
1
174
0
175
1
176
1
 91
1
178
0
145
0.0
170
1
171
1
172
0
173
1
174
0
175
1
176
1
 91
1
178
0
145
0.0
170
1
171
1
172
0
173
0
174
0
175
1
176
1
 91
33
178
0
145
0.0
301
CELL_VALUE
 90
4
  1
 
304
ACVALUE_END
170
1
140
2.2
171
1
172
0
173
0
174
0
175
1
176
1
 91
49
178
0
145
0.0
  7
TEXTSTYLE_6
301
CELL_VALUE
 90
4
  1
mm
304
ACVALUE_END
170
5
140
2.0
171
1
172
0
173
0
174
0
175
3
176
4
 91
33
178
0
145
0.0
301
CELL_VALUE
 90
4
  1
 
304
ACVALUE_END
170
1
140
2.2
171
1
172
0
173
1
174
0
175
1
176
1
 91
1
178
0
145
0.0
170
1
171
1
172
0
173
1
174
0
175
1
176
1
 91
1
178
0
145
0.0
170
1
171
1
172
0
173
0
174
0
175
6
176
1
 91
49
178
0
145
0.0
  7
TEXTSTYLE_6
301
CELL_VALUE
 90
4
  1
DRAWING FILE NAME
304
ACVALUE_END
170
4
140
1.5
171
1
172
0
173
1
174
0
175
1
176
1
 91
1
178
0
145
0.0
170
1
171
1
172
0
173
1
174
0
175
1
176
1
 91
1
178
0
145
0.0
170
1
171
1
172
0
173
1
174
0
175
1
176
1
 91
1
178
0
145
0.0
170
1
171
1
172
0
173
1
174
0
175
1
176
1
 91
1
178
0
145
0.0
170
1
171
1
172
0
173
1
174
0
175
1
176
1
 91
1
178
0
145
0.0
170
1
171
1
172
0
173
1
174
0
175
1
176
1
 91
1
178
0
145
0.0
170
1
171
1
172
0
173
1
174
0
175
1
176
1
 91
1
178
0
145
0.0
170
1
171
1
172
0
173
1
174
0
175
1
176
1
 91
1
178
0
145
0.0
170
1
171
1
172
0
173
0
174
0
175
6
176
1
 91
49
178
0
145
0.0
  7
TEXTSTYLE_8
301
CELL_VALUE
 90
4
  1
AMD GPU Board
304
ACVALUE_END
170
4
140
2.2
171
1
172
0
173
1
174
0
175
1
176
1
 91
1
178
0
145
0.0
170
1
171
1
172
0
173
1
174
0
175
1
176
1
 91
1
178
0
145
0.0
170
1
171
1
172
0
173
1
174
0
175
1
176
1
 91
1
178
0
145
0.0
170
1
171
1
172
0
173
1
174
0
175
1
176
1
 91
1
178
0
145
0.0
170
1
171
1
172
0
173
1
174
0
175
1
176
1
 91
1
178
0
145
0.0
170
1
171
1
172
0
173
1
174
0
175
1
176
1
 91
1
178
0
145
0.0
170
1
171
1
172
0
173
1
174
0
175
1
176
1
 91
1
178
0
145
0.0
170
1
171
1
172
0
173
1
174
0
175
1
176
1
 91
1
178
0
145
0.0
170
1
171
1
172
0
173
0
174
0
175
1
176
1
 91
49
178
0
145
0.0
  7
TEXTSTYLE_6
301
CELL_VALUE
 90
4
  1
SIZE
304
ACVALUE_END
170
5
140
2.0
171
1
172
0
173
0
174
0
175
3
176
1
 91
49
178
0
145
0.0
  7
TEXTSTYLE_6
301
CELL_VALUE
 90
4
  1
SHEET
304
ACVALUE_END
170
5
140
2.0
171
1
172
0
173
1
174
0
175
1
176
1
 91
1
178
0
145
0.0
170
1
171
1
172
0
173
1
174
0
175
1
176
1
 91
1
178
0
145
0.0
170
1
171
1
172
0
173
0
174
0
175
1
176
1
 91
49
178
0
145
0.0
  7
TEXTSTYLE_6
301
CELL_VALUE
 90
4
  1
REVISION
304
ACVALUE_END
170
5
140
1.1
171
1
172
0
173
0
174
0
175
1
176
1
 91
49
178
0
145
0.0
  7
TEXTSTYLE_6
301
CELL_VALUE
 90
4
  1
VERSION
304
ACVALUE_END
170
5
140
1.1
171
1
172
0
173
1
174
0
175
1
176
1
 91
1
178
0
145
0.0
170
1
171
1
172
0
173
1
174
0
175
1
176
1
 91
1
178
0
145
0.0
170
1
171
1
172
0
173
1
174
0
175
1
176
1
 91
1
178
0
145
0.0
170
1
171
1
172
0
173
0
174
0
175
1
176
1
 91
49
178
0
145
0.0
  7
TEXTSTYLE_6
301
CELL_VALUE
 90
4
  1
A3
304
ACVALUE_END
170
5
140
2.0
171
1
172
0
173
0
174
0
175
1
176
1
 91
49
178
0
145
0.0
  7
TEXTSTYLE_7
301
CELL_VALUE
 90
4
  1
4
304
ACVALUE_END
170
6
140
2.0
171
1
172
0
173
0
174
0
175
1
176
1
 91
49
178
0
145
0.0
  7
TEXTSTYLE_6
301
CELL_VALUE
 90
4
  1
OF
304
ACVALUE_END
170
5
140
2.0
171
1
172
0
173
0
174
0
175
1
176
1
 91
49
178
0
145
0.0
  7
TEXTSTYLE_7
301
CELL_VALUE
 90
4
  1
6
304
ACVALUE_END
170
4
140
2.0
171
1
172
0
173
0
174
0
175
1
176
1
 91
33
178
0
145
0.0
301
CELL_VALUE
 90
4
  1
 
304
ACVALUE_END
170
5
140
2.2
171
1
172
0
173
0
174
0
175
1
176
1
 91
33
178
0
145
0.0
301
CELL_VALUE
 90
4
  1
 
304
ACVALUE_END
170
5
140
2.2
  0
ACAD_TABLE
  5
585
100
AcDbEntity
  8
0
 62
2
  6
CONTINUOUS
100
AcDbBlockReference
  2
*T3
 10
302.0000000915
 20
51.0
 30
0.0
100
AcDbTable
342
      1391
343
279
 11
1.0
 21
0.0
 31
0.0
 90
22
 91
10
 92
3
 93
0
 94
0
 95
0
 96
0
141
3.0
141
3.0
141
3.0
141
3.0
141
3.0
141
3.0
141
3.0
141
3.0
141
3.0
141
3.0
142
7.0
142
7.0
142
8.0
171
1
172
0
173
0
174
0
175
3
176
2
 91
49
178
0
145
0.0
  7
TEXTSTYLE_2
301
CELL_VALUE
 90
4
  1
UNLESS SPECIFIED\PTOLERANCE ARE:
304
ACVALUE_END
170
5
140
1.0
171
1
172
0
173
1
174
0
175
1
176
1
 91
1
178
0
145
0.0
170
1
171
1
172
0
173
1
174
0
175
1
176
1
 91
1
178
0
145
0.0
170
1
171
1
172
0
173
1
174
0
175
1
176
1
 91
1
178
0
145
0.0
170
1
171
1
172
0
173
1
174
0
175
1
176
1
 91
1
178
0
145
0.0
170
1
171
1
172
0
173
1
174
0
175
1
176
1
 91
1
178
0
145
0.0
170
1
171
1
172
0
173
0
174
0
175
2
176
1
 91
33
178
0
145
0.0
301
CELL_VALUE
 90
4
  1
300 ABOVE :
304
ACVALUE_END
170
3
140
1.0
171
1
172
0
173
1
174
0
175
1
176
1
 91
1
178
0
145
0.0
170
1
171
1
172
0
173
0
174
0
175
1
176
1
 91
49
178
0
145
0.0
  7
TEXTSTYLE_9
301
CELL_VALUE
 90
4
  1
{\fgdt;`}\ftxt;{\W0.8; 0.20}
304
ACVALUE_END
170
1
140
1.0
171
1
172
0
173
0
174
0
175
2
176
1
 91
49
178
0
145
0.0
  7
TEXTSTYLE_10
301
CELL_VALUE
 90
4
  1
300    X    150 :
304
ACVALUE_END
170
3
140
1.0
171
1
172
0
173
1
174
0
175
1
176
1
 91
1
178
0
145
0.0
170
1
171
1
172
0
173
0
174
0
175
1
176
1
 91
49
178
0
145
0.0
  7
TEXTSTYLE_9
301
CELL_VALUE
 90
4
  1
{\fgdt;`}\ftxt;{\W0.8; 0.15}
304
ACVALUE_END
170
1
140
1.0
171
1
172
0
173
0
174
0
175
2
176
1
 91
33
178
0
145
0.0
301
CELL_VALUE
 90
4
  1
150    X    50 :
304
ACVALUE_END
170
3
140
1.0
171
1
172
0
173
1
174
0
175
1
176
1
 91
1
178
0
145
0.0
170
1
171
1
172
0
173
0
174
0
175
1
176
1
 91
49
178
0
145
0.0
  7
TEXTSTYLE_9
301
CELL_VALUE
 90
4
  1
{\fgdt;`}\ftxt;{\W0.8; 0.10}
304
ACVALUE_END
170
4
140
1.0
171
1
172
0
173
0
174
0
175
2
176
1
 91
33
178
0
145
0.0
301
CELL_VALUE
 90
4
  1
50    X    20 :
304
ACVALUE_END
170
6
140
1.0
171
1
172
0
173
1
174
0
175
1
176
1
 91
1
178
0
145
0.0
170
1
171
1
172
0
173
0
174
0
175
1
176
1
 91
49
178
0
145
0.0
  7
TEXTSTYLE_9
301
CELL_VALUE
 90
4
  1
{\fgdt;`}\ftxt;{\W0.8; 0.075}
304
ACVALUE_END
170
4
140
1.0
171
1
172
0
173
0
174
0
175
2
176
1
 91
33
178
0
145
0.0
301
CELL_VALUE
 90
4
  1
20mm BELOW :
304
ACVALUE_END
170
6
140
1.0
171
1
172
0
173
1
174
0
175
1
176
1
 91
1
178
0
145
0.0
170
1
171
1
172
0
173
0
174
0
175
1
176
1
 91
49
178
0
145
0.0
  7
TEXTSTYLE_9
301
CELL_VALUE
 90
4
  1
{\fgdt;`}\ftxt;{\W0.8; 0.05}
304
ACVALUE_END
170
4
140
1.0
171
1
172
0
173
0
174
0
175
2
176
1
 91
33
178
0
145
0.0
301
CELL_VALUE
 90
4
  1
ANGLES :
304
ACVALUE_END
170
6
140
1.0
171
1
172
0
173
1
174
0
175
1
176
1
 91
1
178
0
145
0.0
170
1
171
1
172
0
173
0
174
0
175
1
176
1
 91
49
178
0
145
0.0
  7
TEXTSTYLE_9
301
CELL_VALUE
 90
4
  1
{\fgdt;`}\ftxt;{\W0.8; 1}\fgdt;{\fgdt;~}
304
ACVALUE_END
170
4
140
1.0
171
1
172
0
173
0
174
0
175
2
176
1
 91
33
178
0
145
0.0
301
CELL_VALUE
 90
4
  1
FLATNESS :
304
ACVALUE_END
170
6
140
1.0
171
1
172
0
173
1
174
0
175
1
176
1
 91
1
178
0
145
0.0
170
1
171
1
172
0
173
0
174
0
175
1
176
1
 91
49
178
0
145
0.0
  7
TEXTSTYLE_9
301
CELL_VALUE
 90
4
  1
{\fgdt;c}\ftxt;{\W0.8; 0.20}
304
ACVALUE_END
170
4
140
1.0
171
1
172
0
173
0
174
0
175
2
176
1
 91
33
178
0
145
0.0
301
CELL_VALUE
 90
4
  1
CONCENTRICITY :
304
ACVALUE_END
170
6
140
1.0
171
1
172
0
173
1
174
0
175
1
176
1
 91
1
178
0
145
0.0
170
1
171
1
172
0
173
0
174
0
175
1
176
1
 91
49
178
0
145
0.0
  7
TEXTSTYLE_9
301
CELL_VALUE
 90
4
  1
{\fgdt;`}\ftxt;{\W0.8; 0.05}
304
ACVALUE_END
170
4
140
1.0
  0
MTEXT
  5
586
100
AcDbEntity
  8
DETAIL
100
AcDbMText
 62
2
  6
CONTINUOUS
  7
STANDARD
 71
1
 72
1
 10
76.0438568699
 20
257.6290942743
 30
0.0
 11
1.0
 21
0.0
 31
0.0
 73
2
 44
0.9
  1
TOP View
 40
3.0
 41
19.2
  0
MTEXT
  5
587
100
AcDbEntity
  8
DETAIL
100
AcDbMText
 62
2
  6
CONTINUOUS
  7
STANDARD
 71
1
 72
1
 10
202.5512371162
 20
257.2963206636
 30
0.0
 11
1.0
 21
0.0
 31
0.0
 73
2
 44
0.9
  1
Bottom View
 40
3.0
 41
26.4
  0
MTEXT
  5
588
100
AcDbEntity
  8
DETAIL
100
AcDbMText
 62
2
  6
CONTINUOUS
  7
STANDARD
 71
1
 72
1
 10
30.6290465247
 20
31.4231307962
 30
0.0
 11
1.0
 21
0.0
 31
0.0
 73
2
 44
0.9
  1
GND area
 40
6.0
 41
38.4
  0
MTEXT
  5
589
100
AcDbEntity
  8
DETAIL
100
AcDbMText
 62
2
  6
CONTINUOUS
  7
STANDARD
 71
3
 72
1
 10
194.9879060692
 20
114.7690866217
 30
0.0
 11
1.0
 21
0.0
 31
0.0
 73
2
 44
0.9
  1
SCALE 1.000
 40
3.0
 41
26.4
  0
LEADER
  5
58A
100
AcDbEntity
  8
DETAIL
100
AcDbLeader
 62
2
  6
CONTINUOUS
  3
STANDARD
 71
1
 72
0
 73
0
 75
0
 40
3.0
 41
26.4
 76
3
 10
132.1480972794
 20
128.7361391372
 30
0.0
 10
126.8256696681
 20
137.2702410244
 30
0.0
 10
122.8256696681
 20
137.2702410244
 30
0.0
340
58B
1001
ACAD
1000
DSTYLE
1002
{
1070
77
1070
0
1002
}
  0
MTEXT
  5
58B
102
{ACAD_REACTORS
330
58A
102
}
100
AcDbEntity
  8
DETAIL
100
AcDbMText
 62
2
  6
CONTINUOUS
  7
STANDARD
 71
3
 72
1
 10
122.8256696681
 20
138.7702410244
 30
0.0
 11
1.0
 21
0.0
 31
0.0
 73
2
 44
0.9
  1
SEE DETAIL A
 40
3.0
 41
28.8
  0
MTEXT
  5
58C
100
AcDbEntity
  8
DETAIL
100
AcDbMText
 62
2
  6
CONTINUOUS
  7
STANDARD
 71
3
 72
1
 10
291.7571560065
 20
107.7150198412
 30
0.0
 11
1.0
 21
0.0
 31
0.0
 73
2
 44
0.9
  1
SCALE 1.000
 40
3.0
 41
26.4
  0
MTEXT
  5
58D
100
AcDbEntity
  8
DETAIL
100
AcDbMText
 62
2
  6
CONTINUOUS
  7
STANDARD
 71
3
 72
1
 10
223.0473861422
 20
32.3075276902
 30
0.0
 11
1.0
 21
0.0
 31
0.0
 73
2
 44
0.9
  1
DETAIL A\PSCALE 3.000
 40
3.0
 41
26.4
  0
LEADER
  5
58E
100
AcDbEntity
  8
DETAIL
100
AcDbLeader
 62
2
  6
CONTINUOUS
  3
STANDARD
 71
1
 72
0
 73
0
 75
0
 40
3.0
 41
43.2
 76
3
 10
120.2629951815
 20
42.2191712882
 30
0.0
 10
110.2110110695
 20
42.2191712882
 30
0.0
 10
106.2110110695
 20
42.2191712882
 30
0.0
340
58F
1001
ACAD
1000
DSTYLE
1002
{
1070
77
1070
0
1002
}
  0
MTEXT
  5
58F
102
{ACAD_REACTORS
330
58E
102
}
100
AcDbEntity
  8
DETAIL
100
AcDbMText
 62
2
  6
CONTINUOUS
  7
STANDARD
 71
3
 72
1
 10
106.2110110695
 20
43.7191712882
 30
0.0
 11
1.0
 21
0.0
 31
0.0
 73
2
 44
0.9
  1
Fbeam FPC Pad * 74
 40
3.0
 41
43.2
  0
LINE
  5
590
100
AcDbEntity
  8
0
100
AcDbLine
 62
7
  6
CONTINUOUS
 10
0.0
 20
0.0
 11
0.0
 21
297.0
  0
LINE
  5
591
100
AcDbEntity
  8
0
100
AcDbLine
 62
4
  6
CONTINUOUS
 10
19.0
 20
15.5
 11
19.0
 21
281.5
  0
LINE
  5
592
100
AcDbEntity
  8
0
100
AcDbLine
 62
4
  6
CONTINUOUS
 10
23.5
 20
276.0
 11
23.5
 21
21.0
  0
LINE
  5
593
100
AcDbEntity
  8
0
100
AcDbLine
 62
7
  6
CONTINUOUS
 10
0.0
 20
0.0
 11
420.0
 21
0.0
  0
LINE
  5
594
100
AcDbEntity
  8
0
100
AcDbLine
 62
4
  6
CONTINUOUS
 10
69.0
 20
21.0
 11
69.0
 21
20.0
  0
LINE
  5
595
100
AcDbEntity
  8
0
100
AcDbLine
 62
4
  6
CONTINUOUS
 10
69.0
 20
276.0
 11
69.0
 21
277.0
  0
LINE
  5
596
100
AcDbEntity
  8
DETAIL
100
AcDbLine
 62
7
  6
CONTINUOUS
 10
71.712901526
 20
35.2128530985
 11
71.712901526
 21
22.877950068
  0
LINE
  5
597
100
AcDbEntity
  8
0
100
AcDbLine
 62
7
  6
CONTINUOUS
 10
338.0103285397
 20
30.1080794565
 11
345.8896573778
 21
31.8284205456
  0
LINE
  5
598
100
AcDbEntity
  8
0
100
AcDbLine
 62
4
  6
CONTINUOUS
 10
401.0
 20
15.5
 11
19.0
 21
15.5
  0
LINE
  5
599
100
AcDbEntity
  8
DETAIL
100
AcDbLine
 62
7
  6
CONTINUOUS
 10
84.0478045565
 20
22.877950068
 11
84.0478045565
 21
35.2128530985
  0
LINE
  5
59A
100
AcDbEntity
  8
0
100
AcDbLine
 62
4
  6
CONTINUOUS
 10
396.0
 20
21.0
 11
23.5
 21
21.0
  0
LINE
  5
59B
100
AcDbEntity
  8
DETAIL
100
AcDbLine
 62
7
  6
CONTINUOUS
 10
71.712901526
 20
22.877950068
 11
84.0478045565
 21
22.877950068
  0
LINE
  5
59C
100
AcDbEntity
  8
0
100
AcDbLine
 62
7
  6
CONTINUOUS
 10
340.4727480527
 20
28.046997873
 11
336.3272650851
 21
28.0469978559
  0
LINE
  5
59D
100
AcDbEntity
  8
0
100
AcDbLine
 62
7
  6
CONTINUOUS
 10
328.1223543053
 20
28.0469978559
 11
324.9305536822
 21
28.0469978559
  0
LINE
  5
59E
100
AcDbEntity
  8
0
100
AcDbLine
 62
7
  6
CONTINUOUS
 10
328.9341151191
 20
28.0469978559
 11
331.0731428852
 21
28.0469978559
  0
LINE
  5
59F
100
AcDbEntity
  8
0
100
AcDbLine
 62
7
  6
CONTINUOUS
 10
331.884903699
 20
28.0469978559
 11
335.0767043221
 21
28.0469978559
  0
LINE
  5
5A0
100
AcDbEntity
  8
0
100
AcDbLine
 62
7
  6
CONTINUOUS
 10
341.2702847977
 20
28.0469978763
 11
342.2990696471
 21
28.0469978806
  0
LINE
  5
5A1
100
AcDbEntity
  8
0
100
AcDbLine
 62
7
  6
CONTINUOUS
 10
343.0966063922
 20
28.0469978838
 11
347.2420893597
 21
28.0469979009
  0
LINE
  5
5A2
100
AcDbEntity
  8
DETAIL
100
AcDbLine
 62
7
  6
CONTINUOUS
 10
84.0478045565
 20
35.2128530985
 11
71.712901526
 21
35.2128530985
  0
LINE
  5
5A3
100
AcDbEntity
  8
0
100
AcDbLine
 62
4
  6
CONTINUOUS
 10
114.5
 20
21.0
 11
114.5
 21
20.0
  0
LINE
  5
5A4
100
AcDbEntity
  8
0
100
AcDbLine
 62
4
  6
CONTINUOUS
 10
114.5
 20
276.0
 11
114.5
 21
277.0
  0
LINE
  5
5A5
100
AcDbEntity
  8
0
100
AcDbLine
 62
7
  6
CONTINUOUS
 10
366.0678922081
 20
52.1653528744
 11
366.8466732241
 21
52.1653528744
  0
LINE
  5
5A6
100
AcDbEntity
  8
0
100
AcDbLine
 62
7
  6
CONTINUOUS
 10
368.6334544561
 20
52.1653528744
 11
369.4330434721
 21
52.1653528744
  0
LINE
  5
5A7
100
AcDbEntity
  8
0
100
AcDbLine
 62
7
  6
CONTINUOUS
 10
343.8229770481
 20
52.1931967144
 11
344.7128526241
 21
52.1931967144
  0
LINE
  5
5A8
100
AcDbEntity
  8
0
100
AcDbLine
 62
7
  6
CONTINUOUS
 10
346.4937277681
 20
52.1931967144
 11
347.3768534161
 21
52.1931967144
  0
LINE
  5
5A9
100
AcDbEntity
  8
0
100
AcDbLine
 62
7
  6
CONTINUOUS
 10
352.4418855841
 20
52.1931967144
 11
353.3250111601
 21
52.1931967144
  0
LINE
  5
5AA
100
AcDbEntity
  8
0
100
AcDbLine
 62
7
  6
CONTINUOUS
 10
354.2309176081
 20
52.1931967144
 11
355.1137616641
 21
52.1931967144
  0
LINE
  5
5AB
100
AcDbEntity
  8
0
100
AcDbLine
 62
7
  6
CONTINUOUS
 10
356.8172928961
 20
52.1931967144
 11
357.7071685441
 21
52.1931967144
  0
LINE
  5
5AC
100
AcDbEntity
  8
0
100
AcDbLine
 62
7
  6
CONTINUOUS
 10
359.4104189761
 20
52.1931967144
 11
360.3002939041
 21
52.1931967144
  0
LINE
  5
5AD
100
AcDbEntity
  8
0
100
AcDbLine
 62
7
  6
CONTINUOUS
 10
375.2768603281
 20
52.1931967144
 11
376.1599837441
 21
52.1931967144
  0
LINE
  5
5AE
100
AcDbEntity
  8
0
100
AcDbLine
 62
7
  6
CONTINUOUS
 10
378.6425803921
 20
52.1931967144
 11
379.5186766801
 21
52.1931967144
  0
LINE
  5
5AF
100
AcDbEntity
  8
0
100
AcDbLine
 62
7
  6
CONTINUOUS
 10
381.2011155121
 20
52.1931967144
 11
382.3899582721
 21
52.1931967144
  0
LINE
  5
5B0
100
AcDbEntity
  8
0
100
AcDbLine
 62
7
  6
CONTINUOUS
 10
364.5612341761
 20
53.2220093224
 11
363.6851378881
 21
53.2220093224
  0
LINE
  5
5B1
100
AcDbEntity
  8
0
100
AcDbLine
 62
7
  6
CONTINUOUS
 10
361.8080757841
 20
53.8061656264
 11
364.6028573761
 21
53.8061656264
  0
LINE
  5
5B2
100
AcDbEntity
  8
0
100
AcDbLine
 62
7
  6
CONTINUOUS
 10
363.6710762881
 20
54.4178849704
 11
361.8359181841
 21
54.4178849704
  0
LINE
  5
5B3
100
AcDbEntity
  8
0
100
AcDbLine
 62
7
  6
CONTINUOUS
 10
348.3986344321
 20
54.8490412744
 11
349.3371662401
 21
54.8490412744
  0
LINE
  5
5B4
100
AcDbEntity
  8
0
100
AcDbLine
 62
7
  6
CONTINUOUS
 10
377.1817648321
 20
54.8490412744
 11
378.1205802481
 21
54.8490412744
  0
LINE
  5
5B5
100
AcDbEntity
  8
0
100
AcDbLine
 62
7
  6
CONTINUOUS
 10
342.8566021201
 20
54.9601351144
 11
343.8229770481
 21
54.9601351144
  0
LINE
  5
5B6
100
AcDbEntity
  8
0
100
AcDbLine
 62
7
  6
CONTINUOUS
 10
344.7128526241
 20
54.9601351144
 11
345.9714461041
 21
54.9601351144
  0
LINE
  5
5B7
100
AcDbEntity
  8
0
100
AcDbLine
 62
7
  6
CONTINUOUS
 10
382.2926430001
 20
55.7110730104
 11
381.1316427121
 21
55.7110730104
  0
LINE
  5
5B8
100
AcDbEntity
  8
0
100
AcDbLine
 62
7
  6
CONTINUOUS
 10
376.1599837441
 20
55.7110730104
 11
375.2768603281
 21
55.7110730104
  0
LINE
  5
5B9
100
AcDbEntity
  8
0
100
AcDbLine
 62
7
  6
CONTINUOUS
 10
370.7192014321
 20
55.7110730104
 11
369.8568932161
 21
55.7110730104
  0
LINE
  5
5BA
100
AcDbEntity
  8
0
100
AcDbLine
 62
7
  6
CONTINUOUS
 10
365.7202616641
 20
55.7110730104
 11
364.7538918481
 21
55.7110730104
  0
LINE
  5
5BB
100
AcDbEntity
  8
0
100
AcDbLine
 62
7
  6
CONTINUOUS
 10
355.1137616641
 20
55.7110730104
 11
354.2309176081
 21
55.7110730104
  0
LINE
  5
5BC
100
AcDbEntity
  8
0
100
AcDbLine
 62
7
  6
CONTINUOUS
 10
353.3250111601
 20
55.7110730104
 11
352.4351355841
 21
55.7110730104
  0
LINE
  5
5BD
100
AcDbEntity
  8
0
100
AcDbLine
 62
7
  6
CONTINUOUS
 10
347.3768534161
 20
55.7110730104
 11
346.4937277681
 21
55.7110730104
  0
LINE
  5
5BE
100
AcDbEntity
  8
0
100
AcDbLine
 62
7
  6
CONTINUOUS
 10
345.9714461041
 20
55.7110730104
 11
344.7128526241
 21
55.7110730104
  0
LINE
  5
5BF
100
AcDbEntity
  8
0
100
AcDbLine
 62
7
  6
CONTINUOUS
 10
343.8229770481
 20
55.7110730104
 11
342.8566021201
 21
55.7110730104
  0
LINE
  5
5C0
100
AcDbEntity
  8
0
100
AcDbLine
 62
7
  6
CONTINUOUS
 10
378.1205802481
 20
55.7318853304
 11
377.3001760321
 21
55.7318853304
  0
LINE
  5
5C1
100
AcDbEntity
  8
0
100
AcDbLine
 62
7
  6
CONTINUOUS
 10
349.3371662401
 20
55.7318853304
 11
348.5170406641
 21
55.7318853304
  0
LINE
  5
5C2
100
AcDbEntity
  8
0
100
AcDbLine
 62
7
  6
CONTINUOUS
 10
368.1885159841
 20
55.7389161304
 11
367.4027005681
 21
55.7389161304
  0
LINE
  5
5C3
100
AcDbEntity
  8
0
100
AcDbLine
 62
7
  6
CONTINUOUS
 10
345.2691650881
 20
56.6009479384
 11
346.5136962481
 21
56.6009479384
  0
LINE
  5
5C4
100
AcDbEntity
  8
0
100
AcDbLine
 62
7
  6
CONTINUOUS
 10
379.5186766801
 20
57.3102604024
 11
378.6425803921
 21
57.3102604024
  0
LINE
  5
5C5
100
AcDbEntity
  8
0
100
AcDbLine
 62
7
  6
CONTINUOUS
 10
346.5136962481
 20
57.3102604024
 11
344.9980396561
 21
57.3102604024
  0
LINE
  5
5C6
100
AcDbEntity
  8
0
100
AcDbLine
 62
7
  6
CONTINUOUS
 10
338.0103285397
 20
25.9859162553
 11
345.8896573778
 21
24.2655751662
  0
LINE
  5
5C7
100
AcDbEntity
  8
0
100
AcDbLine
 62
4
  6
CONTINUOUS
 10
23.5
 20
71.4
 11
22.5
 21
71.4
  0
LINE
  5
5C8
100
AcDbEntity
  8
0
100
AcDbLine
 62
4
  6
CONTINUOUS
 10
396.0
 20
71.4
 11
397.0
 21
71.4
  0
LINE
  5
5C9
100
AcDbEntity
  8
0
100
AcDbLine
 62
4
  6
CONTINUOUS
 10
160.0
 20
21.0
 11
160.0
 21
20.0
  0
LINE
  5
5CA
100
AcDbEntity
  8
0
100
AcDbLine
 62
4
  6
CONTINUOUS
 10
160.0
 20
276.0
 11
160.0
 21
277.0
  0
LINE
  5
5CB
100
AcDbEntity
  8
DETAIL
100
AcDbLine
 62
7
  6
CONTINUOUS
 10
74.7741183365
 20
35.2128530985
 11
71.712901526
 21
31.8056107454
  0
LINE
  5
5CC
100
AcDbEntity
  8
DETAIL
100
AcDbLine
 62
7
  6
CONTINUOUS
 10
77.8803530412
 20
35.2128530985
 11
71.7889329246
 21
28.4328875174
  0
LINE
  5
5CD
100
AcDbEntity
  8
DETAIL
100
AcDbLine
 62
7
  6
CONTINUOUS
 10
81.0066117054
 20
35.2128530985
 11
71.712901526
 21
24.8686256555
  0
LINE
  5
5CE
100
AcDbEntity
  8
DETAIL
100
AcDbLine
 62
7
  6
CONTINUOUS
 10
84.0478045565
 20
33.5389077179
 11
74.2792143362
 21
22.6661220289
  0
LINE
  5
5CF
100
AcDbEntity
  8
0
100
AcDbLine
 62
4
  6
CONTINUOUS
 10
23.5
 20
121.8
 11
22.5
 21
121.8
  0
LINE
  5
5D0
100
AcDbEntity
  8
0
100
AcDbLine
 62
4
  6
CONTINUOUS
 10
396.0
 20
121.8
 11
397.0
 21
121.8
  0
LINE
  5
5D1
100
AcDbEntity
  8
0
100
AcDbLine
 62
7
  6
CONTINUOUS
 10
338.1088460841
 20
57.3521536044
 11
337.6329713001
 21
57.6266536764
  0
LINE
  5
5D2
100
AcDbEntity
  8
0
100
AcDbLine
 62
7
  6
CONTINUOUS
 10
335.4738145641
 20
53.8860273084
 11
335.9491270281
 21
53.6115272364
  0
LINE
  5
5D3
100
AcDbEntity
  8
0
100
AcDbLine
 62
7
  6
CONTINUOUS
 10
338.8285655001
 20
51.9490582524
 11
339.3047217321
 21
51.6739958604
  0
LINE
  5
5D4
100
AcDbEntity
  8
0
100
AcDbLine
 62
7
  6
CONTINUOUS
 10
341.4638785401
 20
55.4149030284
 11
340.9882845561
 21
55.6896839004
  0
LINE
  5
5D5
100
AcDbEntity
  8
0
100
AcDbLine
 62
4
  6
CONTINUOUS
 10
205.5
 20
21.0
 11
205.5
 21
20.0
  0
LINE
  5
5D6
100
AcDbEntity
  8
0
100
AcDbLine
 62
4
  6
CONTINUOUS
 10
205.5
 20
276.0
 11
205.5
 21
277.0
  0
LINE
  5
5D7
100
AcDbEntity
  8
DETAIL
100
AcDbLine
 62
7
  6
CONTINUOUS
 10
84.0478045565
 20
25.3887240816
 11
81.6658742267
 21
22.7375515565
  0
LINE
  5
5D8
100
AcDbEntity
  8
DETAIL
100
AcDbLine
 62
7
  6
CONTINUOUS
 10
84.0478045565
 20
29.0454015832
 11
77.8803530412
 21
22.877950068
  0
LINE
  5
5D9
100
AcDbEntity
  8
0
100
AcDbLine
 62
4
  6
CONTINUOUS
 10
23.5
 20
172.2
 11
22.5
 21
172.2
  0
LINE
  5
5DA
100
AcDbEntity
  8
0
100
AcDbLine
 62
4
  6
CONTINUOUS
 10
396.0
 20
172.2
 11
397.0
 21
172.2
  0
LINE
  5
5DB
100
AcDbEntity
  8
0
100
AcDbLine
 62
4
  6
CONTINUOUS
 10
251.0
 20
21.0
 11
251.0
 21
20.0
  0
LINE
  5
5DC
100
AcDbEntity
  8
0
100
AcDbLine
 62
4
  6
CONTINUOUS
 10
251.0
 20
276.0
 11
251.0
 21
277.0
  0
LINE
  5
5DD
100
AcDbEntity
  8
0
100
AcDbLine
 62
7
  6
CONTINUOUS
 10
379.5186766801
 20
53.7923848264
 11
381.2011155121
 21
52.1931967144
  0
LINE
  5
5DE
100
AcDbEntity
  8
0
100
AcDbLine
 62
7
  6
CONTINUOUS
 10
382.3899582721
 20
52.1931967144
 11
380.4226152961
 21
54.0702595384
  0
LINE
  5
5DF
100
AcDbEntity
  8
0
100
AcDbLine
 62
4
  6
CONTINUOUS
 10
23.5
 20
222.6
 11
22.5
 21
222.6
  0
LINE
  5
5E0
100
AcDbEntity
  8
0
100
AcDbLine
 62
4
  6
CONTINUOUS
 10
396.0
 20
222.6
 11
397.0
 21
222.6
  0
LINE
  5
5E1
100
AcDbEntity
  8
0
100
AcDbLine
 62
4
  6
CONTINUOUS
 10
296.5
 20
21.0
 11
296.5
 21
20.0
  0
LINE
  5
5E2
100
AcDbEntity
  8
0
100
AcDbLine
 62
4
  6
CONTINUOUS
 10
296.5
 20
276.0
 11
296.5
 21
277.0
  0
LINE
  5
5E3
100
AcDbEntity
  8
0
100
AcDbLine
 62
7
  6
CONTINUOUS
 10
364.7538918481
 20
55.7110730104
 11
366.0678922081
 21
52.1653528744
  0
LINE
  5
5E4
100
AcDbEntity
  8
0
100
AcDbLine
 62
7
  6
CONTINUOUS
 10
367.7365430401
 20
54.6125096824
 11
368.6334544561
 21
52.1653528744
  0
LINE
  5
5E5
100
AcDbEntity
  8
0
100
AcDbLine
 62
7
  6
CONTINUOUS
 10
369.0505434001
 20
53.3679785224
 11
368.1885159841
 21
55.7389161304
  0
LINE
  5
5E6
100
AcDbEntity
  8
0
100
AcDbLine
 62
7
  6
CONTINUOUS
 10
366.5339194801
 20
53.3471654824
 11
365.7202616641
 21
55.7110730104
  0
LINE
  5
5E7
100
AcDbEntity
  8
0
100
AcDbLine
 62
7
  6
CONTINUOUS
 10
330.0036290022
 20
26.1657231591
 11
330.0036290022
 21
22.9739225359
  0
LINE
  5
5E8
100
AcDbEntity
  8
0
100
AcDbLine
 62
7
  6
CONTINUOUS
 10
330.0036290022
 20
26.9774839729
 11
330.0036290022
 21
29.116511739
  0
LINE
  5
5E9
100
AcDbEntity
  8
0
100
AcDbLine
 62
7
  6
CONTINUOUS
 10
330.0036290022
 20
29.9282725528
 11
330.0036290022
 21
33.1200731759
  0
LINE
  5
5EA
100
AcDbEntity
  8
0
100
AcDbLine
 62
7
  6
CONTINUOUS
 10
336.3091271001
 20
56.8616534604
 11
336.3091271001
 21
56.3129341164
  0
LINE
  5
5EB
100
AcDbEntity
  8
0
100
AcDbLine
 62
7
  6
CONTINUOUS
 10
336.3091271001
 20
52.9879962204
 11
336.3091271001
 21
52.4392768764
  0
LINE
  5
5EC
100
AcDbEntity
  8
0
100
AcDbLine
 62
7
  6
CONTINUOUS
 10
338.0103285397
 20
30.1080794565
 11
338.0103285397
 21
25.9859162553
  0
LINE
  5
5ED
100
AcDbEntity
  8
0
100
AcDbLine
 62
7
  6
CONTINUOUS
 10
340.6282844121
 20
52.4392768764
 11
340.6282844121
 21
52.9879962204
  0
LINE
  5
5EE
100
AcDbEntity
  8
0
100
AcDbLine
 62
7
  6
CONTINUOUS
 10
340.6282844121
 20
56.3129341164
 11
340.6282844121
 21
56.8616534604
  0
LINE
  5
5EF
100
AcDbEntity
  8
0
100
AcDbLine
 62
4
  6
CONTINUOUS
 10
342.0
 20
21.0
 11
342.0
 21
20.0
  0
LINE
  5
5F0
100
AcDbEntity
  8
0
100
AcDbLine
 62
4
  6
CONTINUOUS
 10
342.0
 20
276.0
 11
342.0
 21
277.0
  0
LINE
  5
5F1
100
AcDbEntity
  8
0
100
AcDbLine
 62
7
  6
CONTINUOUS
 10
342.8566021201
 20
55.7110730104
 11
342.8566021201
 21
54.9601351144
  0
LINE
  5
5F2
100
AcDbEntity
  8
0
100
AcDbLine
 62
7
  6
CONTINUOUS
 10
343.8229770481
 20
56.2254793144
 11
343.8229770481
 21
55.7110730104
  0
LINE
  5
5F3
100
AcDbEntity
  8
0
100
AcDbLine
 62
7
  6
CONTINUOUS
 10
343.8229770481
 20
54.9601351144
 11
343.8229770481
 21
52.1931967144
  0
LINE
  5
5F4
100
AcDbEntity
  8
0
100
AcDbLine
 62
4
  6
CONTINUOUS
 10
23.5
 20
276.0
 11
396.0
 21
276.0
  0
LINE
  5
5F5
100
AcDbEntity
  8
0
100
AcDbLine
 62
4
  6
CONTINUOUS
 10
19.0
 20
281.5
 11
401.0
 21
281.5
  0
LINE
  5
5F6
100
AcDbEntity
  8
0
100
AcDbLine
 62
7
  6
CONTINUOUS
 10
344.7128526241
 20
52.1931967144
 11
344.7128526241
 21
54.9601351144
  0
LINE
  5
5F7
100
AcDbEntity
  8
0
100
AcDbLine
 62
7
  6
CONTINUOUS
 10
344.7128526241
 20
55.7110730104
 11
344.7128526241
 21
56.0516662744
  0
LINE
  5
5F8
100
AcDbEntity
  8
0
100
AcDbLine
 62
7
  6
CONTINUOUS
 10
345.8896573778
 20
31.8284205456
 11
345.8896573778
 21
24.2655751662
  0
LINE
  5
5F9
100
AcDbEntity
  8
0
100
AcDbLine
 62
7
  6
CONTINUOUS
 10
345.9714461041
 20
54.9601351144
 11
345.9714461041
 21
55.7110730104
  0
LINE
  5
5FA
100
AcDbEntity
  8
0
100
AcDbLine
 62
7
  6
CONTINUOUS
 10
346.4937277681
 20
55.7110730104
 11
346.4937277681
 21
52.1931967144
  0
LINE
  5
5FB
100
AcDbEntity
  8
0
100
AcDbLine
 62
7
  6
CONTINUOUS
 10
346.5136962481
 20
56.6009479384
 11
346.5136962481
 21
57.3102604024
  0
LINE
  5
5FC
100
AcDbEntity
  8
0
100
AcDbLine
 62
7
  6
CONTINUOUS
 10
347.3768534161
 20
52.1931967144
 11
347.3768534161
 21
54.0424156984
  0
LINE
  5
5FD
100
AcDbEntity
  8
0
100
AcDbLine
 62
7
  6
CONTINUOUS
 10
347.3768534161
 20
55.1201659864
 11
347.3768534161
 21
55.7110730104
  0
LINE
  5
5FE
100
AcDbEntity
  8
0
100
AcDbLine
 62
7
  6
CONTINUOUS
 10
349.3371662401
 20
54.8490412744
 11
349.3371662401
 21
55.7318853304
  0
LINE
  5
5FF
100
AcDbEntity
  8
0
100
AcDbLine
 62
7
  6
CONTINUOUS
 10
352.4351355841
 20
55.7110730104
 11
352.4351355841
 21
55.1826036664
  0
LINE
  5
600
100
AcDbEntity
  8
0
100
AcDbLine
 62
7
  6
CONTINUOUS
 10
352.4418855841
 20
52.7492283784
 11
352.4418855841
 21
52.1931967144
  0
LINE
  5
601
100
AcDbEntity
  8
0
100
AcDbLine
 62
7
  6
CONTINUOUS
 10
353.3250111601
 20
52.1931967144
 11
353.3250111601
 21
55.7110730104
  0
LINE
  5
602
100
AcDbEntity
  8
0
100
AcDbLine
 62
7
  6
CONTINUOUS
 10
354.2309176081
 20
55.7110730104
 11
354.2309176081
 21
52.1931967144
  0
LINE
  5
603
100
AcDbEntity
  8
0
100
AcDbLine
 62
7
  6
CONTINUOUS
 10
355.1137616641
 20
52.1931967144
 11
355.1137616641
 21
54.0702595384
  0
LINE
  5
604
100
AcDbEntity
  8
0
100
AcDbLine
 62
7
  6
CONTINUOUS
 10
355.1137616641
 20
55.1201659864
 11
355.1137616641
 21
55.7110730104
  0
LINE
  5
605
100
AcDbEntity
  8
0
100
AcDbLine
 62
7
  6
CONTINUOUS
 10
356.8172928961
 20
54.0702595384
 11
356.8172928961
 21
52.1931967144
  0
LINE
  5
606
100
AcDbEntity
  8
0
100
AcDbLine
 62
7
  6
CONTINUOUS
 10
357.7071685441
 20
52.1931967144
 11
357.7071685441
 21
54.0702595384
  0
LINE
  5
607
100
AcDbEntity
  8
0
100
AcDbLine
 62
7
  6
CONTINUOUS
 10
335.9491270281
 20
55.6896839004
 11
335.4738145641
 21
55.4149030284
  0
LINE
  5
608
100
AcDbEntity
  8
0
100
AcDbLine
 62
7
  6
CONTINUOUS
 10
337.6329713001
 20
51.6739958604
 11
338.1088460841
 21
51.9490582524
  0
LINE
  5
609
100
AcDbEntity
  8
0
100
AcDbLine
 62
7
  6
CONTINUOUS
 10
340.9882845561
 20
53.6115272364
 11
341.4638785401
 21
53.8860273084
  0
LINE
  5
60A
100
AcDbEntity
  8
0
100
AcDbLine
 62
7
  6
CONTINUOUS
 10
339.3047217321
 20
57.6266536764
 11
338.8285655001
 21
57.3521536044
  0
LINE
  5
60B
100
AcDbEntity
  8
0
100
AcDbLine
 62
7
  6
CONTINUOUS
 10
0.0
 20
297.0
 11
420.0
 21
297.0
  0
LINE
  5
60C
100
AcDbEntity
  8
0
100
AcDbLine
 62
7
  6
CONTINUOUS
 10
359.4104189761
 20
54.0702595384
 11
359.4104189761
 21
52.1931967144
  0
LINE
  5
60D
100
AcDbEntity
  8
0
100
AcDbLine
 62
7
  6
CONTINUOUS
 10
360.3002939041
 20
52.1931967144
 11
360.3002939041
 21
54.2440726504
  0
LINE
  5
60E
100
AcDbEntity
  8
0
100
AcDbLine
 62
7
  6
CONTINUOUS
 10
364.6028573761
 20
53.8061656264
 11
364.6028573761
 21
53.9034786664
  0
LINE
  5
60F
100
AcDbEntity
  8
0
100
AcDbLine
 62
7
  6
CONTINUOUS
 10
375.2768603281
 20
55.7110730104
 11
375.2768603281
 21
52.1931967144
  0
LINE
  5
610
100
AcDbEntity
  8
0
100
AcDbLine
 62
7
  6
CONTINUOUS
 10
376.1599837441
 20
52.1931967144
 11
376.1599837441
 21
54.0424156984
  0
LINE
  5
611
100
AcDbEntity
  8
0
100
AcDbLine
 62
7
  6
CONTINUOUS
 10
376.1599837441
 20
55.1201659864
 11
376.1599837441
 21
55.7110730104
  0
LINE
  5
612
100
AcDbEntity
  8
0
100
AcDbLine
 62
7
  6
CONTINUOUS
 10
378.1205802481
 20
54.8490412744
 11
378.1205802481
 21
55.7318853304
  0
LINE
  5
613
100
AcDbEntity
  8
0
100
AcDbLine
 62
7
  6
CONTINUOUS
 10
378.6425803921
 20
57.3102604024
 11
378.6425803921
 21
52.1931967144
  0
LINE
  5
614
100
AcDbEntity
  8
0
100
AcDbLine
 62
7
  6
CONTINUOUS
 10
379.5186766801
 20
52.1931967144
 11
379.5186766801
 21
53.7923848264
  0
LINE
  5
615
100
AcDbEntity
  8
0
100
AcDbLine
 62
7
  6
CONTINUOUS
 10
379.5186766801
 20
54.2789472904
 11
379.5186766801
 21
57.3102604024
  0
LINE
  5
616
100
AcDbEntity
  8
0
100
AcDbLine
 62
4
  6
CONTINUOUS
 10
396.0
 20
21.0
 11
396.0
 21
276.0
  0
LINE
  5
617
100
AcDbEntity
  8
0
100
AcDbLine
 62
4
  6
CONTINUOUS
 10
401.0
 20
281.5
 11
401.0
 21
15.5
  0
LINE
  5
618
100
AcDbEntity
  8
0
100
AcDbLine
 62
7
  6
CONTINUOUS
 10
369.8568932161
 20
55.7110730104
 11
369.0505434001
 21
53.3679785224
  0
LINE
  5
619
100
AcDbEntity
  8
0
100
AcDbLine
 62
7
  6
CONTINUOUS
 10
369.4330434721
 20
52.1653528744
 11
370.7192014321
 21
55.7110730104
  0
LINE
  5
61A
100
AcDbEntity
  8
0
100
AcDbLine
 62
7
  6
CONTINUOUS
 10
367.4027005681
 20
55.7389161304
 11
366.5339194801
 21
53.3471654824
  0
LINE
  5
61B
100
AcDbEntity
  8
0
100
AcDbLine
 62
7
  6
CONTINUOUS
 10
366.8466732241
 20
52.1653528744
 11
367.7365430401
 21
54.6125096824
  0
LINE
  5
61C
100
AcDbEntity
  8
0
100
AcDbLine
 62
7
  6
CONTINUOUS
 10
381.1316427121
 20
55.7110730104
 11
379.5186766801
 21
54.2789472904
  0
LINE
  5
61D
100
AcDbEntity
  8
0
100
AcDbLine
 62
7
  6
CONTINUOUS
 10
380.4226152961
 20
54.0702595384
 11
382.2926430001
 21
55.7110730104
  0
LINE
  5
61E
100
AcDbEntity
  8
0
100
AcDbLine
 62
7
  6
CONTINUOUS
 10
420.0
 20
0.0
 11
420.0
 21
297.0
  0
LINE
  5
61F
100
AcDbEntity
  8
ASSEM_MEM
100
AcDbLine
 62
7
  6
CONTINUOUS
 10
76.1474171466
 20
137.6163389483
 11
76.1984809763
 21
137.5830056229
  0
LINE
  5
620
100
AcDbEntity
  8
ASSEM_MEM
100
AcDbLine
 62
7
  6
CONTINUOUS
 10
76.4112469441
 20
137.7496722916
 11
76.3601830966
 21
137.7830056229
  0
LINE
  5
621
100
AcDbEntity
  8
ASSEM_MEM
100
AcDbLine
 62
7
  6
CONTINUOUS
 10
76.2495448119
 20
137.4663389483
 11
76.4793320424
 21
137.2663389721
  0
LINE
  5
622
100
AcDbEntity
  8
ASSEM_MEM
100
AcDbLine
 62
7
  6
CONTINUOUS
 10
76.4112469441
 20
137.2663389721
 11
76.2495448119
 21
137.4080056229
  0
LINE
  5
623
100
AcDbEntity
  8
ASSEM_MEM
100
AcDbLine
 62
7
  6
CONTINUOUS
 10
76.1389065093
 20
137.5663389483
 11
76.1133745945
 21
137.5913389483
  0
LINE
  5
624
100
AcDbEntity
  8
ASSEM_MEM
100
AcDbLine
 62
7
  6
CONTINUOUS
 10
76.4197575814
 20
137.7996722886
 11
76.4452894933
 21
137.7746722916
  0
LINE
  5
625
100
AcDbEntity
  8
ASSEM_MEM
100
AcDbLine
 62
7
  6
CONTINUOUS
 10
76.4197575814
 20
138.9699077101
 11
76.130395872
 21
139.2532410355
  0
LINE
  5
626
100
AcDbEntity
  8
ASSEM_MEM
100
AcDbLine
 62
7
  6
CONTINUOUS
 10
77.0793320424
 20
136.8232410355
 11
76.9793320424
 21
136.9232410355
  0
LINE
  5
627
100
AcDbEntity
  8
ASSEM_MEM
100
AcDbLine
 62
7
  6
CONTINUOUS
 10
76.1474171466
 20
139.3032410355
 11
76.436778856
 21
139.0115743609
  0
LINE
  5
628
100
AcDbEntity
  8
ASSEM_MEM
100
AcDbLine
 62
7
  6
CONTINUOUS
 10
76.130395872
 20
137.6413389602
 11
76.1474171466
 21
137.6163389483
  0
LINE
  5
629
100
AcDbEntity
  8
ASSEM_MEM
100
AcDbLine
 62
7
  6
CONTINUOUS
 10
76.4282682187
 20
137.7246722856
 11
76.4112469441
 21
137.7496722916
  0
LINE
  5
62A
100
AcDbEntity
  8
ASSEM_MEM
100
AcDbLine
 62
7
  6
CONTINUOUS
 10
76.1133745945
 20
137.5913389483
 11
76.0878426804
 21
137.6330056229
  0
LINE
  5
62B
100
AcDbEntity
  8
ASSEM_MEM
100
AcDbLine
 62
7
  6
CONTINUOUS
 10
76.1729490644
 20
137.5496722975
 11
76.1389065093
 21
137.5663389483
  0
LINE
  5
62C
100
AcDbEntity
  8
ASSEM_MEM
100
AcDbLine
 62
7
  6
CONTINUOUS
 10
76.3857150323
 20
137.8163389557
 11
76.4197575814
 21
137.7996722886
  0
LINE
  5
62D
100
AcDbEntity
  8
ASSEM_MEM
100
AcDbLine
 62
7
  6
CONTINUOUS
 10
76.3176299102
 20
138.7449076863
 11
76.4793320424
 21
138.6365743847
  0
LINE
  5
62E
100
AcDbEntity
  8
ASSEM_MEM
100
AcDbLine
 62
7
  6
CONTINUOUS
 10
76.4793320424
 20
138.5865743847
 11
76.283587361
 21
138.7199076863
  0
LINE
  5
62F
100
AcDbEntity
  8
ASSEM_MEM
100
AcDbLine
 62
7
  6
CONTINUOUS
 10
77.2793320424
 20
140.8332410355
 11
77.2391396635
 21
140.8734334144
  0
LINE
  5
630
100
AcDbEntity
  8
ASSEM_MEM
100
AcDbLine
 62
7
  6
CONTINUOUS
 10
77.0793320424
 20
141.2532410355
 11
76.9793320424
 21
141.3532410355
  0
LINE
  5
631
100
AcDbEntity
  8
ASSEM_MEM
100
AcDbLine
 62
7
  6
CONTINUOUS
 10
80.2443320424
 20
138.2782410355
 11
80.2793320424
 21
138.2432410355
  0
LINE
  5
632
100
AcDbEntity
  8
ASSEM_MEM
100
AcDbLine
 62
7
  6
CONTINUOUS
 10
77.9506488732
 20
140.8734334144
 11
77.9908412521
 21
140.8332410355
  0
LINE
  5
633
100
AcDbEntity
  8
ASSEM_MEM
100
AcDbLine
 62
7
  6
CONTINUOUS
 10
80.2443320424
 20
138.7782410355
 11
80.2793320424
 21
138.7432410355
  0
LINE
  5
634
100
AcDbEntity
  8
ASSEM_MEM
100
AcDbLine
 62
7
  6
CONTINUOUS
 10
80.2793320424
 20
139.2432410355
 11
80.2443320424
 21
139.2782410355
  0
LINE
  5
635
100
AcDbEntity
  8
ASSEM_MEM
100
AcDbLine
 62
7
  6
CONTINUOUS
 10
80.2793320424
 20
139.7432410355
 11
80.2443320424
 21
139.7782410355
  0
LINE
  5
636
100
AcDbEntity
  8
ASSEM_MEM
100
AcDbLine
 62
7
  6
CONTINUOUS
 10
76.4452894933
 20
137.7746722916
 11
76.4708214051
 21
137.7330056229
  0
LINE
  5
637
100
AcDbEntity
  8
ASSEM_MEM
100
AcDbLine
 62
7
  6
CONTINUOUS
 10
67.5793320424
 20
144.6532410355
 11
67.5793320424
 21
226.6532410355
  0
LINE
  5
638
100
AcDbEntity
  8
ASSEM_MEM
100
AcDbLine
 62
7
  6
CONTINUOUS
 10
76.2410341746
 20
137.5330056229
 11
76.1984809763
 21
137.5413389483
  0
LINE
  5
639
100
AcDbEntity
  8
ASSEM_MEM
100
AcDbLine
 62
7
  6
CONTINUOUS
 10
76.3176299102
 20
137.8330056229
 11
76.3601830966
 21
137.8246722893
  0
LINE
  5
63A
100
AcDbEntity
  8
ASSEM_MEM
100
AcDbLine
 62
7
  6
CONTINUOUS
 10
76.1984809763
 20
137.5413389483
 11
76.1729490644
 21
137.5496722975
  0
LINE
  5
63B
100
AcDbEntity
  8
ASSEM_MEM
100
AcDbLine
 62
7
  6
CONTINUOUS
 10
76.3601830966
 20
137.8246722893
 11
76.3857150323
 21
137.8163389557
  0
LINE
  5
63C
100
AcDbEntity
  8
ASSEM_MEM
100
AcDbLine
 62
7
  6
CONTINUOUS
 10
76.1814597017
 20
140.3332410355
 11
76.0793320424
 21
140.3665743847
  0
LINE
  5
63D
100
AcDbEntity
  8
ASSEM_MEM
100
AcDbLine
 62
7
  6
CONTINUOUS
 10
76.4452894933
 20
140.2499076863
 11
76.2155022508
 21
140.3249076863
  0
LINE
  5
63E
100
AcDbEntity
  8
ASSEM_MEM
100
AcDbLine
 62
7
  6
CONTINUOUS
 10
76.0793320424
 20
140.4165743609
 11
76.4793320424
 21
140.2832410355
  0
LINE
  5
63F
100
AcDbEntity
  8
ASSEM_MEM
100
AcDbLine
 62
7
  6
CONTINUOUS
 10
77.9304649805
 20
138.3482410355
 11
77.9438624402
 21
138.2982410355
  0
LINE
  5
640
100
AcDbEntity
  8
ASSEM_MEM
100
AcDbLine
 62
7
  6
CONTINUOUS
 10
77.9304649805
 20
138.8482410355
 11
77.9438624402
 21
138.7982410355
  0
LINE
  5
641
100
AcDbEntity
  8
ASSEM_MEM
100
AcDbLine
 62
7
  6
CONTINUOUS
 10
77.9438624402
 20
139.2982410355
 11
77.9304649805
 21
139.3482410355
  0
LINE
  5
642
100
AcDbEntity
  8
ASSEM_MEM
100
AcDbLine
 62
7
  6
CONTINUOUS
 10
77.9438624402
 20
139.7982410355
 11
77.9304649805
 21
139.8482410355
  0
LINE
  5
643
100
AcDbEntity
  8
ASSEM_MEM
100
AcDbLine
 62
7
  6
CONTINUOUS
 10
76.1218852348
 20
137.6830056229
 11
76.130395872
 21
137.6413389602
  0
LINE
  5
644
100
AcDbEntity
  8
ASSEM_MEM
100
AcDbLine
 62
7
  6
CONTINUOUS
 10
76.436778856
 20
137.6830056229
 11
76.4282682187
 21
137.7246722856
  0
LINE
  5
645
100
AcDbEntity
  8
ASSEM_MEM
100
AcDbLine
 62
7
  6
CONTINUOUS
 10
164.9101831085
 20
140.0818097817
 11
164.8676299102
 21
140.0734764481
  0
LINE
  5
646
100
AcDbEntity
  8
ASSEM_MEM
100
AcDbLine
 62
7
  6
CONTINUOUS
 10
164.7484809882
 20
140.3651431227
 11
164.7910341746
 21
140.3734764481
  0
LINE
  5
647
100
AcDbEntity
  8
ASSEM_MEM
100
AcDbLine
 62
7
  6
CONTINUOUS
 10
164.8591192729
 20
140.1151431138
 11
164.9101831085
 21
140.1234764481
  0
LINE
  5
648
100
AcDbEntity
  8
ASSEM_MEM
100
AcDbLine
 62
7
  6
CONTINUOUS
 10
164.7995448119
 20
140.3318097735
 11
164.7484809882
 21
140.3234764481
  0
LINE
  5
649
100
AcDbEntity
  8
ASSEM_MEM
100
AcDbLine
 62
4
  6
CONTINUOUS
 10
157.311587094
 20
134.6532410355
 11
149.7793320424
 21
134.6532410355
  0
LINE
  5
64A
100
AcDbEntity
  8
ASSEM_MEM
100
AcDbLine
 62
7
  6
CONTINUOUS
 10
165.4793320424
 20
134.6532410355
 11
157.311587094
 21
134.6532410355
  0
LINE
  5
64B
100
AcDbEntity
  8
ASSEM_MEM
100
AcDbLine
 62
7
  6
CONTINUOUS
 10
141.7793320424
 20
134.6532410355
 11
108.7793320424
 21
134.6532410355
  0
LINE
  5
64C
100
AcDbEntity
  8
ASSEM_MEM
100
AcDbLine
 62
4
  6
CONTINUOUS
 10
100.7793320424
 20
134.6532410355
 11
95.9904616341
 21
134.6532410355
  0
LINE
  5
64D
100
AcDbEntity
  8
ASSEM_MEM
100
AcDbLine
 62
7
  6
CONTINUOUS
 10
95.9904616341
 20
134.6532410355
 11
88.0793320424
 21
134.6532410355
  0
LINE
  5
64E
100
AcDbEntity
  8
ASSEM_MEM
100
AcDbLine
 62
7
  6
CONTINUOUS
 10
81.5793320424
 20
134.6532410355
 11
75.5793320424
 21
134.6532410355
  0
LINE
  5
64F
100
AcDbEntity
  8
ASSEM_MEM
100
AcDbLine
 62
4
  6
CONTINUOUS
 10
81.5793320424
 20
134.6532410355
 11
88.0793320424
 21
134.6532410355
  0
LINE
  5
650
100
AcDbEntity
  8
ASSEM_MEM
100
AcDbLine
 62
7
  6
CONTINUOUS
 10
76.1984809763
 20
137.5830056229
 11
76.2495448119
 21
137.5746722975
  0
LINE
  5
651
100
AcDbEntity
  8
ASSEM_MEM
100
AcDbLine
 62
7
  6
CONTINUOUS
 10
76.3601830966
 20
137.7830056229
 11
76.3091192729
 21
137.7913389572
  0
LINE
  5
652
100
AcDbEntity
  8
ASSEM_MEM
100
AcDbLine
 62
7
  6
CONTINUOUS
 10
76.0878426804
 20
137.6330056229
 11
76.0793320424
 21
137.6830056229
  0
LINE
  5
653
100
AcDbEntity
  8
ASSEM_MEM
100
AcDbLine
 62
7
  6
CONTINUOUS
 10
76.4708214051
 20
137.7330056229
 11
76.4793320424
 21
137.6830056229
  0
LINE
  5
654
100
AcDbEntity
  8
ASSEM_MEM
100
AcDbLine
 62
7
  6
CONTINUOUS
 10
74.5793320424
 20
135.6532410355
 11
74.5793320424
 21
142.6532410355
  0
LINE
  5
655
100
AcDbEntity
  8
ASSEM_MEM
100
AcDbLine
 62
7
  6
CONTINUOUS
 10
75.6293320424
 20
136.9232410355
 11
75.6293320424
 21
140.9832410355
  0
LINE
  5
656
100
AcDbEntity
  8
ASSEM_MEM
100
AcDbLine
 62
7
  6
CONTINUOUS
 10
76.0293320424
 20
140.8332410355
 11
76.0293320424
 21
139.9832410355
  0
LINE
  5
657
100
AcDbEntity
  8
ASSEM_MEM
100
AcDbLine
 62
7
  6
CONTINUOUS
 10
76.0293320424
 20
139.3782410355
 11
76.0293320424
 21
138.5282410355
  0
LINE
  5
658
100
AcDbEntity
  8
ASSEM_MEM
100
AcDbLine
 62
7
  6
CONTINUOUS
 10
76.0293320424
 20
137.0732410355
 11
76.0293320424
 21
137.9232410355
  0
LINE
  5
659
100
AcDbEntity
  8
ASSEM_MEM
100
AcDbLine
 62
7
  6
CONTINUOUS
 10
76.0793320424
 20
140.7832410355
 11
76.0793320424
 21
140.7332410355
  0
LINE
  5
65A
100
AcDbEntity
  8
ASSEM_MEM
100
AcDbLine
 62
7
  6
CONTINUOUS
 10
76.0793320424
 20
139.3032410355
 11
76.0793320424
 21
138.9699077101
  0
LINE
  5
65B
100
AcDbEntity
  8
ASSEM_MEM
100
AcDbLine
 62
7
  6
CONTINUOUS
 10
76.0793320424
 20
138.7699076863
 11
76.0793320424
 21
138.7199076863
  0
LINE
  5
65C
100
AcDbEntity
  8
ASSEM_MEM
100
AcDbLine
 62
7
  6
CONTINUOUS
 10
76.0793320424
 20
137.2663389721
 11
76.0793320424
 21
137.2163389721
  0
LINE
  5
65D
100
AcDbEntity
  8
ASSEM_MEM
100
AcDbLine
 62
7
  6
CONTINUOUS
 10
76.0793320424
 20
140.0832410355
 11
76.0793320424
 21
140.1332410355
  0
LINE
  5
65E
100
AcDbEntity
  8
ASSEM_MEM
100
AcDbLine
 62
7
  6
CONTINUOUS
 10
76.0793320424
 20
140.3665743847
 11
76.0793320424
 21
140.4165743609
  0
LINE
  5
65F
100
AcDbEntity
  8
ASSEM_MEM
100
AcDbLine
 62
7
  6
CONTINUOUS
 10
76.130395872
 20
138.9699077101
 11
76.130395872
 21
139.2532410355
  0
LINE
  5
660
100
AcDbEntity
  8
ASSEM_MEM
100
AcDbLine
 62
7
  6
CONTINUOUS
 10
76.1814597017
 20
140.1665743847
 11
76.1814597017
 21
140.3332410355
  0
LINE
  5
661
100
AcDbEntity
  8
ASSEM_MEM
100
AcDbLine
 62
7
  6
CONTINUOUS
 10
76.1984809763
 20
137.4663389483
 11
76.1984809763
 21
137.2663389721
  0
LINE
  5
662
100
AcDbEntity
  8
ASSEM_MEM
100
AcDbLine
 62
7
  6
CONTINUOUS
 10
76.1984809763
 20
137.2163389721
 11
76.1984809763
 21
137.1330056229
  0
LINE
  5
663
100
AcDbEntity
  8
ASSEM_MEM
100
AcDbLine
 62
7
  6
CONTINUOUS
 10
76.2155022508
 20
140.3249076863
 11
76.2155022508
 21
140.1749076863
  0
LINE
  5
664
100
AcDbEntity
  8
ASSEM_MEM
100
AcDbLine
 62
7
  6
CONTINUOUS
 10
76.2495448119
 20
137.2663389721
 11
76.2495448119
 21
137.4080056229
  0
LINE
  5
665
100
AcDbEntity
  8
ASSEM_MEM
100
AcDbLine
 62
7
  6
CONTINUOUS
 10
76.2495448119
 20
137.1330056229
 11
76.2495448119
 21
137.2163389721
  0
LINE
  5
666
100
AcDbEntity
  8
ASSEM_MEM
100
AcDbLine
 62
7
  6
CONTINUOUS
 10
76.2665660865
 20
140.5165743609
 11
76.2665660865
 21
140.7332410355
  0
LINE
  5
667
100
AcDbEntity
  8
ASSEM_MEM
100
AcDbLine
 62
7
  6
CONTINUOUS
 10
76.3176299102
 20
140.7332410355
 11
76.3176299102
 21
140.5165743609
  0
LINE
  5
668
100
AcDbEntity
  8
ASSEM_MEM
100
AcDbLine
 62
7
  6
CONTINUOUS
 10
76.4282682187
 20
140.4832410355
 11
76.4282682187
 21
140.7332410355
  0
LINE
  5
669
100
AcDbEntity
  8
ASSEM_MEM
100
AcDbLine
 62
7
  6
CONTINUOUS
 10
76.436778856
 20
139.3032410355
 11
76.436778856
 21
139.0115743609
  0
LINE
  5
66A
100
AcDbEntity
  8
ASSEM_MEM
100
AcDbLine
 62
7
  6
CONTINUOUS
 10
76.4793320424
 20
140.7832410355
 11
76.4793320424
 21
140.4832410355
  0
LINE
  5
66B
100
AcDbEntity
  8
ASSEM_MEM
100
AcDbLine
 62
7
  6
CONTINUOUS
 10
76.4793320424
 20
140.2832410355
 11
76.4793320424
 21
140.2165743847
  0
LINE
  5
66C
100
AcDbEntity
  8
ASSEM_MEM
100
AcDbLine
 62
7
  6
CONTINUOUS
 10
76.4793320424
 20
137.2163389721
 11
76.4793320424
 21
137.2663389721
  0
LINE
  5
66D
100
AcDbEntity
  8
ASSEM_MEM
100
AcDbLine
 62
7
  6
CONTINUOUS
 10
76.4793320424
 20
138.5865743847
 11
76.4793320424
 21
138.6365743847
  0
LINE
  5
66E
100
AcDbEntity
  8
ASSEM_MEM
100
AcDbLine
 62
7
  6
CONTINUOUS
 10
76.4793320424
 20
138.8532410355
 11
76.4793320424
 21
138.9032410355
  0
LINE
  5
66F
100
AcDbEntity
  8
ASSEM_MEM
100
AcDbLine
 62
7
  6
CONTINUOUS
 10
76.4793320424
 20
138.9699077101
 11
76.4793320424
 21
139.3032410355
  0
LINE
  5
670
100
AcDbEntity
  8
ASSEM_MEM
100
AcDbLine
 62
7
  6
CONTINUOUS
 10
76.5293320424
 20
137.9232410355
 11
76.5293320424
 21
137.0732410355
  0
LINE
  5
671
100
AcDbEntity
  8
ASSEM_MEM
100
AcDbLine
 62
7
  6
CONTINUOUS
 10
76.5293320424
 20
138.5282410355
 11
76.5293320424
 21
139.3782410355
  0
LINE
  5
672
100
AcDbEntity
  8
ASSEM_MEM
100
AcDbLine
 62
7
  6
CONTINUOUS
 10
76.5293320424
 20
139.9832410355
 11
76.5293320424
 21
140.8332410355
  0
LINE
  5
673
100
AcDbEntity
  8
ASSEM_MEM
100
AcDbLine
 62
7
420
48875
  6
CONTINUOUS
 10
76.6293320424
 20
135.6032410355
 11
76.6293320424
 21
136.6032410355
  0
LINE
  5
674
100
AcDbEntity
  8
ASSEM_MEM
100
AcDbLine
 62
7
420
48875
  6
CONTINUOUS
 10
76.6293320424
 20
141.3032410355
 11
76.6293320424
 21
142.3032410355
  0
LINE
  5
675
100
AcDbEntity
  8
ASSEM_MEM
100
AcDbLine
 62
7
  6
CONTINUOUS
 10
76.9793320424
 20
141.6532410355
 11
76.9793320424
 21
141.3532410355
  0
LINE
  5
676
100
AcDbEntity
  8
ASSEM_MEM
100
AcDbLine
 62
7
  6
CONTINUOUS
 10
76.9793320424
 20
136.2532410355
 11
76.9793320424
 21
136.5532410355
  0
LINE
  5
677
100
AcDbEntity
  8
ASSEM_MEM
100
AcDbLine
 62
7
  6
CONTINUOUS
 10
76.9793320424
 20
136.6632410355
 11
76.9793320424
 21
136.8132410355
  0
LINE
  5
678
100
AcDbEntity
  8
ASSEM_MEM
100
AcDbLine
 62
7
  6
CONTINUOUS
 10
76.9793320424
 20
141.0932410355
 11
76.9793320424
 21
141.2432410355
  0
LINE
  5
679
100
AcDbEntity
  8
ASSEM_MEM
100
AcDbLine
 62
7
  6
CONTINUOUS
 10
77.0793320424
 20
136.9232410355
 11
77.0793320424
 21
136.5832410355
  0
LINE
  5
67A
100
AcDbEntity
  8
ASSEM_MEM
100
AcDbLine
 62
7
  6
CONTINUOUS
 10
77.0793320424
 20
140.9832410355
 11
77.0793320424
 21
141.3232410355
  0
LINE
  5
67B
100
AcDbEntity
  8
ASSEM_MEM
100
AcDbLine
 62
7
  6
CONTINUOUS
 10
77.0993320424
 20
135.7532410355
 11
77.0993320424
 21
136.2532410355
  0
LINE
  5
67C
100
AcDbEntity
  8
ASSEM_MEM
100
AcDbLine
 62
7
  6
CONTINUOUS
 10
77.0993320424
 20
141.6532410355
 11
77.0993320424
 21
142.1532410355
  0
LINE
  5
67D
100
AcDbEntity
  8
ASSEM_MEM
100
AcDbLine
 62
7
  6
CONTINUOUS
 10
77.2391396635
 20
137.0330486566
 11
77.2391396635
 21
140.8734334144
  0
LINE
  5
67E
100
AcDbEntity
  8
ASSEM_MEM
100
AcDbLine
 62
9
  6
CONTINUOUS
 10
77.2493320424
 20
142.1532410355
 11
77.2493320424
 21
142.0032410355
  0
LINE
  5
67F
100
AcDbEntity
  8
ASSEM_MEM
100
AcDbLine
 62
9
  6
CONTINUOUS
 10
77.2493320424
 20
135.9032410355
 11
77.2493320424
 21
135.7532410355
  0
LINE
  5
680
100
AcDbEntity
  8
ASSEM_MEM
100
AcDbLine
 62
7
  6
CONTINUOUS
 10
77.2793320424
 20
137.0732410355
 11
77.2793320424
 21
140.8332410355
  0
LINE
  5
681
100
AcDbEntity
  8
ASSEM_MEM
100
AcDbLine
 62
7
  6
CONTINUOUS
 10
77.4293320424
 20
139.8482410355
 11
77.4293320424
 21
139.5582410355
  0
LINE
  5
682
100
AcDbEntity
  8
ASSEM_MEM
100
AcDbLine
 62
7
  6
CONTINUOUS
 10
77.4293320424
 20
139.3482410355
 11
77.4293320424
 21
139.0582410355
  0
LINE
  5
683
100
AcDbEntity
  8
ASSEM_MEM
100
AcDbLine
 62
7
  6
CONTINUOUS
 10
77.4293320424
 20
138.0582410355
 11
77.4293320424
 21
138.3482410355
  0
LINE
  5
684
100
AcDbEntity
  8
ASSEM_MEM
100
AcDbLine
 62
7
  6
CONTINUOUS
 10
77.4293320424
 20
138.5582410355
 11
77.4293320424
 21
138.8482410355
  0
LINE
  5
685
100
AcDbEntity
  8
ASSEM_MEM
100
AcDbLine
 62
7
  6
CONTINUOUS
 10
77.6362571201
 20
138.1282410355
 11
77.6362571201
 21
138.2782410355
  0
LINE
  5
686
100
AcDbEntity
  8
ASSEM_MEM
100
AcDbLine
 62
7
  6
CONTINUOUS
 10
77.6362571201
 20
138.6282410355
 11
77.6362571201
 21
138.7782410355
  0
LINE
  5
687
100
AcDbEntity
  8
ASSEM_MEM
100
AcDbLine
 62
7
  6
CONTINUOUS
 10
77.6362571201
 20
139.1282410355
 11
77.6362571201
 21
139.2782410355
  0
LINE
  5
688
100
AcDbEntity
  8
ASSEM_MEM
100
AcDbLine
 62
7
  6
CONTINUOUS
 10
77.6362571201
 20
139.6282410355
 11
77.6362571201
 21
139.7782410355
  0
LINE
  5
689
100
AcDbEntity
  8
ASSEM_MEM
100
AcDbLine
 62
9
  6
CONTINUOUS
 10
77.6962571201
 20
139.7782410355
 11
77.6962571201
 21
139.6282410355
  0
LINE
  5
68A
100
AcDbEntity
  8
ASSEM_MEM
100
AcDbLine
 62
9
  6
CONTINUOUS
 10
77.6962571201
 20
139.2782410355
 11
77.6962571201
 21
139.1282410355
  0
LINE
  5
68B
100
AcDbEntity
  8
ASSEM_MEM
100
AcDbLine
 62
9
  6
CONTINUOUS
 10
77.6962571201
 20
138.7782410355
 11
77.6962571201
 21
138.6282410355
  0
LINE
  5
68C
100
AcDbEntity
  8
ASSEM_MEM
100
AcDbLine
 62
9
  6
CONTINUOUS
 10
77.6962571201
 20
138.2782410355
 11
77.6962571201
 21
138.1282410355
  0
LINE
  5
68D
100
AcDbEntity
  8
ASSEM_MEM
100
AcDbLine
 62
7
  6
CONTINUOUS
 10
77.8605892521
 20
140.8332410355
 11
77.8605892521
 21
140.1082410355
  0
LINE
  5
68E
100
AcDbEntity
  8
ASSEM_MEM
100
AcDbLine
 62
7
  6
CONTINUOUS
 10
77.8605892521
 20
137.0732410355
 11
77.8605892521
 21
137.7982410355
  0
LINE
  5
68F
100
AcDbEntity
  8
ASSEM_MEM
100
AcDbLine
 62
7
  6
CONTINUOUS
 10
77.9304649805
 20
140.1082410355
 11
77.9304649805
 21
139.8482410355
  0
LINE
  5
690
100
AcDbEntity
  8
ASSEM_MEM
100
AcDbLine
 62
7
  6
CONTINUOUS
 10
77.9304649805
 20
139.5582410355
 11
77.9304649805
 21
139.3482410355
  0
LINE
  5
691
100
AcDbEntity
  8
ASSEM_MEM
100
AcDbLine
 62
7
  6
CONTINUOUS
 10
77.9304649805
 20
139.0582410355
 11
77.9304649805
 21
138.8482410355
  0
LINE
  5
692
100
AcDbEntity
  8
ASSEM_MEM
100
AcDbLine
 62
7
  6
CONTINUOUS
 10
77.9304649805
 20
137.7982410355
 11
77.9304649805
 21
138.0582410355
  0
LINE
  5
693
100
AcDbEntity
  8
ASSEM_MEM
100
AcDbLine
 62
7
  6
CONTINUOUS
 10
77.9304649805
 20
138.3482410355
 11
77.9304649805
 21
138.5582410355
  0
LINE
  5
694
100
AcDbEntity
  8
ASSEM_MEM
100
AcDbLine
 62
7
  6
CONTINUOUS
 10
77.9438624402
 20
138.6282410355
 11
77.9438624402
 21
138.6082410355
  0
LINE
  5
695
100
AcDbEntity
  8
ASSEM_MEM
100
AcDbLine
 62
7
  6
CONTINUOUS
 10
77.9438624402
 20
138.7982410355
 11
77.9438624402
 21
138.7782410355
  0
LINE
  5
696
100
AcDbEntity
  8
ASSEM_MEM
100
AcDbLine
 62
7
  6
CONTINUOUS
 10
77.9438624402
 20
138.1282410355
 11
77.9438624402
 21
138.1082410355
  0
LINE
  5
697
100
AcDbEntity
  8
ASSEM_MEM
100
AcDbLine
 62
7
  6
CONTINUOUS
 10
77.9438624402
 20
138.2982410355
 11
77.9438624402
 21
138.2782410355
  0
LINE
  5
698
100
AcDbEntity
  8
ASSEM_MEM
100
AcDbLine
 62
7
  6
CONTINUOUS
 10
77.9438624402
 20
139.2782410355
 11
77.9438624402
 21
139.2982410355
  0
LINE
  5
699
100
AcDbEntity
  8
ASSEM_MEM
100
AcDbLine
 62
7
  6
CONTINUOUS
 10
77.9438624402
 20
139.1082410355
 11
77.9438624402
 21
139.1282410355
  0
LINE
  5
69A
100
AcDbEntity
  8
ASSEM_MEM
100
AcDbLine
 62
7
  6
CONTINUOUS
 10
77.9438624402
 20
139.6082410355
 11
77.9438624402
 21
139.6282410355
  0
LINE
  5
69B
100
AcDbEntity
  8
ASSEM_MEM
100
AcDbLine
 62
7
  6
CONTINUOUS
 10
77.9438624402
 20
139.7782410355
 11
77.9438624402
 21
139.7982410355
  0
LINE
  5
69C
100
AcDbEntity
  8
ASSEM_MEM
100
AcDbLine
 62
7
  6
CONTINUOUS
 10
77.9490800424
 20
140.8332410355
 11
77.9490800424
 21
140.1082410355
  0
LINE
  5
69D
100
AcDbEntity
  8
ASSEM_MEM
100
AcDbLine
 62
7
  6
CONTINUOUS
 10
77.9490800424
 20
137.0732410355
 11
77.9490800424
 21
137.7982410355
  0
LINE
  5
69E
100
AcDbEntity
  8
ASSEM_MEM
100
AcDbLine
 62
7
  6
CONTINUOUS
 10
77.9506488732
 20
141.3232410355
 11
77.9506488732
 21
140.8734334144
  0
LINE
  5
69F
100
AcDbEntity
  8
ASSEM_MEM
100
AcDbLine
 62
7
  6
CONTINUOUS
 10
77.9506488732
 20
136.5832410355
 11
77.9506488732
 21
137.0330486566
  0
LINE
  5
6A0
100
AcDbEntity
  8
ASSEM_MEM
100
AcDbLine
 62
9
  6
CONTINUOUS
 10
78.0493320424
 20
135.7532410355
 11
78.0493320424
 21
135.9032410355
  0
LINE
  5
6A1
100
AcDbEntity
  8
ASSEM_MEM
100
AcDbLine
 62
9
  6
CONTINUOUS
 10
78.0493320424
 20
142.0032410355
 11
78.0493320424
 21
142.1532410355
  0
LINE
  5
6A2
100
AcDbEntity
  8
ASSEM_MEM
100
AcDbLine
 62
7
  6
CONTINUOUS
 10
78.0550880424
 20
137.7982410355
 11
78.0550880424
 21
138.1282410355
  0
LINE
  5
6A3
100
AcDbEntity
  8
ASSEM_MEM
100
AcDbLine
 62
7
  6
CONTINUOUS
 10
78.0550880424
 20
138.2782410355
 11
78.0550880424
 21
138.6282410355
  0
LINE
  5
6A4
100
AcDbEntity
  8
ASSEM_MEM
100
AcDbLine
 62
7
  6
CONTINUOUS
 10
78.0550880424
 20
138.7782410355
 11
78.0550880424
 21
139.1282410355
  0
LINE
  5
6A5
100
AcDbEntity
  8
ASSEM_MEM
100
AcDbLine
 62
7
  6
CONTINUOUS
 10
78.0550880424
 20
139.2782410355
 11
78.0550880424
 21
139.6282410355
  0
LINE
  5
6A6
100
AcDbEntity
  8
ASSEM_MEM
100
AcDbLine
 62
7
  6
CONTINUOUS
 10
78.0550880424
 20
139.7782410355
 11
78.0550880424
 21
140.1082410355
  0
LINE
  5
6A7
100
AcDbEntity
  8
ASSEM_MEM
100
AcDbLine
 62
7
  6
CONTINUOUS
 10
78.0793320424
 20
137.0732410355
 11
78.0793320424
 21
136.5832410355
  0
LINE
  5
6A8
100
AcDbEntity
  8
ASSEM_MEM
100
AcDbLine
 62
7
  6
CONTINUOUS
 10
78.0793320424
 20
140.8332410355
 11
78.0793320424
 21
141.3232410355
  0
LINE
  5
6A9
100
AcDbEntity
  8
ASSEM_MEM
100
AcDbLine
 62
7
  6
CONTINUOUS
 10
78.1993320424
 20
135.7532410355
 11
78.1993320424
 21
136.2532410355
  0
LINE
  5
6AA
100
AcDbEntity
  8
ASSEM_MEM
100
AcDbLine
 62
7
  6
CONTINUOUS
 10
78.1993320424
 20
136.6532410355
 11
78.1993320424
 21
136.6632410355
  0
LINE
  5
6AB
100
AcDbEntity
  8
ASSEM_MEM
100
AcDbLine
 62
7
  6
CONTINUOUS
 10
78.1993320424
 20
141.2432410355
 11
78.1993320424
 21
141.2532410355
  0
LINE
  5
6AC
100
AcDbEntity
  8
ASSEM_MEM
100
AcDbLine
 62
7
  6
CONTINUOUS
 10
78.1993320424
 20
141.6532410355
 11
78.1993320424
 21
142.1532410355
  0
LINE
  5
6AD
100
AcDbEntity
  8
ASSEM_MEM
100
AcDbLine
 62
2
  6
CONTINUOUS
 10
105.0793320424
 20
226.2723319214
 11
106.4602411565
 21
227.6532410355
  0
LINE
  5
6AE
100
AcDbEntity
  8
ASSEM_MEM
100
AcDbLine
 62
7
  6
CONTINUOUS
 10
89.6293320424
 20
135.5532410355
 11
89.8293320424
 21
135.5532410355
  0
LINE
  5
6AF
100
AcDbEntity
  8
ASSEM_MEM
100
AcDbLine
 62
7
420
48875
  6
CONTINUOUS
 10
164.4793320424
 20
135.6032410355
 11
162.4793320424
 21
135.6032410355
  0
LINE
  5
6B0
100
AcDbEntity
  8
ASSEM_MEM
100
AcDbLine
 62
7
420
48875
  6
CONTINUOUS
 10
78.6293320424
 20
135.6032410355
 11
76.6293320424
 21
135.6032410355
  0
LINE
  5
6B1
100
AcDbEntity
  8
ASSEM_MEM
100
AcDbLine
 62
7
  6
CONTINUOUS
 10
77.0993320424
 20
135.7532410355
 11
78.1993320424
 21
135.7532410355
  0
LINE
  5
6B2
100
AcDbEntity
  8
ASSEM_MEM
100
AcDbLine
 62
7
  6
CONTINUOUS
 10
162.9093320424
 20
135.7532410355
 11
164.0093320424
 21
135.7532410355
  0
LINE
  5
6B3
100
AcDbEntity
  8
ASSEM_MEM
100
AcDbLine
 62
7
  6
CONTINUOUS
 10
164.0093320424
 20
135.9032410355
 11
162.9093320424
 21
135.9032410355
  0
LINE
  5
6B4
100
AcDbEntity
  8
ASSEM_MEM
100
AcDbLine
 62
7
  6
CONTINUOUS
 10
77.0993320424
 20
135.9032410355
 11
78.1993320424
 21
135.9032410355
  0
LINE
  5
6B5
100
AcDbEntity
  8
ASSEM_MEM
100
AcDbLine
 62
9
  6
CONTINUOUS
 10
77.0993320424
 20
136.0032410355
 11
78.1993320424
 21
136.0032410355
  0
LINE
  5
6B6
100
AcDbEntity
  8
ASSEM_MEM
100
AcDbLine
 62
9
  6
CONTINUOUS
 10
162.9093320424
 20
136.0032410355
 11
164.0093320424
 21
136.0032410355
  0
LINE
  5
6B7
100
AcDbEntity
  8
ASSEM_MEM
100
AcDbLine
 62
7
  6
CONTINUOUS
 10
80.0793320424
 20
136.2532410355
 11
76.9793320424
 21
136.2532410355
  0
LINE
  5
6B8
100
AcDbEntity
  8
ASSEM_MEM
100
AcDbLine
 62
7
  6
CONTINUOUS
 10
161.0293320424
 20
136.2532410355
 11
164.1293320424
 21
136.2532410355
  0
LINE
  5
6B9
100
AcDbEntity
  8
ASSEM_MEM
100
AcDbLine
 62
7
  6
CONTINUOUS
 10
78.5993320424
 20
136.5532410355
 11
76.9793320424
 21
136.5532410355
  0
LINE
  5
6BA
100
AcDbEntity
  8
ASSEM_MEM
100
AcDbLine
 62
7
  6
CONTINUOUS
 10
162.5093320424
 20
136.5532410355
 11
164.1293320424
 21
136.5532410355
  0
LINE
  5
6BB
100
AcDbEntity
  8
ASSEM_MEM
100
AcDbLine
 62
7
  6
CONTINUOUS
 10
77.0793320424
 20
136.5832410355
 11
78.0793320424
 21
136.5832410355
  0
LINE
  5
6BC
100
AcDbEntity
  8
ASSEM_MEM
100
AcDbLine
 62
7
  6
CONTINUOUS
 10
163.0293320424
 20
136.5832410355
 11
164.0293320424
 21
136.5832410355
  0
LINE
  5
6BD
100
AcDbEntity
  8
ASSEM_MEM
100
AcDbLine
 62
7
420
48875
  6
CONTINUOUS
 10
76.6293320424
 20
136.6032410355
 11
77.0293320424
 21
136.6032410355
  0
LINE
  5
6BE
100
AcDbEntity
  8
ASSEM_MEM
100
AcDbLine
 62
7
420
48875
  6
CONTINUOUS
 10
164.0793320424
 20
136.6032410355
 11
164.4793320424
 21
136.6032410355
  0
LINE
  5
6BF
100
AcDbEntity
  8
ASSEM_MEM
100
AcDbLine
 62
7
  6
CONTINUOUS
 10
163.0293320424
 20
136.6532410355
 11
162.5093320424
 21
136.6532410355
  0
LINE
  5
6C0
100
AcDbEntity
  8
ASSEM_MEM
100
AcDbLine
 62
7
  6
CONTINUOUS
 10
78.0793320424
 20
136.6532410355
 11
78.5993320424
 21
136.6532410355
  0
LINE
  5
6C1
100
AcDbEntity
  8
ASSEM_MEM
100
AcDbLine
 62
7
  6
CONTINUOUS
 10
76.9793320424
 20
136.6632410355
 11
77.0793320424
 21
136.6632410355
  0
LINE
  5
6C2
100
AcDbEntity
  8
ASSEM_MEM
100
AcDbLine
 62
7
  6
CONTINUOUS
 10
78.0793320424
 20
136.6632410355
 11
78.5993320424
 21
136.6632410355
  0
LINE
  5
6C3
100
AcDbEntity
  8
ASSEM_MEM
100
AcDbLine
 62
7
  6
CONTINUOUS
 10
162.5093320424
 20
136.6632410355
 11
163.0293320424
 21
136.6632410355
  0
LINE
  5
6C4
100
AcDbEntity
  8
ASSEM_MEM
100
AcDbLine
 62
7
  6
CONTINUOUS
 10
164.0293320424
 20
136.6632410355
 11
164.1293320424
 21
136.6632410355
  0
LINE
  5
6C5
100
AcDbEntity
  8
ASSEM_MEM
100
AcDbLine
 62
7
  6
CONTINUOUS
 10
164.1293320424
 20
136.8132410355
 11
164.0293320424
 21
136.8132410355
  0
LINE
  5
6C6
100
AcDbEntity
  8
ASSEM_MEM
100
AcDbLine
 62
7
  6
CONTINUOUS
 10
163.0293320424
 20
136.8132410355
 11
162.5093320424
 21
136.8132410355
  0
LINE
  5
6C7
100
AcDbEntity
  8
ASSEM_MEM
100
AcDbLine
 62
7
  6
CONTINUOUS
 10
77.0793320424
 20
136.8132410355
 11
76.9793320424
 21
136.8132410355
  0
LINE
  5
6C8
100
AcDbEntity
  8
ASSEM_MEM
100
AcDbLine
 62
7
  6
CONTINUOUS
 10
78.0793320424
 20
136.8132410355
 11
78.5993320424
 21
136.8132410355
  0
LINE
  5
6C9
100
AcDbEntity
  8
ASSEM_MEM
100
AcDbLine
 62
7
  6
CONTINUOUS
 10
163.0293320424
 20
136.8232410355
 11
162.5093320424
 21
136.8232410355
  0
LINE
  5
6CA
100
AcDbEntity
  8
ASSEM_MEM
100
AcDbLine
 62
7
  6
CONTINUOUS
 10
78.0793320424
 20
136.8232410355
 11
78.5993320424
 21
136.8232410355
  0
LINE
  5
6CB
100
AcDbEntity
  8
ASSEM_MEM
100
AcDbLine
 62
7
  6
CONTINUOUS
 10
165.4793320424
 20
136.9232410355
 11
164.0293320424
 21
136.9232410355
  0
LINE
  5
6CC
100
AcDbEntity
  8
ASSEM_MEM
100
AcDbLine
 62
7
  6
CONTINUOUS
 10
75.6293320424
 20
136.9232410355
 11
77.0793320424
 21
136.9232410355
  0
LINE
  5
6CD
100
AcDbEntity
  8
ASSEM_MEM
100
AcDbLine
 62
7
  6
CONTINUOUS
 10
163.8695244213
 20
137.0330486566
 11
163.1580152115
 21
137.0330486566
  0
LINE
  5
6CE
100
AcDbEntity
  8
ASSEM_MEM
100
AcDbLine
 62
7
  6
CONTINUOUS
 10
77.2391396635
 20
137.0330486566
 11
77.9506488732
 21
137.0330486566
  0
LINE
  5
6CF
100
AcDbEntity
  8
ASSEM_MEM
100
AcDbLine
 62
7
  6
CONTINUOUS
 10
76.5293320424
 20
137.0732410355
 11
76.0293320424
 21
137.0732410355
  0
LINE
  5
6D0
100
AcDbEntity
  8
ASSEM_MEM
100
AcDbLine
 62
7
  6
CONTINUOUS
 10
77.2793320424
 20
137.0732410355
 11
78.0793320424
 21
137.0732410355
  0
LINE
  5
6D1
100
AcDbEntity
  8
ASSEM_MEM
100
AcDbLine
 62
7
  6
CONTINUOUS
 10
163.0293320424
 20
137.0732410355
 11
163.8293320424
 21
137.0732410355
  0
LINE
  5
6D2
100
AcDbEntity
  8
ASSEM_MEM
100
AcDbLine
 62
7
  6
CONTINUOUS
 10
164.5793320424
 20
137.0732410355
 11
165.0793320424
 21
137.0732410355
  0
LINE
  5
6D3
100
AcDbEntity
  8
ASSEM_MEM
100
AcDbLine
 62
4
  6
CONTINUOUS
 10
116.4093320424
 20
137.0832410355
 11
115.7093320424
 21
137.0832410355
  0
LINE
  5
6D4
100
AcDbEntity
  8
ASSEM_MEM
100
AcDbLine
 62
4
  6
CONTINUOUS
 10
115.5493320424
 20
137.0832410355
 11
114.8493320424
 21
137.0832410355
  0
LINE
  5
6D5
100
AcDbEntity
  8
ASSEM_MEM
100
AcDbLine
 62
4
  6
CONTINUOUS
 10
113.1093320424
 20
137.0832410355
 11
112.4093320424
 21
137.0832410355
  0
LINE
  5
6D6
100
AcDbEntity
  8
ASSEM_MEM
100
AcDbLine
 62
4
  6
CONTINUOUS
 10
112.2493320424
 20
137.0832410355
 11
111.5493320424
 21
137.0832410355
  0
LINE
  5
6D7
100
AcDbEntity
  8
ASSEM_MEM
100
AcDbLine
 62
4
  6
CONTINUOUS
 10
118.1493320424
 20
137.0832410355
 11
118.8493320424
 21
137.0832410355
  0
LINE
  5
6D8
100
AcDbEntity
  8
ASSEM_MEM
100
AcDbLine
 62
4
  6
CONTINUOUS
 10
119.0093320424
 20
137.0832410355
 11
119.7093320424
 21
137.0832410355
  0
LINE
  5
6D9
100
AcDbEntity
  8
ASSEM_MEM
100
AcDbLine
 62
4
  6
CONTINUOUS
 10
121.4493320424
 20
137.0832410355
 11
122.1493320424
 21
137.0832410355
  0
LINE
  5
6DA
100
AcDbEntity
  8
ASSEM_MEM
100
AcDbLine
 62
4
  6
CONTINUOUS
 10
122.3093320424
 20
137.0832410355
 11
123.0093320424
 21
137.0832410355
  0
LINE
  5
6DB
100
AcDbEntity
  8
ASSEM_MEM
100
AcDbLine
 62
7
  6
CONTINUOUS
 10
165.0293320424
 20
137.1232410355
 11
164.6293320424
 21
137.1232410355
  0
LINE
  5
6DC
100
AcDbEntity
  8
ASSEM_MEM
100
AcDbLine
 62
7
  6
CONTINUOUS
 10
76.1984809763
 20
137.1330056229
 11
76.2495448119
 21
137.1330056229
  0
LINE
  5
6DD
100
AcDbEntity
  8
ASSEM_MEM
100
AcDbLine
 62
7
  6
CONTINUOUS
 10
164.8420979983
 20
137.1732410355
 11
165.0293320424
 21
137.1732410355
  0
LINE
  5
6DE
100
AcDbEntity
  8
ASSEM_MEM
100
AcDbLine
 62
7
  6
CONTINUOUS
 10
164.6803958661
 20
137.1732410355
 11
164.7910341746
 21
137.1732410355
  0
LINE
  5
6DF
100
AcDbEntity
  8
ASSEM_MEM
100
AcDbLine
 62
7
  6
CONTINUOUS
 10
76.0793320424
 20
137.2163389721
 11
76.1984809763
 21
137.2163389721
  0
LINE
  5
6E0
100
AcDbEntity
  8
ASSEM_MEM
100
AcDbLine
 62
7
  6
CONTINUOUS
 10
76.2495448119
 20
137.2163389721
 11
76.4793320424
 21
137.2163389721
  0
LINE
  5
6E1
100
AcDbEntity
  8
ASSEM_MEM
100
AcDbLine
 62
7
  6
CONTINUOUS
 10
76.4112469441
 20
137.2663389721
 11
76.2495448119
 21
137.2663389721
  0
LINE
  5
6E2
100
AcDbEntity
  8
ASSEM_MEM
100
AcDbLine
 62
7
  6
CONTINUOUS
 10
76.1984809763
 20
137.2663389721
 11
76.0793320424
 21
137.2663389721
  0
LINE
  5
6E3
100
AcDbEntity
  8
ASSEM_MEM
100
AcDbLine
 62
7
  6
CONTINUOUS
 10
162.6793320424
 20
137.3032410355
 11
162.5093320424
 21
137.3032410355
  0
LINE
  5
6E4
100
AcDbEntity
  8
ASSEM_MEM
100
AcDbLine
 62
7
  6
CONTINUOUS
 10
78.4293320424
 20
137.3032410355
 11
78.5993320424
 21
137.3032410355
  0
LINE
  5
6E5
100
AcDbEntity
  8
ASSEM_MEM
100
AcDbLine
 62
4
  6
CONTINUOUS
 10
139.6643320424
 20
137.3232410355
 11
138.9643320424
 21
137.3232410355
  0
LINE
  5
6E6
100
AcDbEntity
  8
ASSEM_MEM
100
AcDbLine
 62
4
  6
CONTINUOUS
 10
138.8043320424
 20
137.3232410355
 11
138.1043320424
 21
137.3232410355
  0
LINE
  5
6E7
100
AcDbEntity
  8
ASSEM_MEM
100
AcDbLine
 62
4
  6
CONTINUOUS
 10
136.3643320424
 20
137.3232410355
 11
135.6643320424
 21
137.3232410355
  0
LINE
  5
6E8
100
AcDbEntity
  8
ASSEM_MEM
100
AcDbLine
 62
4
  6
CONTINUOUS
 10
135.5043320424
 20
137.3232410355
 11
134.8043320424
 21
137.3232410355
  0
LINE
  5
6E9
100
AcDbEntity
  8
ASSEM_MEM
100
AcDbLine
 62
4
  6
CONTINUOUS
 10
128.2043320424
 20
137.3232410355
 11
128.9043320424
 21
137.3232410355
  0
LINE
  5
6EA
100
AcDbEntity
  8
ASSEM_MEM
100
AcDbLine
 62
4
  6
CONTINUOUS
 10
129.0643320424
 20
137.3232410355
 11
129.7643320424
 21
137.3232410355
  0
LINE
  5
6EB
100
AcDbEntity
  8
ASSEM_MEM
100
AcDbLine
 62
4
  6
CONTINUOUS
 10
131.5043320424
 20
137.3232410355
 11
132.2043320424
 21
137.3232410355
  0
LINE
  5
6EC
100
AcDbEntity
  8
ASSEM_MEM
100
AcDbLine
 62
4
  6
CONTINUOUS
 10
132.3643320424
 20
137.3232410355
 11
133.0643320424
 21
137.3232410355
  0
LINE
  5
6ED
100
AcDbEntity
  8
ASSEM_MEM
100
AcDbLine
 62
7
  6
CONTINUOUS
 10
164.7910341746
 20
137.3899077101
 11
164.8420979983
 21
137.3899077101
  0
LINE
  5
6EE
100
AcDbEntity
  8
ASSEM_MEM
100
AcDbLine
 62
7
  6
CONTINUOUS
 10
164.6293320424
 20
137.4232410355
 11
164.6803958661
 21
137.4232410355
  0
LINE
  5
6EF
100
AcDbEntity
  8
ASSEM_MEM
100
AcDbLine
 62
7
  6
CONTINUOUS
 10
76.2495448119
 20
137.4663389483
 11
76.1984809763
 21
137.4663389483
  0
LINE
  5
6F0
100
AcDbEntity
  8
ASSEM_MEM
100
AcDbLine
 62
4
  6
CONTINUOUS
 10
123.0093320424
 20
137.4832410355
 11
122.3093320424
 21
137.4832410355
  0
LINE
  5
6F1
100
AcDbEntity
  8
ASSEM_MEM
100
AcDbLine
 62
4
  6
CONTINUOUS
 10
122.1493320424
 20
137.4832410355
 11
121.4493320424
 21
137.4832410355
  0
LINE
  5
6F2
100
AcDbEntity
  8
ASSEM_MEM
100
AcDbLine
 62
4
  6
CONTINUOUS
 10
119.7093320424
 20
137.4832410355
 11
119.0093320424
 21
137.4832410355
  0
LINE
  5
6F3
100
AcDbEntity
  8
ASSEM_MEM
100
AcDbLine
 62
4
  6
CONTINUOUS
 10
118.8493320424
 20
137.4832410355
 11
118.1493320424
 21
137.4832410355
  0
LINE
  5
6F4
100
AcDbEntity
  8
ASSEM_MEM
100
AcDbLine
 62
4
  6
CONTINUOUS
 10
111.5493320424
 20
137.4832410355
 11
112.2493320424
 21
137.4832410355
  0
LINE
  5
6F5
100
AcDbEntity
  8
ASSEM_MEM
100
AcDbLine
 62
4
  6
CONTINUOUS
 10
112.4093320424
 20
137.4832410355
 11
113.1093320424
 21
137.4832410355
  0
LINE
  5
6F6
100
AcDbEntity
  8
ASSEM_MEM
100
AcDbLine
 62
4
  6
CONTINUOUS
 10
114.8493320424
 20
137.4832410355
 11
115.5493320424
 21
137.4832410355
  0
LINE
  5
6F7
100
AcDbEntity
  8
ASSEM_MEM
100
AcDbLine
 62
4
  6
CONTINUOUS
 10
115.7093320424
 20
137.4832410355
 11
116.4093320424
 21
137.4832410355
  0
LINE
  5
6F8
100
AcDbEntity
  8
ASSEM_MEM
100
AcDbLine
 62
7
  6
CONTINUOUS
 10
76.2410341746
 20
137.5330056229
 11
76.3176299102
 21
137.5330056229
  0
LINE
  5
6F9
100
AcDbEntity
  8
ASSEM_MEM
100
AcDbLine
 62
7
  6
CONTINUOUS
 10
76.3091192729
 20
137.5746722975
 11
76.2495448119
 21
137.5746722975
  0
LINE
  5
6FA
100
AcDbEntity
  8
ASSEM_MEM
100
AcDbLine
 62
7
  6
CONTINUOUS
 10
163.1595840424
 20
137.6532410355
 11
162.6793320424
 21
137.6532410355
  0
LINE
  5
6FB
100
AcDbEntity
  8
ASSEM_MEM
100
AcDbLine
 62
7
  6
CONTINUOUS
 10
77.9490800424
 20
137.6532410355
 11
78.4293320424
 21
137.6532410355
  0
LINE
  5
6FC
100
AcDbEntity
  8
ASSEM_MEM
100
AcDbLine
 62
4
  6
CONTINUOUS
 10
116.4093320424
 20
137.6832410355
 11
115.7093320424
 21
137.6832410355
  0
LINE
  5
6FD
100
AcDbEntity
  8
ASSEM_MEM
100
AcDbLine
 62
4
  6
CONTINUOUS
 10
115.5493320424
 20
137.6832410355
 11
114.8493320424
 21
137.6832410355
  0
LINE
  5
6FE
100
AcDbEntity
  8
ASSEM_MEM
100
AcDbLine
 62
4
  6
CONTINUOUS
 10
113.1093320424
 20
137.6832410355
 11
112.4093320424
 21
137.6832410355
  0
LINE
  5
6FF
100
AcDbEntity
  8
ASSEM_MEM
100
AcDbLine
 62
4
  6
CONTINUOUS
 10
112.2493320424
 20
137.6832410355
 11
111.5493320424
 21
137.6832410355
  0
LINE
  5
700
100
AcDbEntity
  8
ASSEM_MEM
100
AcDbLine
 62
4
  6
CONTINUOUS
 10
118.1493320424
 20
137.6832410355
 11
118.8493320424
 21
137.6832410355
  0
LINE
  5
701
100
AcDbEntity
  8
ASSEM_MEM
100
AcDbLine
 62
4
  6
CONTINUOUS
 10
119.0093320424
 20
137.6832410355
 11
119.7093320424
 21
137.6832410355
  0
LINE
  5
702
100
AcDbEntity
  8
ASSEM_MEM
100
AcDbLine
 62
4
  6
CONTINUOUS
 10
121.4493320424
 20
137.6832410355
 11
122.1493320424
 21
137.6832410355
  0
LINE
  5
703
100
AcDbEntity
  8
ASSEM_MEM
100
AcDbLine
 62
4
  6
CONTINUOUS
 10
122.3093320424
 20
137.6832410355
 11
123.0093320424
 21
137.6832410355
  0
LINE
  5
704
100
AcDbEntity
  8
ASSEM_MEM
100
AcDbLine
 62
4
  6
CONTINUOUS
 10
133.0643320424
 20
137.7232410355
 11
132.3643320424
 21
137.7232410355
  0
LINE
  5
705
100
AcDbEntity
  8
ASSEM_MEM
100
AcDbLine
 62
4
  6
CONTINUOUS
 10
132.2043320424
 20
137.7232410355
 11
131.5043320424
 21
137.7232410355
  0
LINE
  5
706
100
AcDbEntity
  8
ASSEM_MEM
100
AcDbLine
 62
4
  6
CONTINUOUS
 10
129.7643320424
 20
137.7232410355
 11
129.0643320424
 21
137.7232410355
  0
LINE
  5
707
100
AcDbEntity
  8
ASSEM_MEM
100
AcDbLine
 62
4
  6
CONTINUOUS
 10
128.9043320424
 20
137.7232410355
 11
128.2043320424
 21
137.7232410355
  0
LINE
  5
708
100
AcDbEntity
  8
ASSEM_MEM
100
AcDbLine
 62
4
  6
CONTINUOUS
 10
134.8043320424
 20
137.7232410355
 11
135.5043320424
 21
137.7232410355
  0
LINE
  5
709
100
AcDbEntity
  8
ASSEM_MEM
100
AcDbLine
 62
4
  6
CONTINUOUS
 10
135.6643320424
 20
137.7232410355
 11
136.3643320424
 21
137.7232410355
  0
LINE
  5
70A
100
AcDbEntity
  8
ASSEM_MEM
100
AcDbLine
 62
4
  6
CONTINUOUS
 10
138.1043320424
 20
137.7232410355
 11
138.8043320424
 21
137.7232410355
  0
LINE
  5
70B
100
AcDbEntity
  8
ASSEM_MEM
100
AcDbLine
 62
4
  6
CONTINUOUS
 10
138.9643320424
 20
137.7232410355
 11
139.6643320424
 21
137.7232410355
  0
LINE
  5
70C
100
AcDbEntity
  8
ASSEM_MEM
100
AcDbLine
 62
7
  6
CONTINUOUS
 10
76.2495448119
 20
137.7913389572
 11
76.3091192729
 21
137.7913389572
  0
LINE
  5
70D
100
AcDbEntity
  8
ASSEM_MEM
100
AcDbLine
 62
7
  6
CONTINUOUS
 10
77.8605892521
 20
137.7982410355
 11
78.0550880424
 21
137.7982410355
  0
LINE
  5
70E
100
AcDbEntity
  8
ASSEM_MEM
100
AcDbLine
 62
7
  6
CONTINUOUS
 10
163.0535760424
 20
137.7982410355
 11
163.2480748327
 21
137.7982410355
  0
LINE
  5
70F
100
AcDbEntity
  8
ASSEM_MEM
100
AcDbLine
 62
7
  6
CONTINUOUS
 10
76.3176299102
 20
137.8330056229
 11
76.2410341746
 21
137.8330056229
  0
LINE
  5
710
100
AcDbEntity
  8
ASSEM_MEM
100
AcDbLine
 62
7
  6
CONTINUOUS
 10
165.0793320424
 20
137.9232410355
 11
164.5793320424
 21
137.9232410355
  0
LINE
  5
711
100
AcDbEntity
  8
ASSEM_MEM
100
AcDbLine
 62
4
  6
CONTINUOUS
 10
139.6643320424
 20
137.9232410355
 11
138.9643320424
 21
137.9232410355
  0
LINE
  5
712
100
AcDbEntity
  8
ASSEM_MEM
100
AcDbLine
 62
4
  6
CONTINUOUS
 10
138.8043320424
 20
137.9232410355
 11
138.1043320424
 21
137.9232410355
  0
LINE
  5
713
100
AcDbEntity
  8
ASSEM_MEM
100
AcDbLine
 62
4
  6
CONTINUOUS
 10
136.3643320424
 20
137.9232410355
 11
135.6643320424
 21
137.9232410355
  0
LINE
  5
714
100
AcDbEntity
  8
ASSEM_MEM
100
AcDbLine
 62
4
  6
CONTINUOUS
 10
135.5043320424
 20
137.9232410355
 11
134.8043320424
 21
137.9232410355
  0
LINE
  5
715
100
AcDbEntity
  8
ASSEM_MEM
100
AcDbLine
 62
7
  6
CONTINUOUS
 10
76.0293320424
 20
137.9232410355
 11
76.5293320424
 21
137.9232410355
  0
LINE
  5
716
100
AcDbEntity
  8
ASSEM_MEM
100
AcDbLine
 62
4
  6
CONTINUOUS
 10
128.2043320424
 20
137.9232410355
 11
128.9043320424
 21
137.9232410355
  0
LINE
  5
717
100
AcDbEntity
  8
ASSEM_MEM
100
AcDbLine
 62
4
  6
CONTINUOUS
 10
129.0643320424
 20
137.9232410355
 11
129.7643320424
 21
137.9232410355
  0
LINE
  5
718
100
AcDbEntity
  8
ASSEM_MEM
100
AcDbLine
 62
4
  6
CONTINUOUS
 10
131.5043320424
 20
137.9232410355
 11
132.2043320424
 21
137.9232410355
  0
LINE
  5
719
100
AcDbEntity
  8
ASSEM_MEM
100
AcDbLine
 62
4
  6
CONTINUOUS
 10
132.3643320424
 20
137.9232410355
 11
133.0643320424
 21
137.9232410355
  0
LINE
  5
71A
100
AcDbEntity
  8
ASSEM_MEM
100
AcDbLine
 62
7
  6
CONTINUOUS
 10
89.8293320424
 20
137.9532410355
 11
89.6293320424
 21
137.9532410355
  0
LINE
  5
71B
100
AcDbEntity
  8
ASSEM_MEM
100
AcDbLine
 62
7
420
48875
  6
CONTINUOUS
 10
160.8793320424
 20
138.0532410355
 11
159.7793320424
 21
138.0532410355
  0
LINE
  5
71C
100
AcDbEntity
  8
ASSEM_MEM
100
AcDbLine
 62
7
420
48875
  6
CONTINUOUS
 10
81.3293320424
 20
138.0532410355
 11
80.2293320424
 21
138.0532410355
  0
LINE
  5
71D
100
AcDbEntity
  8
ASSEM_MEM
100
AcDbLine
 62
7
  6
CONTINUOUS
 10
77.9304649805
 20
138.0582410355
 11
77.4293320424
 21
138.0582410355
  0
LINE
  5
71E
100
AcDbEntity
  8
ASSEM_MEM
100
AcDbLine
 62
7
  6
CONTINUOUS
 10
163.1781991042
 20
138.0582410355
 11
163.6793320424
 21
138.0582410355
  0
LINE
  5
71F
100
AcDbEntity
  8
ASSEM_MEM
100
AcDbLine
 62
4
  6
CONTINUOUS
 10
123.0093320424
 20
138.0832410355
 11
122.3093320424
 21
138.0832410355
  0
LINE
  5
720
100
AcDbEntity
  8
ASSEM_MEM
100
AcDbLine
 62
4
  6
CONTINUOUS
 10
122.1493320424
 20
138.0832410355
 11
121.4493320424
 21
138.0832410355
  0
LINE
  5
721
100
AcDbEntity
  8
ASSEM_MEM
100
AcDbLine
 62
4
  6
CONTINUOUS
 10
119.7093320424
 20
138.0832410355
 11
119.0093320424
 21
138.0832410355
  0
LINE
  5
722
100
AcDbEntity
  8
ASSEM_MEM
100
AcDbLine
 62
4
  6
CONTINUOUS
 10
118.8493320424
 20
138.0832410355
 11
118.1493320424
 21
138.0832410355
  0
LINE
  5
723
100
AcDbEntity
  8
ASSEM_MEM
100
AcDbLine
 62
4
  6
CONTINUOUS
 10
111.5493320424
 20
138.0832410355
 11
112.2493320424
 21
138.0832410355
  0
LINE
  5
724
100
AcDbEntity
  8
ASSEM_MEM
100
AcDbLine
 62
4
  6
CONTINUOUS
 10
112.4093320424
 20
138.0832410355
 11
113.1093320424
 21
138.0832410355
  0
LINE
  5
725
100
AcDbEntity
  8
ASSEM_MEM
100
AcDbLine
 62
4
  6
CONTINUOUS
 10
114.8493320424
 20
138.0832410355
 11
115.5493320424
 21
138.0832410355
  0
LINE
  5
726
100
AcDbEntity
  8
ASSEM_MEM
100
AcDbLine
 62
4
  6
CONTINUOUS
 10
115.7093320424
 20
138.0832410355
 11
116.4093320424
 21
138.0832410355
  0
LINE
  5
727
100
AcDbEntity
  8
ASSEM_MEM
100
AcDbLine
 62
7
  6
CONTINUOUS
 10
77.9438624402
 20
138.1082410355
 11
77.4293320424
 21
138.1082410355
  0
LINE
  5
728
100
AcDbEntity
  8
ASSEM_MEM
100
AcDbLine
 62
7
  6
CONTINUOUS
 10
163.1648016446
 20
138.1082410355
 11
163.6793320424
 21
138.1082410355
  0
LINE
  5
729
100
AcDbEntity
  8
ASSEM_MEM
100
AcDbLine
 62
7
  6
CONTINUOUS
 10
77.6362571201
 20
138.1282410355
 11
78.4293320424
 21
138.1282410355
  0
LINE
  5
72A
100
AcDbEntity
  8
ASSEM_MEM
100
AcDbLine
 62
7
  6
CONTINUOUS
 10
80.0793320424
 20
138.1282410355
 11
80.9293320424
 21
138.1282410355
  0
LINE
  5
72B
100
AcDbEntity
  8
ASSEM_MEM
100
AcDbLine
 62
7
  6
CONTINUOUS
 10
160.1793320424
 20
138.1282410355
 11
161.0293320424
 21
138.1282410355
  0
LINE
  5
72C
100
AcDbEntity
  8
ASSEM_MEM
100
AcDbLine
 62
7
  6
CONTINUOUS
 10
162.6793320424
 20
138.1282410355
 11
163.4724069647
 21
138.1282410355
  0
LINE
  5
72D
100
AcDbEntity
  8
ASSEM_MEM
100
AcDbLine
 62
7
  6
CONTINUOUS
 10
163.4724069647
 20
138.2782410355
 11
162.6793320424
 21
138.2782410355
  0
LINE
  5
72E
100
AcDbEntity
  8
ASSEM_MEM
100
AcDbLine
 62
7
  6
CONTINUOUS
 10
161.0293320424
 20
138.2782410355
 11
160.1793320424
 21
138.2782410355
  0
LINE
  5
72F
100
AcDbEntity
  8
ASSEM_MEM
100
AcDbLine
 62
7
  6
CONTINUOUS
 10
77.6362571201
 20
138.2782410355
 11
78.4293320424
 21
138.2782410355
  0
LINE
  5
730
100
AcDbEntity
  8
ASSEM_MEM
100
AcDbLine
 62
7
  6
CONTINUOUS
 10
80.0793320424
 20
138.2782410355
 11
80.9293320424
 21
138.2782410355
  0
LINE
  5
731
100
AcDbEntity
  8
ASSEM_MEM
100
AcDbLine
 62
4
  6
CONTINUOUS
 10
115.5493320424
 20
138.2832410355
 11
114.8493320424
 21
138.2832410355
  0
LINE
  5
732
100
AcDbEntity
  8
ASSEM_MEM
100
AcDbLine
 62
4
  6
CONTINUOUS
 10
113.1093320424
 20
138.2832410355
 11
112.4093320424
 21
138.2832410355
  0
LINE
  5
733
100
AcDbEntity
  8
ASSEM_MEM
100
AcDbLine
 62
4
  6
CONTINUOUS
 10
112.2493320424
 20
138.2832410355
 11
111.5493320424
 21
138.2832410355
  0
LINE
  5
734
100
AcDbEntity
  8
ASSEM_MEM
100
AcDbLine
 62
4
  6
CONTINUOUS
 10
119.0093320424
 20
138.2832410355
 11
119.7093320424
 21
138.2832410355
  0
LINE
  5
735
100
AcDbEntity
  8
ASSEM_MEM
100
AcDbLine
 62
4
  6
CONTINUOUS
 10
121.4493320424
 20
138.2832410355
 11
122.1493320424
 21
138.2832410355
  0
LINE
  5
736
100
AcDbEntity
  8
ASSEM_MEM
100
AcDbLine
 62
4
  6
CONTINUOUS
 10
122.3093320424
 20
138.2832410355
 11
123.0093320424
 21
138.2832410355
  0
LINE
  5
737
100
AcDbEntity
  8
ASSEM_MEM
100
AcDbLine
 62
7
  6
CONTINUOUS
 10
77.9438624402
 20
138.2982410355
 11
77.4293320424
 21
138.2982410355
  0
LINE
  5
738
100
AcDbEntity
  8
ASSEM_MEM
100
AcDbLine
 62
7
  6
CONTINUOUS
 10
163.1648016446
 20
138.2982410355
 11
163.6793320424
 21
138.2982410355
  0
LINE
  5
739
100
AcDbEntity
  8
ASSEM_MEM
100
AcDbLine
 62
4
  6
CONTINUOUS
 10
133.0643320424
 20
138.3232410355
 11
132.3643320424
 21
138.3232410355
  0
LINE
  5
73A
100
AcDbEntity
  8
ASSEM_MEM
100
AcDbLine
 62
4
  6
CONTINUOUS
 10
132.2043320424
 20
138.3232410355
 11
131.5043320424
 21
138.3232410355
  0
LINE
  5
73B
100
AcDbEntity
  8
ASSEM_MEM
100
AcDbLine
 62
4
  6
CONTINUOUS
 10
129.7643320424
 20
138.3232410355
 11
129.0643320424
 21
138.3232410355
  0
LINE
  5
73C
100
AcDbEntity
  8
ASSEM_MEM
100
AcDbLine
 62
4
  6
CONTINUOUS
 10
128.9043320424
 20
138.3232410355
 11
128.2043320424
 21
138.3232410355
  0
LINE
  5
73D
100
AcDbEntity
  8
ASSEM_MEM
100
AcDbLine
 62
4
  6
CONTINUOUS
 10
134.8043320424
 20
138.3232410355
 11
135.5043320424
 21
138.3232410355
  0
LINE
  5
73E
100
AcDbEntity
  8
ASSEM_MEM
100
AcDbLine
 62
4
  6
CONTINUOUS
 10
135.6643320424
 20
138.3232410355
 11
136.3643320424
 21
138.3232410355
  0
LINE
  5
73F
100
AcDbEntity
  8
ASSEM_MEM
100
AcDbLine
 62
4
  6
CONTINUOUS
 10
138.1043320424
 20
138.3232410355
 11
138.8043320424
 21
138.3232410355
  0
LINE
  5
740
100
AcDbEntity
  8
ASSEM_MEM
100
AcDbLine
 62
4
  6
CONTINUOUS
 10
138.9643320424
 20
138.3232410355
 11
139.6643320424
 21
138.3232410355
  0
LINE
  5
741
100
AcDbEntity
  8
ASSEM_MEM
100
AcDbLine
 62
7
  6
CONTINUOUS
 10
163.6793320424
 20
138.3482410355
 11
163.1781991042
 21
138.3482410355
  0
LINE
  5
742
100
AcDbEntity
  8
ASSEM_MEM
100
AcDbLine
 62
7
  6
CONTINUOUS
 10
77.4293320424
 20
138.3482410355
 11
77.9304649805
 21
138.3482410355
  0
LINE
  5
743
100
AcDbEntity
  8
ASSEM_MEM
100
AcDbLine
 62
7
420
48875
  6
CONTINUOUS
 10
80.2293320424
 20
138.3532410355
 11
81.3293320424
 21
138.3532410355
  0
LINE
  5
744
100
AcDbEntity
  8
ASSEM_MEM
100
AcDbLine
 62
7
420
48875
  6
CONTINUOUS
 10
159.7793320424
 20
138.3532410355
 11
160.8793320424
 21
138.3532410355
  0
LINE
  5
745
100
AcDbEntity
  8
ASSEM_MEM
100
AcDbLine
 62
4
  6
CONTINUOUS
 10
139.6643320424
 20
138.5232410355
 11
138.9643320424
 21
138.5232410355
  0
LINE
  5
746
100
AcDbEntity
  8
ASSEM_MEM
100
AcDbLine
 62
4
  6
CONTINUOUS
 10
138.8043320424
 20
138.5232410355
 11
138.1043320424
 21
138.5232410355
  0
LINE
  5
747
100
AcDbEntity
  8
ASSEM_MEM
100
AcDbLine
 62
4
  6
CONTINUOUS
 10
136.3643320424
 20
138.5232410355
 11
135.6643320424
 21
138.5232410355
  0
LINE
  5
748
100
AcDbEntity
  8
ASSEM_MEM
100
AcDbLine
 62
4
  6
CONTINUOUS
 10
128.2043320424
 20
138.5232410355
 11
128.9043320424
 21
138.5232410355
  0
LINE
  5
749
100
AcDbEntity
  8
ASSEM_MEM
100
AcDbLine
 62
4
  6
CONTINUOUS
 10
129.0643320424
 20
138.5232410355
 11
129.7643320424
 21
138.5232410355
  0
LINE
  5
74A
100
AcDbEntity
  8
ASSEM_MEM
100
AcDbLine
 62
4
  6
CONTINUOUS
 10
131.5043320424
 20
138.5232410355
 11
132.2043320424
 21
138.5232410355
  0
LINE
  5
74B
100
AcDbEntity
  8
ASSEM_MEM
100
AcDbLine
 62
7
  6
CONTINUOUS
 10
76.0293320424
 20
138.5282410355
 11
76.5293320424
 21
138.5282410355
  0
LINE
  5
74C
100
AcDbEntity
  8
ASSEM_MEM
100
AcDbLine
 62
7
  6
CONTINUOUS
 10
164.5793320424
 20
138.5282410355
 11
165.0793320424
 21
138.5282410355
  0
LINE
  5
74D
100
AcDbEntity
  8
ASSEM_MEM
100
AcDbLine
 62
7
  6
CONTINUOUS
 10
77.9304649805
 20
138.5582410355
 11
77.4293320424
 21
138.5582410355
  0
LINE
  5
74E
100
AcDbEntity
  8
ASSEM_MEM
100
AcDbLine
 62
7
  6
CONTINUOUS
 10
163.1781991042
 20
138.5582410355
 11
163.6793320424
 21
138.5582410355
  0
LINE
  5
74F
100
AcDbEntity
  8
ASSEM_MEM
100
AcDbLine
 62
7
  6
CONTINUOUS
 10
164.6293320424
 20
138.6032410355
 11
164.6718852288
 21
138.6032410355
  0
LINE
  5
750
100
AcDbEntity
  8
ASSEM_MEM
100
AcDbLine
 62
7
  6
CONTINUOUS
 10
164.9612469382
 20
138.6032410355
 11
165.0293320424
 21
138.6032410355
  0
LINE
  5
751
100
AcDbEntity
  8
ASSEM_MEM
100
AcDbLine
 62
7
  6
CONTINUOUS
 10
77.9438624402
 20
138.6082410355
 11
77.4293320424
 21
138.6082410355
  0
LINE
  5
752
100
AcDbEntity
  8
ASSEM_MEM
100
AcDbLine
 62
7
  6
CONTINUOUS
 10
163.1648016446
 20
138.6082410355
 11
163.6793320424
 21
138.6082410355
  0
LINE
  5
753
100
AcDbEntity
  8
ASSEM_MEM
100
AcDbLine
 62
7
  6
CONTINUOUS
 10
77.6362571201
 20
138.6282410355
 11
78.4293320424
 21
138.6282410355
  0
LINE
  5
754
100
AcDbEntity
  8
ASSEM_MEM
100
AcDbLine
 62
7
  6
CONTINUOUS
 10
80.0793320424
 20
138.6282410355
 11
80.9293320424
 21
138.6282410355
  0
LINE
  5
755
100
AcDbEntity
  8
ASSEM_MEM
100
AcDbLine
 62
7
  6
CONTINUOUS
 10
160.1793320424
 20
138.6282410355
 11
161.0293320424
 21
138.6282410355
  0
LINE
  5
756
100
AcDbEntity
  8
ASSEM_MEM
100
AcDbLine
 62
7
  6
CONTINUOUS
 10
162.6793320424
 20
138.6282410355
 11
163.4724069647
 21
138.6282410355
  0
LINE
  5
757
100
AcDbEntity
  8
ASSEM_MEM
100
AcDbLine
 62
4
  6
CONTINUOUS
 10
123.0093320424
 20
138.6832410355
 11
122.3093320424
 21
138.6832410355
  0
LINE
  5
758
100
AcDbEntity
  8
ASSEM_MEM
100
AcDbLine
 62
4
  6
CONTINUOUS
 10
122.1493320424
 20
138.6832410355
 11
121.4493320424
 21
138.6832410355
  0
LINE
  5
759
100
AcDbEntity
  8
ASSEM_MEM
100
AcDbLine
 62
4
  6
CONTINUOUS
 10
119.7093320424
 20
138.6832410355
 11
119.0093320424
 21
138.6832410355
  0
LINE
  5
75A
100
AcDbEntity
  8
ASSEM_MEM
100
AcDbLine
 62
4
  6
CONTINUOUS
 10
111.5493320424
 20
138.6832410355
 11
112.2493320424
 21
138.6832410355
  0
LINE
  5
75B
100
AcDbEntity
  8
ASSEM_MEM
100
AcDbLine
 62
4
  6
CONTINUOUS
 10
112.4093320424
 20
138.6832410355
 11
113.1093320424
 21
138.6832410355
  0
LINE
  5
75C
100
AcDbEntity
  8
ASSEM_MEM
100
AcDbLine
 62
4
  6
CONTINUOUS
 10
114.8493320424
 20
138.6832410355
 11
115.5493320424
 21
138.6832410355
  0
LINE
  5
75D
100
AcDbEntity
  8
ASSEM_MEM
100
AcDbLine
 62
7
  6
CONTINUOUS
 10
76.0793320424
 20
138.7199076863
 11
76.283587361
 21
138.7199076863
  0
LINE
  5
75E
100
AcDbEntity
  8
ASSEM_MEM
100
AcDbLine
 62
7
  6
CONTINUOUS
 10
76.283587361
 20
138.7699076863
 11
76.0793320424
 21
138.7699076863
  0
LINE
  5
75F
100
AcDbEntity
  8
ASSEM_MEM
100
AcDbLine
 62
7
  6
CONTINUOUS
 10
163.4724069647
 20
138.7782410355
 11
162.6793320424
 21
138.7782410355
  0
LINE
  5
760
100
AcDbEntity
  8
ASSEM_MEM
100
AcDbLine
 62
7
  6
CONTINUOUS
 10
161.0293320424
 20
138.7782410355
 11
160.1793320424
 21
138.7782410355
  0
LINE
  5
761
100
AcDbEntity
  8
ASSEM_MEM
100
AcDbLine
 62
7
  6
CONTINUOUS
 10
77.6362571201
 20
138.7782410355
 11
78.4293320424
 21
138.7782410355
  0
LINE
  5
762
100
AcDbEntity
  8
ASSEM_MEM
100
AcDbLine
 62
7
  6
CONTINUOUS
 10
80.0793320424
 20
138.7782410355
 11
80.9293320424
 21
138.7782410355
  0
LINE
  5
763
100
AcDbEntity
  8
ASSEM_MEM
100
AcDbLine
 62
7
  6
CONTINUOUS
 10
77.9438624402
 20
138.7982410355
 11
77.4293320424
 21
138.7982410355
  0
LINE
  5
764
100
AcDbEntity
  8
ASSEM_MEM
100
AcDbLine
 62
7
  6
CONTINUOUS
 10
163.1648016446
 20
138.7982410355
 11
163.6793320424
 21
138.7982410355
  0
LINE
  5
765
100
AcDbEntity
  8
ASSEM_MEM
100
AcDbLine
 62
7
  6
CONTINUOUS
 10
163.6793320424
 20
138.8482410355
 11
163.1781991042
 21
138.8482410355
  0
LINE
  5
766
100
AcDbEntity
  8
ASSEM_MEM
100
AcDbLine
 62
7
  6
CONTINUOUS
 10
77.4293320424
 20
138.8482410355
 11
77.9304649805
 21
138.8482410355
  0
LINE
  5
767
100
AcDbEntity
  8
ASSEM_MEM
100
AcDbLine
 62
4
  6
CONTINUOUS
 10
115.5493320424
 20
138.8832410355
 11
114.8493320424
 21
138.8832410355
  0
LINE
  5
768
100
AcDbEntity
  8
ASSEM_MEM
100
AcDbLine
 62
4
  6
CONTINUOUS
 10
113.1093320424
 20
138.8832410355
 11
112.4093320424
 21
138.8832410355
  0
LINE
  5
769
100
AcDbEntity
  8
ASSEM_MEM
100
AcDbLine
 62
4
  6
CONTINUOUS
 10
112.2493320424
 20
138.8832410355
 11
111.5493320424
 21
138.8832410355
  0
LINE
  5
76A
100
AcDbEntity
  8
ASSEM_MEM
100
AcDbLine
 62
4
  6
CONTINUOUS
 10
119.0093320424
 20
138.8832410355
 11
119.7093320424
 21
138.8832410355
  0
LINE
  5
76B
100
AcDbEntity
  8
ASSEM_MEM
100
AcDbLine
 62
4
  6
CONTINUOUS
 10
121.4493320424
 20
138.8832410355
 11
122.1493320424
 21
138.8832410355
  0
LINE
  5
76C
100
AcDbEntity
  8
ASSEM_MEM
100
AcDbLine
 62
4
  6
CONTINUOUS
 10
122.3093320424
 20
138.8832410355
 11
123.0093320424
 21
138.8832410355
  0
LINE
  5
76D
100
AcDbEntity
  8
ASSEM_MEM
100
AcDbLine
 62
4
  6
CONTINUOUS
 10
132.2043320424
 20
138.9232410355
 11
131.5043320424
 21
138.9232410355
  0
LINE
  5
76E
100
AcDbEntity
  8
ASSEM_MEM
100
AcDbLine
 62
4
  6
CONTINUOUS
 10
129.7643320424
 20
138.9232410355
 11
129.0643320424
 21
138.9232410355
  0
LINE
  5
76F
100
AcDbEntity
  8
ASSEM_MEM
100
AcDbLine
 62
4
  6
CONTINUOUS
 10
128.9043320424
 20
138.9232410355
 11
128.2043320424
 21
138.9232410355
  0
LINE
  5
770
100
AcDbEntity
  8
ASSEM_MEM
100
AcDbLine
 62
4
  6
CONTINUOUS
 10
135.6643320424
 20
138.9232410355
 11
136.3643320424
 21
138.9232410355
  0
LINE
  5
771
100
AcDbEntity
  8
ASSEM_MEM
100
AcDbLine
 62
4
  6
CONTINUOUS
 10
138.1043320424
 20
138.9232410355
 11
138.8043320424
 21
138.9232410355
  0
LINE
  5
772
100
AcDbEntity
  8
ASSEM_MEM
100
AcDbLine
 62
4
  6
CONTINUOUS
 10
138.9643320424
 20
138.9232410355
 11
139.6643320424
 21
138.9232410355
  0
LINE
  5
773
100
AcDbEntity
  8
ASSEM_MEM
100
AcDbLine
 62
7
  6
CONTINUOUS
 10
165.0293320424
 20
138.9365743609
 11
164.9782682127
 21
138.9365743609
  0
LINE
  5
774
100
AcDbEntity
  8
ASSEM_MEM
100
AcDbLine
 62
7
  6
CONTINUOUS
 10
164.6889065034
 20
138.9365743609
 11
164.6293320424
 21
138.9365743609
  0
LINE
  5
775
100
AcDbEntity
  8
ASSEM_MEM
100
AcDbLine
 62
7
  6
CONTINUOUS
 10
76.0793320424
 20
138.9699077101
 11
76.130395872
 21
138.9699077101
  0
LINE
  5
776
100
AcDbEntity
  8
ASSEM_MEM
100
AcDbLine
 62
7
  6
CONTINUOUS
 10
76.4197575814
 20
138.9699077101
 11
76.4793320424
 21
138.9699077101
  0
LINE
  5
777
100
AcDbEntity
  8
ASSEM_MEM
100
AcDbLine
 62
7
  6
CONTINUOUS
 10
163.6793320424
 20
139.0582410355
 11
163.1781991042
 21
139.0582410355
  0
LINE
  5
778
100
AcDbEntity
  8
ASSEM_MEM
100
AcDbLine
 62
7
  6
CONTINUOUS
 10
77.4293320424
 20
139.0582410355
 11
77.9304649805
 21
139.0582410355
  0
LINE
  5
779
100
AcDbEntity
  8
ASSEM_MEM
100
AcDbLine
 62
7
  6
CONTINUOUS
 10
77.9438624402
 20
139.1082410355
 11
77.4293320424
 21
139.1082410355
  0
LINE
  5
77A
100
AcDbEntity
  8
ASSEM_MEM
100
AcDbLine
 62
7
  6
CONTINUOUS
 10
163.1648016446
 20
139.1082410355
 11
163.6793320424
 21
139.1082410355
  0
LINE
  5
77B
100
AcDbEntity
  8
ASSEM_MEM
100
AcDbLine
 62
4
  6
CONTINUOUS
 10
139.6643320424
 20
139.1232410355
 11
138.9643320424
 21
139.1232410355
  0
LINE
  5
77C
100
AcDbEntity
  8
ASSEM_MEM
100
AcDbLine
 62
4
  6
CONTINUOUS
 10
138.8043320424
 20
139.1232410355
 11
138.1043320424
 21
139.1232410355
  0
LINE
  5
77D
100
AcDbEntity
  8
ASSEM_MEM
100
AcDbLine
 62
4
  6
CONTINUOUS
 10
136.3643320424
 20
139.1232410355
 11
135.6643320424
 21
139.1232410355
  0
LINE
  5
77E
100
AcDbEntity
  8
ASSEM_MEM
100
AcDbLine
 62
4
  6
CONTINUOUS
 10
128.2043320424
 20
139.1232410355
 11
128.9043320424
 21
139.1232410355
  0
LINE
  5
77F
100
AcDbEntity
  8
ASSEM_MEM
100
AcDbLine
 62
4
  6
CONTINUOUS
 10
129.0643320424
 20
139.1232410355
 11
129.7643320424
 21
139.1232410355
  0
LINE
  5
780
100
AcDbEntity
  8
ASSEM_MEM
100
AcDbLine
 62
4
  6
CONTINUOUS
 10
131.5043320424
 20
139.1232410355
 11
132.2043320424
 21
139.1232410355
  0
LINE
  5
781
100
AcDbEntity
  8
ASSEM_MEM
100
AcDbLine
 62
7
  6
CONTINUOUS
 10
77.6362571201
 20
139.1282410355
 11
78.4293320424
 21
139.1282410355
  0
LINE
  5
782
100
AcDbEntity
  8
ASSEM_MEM
100
AcDbLine
 62
7
  6
CONTINUOUS
 10
80.0793320424
 20
139.1282410355
 11
80.9293320424
 21
139.1282410355
  0
LINE
  5
783
100
AcDbEntity
  8
ASSEM_MEM
100
AcDbLine
 62
7
  6
CONTINUOUS
 10
160.1793320424
 20
139.1282410355
 11
161.0293320424
 21
139.1282410355
  0
LINE
  5
784
100
AcDbEntity
  8
ASSEM_MEM
100
AcDbLine
 62
7
  6
CONTINUOUS
 10
162.6793320424
 20
139.1282410355
 11
163.4724069647
 21
139.1282410355
  0
LINE
  5
785
100
AcDbEntity
  8
ASSEM_MEM
100
AcDbLine
 62
7
  6
CONTINUOUS
 10
164.8250767237
 20
139.1365743847
 11
165.0293320424
 21
139.1365743847
  0
LINE
  5
786
100
AcDbEntity
  8
ASSEM_MEM
100
AcDbLine
 62
7
  6
CONTINUOUS
 10
165.0293320424
 20
139.1865743847
 11
164.8250767237
 21
139.1865743847
  0
LINE
  5
787
100
AcDbEntity
  8
ASSEM_MEM
100
AcDbLine
 62
7
  6
CONTINUOUS
 10
80.9293320424
 20
139.2782410355
 11
80.0793320424
 21
139.2782410355
  0
LINE
  5
788
100
AcDbEntity
  8
ASSEM_MEM
100
AcDbLine
 62
7
  6
CONTINUOUS
 10
78.4293320424
 20
139.2782410355
 11
77.6362571201
 21
139.2782410355
  0
LINE
  5
789
100
AcDbEntity
  8
ASSEM_MEM
100
AcDbLine
 62
7
  6
CONTINUOUS
 10
160.1793320424
 20
139.2782410355
 11
161.0293320424
 21
139.2782410355
  0
LINE
  5
78A
100
AcDbEntity
  8
ASSEM_MEM
100
AcDbLine
 62
7
  6
CONTINUOUS
 10
162.6793320424
 20
139.2782410355
 11
163.4724069647
 21
139.2782410355
  0
LINE
  5
78B
100
AcDbEntity
  8
ASSEM_MEM
100
AcDbLine
 62
4
  6
CONTINUOUS
 10
123.0093320424
 20
139.2832410355
 11
122.3093320424
 21
139.2832410355
  0
LINE
  5
78C
100
AcDbEntity
  8
ASSEM_MEM
100
AcDbLine
 62
4
  6
CONTINUOUS
 10
122.1493320424
 20
139.2832410355
 11
121.4493320424
 21
139.2832410355
  0
LINE
  5
78D
100
AcDbEntity
  8
ASSEM_MEM
100
AcDbLine
 62
4
  6
CONTINUOUS
 10
119.7093320424
 20
139.2832410355
 11
119.0093320424
 21
139.2832410355
  0
LINE
  5
78E
100
AcDbEntity
  8
ASSEM_MEM
100
AcDbLine
 62
4
  6
CONTINUOUS
 10
111.5493320424
 20
139.2832410355
 11
112.2493320424
 21
139.2832410355
  0
LINE
  5
78F
100
AcDbEntity
  8
ASSEM_MEM
100
AcDbLine
 62
4
  6
CONTINUOUS
 10
112.4093320424
 20
139.2832410355
 11
113.1093320424
 21
139.2832410355
  0
LINE
  5
790
100
AcDbEntity
  8
ASSEM_MEM
100
AcDbLine
 62
4
  6
CONTINUOUS
 10
114.8493320424
 20
139.2832410355
 11
115.5493320424
 21
139.2832410355
  0
LINE
  5
791
100
AcDbEntity
  8
ASSEM_MEM
100
AcDbLine
 62
7
  6
CONTINUOUS
 10
77.9438624402
 20
139.2982410355
 11
77.4293320424
 21
139.2982410355
  0
LINE
  5
792
100
AcDbEntity
  8
ASSEM_MEM
100
AcDbLine
 62
7
  6
CONTINUOUS
 10
163.1648016446
 20
139.2982410355
 11
163.6793320424
 21
139.2982410355
  0
LINE
  5
793
100
AcDbEntity
  8
ASSEM_MEM
100
AcDbLine
 62
7
  6
CONTINUOUS
 10
76.4793320424
 20
139.3032410355
 11
76.436778856
 21
139.3032410355
  0
LINE
  5
794
100
AcDbEntity
  8
ASSEM_MEM
100
AcDbLine
 62
7
  6
CONTINUOUS
 10
76.1474171466
 20
139.3032410355
 11
76.0793320424
 21
139.3032410355
  0
LINE
  5
795
100
AcDbEntity
  8
ASSEM_MEM
100
AcDbLine
 62
7
  6
CONTINUOUS
 10
77.9304649805
 20
139.3482410355
 11
77.4293320424
 21
139.3482410355
  0
LINE
  5
796
100
AcDbEntity
  8
ASSEM_MEM
100
AcDbLine
 62
7
  6
CONTINUOUS
 10
163.1781991042
 20
139.3482410355
 11
163.6793320424
 21
139.3482410355
  0
LINE
  5
797
100
AcDbEntity
  8
ASSEM_MEM
100
AcDbLine
 62
7
  6
CONTINUOUS
 10
165.0793320424
 20
139.3782410355
 11
164.5793320424
 21
139.3782410355
  0
LINE
  5
798
100
AcDbEntity
  8
ASSEM_MEM
100
AcDbLine
 62
7
  6
CONTINUOUS
 10
76.5293320424
 20
139.3782410355
 11
76.0293320424
 21
139.3782410355
  0
LINE
  5
799
100
AcDbEntity
  8
ASSEM_MEM
100
AcDbLine
 62
4
  6
CONTINUOUS
 10
115.5493320424
 20
139.4832410355
 11
114.8493320424
 21
139.4832410355
  0
LINE
  5
79A
100
AcDbEntity
  8
ASSEM_MEM
100
AcDbLine
 62
4
  6
CONTINUOUS
 10
113.1093320424
 20
139.4832410355
 11
112.4093320424
 21
139.4832410355
  0
LINE
  5
79B
100
AcDbEntity
  8
ASSEM_MEM
100
AcDbLine
 62
4
  6
CONTINUOUS
 10
112.2493320424
 20
139.4832410355
 11
111.5493320424
 21
139.4832410355
  0
LINE
  5
79C
100
AcDbEntity
  8
ASSEM_MEM
100
AcDbLine
 62
4
  6
CONTINUOUS
 10
119.0093320424
 20
139.4832410355
 11
119.7093320424
 21
139.4832410355
  0
LINE
  5
79D
100
AcDbEntity
  8
ASSEM_MEM
100
AcDbLine
 62
4
  6
CONTINUOUS
 10
121.4493320424
 20
139.4832410355
 11
122.1493320424
 21
139.4832410355
  0
LINE
  5
79E
100
AcDbEntity
  8
ASSEM_MEM
100
AcDbLine
 62
4
  6
CONTINUOUS
 10
122.3093320424
 20
139.4832410355
 11
123.0093320424
 21
139.4832410355
  0
LINE
  5
79F
100
AcDbEntity
  8
ASSEM_MEM
100
AcDbLine
 62
4
  6
CONTINUOUS
 10
132.2043320424
 20
139.5232410355
 11
131.5043320424
 21
139.5232410355
  0
LINE
  5
7A0
100
AcDbEntity
  8
ASSEM_MEM
100
AcDbLine
 62
4
  6
CONTINUOUS
 10
129.7643320424
 20
139.5232410355
 11
129.0643320424
 21
139.5232410355
  0
LINE
  5
7A1
100
AcDbEntity
  8
ASSEM_MEM
100
AcDbLine
 62
4
  6
CONTINUOUS
 10
128.9043320424
 20
139.5232410355
 11
128.2043320424
 21
139.5232410355
  0
LINE
  5
7A2
100
AcDbEntity
  8
ASSEM_MEM
100
AcDbLine
 62
4
  6
CONTINUOUS
 10
135.6643320424
 20
139.5232410355
 11
136.3643320424
 21
139.5232410355
  0
LINE
  5
7A3
100
AcDbEntity
  8
ASSEM_MEM
100
AcDbLine
 62
4
  6
CONTINUOUS
 10
138.1043320424
 20
139.5232410355
 11
138.8043320424
 21
139.5232410355
  0
LINE
  5
7A4
100
AcDbEntity
  8
ASSEM_MEM
100
AcDbLine
 62
4
  6
CONTINUOUS
 10
138.9643320424
 20
139.5232410355
 11
139.6643320424
 21
139.5232410355
  0
LINE
  5
7A5
100
AcDbEntity
  8
ASSEM_MEM
100
AcDbLine
 62
7
420
48875
  6
CONTINUOUS
 10
160.8793320424
 20
139.5532410355
 11
159.7793320424
 21
139.5532410355
  0
LINE
  5
7A6
100
AcDbEntity
  8
ASSEM_MEM
100
AcDbLine
 62
7
420
48875
  6
CONTINUOUS
 10
81.3293320424
 20
139.5532410355
 11
80.2293320424
 21
139.5532410355
  0
LINE
  5
7A7
100
AcDbEntity
  8
ASSEM_MEM
100
AcDbLine
 62
7
  6
CONTINUOUS
 10
163.6793320424
 20
139.5582410355
 11
163.1781991042
 21
139.5582410355
  0
LINE
  5
7A8
100
AcDbEntity
  8
ASSEM_MEM
100
AcDbLine
 62
7
  6
CONTINUOUS
 10
77.4293320424
 20
139.5582410355
 11
77.9304649805
 21
139.5582410355
  0
LINE
  5
7A9
100
AcDbEntity
  8
ASSEM_MEM
100
AcDbLine
 62
7
  6
CONTINUOUS
 10
77.9438624402
 20
139.6082410355
 11
77.4293320424
 21
139.6082410355
  0
LINE
  5
7AA
100
AcDbEntity
  8
ASSEM_MEM
100
AcDbLine
 62
7
  6
CONTINUOUS
 10
163.1648016446
 20
139.6082410355
 11
163.6793320424
 21
139.6082410355
  0
LINE
  5
7AB
100
AcDbEntity
  8
ASSEM_MEM
100
AcDbLine
 62
7
  6
CONTINUOUS
 10
77.6362571201
 20
139.6282410355
 11
78.4293320424
 21
139.6282410355
  0
LINE
  5
7AC
100
AcDbEntity
  8
ASSEM_MEM
100
AcDbLine
 62
7
  6
CONTINUOUS
 10
80.0793320424
 20
139.6282410355
 11
80.9293320424
 21
139.6282410355
  0
LINE
  5
7AD
100
AcDbEntity
  8
ASSEM_MEM
100
AcDbLine
 62
7
  6
CONTINUOUS
 10
160.1793320424
 20
139.6282410355
 11
161.0293320424
 21
139.6282410355
  0
LINE
  5
7AE
100
AcDbEntity
  8
ASSEM_MEM
100
AcDbLine
 62
7
  6
CONTINUOUS
 10
162.6793320424
 20
139.6282410355
 11
163.4724069647
 21
139.6282410355
  0
LINE
  5
7AF
100
AcDbEntity
  8
ASSEM_MEM
100
AcDbLine
 62
4
  6
CONTINUOUS
 10
139.6643320424
 20
139.7232410355
 11
138.9643320424
 21
139.7232410355
  0
LINE
  5
7B0
100
AcDbEntity
  8
ASSEM_MEM
100
AcDbLine
 62
4
  6
CONTINUOUS
 10
138.8043320424
 20
139.7232410355
 11
138.1043320424
 21
139.7232410355
  0
LINE
  5
7B1
100
AcDbEntity
  8
ASSEM_MEM
100
AcDbLine
 62
4
  6
CONTINUOUS
 10
136.3643320424
 20
139.7232410355
 11
135.6643320424
 21
139.7232410355
  0
LINE
  5
7B2
100
AcDbEntity
  8
ASSEM_MEM
100
AcDbLine
 62
4
  6
CONTINUOUS
 10
128.2043320424
 20
139.7232410355
 11
128.9043320424
 21
139.7232410355
  0
LINE
  5
7B3
100
AcDbEntity
  8
ASSEM_MEM
100
AcDbLine
 62
4
  6
CONTINUOUS
 10
129.0643320424
 20
139.7232410355
 11
129.7643320424
 21
139.7232410355
  0
LINE
  5
7B4
100
AcDbEntity
  8
ASSEM_MEM
100
AcDbLine
 62
4
  6
CONTINUOUS
 10
131.5043320424
 20
139.7232410355
 11
132.2043320424
 21
139.7232410355
  0
LINE
  5
7B5
100
AcDbEntity
  8
ASSEM_MEM
100
AcDbLine
 62
7
  6
CONTINUOUS
 10
80.9293320424
 20
139.7782410355
 11
80.0793320424
 21
139.7782410355
  0
LINE
  5
7B6
100
AcDbEntity
  8
ASSEM_MEM
100
AcDbLine
 62
7
  6
CONTINUOUS
 10
78.4293320424
 20
139.7782410355
 11
77.6362571201
 21
139.7782410355
  0
LINE
  5
7B7
100
AcDbEntity
  8
ASSEM_MEM
100
AcDbLine
 62
7
  6
CONTINUOUS
 10
160.1793320424
 20
139.7782410355
 11
161.0293320424
 21
139.7782410355
  0
LINE
  5
7B8
100
AcDbEntity
  8
ASSEM_MEM
100
AcDbLine
 62
7
  6
CONTINUOUS
 10
162.6793320424
 20
139.7782410355
 11
163.4724069647
 21
139.7782410355
  0
LINE
  5
7B9
100
AcDbEntity
  8
ASSEM_MEM
100
AcDbLine
 62
7
  6
CONTINUOUS
 10
77.9438624402
 20
139.7982410355
 11
77.4293320424
 21
139.7982410355
  0
LINE
  5
7BA
100
AcDbEntity
  8
ASSEM_MEM
100
AcDbLine
 62
7
  6
CONTINUOUS
 10
163.1648016446
 20
139.7982410355
 11
163.6793320424
 21
139.7982410355
  0
LINE
  5
7BB
100
AcDbEntity
  8
ASSEM_MEM
100
AcDbLine
 62
7
  6
CONTINUOUS
 10
77.9304649805
 20
139.8482410355
 11
77.4293320424
 21
139.8482410355
  0
LINE
  5
7BC
100
AcDbEntity
  8
ASSEM_MEM
100
AcDbLine
 62
7
  6
CONTINUOUS
 10
163.1781991042
 20
139.8482410355
 11
163.6793320424
 21
139.8482410355
  0
LINE
  5
7BD
100
AcDbEntity
  8
ASSEM_MEM
100
AcDbLine
 62
7
420
48875
  6
CONTINUOUS
 10
80.2293320424
 20
139.8532410355
 11
81.3293320424
 21
139.8532410355
  0
LINE
  5
7BE
100
AcDbEntity
  8
ASSEM_MEM
100
AcDbLine
 62
7
420
48875
  6
CONTINUOUS
 10
159.7793320424
 20
139.8532410355
 11
160.8793320424
 21
139.8532410355
  0
LINE
  5
7BF
100
AcDbEntity
  8
ASSEM_MEM
100
AcDbLine
 62
4
  6
CONTINUOUS
 10
123.0093320424
 20
139.8832410355
 11
122.3093320424
 21
139.8832410355
  0
LINE
  5
7C0
100
AcDbEntity
  8
ASSEM_MEM
100
AcDbLine
 62
4
  6
CONTINUOUS
 10
122.1493320424
 20
139.8832410355
 11
121.4493320424
 21
139.8832410355
  0
LINE
  5
7C1
100
AcDbEntity
  8
ASSEM_MEM
100
AcDbLine
 62
4
  6
CONTINUOUS
 10
119.7093320424
 20
139.8832410355
 11
119.0093320424
 21
139.8832410355
  0
LINE
  5
7C2
100
AcDbEntity
  8
ASSEM_MEM
100
AcDbLine
 62
4
  6
CONTINUOUS
 10
111.5493320424
 20
139.8832410355
 11
112.2493320424
 21
139.8832410355
  0
LINE
  5
7C3
100
AcDbEntity
  8
ASSEM_MEM
100
AcDbLine
 62
4
  6
CONTINUOUS
 10
112.4093320424
 20
139.8832410355
 11
113.1093320424
 21
139.8832410355
  0
LINE
  5
7C4
100
AcDbEntity
  8
ASSEM_MEM
100
AcDbLine
 62
4
  6
CONTINUOUS
 10
114.8493320424
 20
139.8832410355
 11
115.5493320424
 21
139.8832410355
  0
LINE
  5
7C5
100
AcDbEntity
  8
ASSEM_MEM
100
AcDbLine
 62
7
  6
CONTINUOUS
 10
165.0793320424
 20
139.9832410355
 11
164.5793320424
 21
139.9832410355
  0
LINE
  5
7C6
100
AcDbEntity
  8
ASSEM_MEM
100
AcDbLine
 62
7
  6
CONTINUOUS
 10
76.0293320424
 20
139.9832410355
 11
76.5293320424
 21
139.9832410355
  0
LINE
  5
7C7
100
AcDbEntity
  8
ASSEM_MEM
100
AcDbLine
 62
7
  6
CONTINUOUS
 10
164.7910341746
 20
140.0734764481
 11
164.8676299102
 21
140.0734764481
  0
LINE
  5
7C8
100
AcDbEntity
  8
ASSEM_MEM
100
AcDbLine
 62
4
  6
CONTINUOUS
 10
115.5493320424
 20
140.0832410355
 11
114.8493320424
 21
140.0832410355
  0
LINE
  5
7C9
100
AcDbEntity
  8
ASSEM_MEM
100
AcDbLine
 62
4
  6
CONTINUOUS
 10
113.1093320424
 20
140.0832410355
 11
112.4093320424
 21
140.0832410355
  0
LINE
  5
7CA
100
AcDbEntity
  8
ASSEM_MEM
100
AcDbLine
 62
4
  6
CONTINUOUS
 10
112.2493320424
 20
140.0832410355
 11
111.5493320424
 21
140.0832410355
  0
LINE
  5
7CB
100
AcDbEntity
  8
ASSEM_MEM
100
AcDbLine
 62
4
  6
CONTINUOUS
 10
119.0093320424
 20
140.0832410355
 11
119.7093320424
 21
140.0832410355
  0
LINE
  5
7CC
100
AcDbEntity
  8
ASSEM_MEM
100
AcDbLine
 62
4
  6
CONTINUOUS
 10
121.4493320424
 20
140.0832410355
 11
122.1493320424
 21
140.0832410355
  0
LINE
  5
7CD
100
AcDbEntity
  8
ASSEM_MEM
100
AcDbLine
 62
4
  6
CONTINUOUS
 10
122.3093320424
 20
140.0832410355
 11
123.0093320424
 21
140.0832410355
  0
LINE
  5
7CE
100
AcDbEntity
  8
ASSEM_MEM
100
AcDbLine
 62
7
  6
CONTINUOUS
 10
163.2480748327
 20
140.1082410355
 11
163.0535760424
 21
140.1082410355
  0
LINE
  5
7CF
100
AcDbEntity
  8
ASSEM_MEM
100
AcDbLine
 62
7
  6
CONTINUOUS
 10
77.8605892521
 20
140.1082410355
 11
78.0550880424
 21
140.1082410355
  0
LINE
  5
7D0
100
AcDbEntity
  8
ASSEM_MEM
100
AcDbLine
 62
7
  6
CONTINUOUS
 10
164.8591192729
 20
140.1151431138
 11
164.7995448119
 21
140.1151431138
  0
LINE
  5
7D1
100
AcDbEntity
  8
ASSEM_MEM
100
AcDbLine
 62
4
  6
CONTINUOUS
 10
132.2043320424
 20
140.1232410355
 11
131.5043320424
 21
140.1232410355
  0
LINE
  5
7D2
100
AcDbEntity
  8
ASSEM_MEM
100
AcDbLine
 62
4
  6
CONTINUOUS
 10
129.7643320424
 20
140.1232410355
 11
129.0643320424
 21
140.1232410355
  0
LINE
  5
7D3
100
AcDbEntity
  8
ASSEM_MEM
100
AcDbLine
 62
4
  6
CONTINUOUS
 10
128.9043320424
 20
140.1232410355
 11
128.2043320424
 21
140.1232410355
  0
LINE
  5
7D4
100
AcDbEntity
  8
ASSEM_MEM
100
AcDbLine
 62
4
  6
CONTINUOUS
 10
135.6643320424
 20
140.1232410355
 11
136.3643320424
 21
140.1232410355
  0
LINE
  5
7D5
100
AcDbEntity
  8
ASSEM_MEM
100
AcDbLine
 62
4
  6
CONTINUOUS
 10
138.1043320424
 20
140.1232410355
 11
138.8043320424
 21
140.1232410355
  0
LINE
  5
7D6
100
AcDbEntity
  8
ASSEM_MEM
100
AcDbLine
 62
4
  6
CONTINUOUS
 10
138.9643320424
 20
140.1232410355
 11
139.6643320424
 21
140.1232410355
  0
LINE
  5
7D7
100
AcDbEntity
  8
ASSEM_MEM
100
AcDbLine
 62
7
  6
CONTINUOUS
 10
78.4293320424
 20
141.2532387506
 11
78.4293320424
 21
141.2432410355
  0
LINE
  5
7D8
100
AcDbEntity
  8
ASSEM_MEM
100
AcDbLine
 62
7
  6
CONTINUOUS
 10
78.4293320424
 20
141.0932410355
 11
78.4293320424
 21
141.0832410355
  0
LINE
  5
7D9
100
AcDbEntity
  8
ASSEM_MEM
100
AcDbLine
 62
7
  6
CONTINUOUS
 10
78.4293320424
 20
136.6532433204
 11
78.4293320424
 21
136.6632410355
  0
LINE
  5
7DA
100
AcDbEntity
  8
ASSEM_MEM
100
AcDbLine
 62
7
  6
CONTINUOUS
 10
78.4293320424
 20
136.8132410355
 11
78.4293320424
 21
136.8232410355
  0
LINE
  5
7DB
100
AcDbEntity
  8
ASSEM_MEM
100
AcDbLine
 62
7
  6
CONTINUOUS
 10
78.4293320424
 20
137.3032410355
 11
78.4293320424
 21
140.6032410355
  0
LINE
  5
7DC
100
AcDbEntity
  8
ASSEM_MEM
100
AcDbLine
 62
9
  6
CONTINUOUS
 10
78.5017432269
 20
136.6632410355
 11
78.5017432269
 21
136.8132410355
  0
LINE
  5
7DD
100
AcDbEntity
  8
ASSEM_MEM
100
AcDbLine
 62
9
  6
CONTINUOUS
 10
78.5017432269
 20
141.0932410355
 11
78.5017432269
 21
141.2432410355
  0
LINE
  5
7DE
100
AcDbEntity
  8
ASSEM_MEM
100
AcDbLine
 62
9
  6
CONTINUOUS
 10
78.5359452412
 20
141.2432410355
 11
78.5359452412
 21
141.0932410355
  0
LINE
  5
7DF
100
AcDbEntity
  8
ASSEM_MEM
100
AcDbLine
 62
9
  6
CONTINUOUS
 10
78.5359452412
 20
136.8132410355
 11
78.5359452412
 21
136.6632410355
  0
LINE
  5
7E0
100
AcDbEntity
  8
ASSEM_MEM
100
AcDbLine
 62
7
  6
CONTINUOUS
 10
78.5993320424
 20
137.3032410355
 11
78.5993320424
 21
136.5532410355
  0
LINE
  5
7E1
100
AcDbEntity
  8
ASSEM_MEM
100
AcDbLine
 62
7
  6
CONTINUOUS
 10
78.5993320424
 20
140.6032410355
 11
78.5993320424
 21
141.3532410355
  0
LINE
  5
7E2
100
AcDbEntity
  8
ASSEM_MEM
100
AcDbLine
 62
7
420
48875
  6
CONTINUOUS
 10
78.6293320424
 20
142.3032410355
 11
78.6293320424
 21
141.6532410355
  0
LINE
  5
7E3
100
AcDbEntity
  8
ASSEM_MEM
100
AcDbLine
 62
7
420
48875
  6
CONTINUOUS
 10
78.6293320424
 20
136.2532410355
 11
78.6293320424
 21
135.6032410355
  0
LINE
  5
7E4
100
AcDbEntity
  8
ASSEM_MEM
100
AcDbLine
 62
7
  6
CONTINUOUS
 10
80.0793320424
 20
141.6532410355
 11
80.0793320424
 21
136.2532410355
  0
LINE
  5
7E5
100
AcDbEntity
  8
ASSEM_MEM
100
AcDbLine
 62
7
  6
CONTINUOUS
 10
80.2293320424
 20
138.7782410355
 11
80.2293320424
 21
138.6282410355
  0
LINE
  5
7E6
100
AcDbEntity
  8
ASSEM_MEM
100
AcDbLine
 62
7
  6
CONTINUOUS
 10
80.2293320424
 20
138.2782410355
 11
80.2293320424
 21
138.1282410355
  0
LINE
  5
7E7
100
AcDbEntity
  8
ASSEM_MEM
100
AcDbLine
 62
7
420
48875
  6
CONTINUOUS
 10
80.2293320424
 20
138.0532410355
 11
80.2293320424
 21
138.1282410355
  0
LINE
  5
7E8
100
AcDbEntity
  8
ASSEM_MEM
100
AcDbLine
 62
7
420
48875
  6
CONTINUOUS
 10
80.2293320424
 20
138.2782410355
 11
80.2293320424
 21
138.3532410355
  0
LINE
  5
7E9
100
AcDbEntity
  8
ASSEM_MEM
100
AcDbLine
 62
7
  6
CONTINUOUS
 10
80.2293320424
 20
139.1282410355
 11
80.2293320424
 21
139.2782410355
  0
LINE
  5
7EA
100
AcDbEntity
  8
ASSEM_MEM
100
AcDbLine
 62
7
420
48875
  6
CONTINUOUS
 10
80.2293320424
 20
139.5532410355
 11
80.2293320424
 21
139.6282410355
  0
LINE
  5
7EB
100
AcDbEntity
  8
ASSEM_MEM
100
AcDbLine
 62
7
  6
CONTINUOUS
 10
80.2293320424
 20
139.6282410355
 11
80.2293320424
 21
139.7782410355
  0
LINE
  5
7EC
100
AcDbEntity
  8
ASSEM_MEM
100
AcDbLine
 62
7
420
48875
  6
CONTINUOUS
 10
80.2293320424
 20
139.7782410355
 11
80.2293320424
 21
139.8532410355
  0
LINE
  5
7ED
100
AcDbEntity
  8
ASSEM_MEM
100
AcDbLine
 62
9
  6
CONTINUOUS
 10
80.2527634999
 20
139.7782410355
 11
80.2527634999
 21
139.769809578
  0
LINE
  5
7EE
100
AcDbEntity
  8
ASSEM_MEM
100
AcDbLine
 62
9
  6
CONTINUOUS
 10
80.2527634999
 20
139.636672493
 11
80.2527634999
 21
139.6282410355
  0
LINE
  5
7EF
100
AcDbEntity
  8
ASSEM_MEM
100
AcDbLine
 62
9
  6
CONTINUOUS
 10
80.2527634999
 20
139.2782410355
 11
80.2527634999
 21
139.269809578
  0
LINE
  5
7F0
100
AcDbEntity
  8
ASSEM_MEM
100
AcDbLine
 62
9
  6
CONTINUOUS
 10
80.2527634999
 20
139.136672493
 11
80.2527634999
 21
139.1282410355
  0
LINE
  5
7F1
100
AcDbEntity
  8
ASSEM_MEM
100
AcDbLine
 62
9
  6
CONTINUOUS
 10
80.2527634999
 20
138.7782410355
 11
80.2527634999
 21
138.769809578
  0
LINE
  5
7F2
100
AcDbEntity
  8
ASSEM_MEM
100
AcDbLine
 62
9
  6
CONTINUOUS
 10
80.2527634999
 20
138.636672493
 11
80.2527634999
 21
138.6282410355
  0
LINE
  5
7F3
100
AcDbEntity
  8
ASSEM_MEM
100
AcDbLine
 62
9
  6
CONTINUOUS
 10
80.2527634999
 20
138.2782410355
 11
80.2527634999
 21
138.269809578
  0
LINE
  5
7F4
100
AcDbEntity
  8
ASSEM_MEM
100
AcDbLine
 62
9
  6
CONTINUOUS
 10
80.2527634999
 20
138.136672493
 11
80.2527634999
 21
138.1282410355
  0
LINE
  5
7F5
100
AcDbEntity
  8
ASSEM_MEM
100
AcDbLine
 62
7
  6
CONTINUOUS
 10
80.2793320424
 20
139.7432410355
 11
80.2793320424
 21
139.6632410355
  0
LINE
  5
7F6
100
AcDbEntity
  8
ASSEM_MEM
100
AcDbLine
 62
7
  6
CONTINUOUS
 10
80.2793320424
 20
139.2432410355
 11
80.2793320424
 21
139.1632410355
  0
LINE
  5
7F7
100
AcDbEntity
  8
ASSEM_MEM
100
AcDbLine
 62
7
  6
CONTINUOUS
 10
80.2793320424
 20
138.7432410355
 11
80.2793320424
 21
138.6632410355
  0
LINE
  5
7F8
100
AcDbEntity
  8
ASSEM_MEM
100
AcDbLine
 62
7
  6
CONTINUOUS
 10
80.2793320424
 20
138.2432410355
 11
80.2793320424
 21
138.1632410355
  0
LINE
  5
7F9
100
AcDbEntity
  8
ASSEM_MEM
100
AcDbLine
 62
9
  6
CONTINUOUS
 10
80.4827634999
 20
138.1282410355
 11
80.4827634999
 21
138.2782410355
  0
LINE
  5
7FA
100
AcDbEntity
  8
ASSEM_MEM
100
AcDbLine
 62
9
  6
CONTINUOUS
 10
80.4827634999
 20
138.6282410355
 11
80.4827634999
 21
138.7782410355
  0
LINE
  5
7FB
100
AcDbEntity
  8
ASSEM_MEM
100
AcDbLine
 62
9
  6
CONTINUOUS
 10
80.4827634999
 20
139.1282410355
 11
80.4827634999
 21
139.2782410355
  0
LINE
  5
7FC
100
AcDbEntity
  8
ASSEM_MEM
100
AcDbLine
 62
9
  6
CONTINUOUS
 10
80.4827634999
 20
139.6282410355
 11
80.4827634999
 21
139.7782410355
  0
LINE
  5
7FD
100
AcDbEntity
  8
ASSEM_MEM
100
AcDbLine
 62
9
  6
CONTINUOUS
 10
80.5393320424
 20
139.7782410355
 11
80.5393320424
 21
139.6282410355
  0
LINE
  5
7FE
100
AcDbEntity
  8
ASSEM_MEM
100
AcDbLine
 62
9
  6
CONTINUOUS
 10
80.5393320424
 20
139.2782410355
 11
80.5393320424
 21
139.1282410355
  0
LINE
  5
7FF
100
AcDbEntity
  8
ASSEM_MEM
100
AcDbLine
 62
9
  6
CONTINUOUS
 10
80.5393320424
 20
138.7782410355
 11
80.5393320424
 21
138.6282410355
  0
LINE
  5
800
100
AcDbEntity
  8
ASSEM_MEM
100
AcDbLine
 62
9
  6
CONTINUOUS
 10
80.5393320424
 20
138.2782410355
 11
80.5393320424
 21
138.1282410355
  0
LINE
  5
801
100
AcDbEntity
  8
ASSEM_MEM
100
AcDbLine
 62
9
  6
CONTINUOUS
 10
80.8293320424
 20
138.1282410355
 11
80.8293320424
 21
138.2782410355
  0
LINE
  5
802
100
AcDbEntity
  8
ASSEM_MEM
100
AcDbLine
 62
9
  6
CONTINUOUS
 10
80.8293320424
 20
138.6282410355
 11
80.8293320424
 21
138.7782410355
  0
LINE
  5
803
100
AcDbEntity
  8
ASSEM_MEM
100
AcDbLine
 62
9
  6
CONTINUOUS
 10
80.8293320424
 20
139.1282410355
 11
80.8293320424
 21
139.2782410355
  0
LINE
  5
804
100
AcDbEntity
  8
ASSEM_MEM
100
AcDbLine
 62
9
  6
CONTINUOUS
 10
80.8293320424
 20
139.6282410355
 11
80.8293320424
 21
139.7782410355
  0
LINE
  5
805
100
AcDbEntity
  8
ASSEM_MEM
100
AcDbLine
 62
7
  6
CONTINUOUS
 10
80.9293320424
 20
139.7782410355
 11
80.9293320424
 21
139.6282410355
  0
LINE
  5
806
100
AcDbEntity
  8
ASSEM_MEM
100
AcDbLine
 62
7
  6
CONTINUOUS
 10
80.9293320424
 20
139.2782410355
 11
80.9293320424
 21
139.1282410355
  0
LINE
  5
807
100
AcDbEntity
  8
ASSEM_MEM
100
AcDbLine
 62
7
  6
CONTINUOUS
 10
80.9293320424
 20
138.7782410355
 11
80.9293320424
 21
138.6282410355
  0
LINE
  5
808
100
AcDbEntity
  8
ASSEM_MEM
100
AcDbLine
 62
7
  6
CONTINUOUS
 10
80.9293320424
 20
138.2782410355
 11
80.9293320424
 21
138.1282410355
  0
LINE
  5
809
100
AcDbEntity
  8
ASSEM_MEM
100
AcDbLine
 62
7
420
48875
  6
CONTINUOUS
 10
81.3293320424
 20
139.8532410355
 11
81.3293320424
 21
139.5532410355
  0
LINE
  5
80A
100
AcDbEntity
  8
ASSEM_MEM
100
AcDbLine
 62
7
420
48875
  6
CONTINUOUS
 10
81.3293320424
 20
138.3532410355
 11
81.3293320424
 21
138.0532410355
  0
LINE
  5
80B
100
AcDbEntity
  8
ASSEM_MEM
100
AcDbLine
 62
4
  6
CONTINUOUS
 10
81.5793320424
 20
141.6532410355
 11
81.5793320424
 21
134.6532410355
  0
LINE
  5
80C
100
AcDbEntity
  8
ASSEM_MEM
100
AcDbLine
 62
2
  6
CONTINUOUS
 10
105.0793320424
 20
223.3024834404
 11
109.4300896375
 21
227.6532410355
  0
LINE
  5
80D
100
AcDbEntity
  8
ASSEM_MEM
100
AcDbLine
 62
2
  6
CONTINUOUS
 10
105.3999381185
 20
220.6532410355
 11
107.6212166962
 21
222.8745196133
  0
LINE
  5
80E
100
AcDbEntity
  8
ASSEM_MEM
100
AcDbLine
 62
2
  6
CONTINUOUS
 10
109.4580534646
 20
224.7113563816
 11
112.2793320424
 21
227.5326349594
  0
LINE
  5
80F
100
AcDbEntity
  8
ASSEM_MEM
100
AcDbLine
 62
7
  6
CONTINUOUS
 10
163.1595840424
 20
140.2532410355
 11
162.6793320424
 21
140.2532410355
  0
LINE
  5
810
100
AcDbEntity
  8
ASSEM_MEM
100
AcDbLine
 62
7
  6
CONTINUOUS
 10
77.9490800424
 20
140.2532410355
 11
78.4293320424
 21
140.2532410355
  0
LINE
  5
811
100
AcDbEntity
  8
ASSEM_MEM
100
AcDbLine
 62
4
  6
CONTINUOUS
 10
139.6643320424
 20
140.3232410355
 11
138.9643320424
 21
140.3232410355
  0
LINE
  5
812
100
AcDbEntity
  8
ASSEM_MEM
100
AcDbLine
 62
4
  6
CONTINUOUS
 10
138.8043320424
 20
140.3232410355
 11
138.1043320424
 21
140.3232410355
  0
LINE
  5
813
100
AcDbEntity
  8
ASSEM_MEM
100
AcDbLine
 62
4
  6
CONTINUOUS
 10
136.3643320424
 20
140.3232410355
 11
135.6643320424
 21
140.3232410355
  0
LINE
  5
814
100
AcDbEntity
  8
ASSEM_MEM
100
AcDbLine
 62
4
  6
CONTINUOUS
 10
128.2043320424
 20
140.3232410355
 11
128.9043320424
 21
140.3232410355
  0
LINE
  5
815
100
AcDbEntity
  8
ASSEM_MEM
100
AcDbLine
 62
4
  6
CONTINUOUS
 10
129.0643320424
 20
140.3232410355
 11
129.7643320424
 21
140.3232410355
  0
LINE
  5
816
100
AcDbEntity
  8
ASSEM_MEM
100
AcDbLine
 62
4
  6
CONTINUOUS
 10
131.5043320424
 20
140.3232410355
 11
132.2043320424
 21
140.3232410355
  0
LINE
  5
817
100
AcDbEntity
  8
ASSEM_MEM
100
AcDbLine
 62
7
  6
CONTINUOUS
 10
164.7995448119
 20
140.3318097735
 11
164.8591192729
 21
140.3318097735
  0
LINE
  5
818
100
AcDbEntity
  8
ASSEM_MEM
100
AcDbLine
 62
7
  6
CONTINUOUS
 10
164.8676299102
 20
140.3734764481
 11
164.7910341746
 21
140.3734764481
  0
LINE
  5
819
100
AcDbEntity
  8
ASSEM_MEM
100
AcDbLine
 62
7
  6
CONTINUOUS
 10
164.8591192729
 20
140.4401431227
 11
164.9101831085
 21
140.4401431227
  0
LINE
  5
81A
100
AcDbEntity
  8
ASSEM_MEM
100
AcDbLine
 62
4
  6
CONTINUOUS
 10
123.0093320424
 20
140.4832410355
 11
122.3093320424
 21
140.4832410355
  0
LINE
  5
81B
100
AcDbEntity
  8
ASSEM_MEM
100
AcDbLine
 62
4
  6
CONTINUOUS
 10
122.1493320424
 20
140.4832410355
 11
121.4493320424
 21
140.4832410355
  0
LINE
  5
81C
100
AcDbEntity
  8
ASSEM_MEM
100
AcDbLine
 62
4
  6
CONTINUOUS
 10
119.7093320424
 20
140.4832410355
 11
119.0093320424
 21
140.4832410355
  0
LINE
  5
81D
100
AcDbEntity
  8
ASSEM_MEM
100
AcDbLine
 62
7
  6
CONTINUOUS
 10
76.4793320424
 20
140.4832410355
 11
76.4282682187
 21
140.4832410355
  0
LINE
  5
81E
100
AcDbEntity
  8
ASSEM_MEM
100
AcDbLine
 62
4
  6
CONTINUOUS
 10
111.5493320424
 20
140.4832410355
 11
112.2493320424
 21
140.4832410355
  0
LINE
  5
81F
100
AcDbEntity
  8
ASSEM_MEM
100
AcDbLine
 62
4
  6
CONTINUOUS
 10
112.4093320424
 20
140.4832410355
 11
113.1093320424
 21
140.4832410355
  0
LINE
  5
820
100
AcDbEntity
  8
ASSEM_MEM
100
AcDbLine
 62
4
  6
CONTINUOUS
 10
114.8493320424
 20
140.4832410355
 11
115.5493320424
 21
140.4832410355
  0
LINE
  5
821
100
AcDbEntity
  8
ASSEM_MEM
100
AcDbLine
 62
7
  6
CONTINUOUS
 10
76.3176299102
 20
140.5165743609
 11
76.2665660865
 21
140.5165743609
  0
LINE
  5
822
100
AcDbEntity
  8
ASSEM_MEM
100
AcDbLine
 62
7
  6
CONTINUOUS
 10
162.6793320424
 20
140.6032410355
 11
162.5093320424
 21
140.6032410355
  0
LINE
  5
823
100
AcDbEntity
  8
ASSEM_MEM
100
AcDbLine
 62
7
  6
CONTINUOUS
 10
78.4293320424
 20
140.6032410355
 11
78.5993320424
 21
140.6032410355
  0
LINE
  5
824
100
AcDbEntity
  8
ASSEM_MEM
100
AcDbLine
 62
7
  6
CONTINUOUS
 10
164.6974171407
 20
140.6401430989
 11
164.8591192729
 21
140.6401430989
  0
LINE
  5
825
100
AcDbEntity
  8
ASSEM_MEM
100
AcDbLine
 62
7
  6
CONTINUOUS
 10
164.9101831085
 20
140.6401430989
 11
165.0293320424
 21
140.6401430989
  0
LINE
  5
826
100
AcDbEntity
  8
ASSEM_MEM
100
AcDbLine
 62
4
  6
CONTINUOUS
 10
115.5493320424
 20
140.6832410355
 11
114.8493320424
 21
140.6832410355
  0
LINE
  5
827
100
AcDbEntity
  8
ASSEM_MEM
100
AcDbLine
 62
4
  6
CONTINUOUS
 10
113.1093320424
 20
140.6832410355
 11
112.4093320424
 21
140.6832410355
  0
LINE
  5
828
100
AcDbEntity
  8
ASSEM_MEM
100
AcDbLine
 62
4
  6
CONTINUOUS
 10
112.2493320424
 20
140.6832410355
 11
111.5493320424
 21
140.6832410355
  0
LINE
  5
829
100
AcDbEntity
  8
ASSEM_MEM
100
AcDbLine
 62
4
  6
CONTINUOUS
 10
119.0093320424
 20
140.6832410355
 11
119.7093320424
 21
140.6832410355
  0
LINE
  5
82A
100
AcDbEntity
  8
ASSEM_MEM
100
AcDbLine
 62
4
  6
CONTINUOUS
 10
121.4493320424
 20
140.6832410355
 11
122.1493320424
 21
140.6832410355
  0
LINE
  5
82B
100
AcDbEntity
  8
ASSEM_MEM
100
AcDbLine
 62
4
  6
CONTINUOUS
 10
122.3093320424
 20
140.6832410355
 11
123.0093320424
 21
140.6832410355
  0
LINE
  5
82C
100
AcDbEntity
  8
ASSEM_MEM
100
AcDbLine
 62
7
  6
CONTINUOUS
 10
165.0293320424
 20
140.6901430989
 11
164.9101831085
 21
140.6901430989
  0
LINE
  5
82D
100
AcDbEntity
  8
ASSEM_MEM
100
AcDbLine
 62
7
  6
CONTINUOUS
 10
164.8591192729
 20
140.6901430989
 11
164.6293320424
 21
140.6901430989
  0
LINE
  5
82E
100
AcDbEntity
  8
ASSEM_MEM
100
AcDbLine
 62
4
  6
CONTINUOUS
 10
132.2043320424
 20
140.7232410355
 11
131.5043320424
 21
140.7232410355
  0
LINE
  5
82F
100
AcDbEntity
  8
ASSEM_MEM
100
AcDbLine
 62
4
  6
CONTINUOUS
 10
129.7643320424
 20
140.7232410355
 11
129.0643320424
 21
140.7232410355
  0
LINE
  5
830
100
AcDbEntity
  8
ASSEM_MEM
100
AcDbLine
 62
4
  6
CONTINUOUS
 10
128.9043320424
 20
140.7232410355
 11
128.2043320424
 21
140.7232410355
  0
LINE
  5
831
100
AcDbEntity
  8
ASSEM_MEM
100
AcDbLine
 62
4
  6
CONTINUOUS
 10
135.6643320424
 20
140.7232410355
 11
136.3643320424
 21
140.7232410355
  0
LINE
  5
832
100
AcDbEntity
  8
ASSEM_MEM
100
AcDbLine
 62
4
  6
CONTINUOUS
 10
138.1043320424
 20
140.7232410355
 11
138.8043320424
 21
140.7232410355
  0
LINE
  5
833
100
AcDbEntity
  8
ASSEM_MEM
100
AcDbLine
 62
4
  6
CONTINUOUS
 10
138.9643320424
 20
140.7232410355
 11
139.6643320424
 21
140.7232410355
  0
LINE
  5
834
100
AcDbEntity
  8
ASSEM_MEM
100
AcDbLine
 62
7
  6
CONTINUOUS
 10
76.2665660865
 20
140.7332410355
 11
76.0793320424
 21
140.7332410355
  0
LINE
  5
835
100
AcDbEntity
  8
ASSEM_MEM
100
AcDbLine
 62
7
  6
CONTINUOUS
 10
76.4282682187
 20
140.7332410355
 11
76.3176299102
 21
140.7332410355
  0
LINE
  5
836
100
AcDbEntity
  8
ASSEM_MEM
100
AcDbLine
 62
7
  6
CONTINUOUS
 10
164.9101831085
 20
140.7734764481
 11
164.8591192729
 21
140.7734764481
  0
LINE
  5
837
100
AcDbEntity
  8
ASSEM_MEM
100
AcDbLine
 62
7
  6
CONTINUOUS
 10
76.0793320424
 20
140.7832410355
 11
76.4793320424
 21
140.7832410355
  0
LINE
  5
838
100
AcDbEntity
  8
ASSEM_MEM
100
AcDbLine
 62
7
  6
CONTINUOUS
 10
76.5293320424
 20
140.8332410355
 11
76.0293320424
 21
140.8332410355
  0
LINE
  5
839
100
AcDbEntity
  8
ASSEM_MEM
100
AcDbLine
 62
7
  6
CONTINUOUS
 10
77.2793320424
 20
140.8332410355
 11
78.0793320424
 21
140.8332410355
  0
LINE
  5
83A
100
AcDbEntity
  8
ASSEM_MEM
100
AcDbLine
 62
7
  6
CONTINUOUS
 10
163.0293320424
 20
140.8332410355
 11
163.8293320424
 21
140.8332410355
  0
LINE
  5
83B
100
AcDbEntity
  8
ASSEM_MEM
100
AcDbLine
 62
7
  6
CONTINUOUS
 10
164.5793320424
 20
140.8332410355
 11
165.0793320424
 21
140.8332410355
  0
LINE
  5
83C
100
AcDbEntity
  8
ASSEM_MEM
100
AcDbLine
 62
7
  6
CONTINUOUS
 10
163.8695244213
 20
140.8734334144
 11
163.1580152115
 21
140.8734334144
  0
LINE
  5
83D
100
AcDbEntity
  8
ASSEM_MEM
100
AcDbLine
 62
7
  6
CONTINUOUS
 10
77.2391396635
 20
140.8734334144
 11
77.9506488732
 21
140.8734334144
  0
LINE
  5
83E
100
AcDbEntity
  8
ASSEM_MEM
100
AcDbLine
 62
4
  6
CONTINUOUS
 10
139.6643320424
 20
140.9232410355
 11
138.9643320424
 21
140.9232410355
  0
LINE
  5
83F
100
AcDbEntity
  8
ASSEM_MEM
100
AcDbLine
 62
4
  6
CONTINUOUS
 10
138.8043320424
 20
140.9232410355
 11
138.1043320424
 21
140.9232410355
  0
LINE
  5
840
100
AcDbEntity
  8
ASSEM_MEM
100
AcDbLine
 62
4
  6
CONTINUOUS
 10
136.3643320424
 20
140.9232410355
 11
135.6643320424
 21
140.9232410355
  0
LINE
  5
841
100
AcDbEntity
  8
ASSEM_MEM
100
AcDbLine
 62
4
  6
CONTINUOUS
 10
128.2043320424
 20
140.9232410355
 11
128.9043320424
 21
140.9232410355
  0
LINE
  5
842
100
AcDbEntity
  8
ASSEM_MEM
100
AcDbLine
 62
4
  6
CONTINUOUS
 10
129.0643320424
 20
140.9232410355
 11
129.7643320424
 21
140.9232410355
  0
LINE
  5
843
100
AcDbEntity
  8
ASSEM_MEM
100
AcDbLine
 62
4
  6
CONTINUOUS
 10
131.5043320424
 20
140.9232410355
 11
132.2043320424
 21
140.9232410355
  0
LINE
  5
844
100
AcDbEntity
  8
ASSEM_MEM
100
AcDbLine
 62
7
  6
CONTINUOUS
 10
165.4793320424
 20
140.9832410355
 11
164.0293320424
 21
140.9832410355
  0
LINE
  5
845
100
AcDbEntity
  8
ASSEM_MEM
100
AcDbLine
 62
7
  6
CONTINUOUS
 10
75.6293320424
 20
140.9832410355
 11
77.0793320424
 21
140.9832410355
  0
LINE
  5
846
100
AcDbEntity
  8
ASSEM_MEM
100
AcDbLine
 62
7
  6
CONTINUOUS
 10
163.0293320424
 20
141.0832410355
 11
162.5093320424
 21
141.0832410355
  0
LINE
  5
847
100
AcDbEntity
  8
ASSEM_MEM
100
AcDbLine
 62
4
  6
CONTINUOUS
 10
123.0093320424
 20
141.0832410355
 11
122.3093320424
 21
141.0832410355
  0
LINE
  5
848
100
AcDbEntity
  8
ASSEM_MEM
100
AcDbLine
 62
4
  6
CONTINUOUS
 10
122.1493320424
 20
141.0832410355
 11
121.4493320424
 21
141.0832410355
  0
LINE
  5
849
100
AcDbEntity
  8
ASSEM_MEM
100
AcDbLine
 62
4
  6
CONTINUOUS
 10
119.7093320424
 20
141.0832410355
 11
119.0093320424
 21
141.0832410355
  0
LINE
  5
84A
100
AcDbEntity
  8
ASSEM_MEM
100
AcDbLine
 62
7
  6
CONTINUOUS
 10
78.0793320424
 20
141.0832410355
 11
78.5993320424
 21
141.0832410355
  0
LINE
  5
84B
100
AcDbEntity
  8
ASSEM_MEM
100
AcDbLine
 62
4
  6
CONTINUOUS
 10
111.5493320424
 20
141.0832410355
 11
112.2493320424
 21
141.0832410355
  0
LINE
  5
84C
100
AcDbEntity
  8
ASSEM_MEM
100
AcDbLine
 62
4
  6
CONTINUOUS
 10
112.4093320424
 20
141.0832410355
 11
113.1093320424
 21
141.0832410355
  0
LINE
  5
84D
100
AcDbEntity
  8
ASSEM_MEM
100
AcDbLine
 62
4
  6
CONTINUOUS
 10
114.8493320424
 20
141.0832410355
 11
115.5493320424
 21
141.0832410355
  0
LINE
  5
84E
100
AcDbEntity
  8
ASSEM_MEM
100
AcDbLine
 62
7
  6
CONTINUOUS
 10
76.9793320424
 20
141.0932410355
 11
77.0793320424
 21
141.0932410355
  0
LINE
  5
84F
100
AcDbEntity
  8
ASSEM_MEM
100
AcDbLine
 62
7
  6
CONTINUOUS
 10
78.0793320424
 20
141.0932410355
 11
78.5993320424
 21
141.0932410355
  0
LINE
  5
850
100
AcDbEntity
  8
ASSEM_MEM
100
AcDbLine
 62
7
  6
CONTINUOUS
 10
162.5093320424
 20
141.0932410355
 11
163.0293320424
 21
141.0932410355
  0
LINE
  5
851
100
AcDbEntity
  8
ASSEM_MEM
100
AcDbLine
 62
7
  6
CONTINUOUS
 10
164.0293320424
 20
141.0932410355
 11
164.1293320424
 21
141.0932410355
  0
LINE
  5
852
100
AcDbEntity
  8
ASSEM_MEM
100
AcDbLine
 62
7
  6
CONTINUOUS
 10
164.1293320424
 20
141.2432410355
 11
164.0293320424
 21
141.2432410355
  0
LINE
  5
853
100
AcDbEntity
  8
ASSEM_MEM
100
AcDbLine
 62
7
  6
CONTINUOUS
 10
78.5993320424
 20
141.2432410355
 11
78.0793320424
 21
141.2432410355
  0
LINE
  5
854
100
AcDbEntity
  8
ASSEM_MEM
100
AcDbLine
 62
7
  6
CONTINUOUS
 10
77.0793320424
 20
141.2432410355
 11
76.9793320424
 21
141.2432410355
  0
LINE
  5
855
100
AcDbEntity
  8
ASSEM_MEM
100
AcDbLine
 62
7
  6
CONTINUOUS
 10
162.5093320424
 20
141.2432410355
 11
163.0293320424
 21
141.2432410355
  0
LINE
  5
856
100
AcDbEntity
  8
ASSEM_MEM
100
AcDbLine
 62
7
  6
CONTINUOUS
 10
163.0293320424
 20
141.2532410355
 11
162.5093320424
 21
141.2532410355
  0
LINE
  5
857
100
AcDbEntity
  8
ASSEM_MEM
100
AcDbLine
 62
7
  6
CONTINUOUS
 10
78.0793320424
 20
141.2532410355
 11
78.5993320424
 21
141.2532410355
  0
LINE
  5
858
100
AcDbEntity
  8
ASSEM_MEM
100
AcDbLine
 62
4
  6
CONTINUOUS
 10
115.5493320424
 20
141.2832410355
 11
114.8493320424
 21
141.2832410355
  0
LINE
  5
859
100
AcDbEntity
  8
ASSEM_MEM
100
AcDbLine
 62
4
  6
CONTINUOUS
 10
113.1093320424
 20
141.2832410355
 11
112.4093320424
 21
141.2832410355
  0
LINE
  5
85A
100
AcDbEntity
  8
ASSEM_MEM
100
AcDbLine
 62
4
  6
CONTINUOUS
 10
112.2493320424
 20
141.2832410355
 11
111.5493320424
 21
141.2832410355
  0
LINE
  5
85B
100
AcDbEntity
  8
ASSEM_MEM
100
AcDbLine
 62
4
  6
CONTINUOUS
 10
119.0093320424
 20
141.2832410355
 11
119.7093320424
 21
141.2832410355
  0
LINE
  5
85C
100
AcDbEntity
  8
ASSEM_MEM
100
AcDbLine
 62
4
  6
CONTINUOUS
 10
121.4493320424
 20
141.2832410355
 11
122.1493320424
 21
141.2832410355
  0
LINE
  5
85D
100
AcDbEntity
  8
ASSEM_MEM
100
AcDbLine
 62
4
  6
CONTINUOUS
 10
122.3093320424
 20
141.2832410355
 11
123.0093320424
 21
141.2832410355
  0
LINE
  5
85E
100
AcDbEntity
  8
ASSEM_MEM
100
AcDbLine
 62
7
420
48875
  6
CONTINUOUS
 10
164.4793320424
 20
141.3032410355
 11
164.0793320424
 21
141.3032410355
  0
LINE
  5
85F
100
AcDbEntity
  8
ASSEM_MEM
100
AcDbLine
 62
7
420
48875
  6
CONTINUOUS
 10
77.0293320424
 20
141.3032410355
 11
76.6293320424
 21
141.3032410355
  0
LINE
  5
860
100
AcDbEntity
  8
ASSEM_MEM
100
AcDbLine
 62
4
  6
CONTINUOUS
 10
132.2043320424
 20
141.3232410355
 11
131.5043320424
 21
141.3232410355
  0
LINE
  5
861
100
AcDbEntity
  8
ASSEM_MEM
100
AcDbLine
 62
4
  6
CONTINUOUS
 10
129.7643320424
 20
141.3232410355
 11
129.0643320424
 21
141.3232410355
  0
LINE
  5
862
100
AcDbEntity
  8
ASSEM_MEM
100
AcDbLine
 62
4
  6
CONTINUOUS
 10
128.9043320424
 20
141.3232410355
 11
128.2043320424
 21
141.3232410355
  0
LINE
  5
863
100
AcDbEntity
  8
ASSEM_MEM
100
AcDbLine
 62
7
  6
CONTINUOUS
 10
78.0793320424
 20
141.3232410355
 11
77.0793320424
 21
141.3232410355
  0
LINE
  5
864
100
AcDbEntity
  8
ASSEM_MEM
100
AcDbLine
 62
4
  6
CONTINUOUS
 10
135.6643320424
 20
141.3232410355
 11
136.3643320424
 21
141.3232410355
  0
LINE
  5
865
100
AcDbEntity
  8
ASSEM_MEM
100
AcDbLine
 62
4
  6
CONTINUOUS
 10
138.1043320424
 20
141.3232410355
 11
138.8043320424
 21
141.3232410355
  0
LINE
  5
866
100
AcDbEntity
  8
ASSEM_MEM
100
AcDbLine
 62
4
  6
CONTINUOUS
 10
138.9643320424
 20
141.3232410355
 11
139.6643320424
 21
141.3232410355
  0
LINE
  5
867
100
AcDbEntity
  8
ASSEM_MEM
100
AcDbLine
 62
7
  6
CONTINUOUS
 10
163.0293320424
 20
141.3232410355
 11
164.0293320424
 21
141.3232410355
  0
LINE
  5
868
100
AcDbEntity
  8
ASSEM_MEM
100
AcDbLine
 62
7
  6
CONTINUOUS
 10
78.5993320424
 20
141.3532410355
 11
76.9793320424
 21
141.3532410355
  0
LINE
  5
869
100
AcDbEntity
  8
ASSEM_MEM
100
AcDbLine
 62
7
  6
CONTINUOUS
 10
162.5093320424
 20
141.3532410355
 11
164.1293320424
 21
141.3532410355
  0
LINE
  5
86A
100
AcDbEntity
  8
ASSEM_MEM
100
AcDbLine
 62
4
  6
CONTINUOUS
 10
139.6643320424
 20
141.5232410355
 11
138.9643320424
 21
141.5232410355
  0
LINE
  5
86B
100
AcDbEntity
  8
ASSEM_MEM
100
AcDbLine
 62
4
  6
CONTINUOUS
 10
138.8043320424
 20
141.5232410355
 11
138.1043320424
 21
141.5232410355
  0
LINE
  5
86C
100
AcDbEntity
  8
ASSEM_MEM
100
AcDbLine
 62
4
  6
CONTINUOUS
 10
136.3643320424
 20
141.5232410355
 11
135.6643320424
 21
141.5232410355
  0
LINE
  5
86D
100
AcDbEntity
  8
ASSEM_MEM
100
AcDbLine
 62
4
  6
CONTINUOUS
 10
128.2043320424
 20
141.5232410355
 11
128.9043320424
 21
141.5232410355
  0
LINE
  5
86E
100
AcDbEntity
  8
ASSEM_MEM
100
AcDbLine
 62
4
  6
CONTINUOUS
 10
129.0643320424
 20
141.5232410355
 11
129.7643320424
 21
141.5232410355
  0
LINE
  5
86F
100
AcDbEntity
  8
ASSEM_MEM
100
AcDbLine
 62
4
  6
CONTINUOUS
 10
131.5043320424
 20
141.5232410355
 11
132.2043320424
 21
141.5232410355
  0
LINE
  5
870
100
AcDbEntity
  8
ASSEM_MEM
100
AcDbLine
 62
7
  6
CONTINUOUS
 10
80.0793320424
 20
141.6532410355
 11
76.9793320424
 21
141.6532410355
  0
LINE
  5
871
100
AcDbEntity
  8
ASSEM_MEM
100
AcDbLine
 62
4
  6
CONTINUOUS
 10
81.5793320424
 20
141.6532410355
 11
88.0793320424
 21
141.6532410355
  0
LINE
  5
872
100
AcDbEntity
  8
ASSEM_MEM
100
AcDbLine
 62
7
  6
CONTINUOUS
 10
161.0293320424
 20
141.6532410355
 11
164.1293320424
 21
141.6532410355
  0
LINE
  5
873
100
AcDbEntity
  8
ASSEM_MEM
100
AcDbLine
 62
4
  6
CONTINUOUS
 10
123.0093320424
 20
141.6832410355
 11
122.3093320424
 21
141.6832410355
  0
LINE
  5
874
100
AcDbEntity
  8
ASSEM_MEM
100
AcDbLine
 62
4
  6
CONTINUOUS
 10
122.1493320424
 20
141.6832410355
 11
121.4493320424
 21
141.6832410355
  0
LINE
  5
875
100
AcDbEntity
  8
ASSEM_MEM
100
AcDbLine
 62
4
  6
CONTINUOUS
 10
119.7093320424
 20
141.6832410355
 11
119.0093320424
 21
141.6832410355
  0
LINE
  5
876
100
AcDbEntity
  8
ASSEM_MEM
100
AcDbLine
 62
4
  6
CONTINUOUS
 10
111.5493320424
 20
141.6832410355
 11
112.2493320424
 21
141.6832410355
  0
LINE
  5
877
100
AcDbEntity
  8
ASSEM_MEM
100
AcDbLine
 62
4
  6
CONTINUOUS
 10
112.4093320424
 20
141.6832410355
 11
113.1093320424
 21
141.6832410355
  0
LINE
  5
878
100
AcDbEntity
  8
ASSEM_MEM
100
AcDbLine
 62
4
  6
CONTINUOUS
 10
114.8493320424
 20
141.6832410355
 11
115.5493320424
 21
141.6832410355
  0
LINE
  5
879
100
AcDbEntity
  8
ASSEM_MEM
100
AcDbLine
 62
4
  6
CONTINUOUS
 10
115.5493320424
 20
141.8832410355
 11
114.8493320424
 21
141.8832410355
  0
LINE
  5
87A
100
AcDbEntity
  8
ASSEM_MEM
100
AcDbLine
 62
4
  6
CONTINUOUS
 10
113.1093320424
 20
141.8832410355
 11
112.4093320424
 21
141.8832410355
  0
LINE
  5
87B
100
AcDbEntity
  8
ASSEM_MEM
100
AcDbLine
 62
4
  6
CONTINUOUS
 10
112.2493320424
 20
141.8832410355
 11
111.5493320424
 21
141.8832410355
  0
LINE
  5
87C
100
AcDbEntity
  8
ASSEM_MEM
100
AcDbLine
 62
4
  6
CONTINUOUS
 10
119.0093320424
 20
141.8832410355
 11
119.7093320424
 21
141.8832410355
  0
LINE
  5
87D
100
AcDbEntity
  8
ASSEM_MEM
100
AcDbLine
 62
4
  6
CONTINUOUS
 10
121.4493320424
 20
141.8832410355
 11
122.1493320424
 21
141.8832410355
  0
LINE
  5
87E
100
AcDbEntity
  8
ASSEM_MEM
100
AcDbLine
 62
4
  6
CONTINUOUS
 10
122.3093320424
 20
141.8832410355
 11
123.0093320424
 21
141.8832410355
  0
LINE
  5
87F
100
AcDbEntity
  8
ASSEM_MEM
100
AcDbLine
 62
9
  6
CONTINUOUS
 10
164.0093320424
 20
141.9032410355
 11
162.9093320424
 21
141.9032410355
  0
LINE
  5
880
100
AcDbEntity
  8
ASSEM_MEM
100
AcDbLine
 62
9
  6
CONTINUOUS
 10
78.1993320424
 20
141.9032410355
 11
77.0993320424
 21
141.9032410355
  0
LINE
  5
881
100
AcDbEntity
  8
ASSEM_MEM
100
AcDbLine
 62
4
  6
CONTINUOUS
 10
132.2043320424
 20
141.9232410355
 11
131.5043320424
 21
141.9232410355
  0
LINE
  5
882
100
AcDbEntity
  8
ASSEM_MEM
100
AcDbLine
 62
4
  6
CONTINUOUS
 10
129.7643320424
 20
141.9232410355
 11
129.0643320424
 21
141.9232410355
  0
LINE
  5
883
100
AcDbEntity
  8
ASSEM_MEM
100
AcDbLine
 62
4
  6
CONTINUOUS
 10
128.9043320424
 20
141.9232410355
 11
128.2043320424
 21
141.9232410355
  0
LINE
  5
884
100
AcDbEntity
  8
ASSEM_MEM
100
AcDbLine
 62
4
  6
CONTINUOUS
 10
135.6643320424
 20
141.9232410355
 11
136.3643320424
 21
141.9232410355
  0
LINE
  5
885
100
AcDbEntity
  8
ASSEM_MEM
100
AcDbLine
 62
4
  6
CONTINUOUS
 10
138.1043320424
 20
141.9232410355
 11
138.8043320424
 21
141.9232410355
  0
LINE
  5
886
100
AcDbEntity
  8
ASSEM_MEM
100
AcDbLine
 62
4
  6
CONTINUOUS
 10
138.9643320424
 20
141.9232410355
 11
139.6643320424
 21
141.9232410355
  0
LINE
  5
887
100
AcDbEntity
  8
ASSEM_MEM
100
AcDbLine
 62
7
  6
CONTINUOUS
 10
77.0993320424
 20
142.0032410355
 11
78.1993320424
 21
142.0032410355
  0
LINE
  5
888
100
AcDbEntity
  8
ASSEM_MEM
100
AcDbLine
 62
7
  6
CONTINUOUS
 10
162.9093320424
 20
142.0032410355
 11
164.0093320424
 21
142.0032410355
  0
LINE
  5
889
100
AcDbEntity
  8
ASSEM_MEM
100
AcDbLine
 62
4
  6
CONTINUOUS
 10
139.6643320424
 20
142.1232410355
 11
138.9643320424
 21
142.1232410355
  0
LINE
  5
88A
100
AcDbEntity
  8
ASSEM_MEM
100
AcDbLine
 62
4
  6
CONTINUOUS
 10
138.8043320424
 20
142.1232410355
 11
138.1043320424
 21
142.1232410355
  0
LINE
  5
88B
100
AcDbEntity
  8
ASSEM_MEM
100
AcDbLine
 62
4
  6
CONTINUOUS
 10
136.3643320424
 20
142.1232410355
 11
135.6643320424
 21
142.1232410355
  0
LINE
  5
88C
100
AcDbEntity
  8
ASSEM_MEM
100
AcDbLine
 62
4
  6
CONTINUOUS
 10
128.2043320424
 20
142.1232410355
 11
128.9043320424
 21
142.1232410355
  0
LINE
  5
88D
100
AcDbEntity
  8
ASSEM_MEM
100
AcDbLine
 62
4
  6
CONTINUOUS
 10
129.0643320424
 20
142.1232410355
 11
129.7643320424
 21
142.1232410355
  0
LINE
  5
88E
100
AcDbEntity
  8
ASSEM_MEM
100
AcDbLine
 62
4
  6
CONTINUOUS
 10
131.5043320424
 20
142.1232410355
 11
132.2043320424
 21
142.1232410355
  0
LINE
  5
88F
100
AcDbEntity
  8
ASSEM_MEM
100
AcDbLine
 62
7
  6
CONTINUOUS
 10
78.1993320424
 20
142.1532410355
 11
77.0993320424
 21
142.1532410355
  0
LINE
  5
890
100
AcDbEntity
  8
ASSEM_MEM
100
AcDbLine
 62
7
  6
CONTINUOUS
 10
162.9093320424
 20
142.1532410355
 11
164.0093320424
 21
142.1532410355
  0
LINE
  5
891
100
AcDbEntity
  8
ASSEM_MEM
100
AcDbLine
 62
4
  6
CONTINUOUS
 10
123.0093320424
 20
142.2832410355
 11
122.3093320424
 21
142.2832410355
  0
LINE
  5
892
100
AcDbEntity
  8
ASSEM_MEM
100
AcDbLine
 62
4
  6
CONTINUOUS
 10
122.1493320424
 20
142.2832410355
 11
121.4493320424
 21
142.2832410355
  0
LINE
  5
893
100
AcDbEntity
  8
ASSEM_MEM
100
AcDbLine
 62
4
  6
CONTINUOUS
 10
119.7093320424
 20
142.2832410355
 11
119.0093320424
 21
142.2832410355
  0
LINE
  5
894
100
AcDbEntity
  8
ASSEM_MEM
100
AcDbLine
 62
4
  6
CONTINUOUS
 10
111.5493320424
 20
142.2832410355
 11
112.2493320424
 21
142.2832410355
  0
LINE
  5
895
100
AcDbEntity
  8
ASSEM_MEM
100
AcDbLine
 62
4
  6
CONTINUOUS
 10
112.4093320424
 20
142.2832410355
 11
113.1093320424
 21
142.2832410355
  0
LINE
  5
896
100
AcDbEntity
  8
ASSEM_MEM
100
AcDbLine
 62
4
  6
CONTINUOUS
 10
114.8493320424
 20
142.2832410355
 11
115.5493320424
 21
142.2832410355
  0
LINE
  5
897
100
AcDbEntity
  8
ASSEM_MEM
100
AcDbLine
 62
7
420
48875
  6
CONTINUOUS
 10
76.6293320424
 20
142.3032410355
 11
78.6293320424
 21
142.3032410355
  0
LINE
  5
898
100
AcDbEntity
  8
ASSEM_MEM
100
AcDbLine
 62
7
420
48875
  6
CONTINUOUS
 10
162.4793320424
 20
142.3032410355
 11
164.4793320424
 21
142.3032410355
  0
LINE
  5
899
100
AcDbEntity
  8
ASSEM_MEM
100
AcDbLine
 62
4
  6
CONTINUOUS
 10
116.4093320424
 20
142.4832410355
 11
115.7093320424
 21
142.4832410355
  0
LINE
  5
89A
100
AcDbEntity
  8
ASSEM_MEM
100
AcDbLine
 62
4
  6
CONTINUOUS
 10
115.5493320424
 20
142.4832410355
 11
114.8493320424
 21
142.4832410355
  0
LINE
  5
89B
100
AcDbEntity
  8
ASSEM_MEM
100
AcDbLine
 62
4
  6
CONTINUOUS
 10
113.1093320424
 20
142.4832410355
 11
112.4093320424
 21
142.4832410355
  0
LINE
  5
89C
100
AcDbEntity
  8
ASSEM_MEM
100
AcDbLine
 62
4
  6
CONTINUOUS
 10
112.2493320424
 20
142.4832410355
 11
111.5493320424
 21
142.4832410355
  0
LINE
  5
89D
100
AcDbEntity
  8
ASSEM_MEM
100
AcDbLine
 62
4
  6
CONTINUOUS
 10
118.1493320424
 20
142.4832410355
 11
118.8493320424
 21
142.4832410355
  0
LINE
  5
89E
100
AcDbEntity
  8
ASSEM_MEM
100
AcDbLine
 62
4
  6
CONTINUOUS
 10
119.0093320424
 20
142.4832410355
 11
119.7093320424
 21
142.4832410355
  0
LINE
  5
89F
100
AcDbEntity
  8
ASSEM_MEM
100
AcDbLine
 62
4
  6
CONTINUOUS
 10
121.4493320424
 20
142.4832410355
 11
122.1493320424
 21
142.4832410355
  0
LINE
  5
8A0
100
AcDbEntity
  8
ASSEM_MEM
100
AcDbLine
 62
4
  6
CONTINUOUS
 10
122.3093320424
 20
142.4832410355
 11
123.0093320424
 21
142.4832410355
  0
LINE
  5
8A1
100
AcDbEntity
  8
ASSEM_MEM
100
AcDbLine
 62
4
  6
CONTINUOUS
 10
132.2043320424
 20
142.5232410355
 11
131.5043320424
 21
142.5232410355
  0
LINE
  5
8A2
100
AcDbEntity
  8
ASSEM_MEM
100
AcDbLine
 62
4
  6
CONTINUOUS
 10
129.7643320424
 20
142.5232410355
 11
129.0643320424
 21
142.5232410355
  0
LINE
  5
8A3
100
AcDbEntity
  8
ASSEM_MEM
100
AcDbLine
 62
4
  6
CONTINUOUS
 10
128.9043320424
 20
142.5232410355
 11
128.2043320424
 21
142.5232410355
  0
LINE
  5
8A4
100
AcDbEntity
  8
ASSEM_MEM
100
AcDbLine
 62
4
  6
CONTINUOUS
 10
135.6643320424
 20
142.5232410355
 11
136.3643320424
 21
142.5232410355
  0
LINE
  5
8A5
100
AcDbEntity
  8
ASSEM_MEM
100
AcDbLine
 62
4
  6
CONTINUOUS
 10
138.1043320424
 20
142.5232410355
 11
138.8043320424
 21
142.5232410355
  0
LINE
  5
8A6
100
AcDbEntity
  8
ASSEM_MEM
100
AcDbLine
 62
4
  6
CONTINUOUS
 10
138.9643320424
 20
142.5232410355
 11
139.6643320424
 21
142.5232410355
  0
LINE
  5
8A7
100
AcDbEntity
  8
ASSEM_MEM
100
AcDbLine
 62
4
  6
CONTINUOUS
 10
102.1793320424
 20
142.6532410355
 11
95.9904616341
 21
142.6532410355
  0
LINE
  5
8A8
100
AcDbEntity
  8
ASSEM_MEM
100
AcDbLine
 62
4
  6
CONTINUOUS
 10
148.3793320424
 20
142.6532410355
 11
153.311587094
 21
142.6532410355
  0
LINE
  5
8A9
100
AcDbEntity
  8
ASSEM_MEM
100
AcDbLine
 62
4
  6
CONTINUOUS
 10
139.6643320424
 20
142.7232410355
 11
138.9643320424
 21
142.7232410355
  0
LINE
  5
8AA
100
AcDbEntity
  8
ASSEM_MEM
100
AcDbLine
 62
4
  6
CONTINUOUS
 10
138.8043320424
 20
142.7232410355
 11
138.1043320424
 21
142.7232410355
  0
LINE
  5
8AB
100
AcDbEntity
  8
ASSEM_MEM
100
AcDbLine
 62
4
  6
CONTINUOUS
 10
136.3643320424
 20
142.7232410355
 11
135.6643320424
 21
142.7232410355
  0
LINE
  5
8AC
100
AcDbEntity
  8
ASSEM_MEM
100
AcDbLine
 62
4
  6
CONTINUOUS
 10
135.5043320424
 20
142.7232410355
 11
134.8043320424
 21
142.7232410355
  0
LINE
  5
8AD
100
AcDbEntity
  8
ASSEM_MEM
100
AcDbLine
 62
4
  6
CONTINUOUS
 10
128.2043320424
 20
142.7232410355
 11
128.9043320424
 21
142.7232410355
  0
LINE
  5
8AE
100
AcDbEntity
  8
ASSEM_MEM
100
AcDbLine
 62
4
  6
CONTINUOUS
 10
129.0643320424
 20
142.7232410355
 11
129.7643320424
 21
142.7232410355
  0
LINE
  5
8AF
100
AcDbEntity
  8
ASSEM_MEM
100
AcDbLine
 62
4
  6
CONTINUOUS
 10
131.5043320424
 20
142.7232410355
 11
132.2043320424
 21
142.7232410355
  0
LINE
  5
8B0
100
AcDbEntity
  8
ASSEM_MEM
100
AcDbLine
 62
4
  6
CONTINUOUS
 10
132.3643320424
 20
142.7232410355
 11
133.0643320424
 21
142.7232410355
  0
LINE
  5
8B1
100
AcDbEntity
  8
ASSEM_MEM
100
AcDbLine
 62
4
  6
CONTINUOUS
 10
123.0093320424
 20
142.8832410355
 11
122.3093320424
 21
142.8832410355
  0
LINE
  5
8B2
100
AcDbEntity
  8
ASSEM_MEM
100
AcDbLine
 62
4
  6
CONTINUOUS
 10
122.1493320424
 20
142.8832410355
 11
121.4493320424
 21
142.8832410355
  0
LINE
  5
8B3
100
AcDbEntity
  8
ASSEM_MEM
100
AcDbLine
 62
4
  6
CONTINUOUS
 10
119.7093320424
 20
142.8832410355
 11
119.0093320424
 21
142.8832410355
  0
LINE
  5
8B4
100
AcDbEntity
  8
ASSEM_MEM
100
AcDbLine
 62
4
  6
CONTINUOUS
 10
118.8493320424
 20
142.8832410355
 11
118.1493320424
 21
142.8832410355
  0
LINE
  5
8B5
100
AcDbEntity
  8
ASSEM_MEM
100
AcDbLine
 62
4
  6
CONTINUOUS
 10
111.5493320424
 20
142.8832410355
 11
112.2493320424
 21
142.8832410355
  0
LINE
  5
8B6
100
AcDbEntity
  8
ASSEM_MEM
100
AcDbLine
 62
4
  6
CONTINUOUS
 10
112.4093320424
 20
142.8832410355
 11
113.1093320424
 21
142.8832410355
  0
LINE
  5
8B7
100
AcDbEntity
  8
ASSEM_MEM
100
AcDbLine
 62
4
  6
CONTINUOUS
 10
114.8493320424
 20
142.8832410355
 11
115.5493320424
 21
142.8832410355
  0
LINE
  5
8B8
100
AcDbEntity
  8
ASSEM_MEM
100
AcDbLine
 62
4
  6
CONTINUOUS
 10
115.7093320424
 20
142.8832410355
 11
116.4093320424
 21
142.8832410355
  0
LINE
  5
8B9
100
AcDbEntity
  8
ASSEM_MEM
100
AcDbLine
 62
4
  6
CONTINUOUS
 10
167.4793320424
 20
143.0532410355
 11
171.9793281044
 21
143.0532410355
  0
LINE
  5
8BA
100
AcDbEntity
  8
ASSEM_MEM
100
AcDbLine
 62
4
  6
CONTINUOUS
 10
116.4093320424
 20
143.0832410355
 11
115.7093320424
 21
143.0832410355
  0
LINE
  5
8BB
100
AcDbEntity
  8
ASSEM_MEM
100
AcDbLine
 62
4
  6
CONTINUOUS
 10
115.5493320424
 20
143.0832410355
 11
114.8493320424
 21
143.0832410355
  0
LINE
  5
8BC
100
AcDbEntity
  8
ASSEM_MEM
100
AcDbLine
 62
4
  6
CONTINUOUS
 10
113.1093320424
 20
143.0832410355
 11
112.4093320424
 21
143.0832410355
  0
LINE
  5
8BD
100
AcDbEntity
  8
ASSEM_MEM
100
AcDbLine
 62
4
  6
CONTINUOUS
 10
112.2493320424
 20
143.0832410355
 11
111.5493320424
 21
143.0832410355
  0
LINE
  5
8BE
100
AcDbEntity
  8
ASSEM_MEM
100
AcDbLine
 62
4
  6
CONTINUOUS
 10
118.1493320424
 20
143.0832410355
 11
118.8493320424
 21
143.0832410355
  0
LINE
  5
8BF
100
AcDbEntity
  8
ASSEM_MEM
100
AcDbLine
 62
4
  6
CONTINUOUS
 10
119.0093320424
 20
143.0832410355
 11
119.7093320424
 21
143.0832410355
  0
LINE
  5
8C0
100
AcDbEntity
  8
ASSEM_MEM
100
AcDbLine
 62
4
  6
CONTINUOUS
 10
121.4493320424
 20
143.0832410355
 11
122.1493320424
 21
143.0832410355
  0
LINE
  5
8C1
100
AcDbEntity
  8
ASSEM_MEM
100
AcDbLine
 62
4
  6
CONTINUOUS
 10
122.3093320424
 20
143.0832410355
 11
123.0093320424
 21
143.0832410355
  0
LINE
  5
8C2
100
AcDbEntity
  8
ASSEM_MEM
100
AcDbLine
 62
4
  6
CONTINUOUS
 10
133.0643320424
 20
143.1232410355
 11
132.3643320424
 21
143.1232410355
  0
LINE
  5
8C3
100
AcDbEntity
  8
ASSEM_MEM
100
AcDbLine
 62
4
  6
CONTINUOUS
 10
132.2043320424
 20
143.1232410355
 11
131.5043320424
 21
143.1232410355
  0
LINE
  5
8C4
100
AcDbEntity
  8
ASSEM_MEM
100
AcDbLine
 62
4
  6
CONTINUOUS
 10
129.7643320424
 20
143.1232410355
 11
129.0643320424
 21
143.1232410355
  0
LINE
  5
8C5
100
AcDbEntity
  8
ASSEM_MEM
100
AcDbLine
 62
4
  6
CONTINUOUS
 10
128.9043320424
 20
143.1232410355
 11
128.2043320424
 21
143.1232410355
  0
LINE
  5
8C6
100
AcDbEntity
  8
ASSEM_MEM
100
AcDbLine
 62
4
  6
CONTINUOUS
 10
134.8043320424
 20
143.1232410355
 11
135.5043320424
 21
143.1232410355
  0
LINE
  5
8C7
100
AcDbEntity
  8
ASSEM_MEM
100
AcDbLine
 62
4
  6
CONTINUOUS
 10
135.6643320424
 20
143.1232410355
 11
136.3643320424
 21
143.1232410355
  0
LINE
  5
8C8
100
AcDbEntity
  8
ASSEM_MEM
100
AcDbLine
 62
4
  6
CONTINUOUS
 10
138.1043320424
 20
143.1232410355
 11
138.8043320424
 21
143.1232410355
  0
LINE
  5
8C9
100
AcDbEntity
  8
ASSEM_MEM
100
AcDbLine
 62
4
  6
CONTINUOUS
 10
138.9643320424
 20
143.1232410355
 11
139.6643320424
 21
143.1232410355
  0
LINE
  5
8CA
100
AcDbEntity
  8
ASSEM_MEM
100
AcDbLine
 62
4
  6
CONTINUOUS
 10
139.6643320424
 20
143.3232410355
 11
138.9643320424
 21
143.3232410355
  0
LINE
  5
8CB
100
AcDbEntity
  8
ASSEM_MEM
100
AcDbLine
 62
4
  6
CONTINUOUS
 10
138.8043320424
 20
143.3232410355
 11
138.1043320424
 21
143.3232410355
  0
LINE
  5
8CC
100
AcDbEntity
  8
ASSEM_MEM
100
AcDbLine
 62
4
  6
CONTINUOUS
 10
136.3643320424
 20
143.3232410355
 11
135.6643320424
 21
143.3232410355
  0
LINE
  5
8CD
100
AcDbEntity
  8
ASSEM_MEM
100
AcDbLine
 62
4
  6
CONTINUOUS
 10
135.5043320424
 20
143.3232410355
 11
134.8043320424
 21
143.3232410355
  0
LINE
  5
8CE
100
AcDbEntity
  8
ASSEM_MEM
100
AcDbLine
 62
4
  6
CONTINUOUS
 10
128.2043320424
 20
143.3232410355
 11
128.9043320424
 21
143.3232410355
  0
LINE
  5
8CF
100
AcDbEntity
  8
ASSEM_MEM
100
AcDbLine
 62
4
  6
CONTINUOUS
 10
129.0643320424
 20
143.3232410355
 11
129.7643320424
 21
143.3232410355
  0
LINE
  5
8D0
100
AcDbEntity
  8
ASSEM_MEM
100
AcDbLine
 62
4
  6
CONTINUOUS
 10
131.5043320424
 20
143.3232410355
 11
132.2043320424
 21
143.3232410355
  0
LINE
  5
8D1
100
AcDbEntity
  8
ASSEM_MEM
100
AcDbLine
 62
4
  6
CONTINUOUS
 10
132.3643320424
 20
143.3232410355
 11
133.0643320424
 21
143.3232410355
  0
LINE
  5
8D2
100
AcDbEntity
  8
ASSEM_MEM
100
AcDbLine
 62
4
  6
CONTINUOUS
 10
123.0093320424
 20
143.4832410355
 11
122.3093320424
 21
143.4832410355
  0
LINE
  5
8D3
100
AcDbEntity
  8
ASSEM_MEM
100
AcDbLine
 62
4
  6
CONTINUOUS
 10
122.1493320424
 20
143.4832410355
 11
121.4493320424
 21
143.4832410355
  0
LINE
  5
8D4
100
AcDbEntity
  8
ASSEM_MEM
100
AcDbLine
 62
4
  6
CONTINUOUS
 10
119.7093320424
 20
143.4832410355
 11
119.0093320424
 21
143.4832410355
  0
LINE
  5
8D5
100
AcDbEntity
  8
ASSEM_MEM
100
AcDbLine
 62
4
  6
CONTINUOUS
 10
118.8493320424
 20
143.4832410355
 11
118.1493320424
 21
143.4832410355
  0
LINE
  5
8D6
100
AcDbEntity
  8
ASSEM_MEM
100
AcDbLine
 62
4
  6
CONTINUOUS
 10
111.5493320424
 20
143.4832410355
 11
112.2493320424
 21
143.4832410355
  0
LINE
  5
8D7
100
AcDbEntity
  8
ASSEM_MEM
100
AcDbLine
 62
4
  6
CONTINUOUS
 10
112.4093320424
 20
143.4832410355
 11
113.1093320424
 21
143.4832410355
  0
LINE
  5
8D8
100
AcDbEntity
  8
ASSEM_MEM
100
AcDbLine
 62
4
  6
CONTINUOUS
 10
114.8493320424
 20
143.4832410355
 11
115.5493320424
 21
143.4832410355
  0
LINE
  5
8D9
100
AcDbEntity
  8
ASSEM_MEM
100
AcDbLine
 62
4
  6
CONTINUOUS
 10
115.7093320424
 20
143.4832410355
 11
116.4093320424
 21
143.4832410355
  0
LINE
  5
8DA
100
AcDbEntity
  8
ASSEM_MEM
100
AcDbLine
 62
7
  6
CONTINUOUS
 10
68.5793320424
 20
143.6532410355
 11
73.5793320424
 21
143.6532410355
  0
LINE
  5
8DB
100
AcDbEntity
  8
ASSEM_MEM
100
AcDbLine
 62
4
  6
CONTINUOUS
 10
133.0643320424
 20
143.7232410355
 11
132.3643320424
 21
143.7232410355
  0
LINE
  5
8DC
100
AcDbEntity
  8
ASSEM_MEM
100
AcDbLine
 62
4
  6
CONTINUOUS
 10
132.2043320424
 20
143.7232410355
 11
131.5043320424
 21
143.7232410355
  0
LINE
  5
8DD
100
AcDbEntity
  8
ASSEM_MEM
100
AcDbLine
 62
4
  6
CONTINUOUS
 10
129.7643320424
 20
143.7232410355
 11
129.0643320424
 21
143.7232410355
  0
LINE
  5
8DE
100
AcDbEntity
  8
ASSEM_MEM
100
AcDbLine
 62
4
  6
CONTINUOUS
 10
128.9043320424
 20
143.7232410355
 11
128.2043320424
 21
143.7232410355
  0
LINE
  5
8DF
100
AcDbEntity
  8
ASSEM_MEM
100
AcDbLine
 62
4
  6
CONTINUOUS
 10
134.8043320424
 20
143.7232410355
 11
135.5043320424
 21
143.7232410355
  0
LINE
  5
8E0
100
AcDbEntity
  8
ASSEM_MEM
100
AcDbLine
 62
4
  6
CONTINUOUS
 10
135.6643320424
 20
143.7232410355
 11
136.3643320424
 21
143.7232410355
  0
LINE
  5
8E1
100
AcDbEntity
  8
ASSEM_MEM
100
AcDbLine
 62
4
  6
CONTINUOUS
 10
138.1043320424
 20
143.7232410355
 11
138.8043320424
 21
143.7232410355
  0
LINE
  5
8E2
100
AcDbEntity
  8
ASSEM_MEM
100
AcDbLine
 62
4
  6
CONTINUOUS
 10
138.9643320424
 20
143.7232410355
 11
139.6643320424
 21
143.7232410355
  0
LINE
  5
8E3
100
AcDbEntity
  8
ASSEM_MEM
100
AcDbLine
 62
7
  6
CONTINUOUS
 10
76.0793320424
 20
137.6830056229
 11
76.0878426804
 21
137.7330056229
  0
LINE
  5
8E4
100
AcDbEntity
  8
ASSEM_MEM
100
AcDbLine
 62
7
  6
CONTINUOUS
 10
76.4793320424
 20
137.6830056229
 11
76.4708214051
 21
137.6330056229
  0
LINE
  5
8E5
100
AcDbEntity
  8
ASSEM_MEM
100
AcDbLine
 62
7
  6
CONTINUOUS
 10
76.130395872
 20
137.7246722856
 11
76.1218852348
 21
137.6830056229
  0
LINE
  5
8E6
100
AcDbEntity
  8
ASSEM_MEM
100
AcDbLine
 62
7
  6
CONTINUOUS
 10
76.4282682187
 20
137.6413389602
 11
76.436778856
 21
137.6830056229
  0
LINE
  5
8E7
100
AcDbEntity
  8
ASSEM_MEM
100
AcDbLine
 62
2
  6
CONTINUOUS
 10
108.3697865994
 20
220.6532410355
 11
112.2793320424
 21
224.5627864785
  0
LINE
  5
8E8
100
AcDbEntity
  8
ASSEM_MEM
100
AcDbLine
 62
2
  6
CONTINUOUS
 10
111.3396350804
 20
220.6532410355
 11
112.2793320424
 21
221.5929379975
  0
LINE
  5
8E9
100
AcDbEntity
  8
ASSEM_MEM
100
AcDbLine
 62
7
  6
CONTINUOUS
 10
76.3601830966
 20
137.5413389483
 11
76.3176299102
 21
137.5330056229
  0
LINE
  5
8EA
100
AcDbEntity
  8
ASSEM_MEM
100
AcDbLine
 62
7
  6
CONTINUOUS
 10
76.1984809763
 20
137.8246722893
 11
76.2410341746
 21
137.8330056229
  0
LINE
  5
8EB
100
AcDbEntity
  8
ASSEM_MEM
100
AcDbLine
 62
7
  6
CONTINUOUS
 10
76.3091192729
 20
137.5746722975
 11
76.3601830966
 21
137.5830056229
  0
LINE
  5
8EC
100
AcDbEntity
  8
ASSEM_MEM
100
AcDbLine
 62
7
  6
CONTINUOUS
 10
76.2495448119
 20
137.7913389572
 11
76.1984809763
 21
137.7830056229
  0
LINE
  5
8ED
100
AcDbEntity
  8
ASSEM_MEM
100
AcDbLine
 62
4
  6
CONTINUOUS
 10
166.8793284986
 20
149.0532410355
 11
172.9793320424
 21
149.0532410355
  0
LINE
  5
8EE
100
AcDbEntity
  8
ASSEM_MEM
100
AcDbLine
 62
7
  6
CONTINUOUS
 10
164.7484809882
 20
140.1234764481
 11
164.7995448119
 21
140.1151431138
  0
LINE
  5
8EF
100
AcDbEntity
  8
ASSEM_MEM
100
AcDbLine
 62
7
  6
CONTINUOUS
 10
164.9101831085
 20
140.3234764481
 11
164.8591192729
 21
140.3318097735
  0
LINE
  5
8F0
100
AcDbEntity
  8
ASSEM_MEM
100
AcDbLine
 62
7
  6
CONTINUOUS
 10
164.7910341746
 20
140.0734764481
 11
164.7484809882
 21
140.0818097817
  0
LINE
  5
8F1
100
AcDbEntity
  8
ASSEM_MEM
100
AcDbLine
 62
4
  6
CONTINUOUS
 10
88.0793320424
 20
134.6532410355
 11
88.0793320424
 21
141.6532410355
  0
LINE
  5
8F2
100
AcDbEntity
  8
ASSEM_MEM
100
AcDbLine
 62
7
  6
CONTINUOUS
 10
77.9304649805
 20
139.5582410355
 11
77.9438624402
 21
139.6082410355
  0
LINE
  5
8F3
100
AcDbEntity
  8
ASSEM_MEM
100
AcDbLine
 62
7
  6
CONTINUOUS
 10
77.9304649805
 20
139.0582410355
 11
77.9438624402
 21
139.1082410355
  0
LINE
  5
8F4
100
AcDbEntity
  8
ASSEM_MEM
100
AcDbLine
 62
7
  6
CONTINUOUS
 10
77.9438624402
 20
138.6082410355
 11
77.9304649805
 21
138.5582410355
  0
LINE
  5
8F5
100
AcDbEntity
  8
ASSEM_MEM
100
AcDbLine
 62
7
  6
CONTINUOUS
 10
77.9438624402
 20
138.1082410355
 11
77.9304649805
 21
138.0582410355
  0
LINE
  5
8F6
100
AcDbEntity
  8
ASSEM_MEM
100
AcDbLine
 62
7
  6
CONTINUOUS
 10
113.9793320424
 20
221.7232410355
 11
113.9653980596
 21
221.7093070527
  0
LINE
  5
8F7
100
AcDbEntity
  8
ASSEM_MEM
100
AcDbLine
 62
7
  6
CONTINUOUS
 10
164.8676299102
 20
140.3734764481
 11
164.9101831085
 21
140.3651431227
  0
LINE
  5
8F8
100
AcDbEntity
  8
ASSEM_MEM
100
AcDbLine
 62
7
  6
CONTINUOUS
 10
164.6633745915
 20
137.6565743847
 11
164.8931618339
 21
137.5815743847
  0
LINE
  5
8F9
100
AcDbEntity
  8
ASSEM_MEM
100
AcDbLine
 62
7
  6
CONTINUOUS
 10
164.9272043831
 20
137.5732410355
 11
165.0293320424
 21
137.5399076863
  0
LINE
  5
8FA
100
AcDbEntity
  8
ASSEM_MEM
100
AcDbLine
 62
7
  6
CONTINUOUS
 10
165.0293320424
 20
137.4899077101
 11
164.6293320424
 21
137.6232410355
  0
LINE
  5
8FB
100
AcDbEntity
  8
ASSEM_MEM
100
AcDbLine
 62
4
  6
CONTINUOUS
 10
95.9904616341
 20
142.6532410355
 11
95.9904616341
 21
134.6532410355
  0
LINE
  5
8FC
100
AcDbEntity
  8
ASSEM_MEM
100
AcDbLine
 62
2
  6
CONTINUOUS
 10
124.2793320424
 20
224.6833925545
 11
125.4793320424
 21
225.8833925545
  0
LINE
  5
8FD
100
AcDbEntity
  8
ASSEM_MEM
100
AcDbLine
 62
7
  6
CONTINUOUS
 10
122.7493320424
 20
221.8532410355
 11
122.7043320424
 21
221.8082410355
  0
LINE
  5
8FE
100
AcDbEntity
  8
ASSEM_MEM
100
AcDbLine
 62
7
  6
CONTINUOUS
 10
122.6193320424
 20
221.7232410355
 11
122.6053980596
 21
221.7093070527
  0
LINE
  5
8FF
100
AcDbEntity
  8
ASSEM_MEM
100
AcDbLine
 62
2
  6
CONTINUOUS
 10
124.2793320424
 20
221.7135440735
 11
125.6517244167
 21
223.0859364478
  0
LINE
  5
900
100
AcDbEntity
  8
ASSEM_MEM
100
AcDbLine
 62
2
  6
CONTINUOUS
 10
126.1888774853
 20
220.6532410355
 11
127.0656099998
 21
221.52997355
  0
LINE
  5
901
100
AcDbEntity
  8
ASSEM_MEM
100
AcDbLine
 62
2
  6
CONTINUOUS
 10
131.0793320424
 20
225.5436955926
 11
133.1888774853
 21
227.6532410355
  0
LINE
  5
902
100
AcDbEntity
  8
ASSEM_MEM
100
AcDbLine
 62
7
  6
CONTINUOUS
 10
98.2693320424
 20
159.0232410355
 11
98.5693320424
 21
159.0232410355
  0
LINE
  5
903
100
AcDbEntity
  8
ASSEM_MEM
100
AcDbLine
 62
7
  6
CONTINUOUS
 10
164.7484809882
 20
140.0818097817
 11
164.7229490525
 21
140.0901431153
  0
LINE
  5
904
100
AcDbEntity
  8
ASSEM_MEM
100
AcDbLine
 62
7
  6
CONTINUOUS
 10
164.9101831085
 20
140.3651431227
 11
164.9357150204
 21
140.3568097735
  0
LINE
  5
905
100
AcDbEntity
  8
ASSEM_MEM
100
AcDbLine
 62
4
  6
CONTINUOUS
 10
101.7793320424
 20
135.6532410355
 11
101.7793320424
 21
137.5532410355
  0
LINE
  5
906
100
AcDbEntity
  8
ASSEM_MEM
100
AcDbLine
 62
2
  6
CONTINUOUS
 10
129.1587259663
 20
220.6532410355
 11
132.0793320424
 21
223.5738471116
  0
LINE
  5
907
100
AcDbEntity
  8
ASSEM_MEM
100
AcDbLine
 62
2
  6
CONTINUOUS
 10
132.8793320424
 20
224.3738471116
 11
133.4793320424
 21
224.9738471116
  0
LINE
  5
908
100
AcDbEntity
  8
ASSEM_MEM
100
AcDbLine
 62
2
  6
CONTINUOUS
 10
132.1285744473
 20
220.6532410355
 11
133.4793320424
 21
222.0039986306
  0
LINE
  5
909
100
AcDbEntity
  8
ASSEM_MEM
100
AcDbLine
 62
7
  6
CONTINUOUS
 10
98.5693320424
 20
162.7232410355
 11
98.2693320424
 21
162.7232410355
  0
LINE
  5
90A
100
AcDbEntity
  8
ASSEM_MEM
100
AcDbLine
 62
4
  6
CONTINUOUS
 10
102.1793320424
 20
142.6532410355
 11
102.1793320424
 21
139.0499039902
  0
LINE
  5
90B
100
AcDbEntity
  8
ASSEM_MEM
100
AcDbLine
 62
4
  6
CONTINUOUS
 10
105.0793320424
 20
220.6532410355
 11
105.0793320424
 21
227.6532410355
  0
LINE
  5
90C
100
AcDbEntity
  8
ASSEM_MEM
100
AcDbLine
 62
7
  6
CONTINUOUS
 10
122.7937125934
 20
222.9032410355
 11
122.9437125934
 21
223.2032410355
  0
LINE
  5
90D
100
AcDbEntity
  8
ASSEM_MEM
100
AcDbLine
 62
7
  6
CONTINUOUS
 10
76.0878426804
 20
137.7330056229
 11
76.1133745945
 21
137.7746722916
  0
LINE
  5
90E
100
AcDbEntity
  8
ASSEM_MEM
100
AcDbLine
 62
7
  6
CONTINUOUS
 10
76.4708214051
 20
137.6330056229
 11
76.4452894933
 21
137.5913389483
  0
LINE
  5
90F
100
AcDbEntity
  8
ASSEM_MEM
100
AcDbLine
 62
7
  6
CONTINUOUS
 10
110.3243570424
 20
197.1782660355
 11
111.9143070424
 21
198.7682160355
  0
LINE
  5
910
100
AcDbEntity
  8
ASSEM_MEM
100
AcDbLine
 62
7
  6
CONTINUOUS
 10
111.3693320424
 20
197.2232480355
 11
111.8693320424
 21
197.7232480355
  0
LINE
  5
911
100
AcDbEntity
  8
ASSEM_MEM
100
AcDbLine
 62
7
  6
CONTINUOUS
 10
144.632885433
 20
227.5067944261
 11
144.4257786518
 21
227.2996876449
  0
LINE
  5
912
100
AcDbEntity
  8
ASSEM_MEM
100
AcDbLine
 62
7
  6
CONTINUOUS
 10
144.9193320424
 20
164.1732410355
 11
109.9193320424
 21
164.1732410355
  0
LINE
  5
913
100
AcDbEntity
  8
ASSEM_MEM
100
AcDbLine
 62
7
  6
CONTINUOUS
 10
110.8193316938
 20
164.3732410355
 11
144.019332391
 21
164.3732410355
  0
LINE
  5
914
100
AcDbEntity
  8
ASSEM_MEM
100
AcDbLine
 62
7
  6
CONTINUOUS
 10
123.4326216989
 20
167.8732410956
 11
131.4060423858
 21
167.8732410956
  0
LINE
  5
915
100
AcDbEntity
  8
ASSEM_MEM
100
AcDbLine
 62
7
  6
CONTINUOUS
 10
164.7229490525
 20
140.0901431153
 11
164.6889065034
 21
140.1068097824
  0
LINE
  5
916
100
AcDbEntity
  8
ASSEM_MEM
100
AcDbLine
 62
7
  6
CONTINUOUS
 10
164.9357150204
 20
140.3568097735
 11
164.9697575754
 21
140.3401431227
  0
LINE
  5
917
100
AcDbEntity
  8
ASSEM_MEM
100
AcDbLine
 62
7
  6
CONTINUOUS
 10
107.7793320424
 20
135.6532410355
 11
107.7793320424
 21
137.5532410355
  0
LINE
  5
918
100
AcDbEntity
  8
ASSEM_MEM
100
AcDbLine
 62
7
  6
CONTINUOUS
 10
109.9193320424
 20
164.1732410355
 11
109.9193320424
 21
199.1732410355
  0
LINE
  5
919
100
AcDbEntity
  8
ASSEM_MEM
100
AcDbLine
 62
7
  6
CONTINUOUS
 10
110.1193320424
 20
196.6832920355
 11
110.1193320424
 21
165.0732410355
  0
LINE
  5
91A
100
AcDbEntity
  8
ASSEM_MEM
100
AcDbLine
 62
7
  6
CONTINUOUS
 10
111.3693320424
 20
197.7232480355
 11
111.3693320424
 21
197.2232480355
  0
LINE
  5
91B
100
AcDbEntity
  8
ASSEM_MEM
100
AcDbLine
 62
7
  6
CONTINUOUS
 10
76.1474171466
 20
137.7496722916
 11
76.130395872
 21
137.7246722856
  0
LINE
  5
91C
100
AcDbEntity
  8
ASSEM_MEM
100
AcDbLine
 62
7
  6
CONTINUOUS
 10
76.4112469441
 20
137.6163389483
 11
76.4282682187
 21
137.6413389602
  0
LINE
  5
91D
100
AcDbEntity
  8
ASSEM_MEM
100
AcDbLine
 62
7
  6
CONTINUOUS
 10
131.4060423858
 20
168.6232410355
 11
127.1256647824
 21
168.6232410355
  0
LINE
  5
91E
100
AcDbEntity
  8
ASSEM_MEM
100
AcDbLine
 62
7
  6
CONTINUOUS
 10
125.9477793024
 20
168.6232410355
 11
123.4326218134
 21
168.6232410355
  0
LINE
  5
91F
100
AcDbEntity
  8
ASSEM_MEM
100
AcDbLine
 62
7
  6
CONTINUOUS
 10
164.6974171407
 20
140.1568097794
 11
164.7484809882
 21
140.1234764481
  0
LINE
  5
920
100
AcDbEntity
  8
ASSEM_MEM
100
AcDbLine
 62
7
  6
CONTINUOUS
 10
164.9612469382
 20
140.2901431227
 11
164.9101831085
 21
140.3234764481
  0
LINE
  5
921
100
AcDbEntity
  8
ASSEM_MEM
100
AcDbLine
 62
7
  6
CONTINUOUS
 10
164.7910341746
 20
139.1615743847
 11
164.6293320424
 21
139.2699076863
  0
LINE
  5
922
100
AcDbEntity
  8
ASSEM_MEM
100
AcDbLine
 62
7
  6
CONTINUOUS
 10
164.6293320424
 20
139.3199076863
 11
164.8250767237
 21
139.1865743847
  0
LINE
  5
923
100
AcDbEntity
  8
ASSEM_MEM
100
AcDbLine
 62
4
  6
CONTINUOUS
 10
111.5493320424
 20
137.0832410355
 11
111.5493320424
 21
137.4832410355
  0
LINE
  5
924
100
AcDbEntity
  8
ASSEM_MEM
100
AcDbLine
 62
4
  6
CONTINUOUS
 10
111.5493320424
 20
137.6832410355
 11
111.5493320424
 21
138.0832410355
  0
LINE
  5
925
100
AcDbEntity
  8
ASSEM_MEM
100
AcDbLine
 62
4
  6
CONTINUOUS
 10
111.5493320424
 20
138.2832410355
 11
111.5493320424
 21
138.6832410355
  0
LINE
  5
926
100
AcDbEntity
  8
ASSEM_MEM
100
AcDbLine
 62
4
  6
CONTINUOUS
 10
111.5493320424
 20
138.8832410355
 11
111.5493320424
 21
139.2832410355
  0
LINE
  5
927
100
AcDbEntity
  8
ASSEM_MEM
100
AcDbLine
 62
4
  6
CONTINUOUS
 10
111.5493320424
 20
139.4832410355
 11
111.5493320424
 21
139.8832410355
  0
LINE
  5
928
100
AcDbEntity
  8
ASSEM_MEM
100
AcDbLine
 62
4
  6
CONTINUOUS
 10
111.5493320424
 20
140.0832410355
 11
111.5493320424
 21
140.4832410355
  0
LINE
  5
929
100
AcDbEntity
  8
ASSEM_MEM
100
AcDbLine
 62
4
  6
CONTINUOUS
 10
111.5493320424
 20
140.6832410355
 11
111.5493320424
 21
141.0832410355
  0
LINE
  5
92A
100
AcDbEntity
  8
ASSEM_MEM
100
AcDbLine
 62
4
  6
CONTINUOUS
 10
111.5493320424
 20
141.2832410355
 11
111.5493320424
 21
141.6832410355
  0
LINE
  5
92B
100
AcDbEntity
  8
ASSEM_MEM
100
AcDbLine
 62
4
  6
CONTINUOUS
 10
111.5493320424
 20
141.8832410355
 11
111.5493320424
 21
142.2832410355
  0
LINE
  5
92C
100
AcDbEntity
  8
ASSEM_MEM
100
AcDbLine
 62
4
  6
CONTINUOUS
 10
111.5493320424
 20
142.4832410355
 11
111.5493320424
 21
142.8832410355
  0
LINE
  5
92D
100
AcDbEntity
  8
ASSEM_MEM
100
AcDbLine
 62
4
  6
CONTINUOUS
 10
111.5493320424
 20
143.0832410355
 11
111.5493320424
 21
143.4832410355
  0
LINE
  5
92E
100
AcDbEntity
  8
ASSEM_MEM
100
AcDbLine
 62
4
  6
CONTINUOUS
 10
112.2493320424
 20
143.4832410355
 11
112.2493320424
 21
143.0832410355
  0
LINE
  5
92F
100
AcDbEntity
  8
ASSEM_MEM
100
AcDbLine
 62
4
  6
CONTINUOUS
 10
112.2493320424
 20
142.8832410355
 11
112.2493320424
 21
142.4832410355
  0
LINE
  5
930
100
AcDbEntity
  8
ASSEM_MEM
100
AcDbLine
 62
4
  6
CONTINUOUS
 10
112.2493320424
 20
142.2832410355
 11
112.2493320424
 21
141.8832410355
  0
LINE
  5
931
100
AcDbEntity
  8
ASSEM_MEM
100
AcDbLine
 62
4
  6
CONTINUOUS
 10
112.2493320424
 20
141.6832410355
 11
112.2493320424
 21
141.2832410355
  0
LINE
  5
932
100
AcDbEntity
  8
ASSEM_MEM
100
AcDbLine
 62
4
  6
CONTINUOUS
 10
112.2493320424
 20
141.0832410355
 11
112.2493320424
 21
140.6832410355
  0
LINE
  5
933
100
AcDbEntity
  8
ASSEM_MEM
100
AcDbLine
 62
4
  6
CONTINUOUS
 10
112.2493320424
 20
140.4832410355
 11
112.2493320424
 21
140.0832410355
  0
LINE
  5
934
100
AcDbEntity
  8
ASSEM_MEM
100
AcDbLine
 62
4
  6
CONTINUOUS
 10
112.2493320424
 20
139.8832410355
 11
112.2493320424
 21
139.4832410355
  0
LINE
  5
935
100
AcDbEntity
  8
ASSEM_MEM
100
AcDbLine
 62
4
  6
CONTINUOUS
 10
112.2493320424
 20
139.2832410355
 11
112.2493320424
 21
138.8832410355
  0
LINE
  5
936
100
AcDbEntity
  8
ASSEM_MEM
100
AcDbLine
 62
4
  6
CONTINUOUS
 10
112.2493320424
 20
138.6832410355
 11
112.2493320424
 21
138.2832410355
  0
LINE
  5
937
100
AcDbEntity
  8
ASSEM_MEM
100
AcDbLine
 62
4
  6
CONTINUOUS
 10
112.2493320424
 20
138.0832410355
 11
112.2493320424
 21
137.6832410355
  0
LINE
  5
938
100
AcDbEntity
  8
ASSEM_MEM
100
AcDbLine
 62
4
  6
CONTINUOUS
 10
112.2493320424
 20
137.4832410355
 11
112.2493320424
 21
137.0832410355
  0
LINE
  5
939
100
AcDbEntity
  8
ASSEM_MEM
100
AcDbLine
 62
4
  6
CONTINUOUS
 10
112.2793320424
 20
227.6532410355
 11
112.2793320424
 21
220.6532410355
  0
LINE
  5
93A
100
AcDbEntity
  8
ASSEM_MEM
100
AcDbLine
 62
4
  6
CONTINUOUS
 10
112.4093320424
 20
137.0832410355
 11
112.4093320424
 21
137.4832410355
  0
LINE
  5
93B
100
AcDbEntity
  8
ASSEM_MEM
100
AcDbLine
 62
4
  6
CONTINUOUS
 10
112.4093320424
 20
137.6832410355
 11
112.4093320424
 21
138.0832410355
  0
LINE
  5
93C
100
AcDbEntity
  8
ASSEM_MEM
100
AcDbLine
 62
4
  6
CONTINUOUS
 10
112.4093320424
 20
138.2832410355
 11
112.4093320424
 21
138.6832410355
  0
LINE
  5
93D
100
AcDbEntity
  8
ASSEM_MEM
100
AcDbLine
 62
4
  6
CONTINUOUS
 10
112.4093320424
 20
138.8832410355
 11
112.4093320424
 21
139.2832410355
  0
LINE
  5
93E
100
AcDbEntity
  8
ASSEM_MEM
100
AcDbLine
 62
4
  6
CONTINUOUS
 10
112.4093320424
 20
139.4832410355
 11
112.4093320424
 21
139.8832410355
  0
LINE
  5
93F
100
AcDbEntity
  8
ASSEM_MEM
100
AcDbLine
 62
4
  6
CONTINUOUS
 10
112.4093320424
 20
140.0832410355
 11
112.4093320424
 21
140.4832410355
  0
LINE
  5
940
100
AcDbEntity
  8
ASSEM_MEM
100
AcDbLine
 62
4
  6
CONTINUOUS
 10
112.4093320424
 20
140.6832410355
 11
112.4093320424
 21
141.0832410355
  0
LINE
  5
941
100
AcDbEntity
  8
ASSEM_MEM
100
AcDbLine
 62
4
  6
CONTINUOUS
 10
112.4093320424
 20
141.2832410355
 11
112.4093320424
 21
141.6832410355
  0
LINE
  5
942
100
AcDbEntity
  8
ASSEM_MEM
100
AcDbLine
 62
4
  6
CONTINUOUS
 10
112.4093320424
 20
141.8832410355
 11
112.4093320424
 21
142.2832410355
  0
LINE
  5
943
100
AcDbEntity
  8
ASSEM_MEM
100
AcDbLine
 62
4
  6
CONTINUOUS
 10
112.4093320424
 20
142.4832410355
 11
112.4093320424
 21
142.8832410355
  0
LINE
  5
944
100
AcDbEntity
  8
ASSEM_MEM
100
AcDbLine
 62
4
  6
CONTINUOUS
 10
112.4093320424
 20
143.0832410355
 11
112.4093320424
 21
143.4832410355
  0
LINE
  5
945
100
AcDbEntity
  8
ASSEM_MEM
100
AcDbLine
 62
7
  6
CONTINUOUS
 10
112.7793320424
 20
228.6532410355
 11
112.7793320424
 21
227.9532410355
  0
LINE
  5
946
100
AcDbEntity
  8
ASSEM_MEM
100
AcDbLine
 62
4
  6
CONTINUOUS
 10
113.1093320424
 20
143.4832410355
 11
113.1093320424
 21
143.0832410355
  0
LINE
  5
947
100
AcDbEntity
  8
ASSEM_MEM
100
AcDbLine
 62
4
  6
CONTINUOUS
 10
113.1093320424
 20
142.8832410355
 11
113.1093320424
 21
142.4832410355
  0
LINE
  5
948
100
AcDbEntity
  8
ASSEM_MEM
100
AcDbLine
 62
4
  6
CONTINUOUS
 10
113.1093320424
 20
142.2832410355
 11
113.1093320424
 21
141.8832410355
  0
LINE
  5
949
100
AcDbEntity
  8
ASSEM_MEM
100
AcDbLine
 62
4
  6
CONTINUOUS
 10
113.1093320424
 20
141.6832410355
 11
113.1093320424
 21
141.2832410355
  0
LINE
  5
94A
100
AcDbEntity
  8
ASSEM_MEM
100
AcDbLine
 62
4
  6
CONTINUOUS
 10
113.1093320424
 20
141.0832410355
 11
113.1093320424
 21
140.6832410355
  0
LINE
  5
94B
100
AcDbEntity
  8
ASSEM_MEM
100
AcDbLine
 62
4
  6
CONTINUOUS
 10
113.1093320424
 20
140.4832410355
 11
113.1093320424
 21
140.0832410355
  0
LINE
  5
94C
100
AcDbEntity
  8
ASSEM_MEM
100
AcDbLine
 62
4
  6
CONTINUOUS
 10
113.1093320424
 20
139.8832410355
 11
113.1093320424
 21
139.4832410355
  0
LINE
  5
94D
100
AcDbEntity
  8
ASSEM_MEM
100
AcDbLine
 62
4
  6
CONTINUOUS
 10
113.1093320424
 20
139.2832410355
 11
113.1093320424
 21
138.8832410355
  0
LINE
  5
94E
100
AcDbEntity
  8
ASSEM_MEM
100
AcDbLine
 62
4
  6
CONTINUOUS
 10
113.1093320424
 20
138.6832410355
 11
113.1093320424
 21
138.2832410355
  0
LINE
  5
94F
100
AcDbEntity
  8
ASSEM_MEM
100
AcDbLine
 62
4
  6
CONTINUOUS
 10
113.1093320424
 20
138.0832410355
 11
113.1093320424
 21
137.6832410355
  0
LINE
  5
950
100
AcDbEntity
  8
ASSEM_MEM
100
AcDbLine
 62
4
  6
CONTINUOUS
 10
113.1093320424
 20
137.4832410355
 11
113.1093320424
 21
137.0832410355
  0
LINE
  5
951
100
AcDbEntity
  8
ASSEM_MEM
100
AcDbLine
 62
7
  6
CONTINUOUS
 10
113.4649514914
 20
221.8388604845
 11
113.4649514914
 21
223.2032410355
  0
LINE
  5
952
100
AcDbEntity
  8
ASSEM_MEM
100
AcDbLine
 62
7
  6
CONTINUOUS
 10
113.6093320424
 20
227.9532410355
 11
113.6093320424
 21
226.6532410355
  0
LINE
  5
953
100
AcDbEntity
  8
ASSEM_MEM
100
AcDbLine
 62
7
  6
CONTINUOUS
 10
113.6193321031
 20
185.6599380355
 11
113.6193321031
 21
177.6865310355
  0
LINE
  5
954
100
AcDbEntity
  8
ASSEM_MEM
100
AcDbLine
 62
7
  6
CONTINUOUS
 10
113.7649514914
 20
222.9032410355
 11
113.7649514914
 21
221.8388604845
  0
LINE
  5
955
100
AcDbEntity
  8
ASSEM_MEM
100
AcDbLine
 62
7
  6
CONTINUOUS
 10
113.8093320424
 20
229.6032410355
 11
113.8093320424
 21
222.6032410355
  0
LINE
  5
956
100
AcDbEntity
  8
ASSEM_MEM
100
AcDbLine
 62
7
  6
CONTINUOUS
 10
113.8093320424
 20
221.734944996
 11
113.8093320424
 21
222.5764461163
  0
LINE
  5
957
100
AcDbEntity
  8
ASSEM_MEM
100
AcDbLine
 62
7
  6
CONTINUOUS
 10
113.8543320424
 20
222.3232410355
 11
113.8543320424
 21
221.7232410355
  0
LINE
  5
958
100
AcDbEntity
  8
ASSEM_MEM
100
AcDbLine
 62
7
  6
CONTINUOUS
 10
113.918724879
 20
221.3888604845
 11
113.918724879
 21
221.6888604845
  0
LINE
  5
959
100
AcDbEntity
  8
ASSEM_MEM
100
AcDbLine
 62
9
  6
CONTINUOUS
 10
113.9281139328
 20
221.6888604845
 11
113.9281139328
 21
221.3888604845
  0
LINE
  5
95A
100
AcDbEntity
  8
ASSEM_MEM
100
AcDbLine
 62
7
  6
CONTINUOUS
 10
114.1093320424
 20
221.7232410355
 11
114.1093320424
 21
221.6888604845
  0
LINE
  5
95B
100
AcDbEntity
  8
ASSEM_MEM
100
AcDbLine
 62
7
  6
CONTINUOUS
 10
114.1093320424
 20
222.3232410355
 11
114.1093320424
 21
222.3532410355
  0
LINE
  5
95C
100
AcDbEntity
  8
ASSEM_MEM
100
AcDbLine
 62
7
  6
CONTINUOUS
 10
114.1343320424
 20
222.3532410355
 11
114.1343320424
 21
222.3232410355
  0
LINE
  5
95D
100
AcDbEntity
  8
ASSEM_MEM
100
AcDbLine
 62
7
  6
CONTINUOUS
 10
114.2593320424
 20
221.6888604845
 11
114.2593320424
 21
221.7232410355
  0
LINE
  5
95E
100
AcDbEntity
  8
ASSEM_MEM
100
AcDbLine
 62
7
  6
CONTINUOUS
 10
114.3693320424
 20
185.6599379833
 11
114.3693320424
 21
181.3670261415
  0
LINE
  5
95F
100
AcDbEntity
  8
ASSEM_MEM
100
AcDbLine
 62
7
  6
CONTINUOUS
 10
114.3693320424
 20
180.2016882955
 11
114.3693320424
 21
177.6865358315
  0
LINE
  5
960
100
AcDbEntity
  8
ASSEM_MEM
100
AcDbLine
 62
4
  6
CONTINUOUS
 10
114.8493320424
 20
137.0832410355
 11
114.8493320424
 21
137.4832410355
  0
LINE
  5
961
100
AcDbEntity
  8
ASSEM_MEM
100
AcDbLine
 62
4
  6
CONTINUOUS
 10
114.8493320424
 20
137.6832410355
 11
114.8493320424
 21
138.0832410355
  0
LINE
  5
962
100
AcDbEntity
  8
ASSEM_MEM
100
AcDbLine
 62
4
  6
CONTINUOUS
 10
114.8493320424
 20
138.2832410355
 11
114.8493320424
 21
138.6832410355
  0
LINE
  5
963
100
AcDbEntity
  8
ASSEM_MEM
100
AcDbLine
 62
4
  6
CONTINUOUS
 10
114.8493320424
 20
138.8832410355
 11
114.8493320424
 21
139.2832410355
  0
LINE
  5
964
100
AcDbEntity
  8
ASSEM_MEM
100
AcDbLine
 62
4
  6
CONTINUOUS
 10
114.8493320424
 20
139.4832410355
 11
114.8493320424
 21
139.8832410355
  0
LINE
  5
965
100
AcDbEntity
  8
ASSEM_MEM
100
AcDbLine
 62
4
  6
CONTINUOUS
 10
114.8493320424
 20
140.0832410355
 11
114.8493320424
 21
140.4832410355
  0
LINE
  5
966
100
AcDbEntity
  8
ASSEM_MEM
100
AcDbLine
 62
4
  6
CONTINUOUS
 10
114.8493320424
 20
140.6832410355
 11
114.8493320424
 21
141.0832410355
  0
LINE
  5
967
100
AcDbEntity
  8
ASSEM_MEM
100
AcDbLine
 62
4
  6
CONTINUOUS
 10
114.8493320424
 20
141.2832410355
 11
114.8493320424
 21
141.6832410355
  0
LINE
  5
968
100
AcDbEntity
  8
ASSEM_MEM
100
AcDbLine
 62
4
  6
CONTINUOUS
 10
114.8493320424
 20
141.8832410355
 11
114.8493320424
 21
142.2832410355
  0
LINE
  5
969
100
AcDbEntity
  8
ASSEM_MEM
100
AcDbLine
 62
4
  6
CONTINUOUS
 10
114.8493320424
 20
142.4832410355
 11
114.8493320424
 21
142.8832410355
  0
LINE
  5
96A
100
AcDbEntity
  8
ASSEM_MEM
100
AcDbLine
 62
4
  6
CONTINUOUS
 10
114.8493320424
 20
143.0832410355
 11
114.8493320424
 21
143.4832410355
  0
LINE
  5
96B
100
AcDbEntity
  8
ASSEM_MEM
100
AcDbLine
 62
9
  6
CONTINUOUS
 10
114.9496582339
 20
221.3888604845
 11
114.9496582339
 21
221.6888604845
  0
LINE
  5
96C
100
AcDbEntity
  8
ASSEM_MEM
100
AcDbLine
 62
9
  6
CONTINUOUS
 10
115.0543320424
 20
221.7232410355
 11
115.0543320424
 21
222.3232410355
  0
LINE
  5
96D
100
AcDbEntity
  8
ASSEM_MEM
100
AcDbLine
 62
9
  6
CONTINUOUS
 10
115.0965359009
 20
221.3888604845
 11
115.0965359009
 21
221.6888604845
  0
LINE
  5
96E
100
AcDbEntity
  8
ASSEM_MEM
100
AcDbLine
 62
9
  6
CONTINUOUS
 10
115.1877629403
 20
221.6888604845
 11
115.1877629403
 21
221.3888604845
  0
LINE
  5
96F
100
AcDbEntity
  8
ASSEM_MEM
100
AcDbLine
 62
7
  6
CONTINUOUS
 10
115.2843320424
 20
221.7232410355
 11
115.2843320424
 21
222.3532410355
  0
LINE
  5
970
100
AcDbEntity
  8
ASSEM_MEM
100
AcDbLine
 62
7
  6
CONTINUOUS
 10
115.2893320424
 20
221.7232410355
 11
115.2893320424
 21
221.6888604845
  0
LINE
  5
971
100
AcDbEntity
  8
ASSEM_MEM
100
AcDbLine
 62
9
  6
CONTINUOUS
 10
115.3217226988
 20
221.3888604845
 11
115.3217226988
 21
221.6888604845
  0
LINE
  5
972
100
AcDbEntity
  8
ASSEM_MEM
100
AcDbLine
 62
9
  6
CONTINUOUS
 10
115.3593320424
 20
222.3532410355
 11
115.3593320424
 21
229.6032410355
  0
LINE
  5
973
100
AcDbEntity
  8
ASSEM_MEM
100
AcDbLine
 62
7
  6
CONTINUOUS
 10
115.5193320424
 20
221.7232410355
 11
115.5193320424
 21
221.6888604845
  0
LINE
  5
974
100
AcDbEntity
  8
ASSEM_MEM
100
AcDbLine
 62
9
  6
CONTINUOUS
 10
115.5293320424
 20
221.6888604845
 11
115.5293320424
 21
221.3888604845
  0
LINE
  5
975
100
AcDbEntity
  8
ASSEM_MEM
100
AcDbLine
 62
4
  6
CONTINUOUS
 10
115.5493320424
 20
143.4832410355
 11
115.5493320424
 21
143.0832410355
  0
LINE
  5
976
100
AcDbEntity
  8
ASSEM_MEM
100
AcDbLine
 62
4
  6
CONTINUOUS
 10
115.5493320424
 20
142.8832410355
 11
115.5493320424
 21
142.4832410355
  0
LINE
  5
977
100
AcDbEntity
  8
ASSEM_MEM
100
AcDbLine
 62
4
  6
CONTINUOUS
 10
115.5493320424
 20
142.2832410355
 11
115.5493320424
 21
141.8832410355
  0
LINE
  5
978
100
AcDbEntity
  8
ASSEM_MEM
100
AcDbLine
 62
4
  6
CONTINUOUS
 10
115.5493320424
 20
141.6832410355
 11
115.5493320424
 21
141.2832410355
  0
LINE
  5
979
100
AcDbEntity
  8
ASSEM_MEM
100
AcDbLine
 62
4
  6
CONTINUOUS
 10
115.5493320424
 20
141.0832410355
 11
115.5493320424
 21
140.6832410355
  0
LINE
  5
97A
100
AcDbEntity
  8
ASSEM_MEM
100
AcDbLine
 62
4
  6
CONTINUOUS
 10
115.5493320424
 20
140.4832410355
 11
115.5493320424
 21
140.0832410355
  0
LINE
  5
97B
100
AcDbEntity
  8
ASSEM_MEM
100
AcDbLine
 62
4
  6
CONTINUOUS
 10
115.5493320424
 20
139.8832410355
 11
115.5493320424
 21
139.4832410355
  0
LINE
  5
97C
100
AcDbEntity
  8
ASSEM_MEM
100
AcDbLine
 62
4
  6
CONTINUOUS
 10
115.5493320424
 20
139.2832410355
 11
115.5493320424
 21
138.8832410355
  0
LINE
  5
97D
100
AcDbEntity
  8
ASSEM_MEM
100
AcDbLine
 62
4
  6
CONTINUOUS
 10
115.5493320424
 20
138.6832410355
 11
115.5493320424
 21
138.2832410355
  0
LINE
  5
97E
100
AcDbEntity
  8
ASSEM_MEM
100
AcDbLine
 62
4
  6
CONTINUOUS
 10
115.5493320424
 20
138.0832410355
 11
115.5493320424
 21
137.6832410355
  0
LINE
  5
97F
100
AcDbEntity
  8
ASSEM_MEM
100
AcDbLine
 62
4
  6
CONTINUOUS
 10
115.5493320424
 20
137.4832410355
 11
115.5493320424
 21
137.0832410355
  0
LINE
  5
980
100
AcDbEntity
  8
ASSEM_MEM
100
AcDbLine
 62
7
  6
CONTINUOUS
 10
115.6793320424
 20
221.3888604845
 11
115.6793320424
 21
222.2032410355
  0
LINE
  5
981
100
AcDbEntity
  8
ASSEM_MEM
100
AcDbLine
 62
4
  6
CONTINUOUS
 10
115.7093320424
 20
137.0832410355
 11
115.7093320424
 21
137.4832410355
  0
LINE
  5
982
100
AcDbEntity
  8
ASSEM_MEM
100
AcDbLine
 62
4
  6
CONTINUOUS
 10
115.7093320424
 20
137.6832410355
 11
115.7093320424
 21
138.0832410355
  0
LINE
  5
983
100
AcDbEntity
  8
ASSEM_MEM
100
AcDbLine
 62
4
  6
CONTINUOUS
 10
115.7093320424
 20
142.4832410355
 11
115.7093320424
 21
142.8832410355
  0
LINE
  5
984
100
AcDbEntity
  8
ASSEM_MEM
100
AcDbLine
 62
4
  6
CONTINUOUS
 10
115.7093320424
 20
143.0832410355
 11
115.7093320424
 21
143.4832410355
  0
LINE
  5
985
100
AcDbEntity
  8
ASSEM_MEM
100
AcDbLine
 62
7
  6
CONTINUOUS
 10
115.7634655037
 20
227.9677769135
 11
115.8153562385
 21
228.5608897371
  0
LINE
  5
986
100
AcDbEntity
  8
ASSEM_MEM
100
AcDbLine
 62
7
  6
CONTINUOUS
 10
116.0729533048
 20
228.5608897371
 11
116.0196760832
 21
227.9519291028
  0
LINE
  5
987
100
AcDbEntity
  8
ASSEM_MEM
100
AcDbLine
 62
7
  6
CONTINUOUS
 10
122.7255289995
 20
195.1803480785
 11
113.9122249994
 21
186.3670440784
  0
LINE
  5
988
100
AcDbEntity
  8
ASSEM_MEM
100
AcDbLine
 62
7
  6
CONTINUOUS
 10
114.4425551816
 20
185.8367141747
 11
123.2567580247
 21
194.650913601
  0
LINE
  5
989
100
AcDbEntity
  8
ASSEM_MEM
100
AcDbLine
 62
7
  6
CONTINUOUS
 10
113.9122251031
 20
176.9794240355
 11
122.725514999
 21
168.1661339921
  0
LINE
  5
98A
100
AcDbEntity
  8
ASSEM_MEM
100
AcDbLine
 62
7
  6
CONTINUOUS
 10
123.2569566212
 20
168.6953674567
 11
114.4425553489
 21
177.509768729
  0
LINE
  5
98B
100
AcDbEntity
  8
ASSEM_MEM
100
AcDbLine
 62
7
  6
CONTINUOUS
 10
114.3693320424
 20
180.2016882955
 11
125.9477793024
 21
168.6232410355
  0
LINE
  5
98C
100
AcDbEntity
  8
ASSEM_MEM
100
AcDbLine
 62
4
  6
CONTINUOUS
 10
116.4093320424
 20
143.4832410355
 11
116.4093320424
 21
143.0832410355
  0
LINE
  5
98D
100
AcDbEntity
  8
ASSEM_MEM
100
AcDbLine
 62
4
  6
CONTINUOUS
 10
116.4093320424
 20
142.8832410355
 11
116.4093320424
 21
142.4832410355
  0
LINE
  5
98E
100
AcDbEntity
  8
ASSEM_MEM
100
AcDbLine
 62
4
  6
CONTINUOUS
 10
116.4093320424
 20
138.0832410355
 11
116.4093320424
 21
137.6832410355
  0
LINE
  5
98F
100
AcDbEntity
  8
ASSEM_MEM
100
AcDbLine
 62
4
  6
CONTINUOUS
 10
116.4093320424
 20
137.4832410355
 11
116.4093320424
 21
137.0832410355
  0
LINE
  5
990
100
AcDbEntity
  8
ASSEM_MEM
100
AcDbLine
 62
7
  6
CONTINUOUS
 10
116.5293320424
 20
221.3888604845
 11
116.5293320424
 21
222.0032410355
  0
LINE
  5
991
100
AcDbEntity
  8
ASSEM_MEM
100
AcDbLine
 62
7
  6
CONTINUOUS
 10
116.592323681
 20
227.7426401667
 11
116.592323681
 21
227.924473402
  0
LINE
  5
992
100
AcDbEntity
  8
ASSEM_MEM
100
AcDbLine
 62
9
  6
CONTINUOUS
 10
116.6793320424
 20
221.3888604845
 11
116.6793320424
 21
221.6888604845
  0
LINE
  5
993
100
AcDbEntity
  8
ASSEM_MEM
100
AcDbLine
 62
7
  6
CONTINUOUS
 10
116.7893320424
 20
221.7232410355
 11
116.7893320424
 21
221.6888604845
  0
LINE
  5
994
100
AcDbEntity
  8
ASSEM_MEM
100
AcDbLine
 62
7
  6
CONTINUOUS
 10
116.7994115398
 20
228.3538018742
 11
116.7994115398
 21
227.949728018
  0
LINE
  5
995
100
AcDbEntity
  8
ASSEM_MEM
100
AcDbLine
 62
7
  6
CONTINUOUS
 10
116.9615816889
 20
228.3538018742
 11
116.9615816889
 21
227.949728018
  0
LINE
  5
996
100
AcDbEntity
  8
ASSEM_MEM
100
AcDbLine
 62
7
  6
CONTINUOUS
 10
117.0193320424
 20
221.7232410355
 11
117.0193320424
 21
221.6888604845
  0
LINE
  5
997
100
AcDbEntity
  8
ASSEM_MEM
100
AcDbLine
 62
7
  6
CONTINUOUS
 10
117.2893320424
 20
221.7232410355
 11
117.2893320424
 21
221.6888604845
  0
LINE
  5
998
100
AcDbEntity
  8
ASSEM_MEM
100
AcDbLine
 62
7
  6
CONTINUOUS
 10
117.4857964887
 20
227.949728018
 11
117.4857964887
 21
228.3538018742
  0
LINE
  5
999
100
AcDbEntity
  8
ASSEM_MEM
100
AcDbLine
 62
7
  6
CONTINUOUS
 10
117.5193320424
 20
221.7232410355
 11
117.5193320424
 21
221.6888604845
  0
LINE
  5
99A
100
AcDbEntity
  8
ASSEM_MEM
100
AcDbLine
 62
7
  6
CONTINUOUS
 10
117.6479666378
 20
227.949728018
 11
117.6479666378
 21
228.3538018742
  0
LINE
  5
99B
100
AcDbEntity
  8
ASSEM_MEM
100
AcDbLine
 62
7
  6
CONTINUOUS
 10
117.7893320424
 20
221.7232410355
 11
117.7893320424
 21
221.6888604845
  0
LINE
  5
99C
100
AcDbEntity
  8
ASSEM_MEM
100
AcDbLine
 62
7
  6
CONTINUOUS
 10
117.8550544892
 20
228.5943091527
 11
117.8550544892
 21
228.379056536
  0
LINE
  5
99D
100
AcDbEntity
  8
ASSEM_MEM
100
AcDbLine
 62
7
  6
CONTINUOUS
 10
118.0193320424
 20
221.7232410355
 11
118.0193320424
 21
221.6888604845
  0
LINE
  5
99E
100
AcDbEntity
  8
ASSEM_MEM
100
AcDbLine
 62
4
  6
CONTINUOUS
 10
118.1493320424
 20
143.4832410355
 11
118.1493320424
 21
143.0832410355
  0
LINE
  5
99F
100
AcDbEntity
  8
ASSEM_MEM
100
AcDbLine
 62
4
  6
CONTINUOUS
 10
118.1493320424
 20
142.8832410355
 11
118.1493320424
 21
142.4832410355
  0
LINE
  5
9A0
100
AcDbEntity
  8
ASSEM_MEM
100
AcDbLine
 62
4
  6
CONTINUOUS
 10
118.1493320424
 20
138.0832410355
 11
118.1493320424
 21
137.6832410355
  0
LINE
  5
9A1
100
AcDbEntity
  8
ASSEM_MEM
100
AcDbLine
 62
4
  6
CONTINUOUS
 10
118.1493320424
 20
137.4832410355
 11
118.1493320424
 21
137.0832410355
  0
LINE
  5
9A2
100
AcDbEntity
  8
ASSEM_MEM
100
AcDbLine
 62
7
  6
CONTINUOUS
 10
118.1505334964
 20
228.35380192
 11
118.1505334964
 21
227.7426401892
  0
LINE
  5
9A3
100
AcDbEntity
  8
ASSEM_MEM
100
AcDbLine
 62
7
  6
CONTINUOUS
 10
118.2893320424
 20
221.7232410355
 11
118.2893320424
 21
221.6888604845
  0
LINE
  5
9A4
100
AcDbEntity
  8
ASSEM_MEM
100
AcDbLine
 62
7
  6
CONTINUOUS
 10
118.4081305628
 20
227.7426401892
 11
118.4081305628
 21
228.35380192
  0
LINE
  5
9A5
100
AcDbEntity
  8
ASSEM_MEM
100
AcDbLine
 62
7
  6
CONTINUOUS
 10
118.5193320424
 20
221.7232410355
 11
118.5193320424
 21
221.6888604845
  0
LINE
  5
9A6
100
AcDbEntity
  8
ASSEM_MEM
100
AcDbLine
 62
7
  6
CONTINUOUS
 10
118.7036095955
 20
228.379056536
 11
118.7036095955
 21
228.5943091527
  0
LINE
  5
9A7
100
AcDbEntity
  8
ASSEM_MEM
100
AcDbLine
 62
7
  6
CONTINUOUS
 10
118.7893320424
 20
221.7232410355
 11
118.7893320424
 21
221.6888604845
  0
LINE
  5
9A8
100
AcDbEntity
  8
ASSEM_MEM
100
AcDbLine
 62
4
  6
CONTINUOUS
 10
118.8493320424
 20
137.0832410355
 11
118.8493320424
 21
137.4832410355
  0
LINE
  5
9A9
100
AcDbEntity
  8
ASSEM_MEM
100
AcDbLine
 62
4
  6
CONTINUOUS
 10
118.8493320424
 20
137.6832410355
 11
118.8493320424
 21
138.0832410355
  0
LINE
  5
9AA
100
AcDbEntity
  8
ASSEM_MEM
100
AcDbLine
 62
4
  6
CONTINUOUS
 10
118.8493320424
 20
142.4832410355
 11
118.8493320424
 21
142.8832410355
  0
LINE
  5
9AB
100
AcDbEntity
  8
ASSEM_MEM
100
AcDbLine
 62
4
  6
CONTINUOUS
 10
118.8493320424
 20
143.0832410355
 11
118.8493320424
 21
143.4832410355
  0
LINE
  5
9AC
100
AcDbEntity
  8
ASSEM_MEM
100
AcDbLine
 62
7
  6
CONTINUOUS
 10
118.9106974384
 20
228.3538018742
 11
118.9106974384
 21
227.949728018
  0
LINE
  5
9AD
100
AcDbEntity
  8
ASSEM_MEM
100
AcDbLine
 62
4
  6
CONTINUOUS
 10
119.0093320424
 20
143.4832410355
 11
119.0093320424
 21
143.0832410355
  0
LINE
  5
9AE
100
AcDbEntity
  8
ASSEM_MEM
100
AcDbLine
 62
4
  6
CONTINUOUS
 10
119.0093320424
 20
142.8832410355
 11
119.0093320424
 21
142.4832410355
  0
LINE
  5
9AF
100
AcDbEntity
  8
ASSEM_MEM
100
AcDbLine
 62
4
  6
CONTINUOUS
 10
119.0093320424
 20
142.2832410355
 11
119.0093320424
 21
141.8832410355
  0
LINE
  5
9B0
100
AcDbEntity
  8
ASSEM_MEM
100
AcDbLine
 62
4
  6
CONTINUOUS
 10
119.0093320424
 20
141.6832410355
 11
119.0093320424
 21
141.2832410355
  0
LINE
  5
9B1
100
AcDbEntity
  8
ASSEM_MEM
100
AcDbLine
 62
4
  6
CONTINUOUS
 10
119.0093320424
 20
141.0832410355
 11
119.0093320424
 21
140.6832410355
  0
LINE
  5
9B2
100
AcDbEntity
  8
ASSEM_MEM
100
AcDbLine
 62
4
  6
CONTINUOUS
 10
119.0093320424
 20
140.4832410355
 11
119.0093320424
 21
140.0832410355
  0
LINE
  5
9B3
100
AcDbEntity
  8
ASSEM_MEM
100
AcDbLine
 62
4
  6
CONTINUOUS
 10
119.0093320424
 20
139.8832410355
 11
119.0093320424
 21
139.4832410355
  0
LINE
  5
9B4
100
AcDbEntity
  8
ASSEM_MEM
100
AcDbLine
 62
4
  6
CONTINUOUS
 10
119.0093320424
 20
139.2832410355
 11
119.0093320424
 21
138.8832410355
  0
LINE
  5
9B5
100
AcDbEntity
  8
ASSEM_MEM
100
AcDbLine
 62
4
  6
CONTINUOUS
 10
119.0093320424
 20
138.6832410355
 11
119.0093320424
 21
138.2832410355
  0
LINE
  5
9B6
100
AcDbEntity
  8
ASSEM_MEM
100
AcDbLine
 62
4
  6
CONTINUOUS
 10
119.0093320424
 20
138.0832410355
 11
119.0093320424
 21
137.6832410355
  0
LINE
  5
9B7
100
AcDbEntity
  8
ASSEM_MEM
100
AcDbLine
 62
4
  6
CONTINUOUS
 10
119.0093320424
 20
137.4832410355
 11
119.0093320424
 21
137.0832410355
  0
LINE
  5
9B8
100
AcDbEntity
  8
ASSEM_MEM
100
AcDbLine
 62
7
  6
CONTINUOUS
 10
119.0193320424
 20
221.7232410355
 11
119.0193320424
 21
221.6888604845
  0
LINE
  5
9B9
100
AcDbEntity
  8
ASSEM_MEM
100
AcDbLine
 62
7
  6
CONTINUOUS
 10
119.1682945217
 20
227.9497279838
 11
119.1682945217
 21
228.0633737559
  0
LINE
  5
9BA
100
AcDbEntity
  8
ASSEM_MEM
100
AcDbLine
 62
7
  6
CONTINUOUS
 10
119.1682945217
 20
228.2401561596
 11
119.1682945217
 21
228.3538019316
  0
LINE
  5
9BB
100
AcDbEntity
  8
ASSEM_MEM
100
AcDbLine
 62
7
  6
CONTINUOUS
 10
119.2893320424
 20
221.7232410355
 11
119.2893320424
 21
221.6888604845
  0
LINE
  5
9BC
100
AcDbEntity
  8
ASSEM_MEM
100
AcDbLine
 62
7
  6
CONTINUOUS
 10
119.5193320424
 20
221.7232410355
 11
119.5193320424
 21
221.6888604845
  0
LINE
  5
9BD
100
AcDbEntity
  8
ASSEM_MEM
100
AcDbLine
 62
7
  6
CONTINUOUS
 10
119.658234107
 20
228.0886283719
 11
119.658234107
 21
228.2149015436
  0
LINE
  5
9BE
100
AcDbEntity
  8
ASSEM_MEM
100
AcDbLine
 62
4
  6
CONTINUOUS
 10
119.7093320424
 20
137.0832410355
 11
119.7093320424
 21
137.4832410355
  0
LINE
  5
9BF
100
AcDbEntity
  8
ASSEM_MEM
100
AcDbLine
 62
4
  6
CONTINUOUS
 10
119.7093320424
 20
137.6832410355
 11
119.7093320424
 21
138.0832410355
  0
LINE
  5
9C0
100
AcDbEntity
  8
ASSEM_MEM
100
AcDbLine
 62
4
  6
CONTINUOUS
 10
119.7093320424
 20
138.2832410355
 11
119.7093320424
 21
138.6832410355
  0
LINE
  5
9C1
100
AcDbEntity
  8
ASSEM_MEM
100
AcDbLine
 62
4
  6
CONTINUOUS
 10
119.7093320424
 20
138.8832410355
 11
119.7093320424
 21
139.2832410355
  0
LINE
  5
9C2
100
AcDbEntity
  8
ASSEM_MEM
100
AcDbLine
 62
4
  6
CONTINUOUS
 10
119.7093320424
 20
139.4832410355
 11
119.7093320424
 21
139.8832410355
  0
LINE
  5
9C3
100
AcDbEntity
  8
ASSEM_MEM
100
AcDbLine
 62
4
  6
CONTINUOUS
 10
119.7093320424
 20
140.0832410355
 11
119.7093320424
 21
140.4832410355
  0
LINE
  5
9C4
100
AcDbEntity
  8
ASSEM_MEM
100
AcDbLine
 62
4
  6
CONTINUOUS
 10
119.7093320424
 20
140.6832410355
 11
119.7093320424
 21
141.0832410355
  0
LINE
  5
9C5
100
AcDbEntity
  8
ASSEM_MEM
100
AcDbLine
 62
4
  6
CONTINUOUS
 10
119.7093320424
 20
141.2832410355
 11
119.7093320424
 21
141.6832410355
  0
LINE
  5
9C6
100
AcDbEntity
  8
ASSEM_MEM
100
AcDbLine
 62
4
  6
CONTINUOUS
 10
119.7093320424
 20
141.8832410355
 11
119.7093320424
 21
142.2832410355
  0
LINE
  5
9C7
100
AcDbEntity
  8
ASSEM_MEM
100
AcDbLine
 62
4
  6
CONTINUOUS
 10
119.7093320424
 20
142.4832410355
 11
119.7093320424
 21
142.8832410355
  0
LINE
  5
9C8
100
AcDbEntity
  8
ASSEM_MEM
100
AcDbLine
 62
4
  6
CONTINUOUS
 10
119.7093320424
 20
143.0832410355
 11
119.7093320424
 21
143.4832410355
  0
LINE
  5
9C9
100
AcDbEntity
  8
ASSEM_MEM
100
AcDbLine
 62
7
  6
CONTINUOUS
 10
119.7592525311
 20
227.7426401667
 11
119.7592525311
 21
227.9244733678
  0
LINE
  5
9CA
100
AcDbEntity
  8
ASSEM_MEM
100
AcDbLine
 62
7
  6
CONTINUOUS
 10
119.7592525311
 20
228.3790565476
 11
119.7592525311
 21
228.5608897255
  0
LINE
  5
9CB
100
AcDbEntity
  8
ASSEM_MEM
100
AcDbLine
 62
7
  6
CONTINUOUS
 10
119.7893320424
 20
221.7232410355
 11
119.7893320424
 21
221.6888604845
  0
LINE
  5
9CC
100
AcDbEntity
  8
ASSEM_MEM
100
AcDbLine
 62
9
  6
CONTINUOUS
 10
119.8793320424
 20
221.6888604845
 11
119.8793320424
 21
221.3888604845
  0
LINE
  5
9CD
100
AcDbEntity
  8
ASSEM_MEM
100
AcDbLine
 62
7
  6
CONTINUOUS
 10
119.9663403876
 20
228.3538018167
 11
119.9663403876
 21
228.2957161998
  0
LINE
  5
9CE
100
AcDbEntity
  8
ASSEM_MEM
100
AcDbLine
 62
7
  6
CONTINUOUS
 10
119.9663404798
 20
227.9244733445
 11
119.9663404798
 21
227.7426401434
  0
LINE
  5
9CF
100
AcDbEntity
  8
ASSEM_MEM
100
AcDbLine
 62
7
  6
CONTINUOUS
 10
120.0193320424
 20
221.7232410355
 11
120.0193320424
 21
221.6888604845
  0
LINE
  5
9D0
100
AcDbEntity
  8
ASSEM_MEM
100
AcDbLine
 62
7
  6
CONTINUOUS
 10
120.0293320424
 20
221.3888604845
 11
120.0293320424
 21
222.0032410355
  0
LINE
  5
9D1
100
AcDbEntity
  8
ASSEM_MEM
100
AcDbLine
 62
7
  6
CONTINUOUS
 10
120.2239374709
 20
228.2401560788
 11
120.2239374709
 21
228.3538018509
  0
LINE
  5
9D2
100
AcDbEntity
  8
ASSEM_MEM
100
AcDbLine
 62
7
  6
CONTINUOUS
 10
120.5572984023
 20
228.0633737325
 11
120.5572984023
 21
227.9497279605
  0
LINE
  5
9D3
100
AcDbEntity
  8
ASSEM_MEM
100
AcDbLine
 62
7
  6
CONTINUOUS
 10
120.8148954856
 20
227.9497279947
 11
120.8148954856
 21
228.0078136115
  0
LINE
  5
9D4
100
AcDbEntity
  8
ASSEM_MEM
100
AcDbLine
 62
7
  6
CONTINUOUS
 10
120.814895544
 20
228.3790564669
 11
120.814895544
 21
228.5608896679
  0
LINE
  5
9D5
100
AcDbEntity
  8
ASSEM_MEM
100
AcDbLine
 62
7
  6
CONTINUOUS
 10
120.8793320424
 20
221.3888604845
 11
120.8793320424
 21
222.2032410355
  0
LINE
  5
9D6
100
AcDbEntity
  8
ASSEM_MEM
100
AcDbLine
 62
7
  6
CONTINUOUS
 10
127.6889685155
 20
194.6866626146
 11
114.3693320424
 21
181.3670261415
  0
LINE
  5
9D7
100
AcDbEntity
  8
ASSEM_MEM
100
AcDbLine
 62
7
  6
CONTINUOUS
 10
76.9793320424
 20
140.9832410355
 11
77.0793320424
 21
141.0832410355
  0
LINE
  5
9D8
100
AcDbEntity
  8
ASSEM_MEM
100
AcDbLine
 62
7
  6
CONTINUOUS
 10
117.399628953
 20
180.7327816996
 11
128.3597840614
 21
191.692936808
  0
LINE
  5
9D9
100
AcDbEntity
  8
ASSEM_MEM
100
AcDbLine
 62
7
  6
CONTINUOUS
 10
140.4693320424
 20
183.2446340002
 11
140.3844450507
 21
183.2296661333
  0
LINE
  5
9DA
100
AcDbEntity
  8
ASSEM_MEM
100
AcDbLine
 62
7
  6
CONTINUOUS
 10
164.8591192729
 20
140.4401431227
 11
164.6293320424
 21
140.6401430989
  0
LINE
  5
9DB
100
AcDbEntity
  8
ASSEM_MEM
100
AcDbLine
 62
7
  6
CONTINUOUS
 10
164.6974171407
 20
140.6401430989
 11
164.8591192729
 21
140.4984764481
  0
LINE
  5
9DC
100
AcDbEntity
  8
ASSEM_MEM
100
AcDbLine
 62
7
  6
CONTINUOUS
 10
164.6889065034
 20
138.9365743609
 11
164.9782682127
 21
138.6532410355
  0
LINE
  5
9DD
100
AcDbEntity
  8
ASSEM_MEM
100
AcDbLine
 62
7
  6
CONTINUOUS
 10
126.4788800234
 20
171.6535306291
 11
117.399628953
 21
180.7327816996
  0
LINE
  5
9DE
100
AcDbEntity
  8
ASSEM_MEM
100
AcDbLine
 62
7
  6
CONTINUOUS
 10
160.8293320424
 20
138.1632410355
 11
160.8643320424
 21
138.1282410355
  0
LINE
  5
9DF
100
AcDbEntity
  8
ASSEM_MEM
100
AcDbLine
 62
7
  6
CONTINUOUS
 10
160.8293320424
 20
138.6632410355
 11
160.8643320424
 21
138.6282410355
  0
LINE
  5
9E0
100
AcDbEntity
  8
ASSEM_MEM
100
AcDbLine
 62
7
  6
CONTINUOUS
 10
160.8643320424
 20
139.1282410355
 11
160.8293320424
 21
139.1632410355
  0
LINE
  5
9E1
100
AcDbEntity
  8
ASSEM_MEM
100
AcDbLine
 62
7
  6
CONTINUOUS
 10
163.1580152115
 20
137.0330486566
 11
163.1178228327
 21
137.0732410355
  0
LINE
  5
9E2
100
AcDbEntity
  8
ASSEM_MEM
100
AcDbLine
 62
7
  6
CONTINUOUS
 10
160.8643320424
 20
139.6282410355
 11
160.8293320424
 21
139.6632410355
  0
LINE
  5
9E3
100
AcDbEntity
  8
ASSEM_MEM
100
AcDbLine
 62
7
  6
CONTINUOUS
 10
164.0293320424
 20
136.6532410355
 11
164.1293320424
 21
136.5532410355
  0
LINE
  5
9E4
100
AcDbEntity
  8
ASSEM_MEM
100
AcDbLine
 62
7
  6
CONTINUOUS
 10
163.8293320424
 20
137.0732410355
 11
163.8695244213
 21
137.0330486566
  0
LINE
  5
9E5
100
AcDbEntity
  8
ASSEM_MEM
100
AcDbLine
 62
7
  6
CONTINUOUS
 10
121.0193320424
 20
221.7232410355
 11
121.0193320424
 21
221.6888604845
  0
LINE
  5
9E6
100
AcDbEntity
  8
ASSEM_MEM
100
AcDbLine
 62
9
  6
CONTINUOUS
 10
121.0293320424
 20
221.3888604845
 11
121.0293320424
 21
221.6888604845
  0
LINE
  5
9E7
100
AcDbEntity
  8
ASSEM_MEM
100
AcDbLine
 62
9
  6
CONTINUOUS
 10
121.1993320424
 20
229.6032410355
 11
121.1993320424
 21
222.3532410355
  0
LINE
  5
9E8
100
AcDbEntity
  8
ASSEM_MEM
100
AcDbLine
 62
9
  6
CONTINUOUS
 10
121.236941386
 20
221.6888604845
 11
121.236941386
 21
221.3888604845
  0
LINE
  5
9E9
100
AcDbEntity
  8
ASSEM_MEM
100
AcDbLine
 62
7
  6
CONTINUOUS
 10
121.2743320424
 20
221.7232410355
 11
121.2743320424
 21
222.3532410355
  0
LINE
  5
9EA
100
AcDbEntity
  8
ASSEM_MEM
100
AcDbLine
 62
9
  6
CONTINUOUS
 10
121.3709011445
 20
221.3888604845
 11
121.3709011445
 21
221.6888604845
  0
LINE
  5
9EB
100
AcDbEntity
  8
ASSEM_MEM
100
AcDbLine
 62
4
  6
CONTINUOUS
 10
121.4493320424
 20
143.4832410355
 11
121.4493320424
 21
143.0832410355
  0
LINE
  5
9EC
100
AcDbEntity
  8
ASSEM_MEM
100
AcDbLine
 62
4
  6
CONTINUOUS
 10
121.4493320424
 20
142.8832410355
 11
121.4493320424
 21
142.4832410355
  0
LINE
  5
9ED
100
AcDbEntity
  8
ASSEM_MEM
100
AcDbLine
 62
4
  6
CONTINUOUS
 10
121.4493320424
 20
142.2832410355
 11
121.4493320424
 21
141.8832410355
  0
LINE
  5
9EE
100
AcDbEntity
  8
ASSEM_MEM
100
AcDbLine
 62
4
  6
CONTINUOUS
 10
121.4493320424
 20
141.6832410355
 11
121.4493320424
 21
141.2832410355
  0
LINE
  5
9EF
100
AcDbEntity
  8
ASSEM_MEM
100
AcDbLine
 62
4
  6
CONTINUOUS
 10
121.4493320424
 20
141.0832410355
 11
121.4493320424
 21
140.6832410355
  0
LINE
  5
9F0
100
AcDbEntity
  8
ASSEM_MEM
100
AcDbLine
 62
4
  6
CONTINUOUS
 10
121.4493320424
 20
140.4832410355
 11
121.4493320424
 21
140.0832410355
  0
LINE
  5
9F1
100
AcDbEntity
  8
ASSEM_MEM
100
AcDbLine
 62
4
  6
CONTINUOUS
 10
121.4493320424
 20
139.8832410355
 11
121.4493320424
 21
139.4832410355
  0
LINE
  5
9F2
100
AcDbEntity
  8
ASSEM_MEM
100
AcDbLine
 62
4
  6
CONTINUOUS
 10
121.4493320424
 20
139.2832410355
 11
121.4493320424
 21
138.8832410355
  0
LINE
  5
9F3
100
AcDbEntity
  8
ASSEM_MEM
100
AcDbLine
 62
4
  6
CONTINUOUS
 10
121.4493320424
 20
138.6832410355
 11
121.4493320424
 21
138.2832410355
  0
LINE
  5
9F4
100
AcDbEntity
  8
ASSEM_MEM
100
AcDbLine
 62
4
  6
CONTINUOUS
 10
121.4493320424
 20
138.0832410355
 11
121.4493320424
 21
137.6832410355
  0
LINE
  5
9F5
100
AcDbEntity
  8
ASSEM_MEM
100
AcDbLine
 62
4
  6
CONTINUOUS
 10
121.4493320424
 20
137.4832410355
 11
121.4493320424
 21
137.0832410355
  0
LINE
  5
9F6
100
AcDbEntity
  8
ASSEM_MEM
100
AcDbLine
 62
9
  6
CONTINUOUS
 10
121.4621281839
 20
221.6888604845
 11
121.4621281839
 21
221.3888604845
  0
LINE
  5
9F7
100
AcDbEntity
  8
ASSEM_MEM
100
AcDbLine
 62
9
  6
CONTINUOUS
 10
121.5043320424
 20
222.3232410355
 11
121.5043320424
 21
221.7232410355
  0
LINE
  5
9F8
100
AcDbEntity
  8
ASSEM_MEM
100
AcDbLine
 62
9
  6
CONTINUOUS
 10
121.6090058509
 20
221.6888604845
 11
121.6090058509
 21
221.3888604845
  0
LINE
  5
9F9
100
AcDbEntity
  8
ASSEM_MEM
100
AcDbLine
 62
4
  6
CONTINUOUS
 10
122.1493320424
 20
137.0832410355
 11
122.1493320424
 21
137.4832410355
  0
LINE
  5
9FA
100
AcDbEntity
  8
ASSEM_MEM
100
AcDbLine
 62
4
  6
CONTINUOUS
 10
122.1493320424
 20
137.6832410355
 11
122.1493320424
 21
138.0832410355
  0
LINE
  5
9FB
100
AcDbEntity
  8
ASSEM_MEM
100
AcDbLine
 62
4
  6
CONTINUOUS
 10
122.1493320424
 20
138.2832410355
 11
122.1493320424
 21
138.6832410355
  0
LINE
  5
9FC
100
AcDbEntity
  8
ASSEM_MEM
100
AcDbLine
 62
4
  6
CONTINUOUS
 10
122.1493320424
 20
138.8832410355
 11
122.1493320424
 21
139.2832410355
  0
LINE
  5
9FD
100
AcDbEntity
  8
ASSEM_MEM
100
AcDbLine
 62
4
  6
CONTINUOUS
 10
122.1493320424
 20
139.4832410355
 11
122.1493320424
 21
139.8832410355
  0
LINE
  5
9FE
100
AcDbEntity
  8
ASSEM_MEM
100
AcDbLine
 62
4
  6
CONTINUOUS
 10
122.1493320424
 20
140.0832410355
 11
122.1493320424
 21
140.4832410355
  0
LINE
  5
9FF
100
AcDbEntity
  8
ASSEM_MEM
100
AcDbLine
 62
4
  6
CONTINUOUS
 10
122.1493320424
 20
140.6832410355
 11
122.1493320424
 21
141.0832410355
  0
LINE
  5
A00
100
AcDbEntity
  8
ASSEM_MEM
100
AcDbLine
 62
4
  6
CONTINUOUS
 10
122.1493320424
 20
141.2832410355
 11
122.1493320424
 21
141.6832410355
  0
LINE
  5
A01
100
AcDbEntity
  8
ASSEM_MEM
100
AcDbLine
 62
4
  6
CONTINUOUS
 10
122.1493320424
 20
141.8832410355
 11
122.1493320424
 21
142.2832410355
  0
LINE
  5
A02
100
AcDbEntity
  8
ASSEM_MEM
100
AcDbLine
 62
4
  6
CONTINUOUS
 10
122.1493320424
 20
142.4832410355
 11
122.1493320424
 21
142.8832410355
  0
LINE
  5
A03
100
AcDbEntity
  8
ASSEM_MEM
100
AcDbLine
 62
4
  6
CONTINUOUS
 10
122.1493320424
 20
143.0832410355
 11
122.1493320424
 21
143.4832410355
  0
LINE
  5
A04
100
AcDbEntity
  8
ASSEM_MEM
100
AcDbLine
 62
7
  6
CONTINUOUS
 10
122.2993320424
 20
221.7232410355
 11
122.2993320424
 21
221.6888604845
  0
LINE
  5
A05
100
AcDbEntity
  8
ASSEM_MEM
100
AcDbLine
 62
4
  6
CONTINUOUS
 10
122.3093320424
 20
143.4832410355
 11
122.3093320424
 21
143.0832410355
  0
LINE
  5
A06
100
AcDbEntity
  8
ASSEM_MEM
100
AcDbLine
 62
4
  6
CONTINUOUS
 10
122.3093320424
 20
142.8832410355
 11
122.3093320424
 21
142.4832410355
  0
LINE
  5
A07
100
AcDbEntity
  8
ASSEM_MEM
100
AcDbLine
 62
4
  6
CONTINUOUS
 10
122.3093320424
 20
142.2832410355
 11
122.3093320424
 21
141.8832410355
  0
LINE
  5
A08
100
AcDbEntity
  8
ASSEM_MEM
100
AcDbLine
 62
4
  6
CONTINUOUS
 10
122.3093320424
 20
141.6832410355
 11
122.3093320424
 21
141.2832410355
  0
LINE
  5
A09
100
AcDbEntity
  8
ASSEM_MEM
100
AcDbLine
 62
4
  6
CONTINUOUS
 10
122.3093320424
 20
141.0832410355
 11
122.3093320424
 21
140.6832410355
  0
LINE
  5
A0A
100
AcDbEntity
  8
ASSEM_MEM
100
AcDbLine
 62
4
  6
CONTINUOUS
 10
122.3093320424
 20
140.4832410355
 11
122.3093320424
 21
140.0832410355
  0
LINE
  5
A0B
100
AcDbEntity
  8
ASSEM_MEM
100
AcDbLine
 62
4
  6
CONTINUOUS
 10
122.3093320424
 20
139.8832410355
 11
122.3093320424
 21
139.4832410355
  0
LINE
  5
A0C
100
AcDbEntity
  8
ASSEM_MEM
100
AcDbLine
 62
4
  6
CONTINUOUS
 10
122.3093320424
 20
139.2832410355
 11
122.3093320424
 21
138.8832410355
  0
LINE
  5
A0D
100
AcDbEntity
  8
ASSEM_MEM
100
AcDbLine
 62
4
  6
CONTINUOUS
 10
122.3093320424
 20
138.6832410355
 11
122.3093320424
 21
138.2832410355
  0
LINE
  5
A0E
100
AcDbEntity
  8
ASSEM_MEM
100
AcDbLine
 62
4
  6
CONTINUOUS
 10
122.3093320424
 20
138.0832410355
 11
122.3093320424
 21
137.6832410355
  0
LINE
  5
A0F
100
AcDbEntity
  8
ASSEM_MEM
100
AcDbLine
 62
4
  6
CONTINUOUS
 10
122.3093320424
 20
137.4832410355
 11
122.3093320424
 21
137.0832410355
  0
LINE
  5
A10
100
AcDbEntity
  8
ASSEM_MEM
100
AcDbLine
 62
7
  6
CONTINUOUS
 10
122.4243320424
 20
222.3232410355
 11
122.4243320424
 21
222.3532410355
  0
LINE
  5
A11
100
AcDbEntity
  8
ASSEM_MEM
100
AcDbLine
 62
7
  6
CONTINUOUS
 10
122.4493320424
 20
222.3532410355
 11
122.4493320424
 21
222.3232410355
  0
LINE
  5
A12
100
AcDbEntity
  8
ASSEM_MEM
100
AcDbLine
 62
7
  6
CONTINUOUS
 10
122.4493320424
 20
221.6888604845
 11
122.4493320424
 21
221.7232410355
  0
LINE
  5
A13
100
AcDbEntity
  8
ASSEM_MEM
100
AcDbLine
 62
9
  6
CONTINUOUS
 10
122.6305501519
 20
221.3888604845
 11
122.6305501519
 21
221.6888604845
  0
LINE
  5
A14
100
AcDbEntity
  8
ASSEM_MEM
100
AcDbLine
 62
7
  6
CONTINUOUS
 10
122.6399392058
 20
221.3888604845
 11
122.6399392058
 21
221.6888604845
  0
LINE
  5
A15
100
AcDbEntity
  8
ASSEM_MEM
100
AcDbLine
 62
7
  6
CONTINUOUS
 10
122.7043320424
 20
221.7232410355
 11
122.7043320424
 21
222.3232410355
  0
LINE
  5
A16
100
AcDbEntity
  8
ASSEM_MEM
100
AcDbLine
 62
7
  6
CONTINUOUS
 10
122.7493320424
 20
221.7349448968
 11
122.7493320424
 21
222.5764461163
  0
LINE
  5
A17
100
AcDbEntity
  8
ASSEM_MEM
100
AcDbLine
 62
7
  6
CONTINUOUS
 10
122.7493320424
 20
222.6032410355
 11
122.7493320424
 21
229.6032410355
  0
LINE
  5
A18
100
AcDbEntity
  8
ASSEM_MEM
100
AcDbLine
 62
7
  6
CONTINUOUS
 10
122.7937125934
 20
221.8388604845
 11
122.7937125934
 21
222.9032410355
  0
LINE
  5
A19
100
AcDbEntity
  8
ASSEM_MEM
100
AcDbLine
 62
7
  6
CONTINUOUS
 10
122.9493320424
 20
226.6532410355
 11
122.9493320424
 21
227.9532410355
  0
LINE
  5
A1A
100
AcDbEntity
  8
ASSEM_MEM
100
AcDbLine
 62
4
  6
CONTINUOUS
 10
123.0093320424
 20
137.0832410355
 11
123.0093320424
 21
137.4832410355
  0
LINE
  5
A1B
100
AcDbEntity
  8
ASSEM_MEM
100
AcDbLine
 62
4
  6
CONTINUOUS
 10
123.0093320424
 20
137.6832410355
 11
123.0093320424
 21
138.0832410355
  0
LINE
  5
A1C
100
AcDbEntity
  8
ASSEM_MEM
100
AcDbLine
 62
4
  6
CONTINUOUS
 10
123.0093320424
 20
138.2832410355
 11
123.0093320424
 21
138.6832410355
  0
LINE
  5
A1D
100
AcDbEntity
  8
ASSEM_MEM
100
AcDbLine
 62
4
  6
CONTINUOUS
 10
123.0093320424
 20
138.8832410355
 11
123.0093320424
 21
139.2832410355
  0
LINE
  5
A1E
100
AcDbEntity
  8
ASSEM_MEM
100
AcDbLine
 62
4
  6
CONTINUOUS
 10
123.0093320424
 20
139.4832410355
 11
123.0093320424
 21
139.8832410355
  0
LINE
  5
A1F
100
AcDbEntity
  8
ASSEM_MEM
100
AcDbLine
 62
4
  6
CONTINUOUS
 10
123.0093320424
 20
140.0832410355
 11
123.0093320424
 21
140.4832410355
  0
LINE
  5
A20
100
AcDbEntity
  8
ASSEM_MEM
100
AcDbLine
 62
4
  6
CONTINUOUS
 10
123.0093320424
 20
140.6832410355
 11
123.0093320424
 21
141.0832410355
  0
LINE
  5
A21
100
AcDbEntity
  8
ASSEM_MEM
100
AcDbLine
 62
4
  6
CONTINUOUS
 10
123.0093320424
 20
141.2832410355
 11
123.0093320424
 21
141.6832410355
  0
LINE
  5
A22
100
AcDbEntity
  8
ASSEM_MEM
100
AcDbLine
 62
4
  6
CONTINUOUS
 10
123.0093320424
 20
141.8832410355
 11
123.0093320424
 21
142.2832410355
  0
LINE
  5
A23
100
AcDbEntity
  8
ASSEM_MEM
100
AcDbLine
 62
4
  6
CONTINUOUS
 10
123.0093320424
 20
142.4832410355
 11
123.0093320424
 21
142.8832410355
  0
LINE
  5
A24
100
AcDbEntity
  8
ASSEM_MEM
100
AcDbLine
 62
4
  6
CONTINUOUS
 10
123.0093320424
 20
143.0832410355
 11
123.0093320424
 21
143.4832410355
  0
LINE
  5
A25
100
AcDbEntity
  8
ASSEM_MEM
100
AcDbLine
 62
7
  6
CONTINUOUS
 10
123.0937125934
 20
221.8388604845
 11
123.0937125934
 21
223.2032410355
  0
LINE
  5
A26
100
AcDbEntity
  8
ASSEM_MEM
100
AcDbLine
 62
7
  6
CONTINUOUS
 10
123.7793320424
 20
228.6532410355
 11
123.7793320424
 21
227.9532410355
  0
LINE
  5
A27
100
AcDbEntity
  8
ASSEM_MEM
100
AcDbLine
 62
4
  6
CONTINUOUS
 10
124.2793320424
 20
227.6532410355
 11
124.2793320424
 21
220.6532410355
  0
LINE
  5
A28
100
AcDbEntity
  8
ASSEM_MEM
100
AcDbLine
 62
4
  6
CONTINUOUS
 10
125.4793320424
 20
227.6532410355
 11
125.4793320424
 21
224.0532410355
  0
LINE
  5
A29
100
AcDbEntity
  8
ASSEM_MEM
100
AcDbLine
 62
2
  6
CONTINUOUS
 10
81.5793320424
 20
141.4188167823
 11
81.8137562956
 21
141.6532410355
  0
LINE
  5
A2A
100
AcDbEntity
  8
ASSEM_MEM
100
AcDbLine
 62
7
  6
CONTINUOUS
 10
77.2793320424
 20
137.0732410355
 11
77.2391396635
 21
137.0330486566
  0
LINE
  5
A2B
100
AcDbEntity
  8
ASSEM_MEM
100
AcDbLine
 62
7
  6
CONTINUOUS
 10
76.9793320424
 20
136.5532410355
 11
77.0793320424
 21
136.6532410355
  0
LINE
  5
A2C
100
AcDbEntity
  8
ASSEM_MEM
100
AcDbLine
 62
2
  6
CONTINUOUS
 10
166.1093320424
 20
225.5170592127
 11
166.7455138652
 21
226.1532410355
  0
LINE
  5
A2D
100
AcDbEntity
  8
ASSEM_MEM
100
AcDbLine
 62
7
  6
CONTINUOUS
 10
80.2443320424
 20
139.6282410355
 11
80.2793320424
 21
139.6632410355
  0
LINE
  5
A2E
100
AcDbEntity
  8
ASSEM_MEM
100
AcDbLine
 62
2
  6
CONTINUOUS
 10
81.5793320424
 20
140.8248470861
 11
82.4077259918
 21
141.6532410355
  0
LINE
  5
A2F
100
AcDbEntity
  8
ASSEM_MEM
100
AcDbLine
 62
7
  6
CONTINUOUS
 10
77.9506488732
 20
137.0330486566
 11
77.9908412521
 21
137.0732410355
  0
LINE
  5
A30
100
AcDbEntity
  8
ASSEM_MEM
100
AcDbLine
 62
7
  6
CONTINUOUS
 10
80.2443320424
 20
139.1282410355
 11
80.2793320424
 21
139.1632410355
  0
LINE
  5
A31
100
AcDbEntity
  8
ASSEM_MEM
100
AcDbLine
 62
2
  6
CONTINUOUS
 10
81.5793320424
 20
140.2308773899
 11
83.001695688
 21
141.6532410355
  0
LINE
  5
A32
100
AcDbEntity
  8
ASSEM_MEM
100
AcDbLine
 62
7
  6
CONTINUOUS
 10
80.2793320424
 20
138.6632410355
 11
80.2443320424
 21
138.6282410355
  0
LINE
  5
A33
100
AcDbEntity
  8
ASSEM_MEM
100
AcDbLine
 62
2
  6
CONTINUOUS
 10
166.1093320424
 20
224.3291198203
 11
167.9334532576
 21
226.1532410355
  0
LINE
  5
A34
100
AcDbEntity
  8
ASSEM_MEM
100
AcDbLine
 62
2
  6
CONTINUOUS
 10
81.5793320424
 20
139.6369076937
 11
83.5956653842
 21
141.6532410355
  0
LINE
  5
A35
100
AcDbEntity
  8
ASSEM_MEM
100
AcDbLine
 62
7
  6
CONTINUOUS
 10
80.2793320424
 20
138.1632410355
 11
80.2443320424
 21
138.1282410355
  0
LINE
  5
A36
100
AcDbEntity
  8
ASSEM_MEM
100
AcDbLine
 62
2
  6
CONTINUOUS
 10
81.5793320424
 20
139.0429379975
 11
84.1896350804
 21
141.6532410355
  0
LINE
  5
A37
100
AcDbEntity
  8
ASSEM_MEM
100
AcDbLine
 62
2
  6
CONTINUOUS
 10
166.47139265
 20
223.5032410355
 11
169.12139265
 21
226.1532410355
  0
LINE
  5
A38
100
AcDbEntity
  8
ASSEM_MEM
100
AcDbLine
 62
2
  6
CONTINUOUS
 10
81.5793320424
 20
138.4489683013
 11
84.7836047766
 21
141.6532410355
  0
LINE
  5
A39
100
AcDbEntity
  8
ASSEM_MEM
100
AcDbLine
 62
2
  6
CONTINUOUS
 10
81.5793320424
 20
137.8549986051
 11
85.3775744728
 21
141.6532410355
  0
LINE
  5
A3A
100
AcDbEntity
  8
ASSEM_MEM
100
AcDbLine
 62
2
  6
CONTINUOUS
 10
167.6593320424
 20
223.5032410355
 11
170.3093320424
 21
226.1532410355
  0
LINE
  5
A3B
100
AcDbEntity
  8
ASSEM_MEM
100
AcDbLine
 62
2
  6
CONTINUOUS
 10
81.5793320424
 20
137.2610289089
 11
85.971544169
 21
141.6532410355
  0
LINE
  5
A3C
100
AcDbEntity
  8
ASSEM_MEM
100
AcDbLine
 62
2
  6
CONTINUOUS
 10
81.5793320424
 20
136.6670592127
 11
86.5655138652
 21
141.6532410355
  0
LINE
  5
A3D
100
AcDbEntity
  8
ASSEM_MEM
100
AcDbLine
 62
2
  6
CONTINUOUS
 10
168.8472714348
 20
223.5032410355
 11
170.3093320424
 21
224.9653016431
  0
LINE
  5
A3E
100
AcDbEntity
  8
ASSEM_MEM
100
AcDbLine
 62
2
  6
CONTINUOUS
 10
81.5793320424
 20
136.0730895165
 11
83.715005501
 21
138.2087629751
  0
LINE
  5
A3F
100
AcDbEntity
  8
ASSEM_MEM
100
AcDbLine
 62
2
  6
CONTINUOUS
 10
84.1238101028
 20
138.6175675769
 11
87.1594835614
 21
141.6532410355
  0
LINE
  5
A40
100
AcDbEntity
  8
ASSEM_MEM
100
AcDbLine
 62
7
  6
CONTINUOUS
 10
76.1133745945
 20
137.7746722916
 11
76.1389065093
 21
137.7996722886
  0
LINE
  5
A41
100
AcDbEntity
  8
ASSEM_MEM
100
AcDbLine
 62
7
  6
CONTINUOUS
 10
76.4452894933
 20
137.5913389483
 11
76.4197575814
 21
137.5663389483
  0
LINE
  5
A42
100
AcDbEntity
  8
ASSEM_MEM
100
AcDbLine
 62
7
  6
CONTINUOUS
 10
164.6889065034
 20
140.1068097824
 11
164.6633745915
 21
140.1318097794
  0
LINE
  5
A43
100
AcDbEntity
  8
ASSEM_MEM
100
AcDbLine
 62
7
  6
CONTINUOUS
 10
164.9697575754
 20
140.3401431227
 11
164.9952894903
 21
140.3151431227
  0
LINE
  5
A44
100
AcDbEntity
  8
ASSEM_MEM
100
AcDbLine
 62
7
  6
CONTINUOUS
 10
164.0293320424
 20
141.0832410355
 11
164.1293320424
 21
140.9832410355
  0
LINE
  5
A45
100
AcDbEntity
  8
ASSEM_MEM
100
AcDbLine
 62
7
  6
CONTINUOUS
 10
164.9612469382
 20
138.6032410355
 11
164.6718852288
 21
138.8949077101
  0
LINE
  5
A46
100
AcDbEntity
  8
ASSEM_MEM
100
AcDbLine
 62
4
  6
CONTINUOUS
 10
128.2043320424
 20
143.7232410355
 11
128.2043320424
 21
143.3232410355
  0
LINE
  5
A47
100
AcDbEntity
  8
ASSEM_MEM
100
AcDbLine
 62
4
  6
CONTINUOUS
 10
128.2043320424
 20
143.1232410355
 11
128.2043320424
 21
142.7232410355
  0
LINE
  5
A48
100
AcDbEntity
  8
ASSEM_MEM
100
AcDbLine
 62
4
  6
CONTINUOUS
 10
128.2043320424
 20
142.5232410355
 11
128.2043320424
 21
142.1232410355
  0
LINE
  5
A49
100
AcDbEntity
  8
ASSEM_MEM
100
AcDbLine
 62
4
  6
CONTINUOUS
 10
128.2043320424
 20
141.9232410355
 11
128.2043320424
 21
141.5232410355
  0
LINE
  5
A4A
100
AcDbEntity
  8
ASSEM_MEM
100
AcDbLine
 62
4
  6
CONTINUOUS
 10
128.2043320424
 20
141.3232410355
 11
128.2043320424
 21
140.9232410355
  0
LINE
  5
A4B
100
AcDbEntity
  8
ASSEM_MEM
100
AcDbLine
 62
4
  6
CONTINUOUS
 10
128.2043320424
 20
140.7232410355
 11
128.2043320424
 21
140.3232410355
  0
LINE
  5
A4C
100
AcDbEntity
  8
ASSEM_MEM
100
AcDbLine
 62
4
  6
CONTINUOUS
 10
128.2043320424
 20
140.1232410355
 11
128.2043320424
 21
139.7232410355
  0
LINE
  5
A4D
100
AcDbEntity
  8
ASSEM_MEM
100
AcDbLine
 62
4
  6
CONTINUOUS
 10
128.2043320424
 20
139.5232410355
 11
128.2043320424
 21
139.1232410355
  0
LINE
  5
A4E
100
AcDbEntity
  8
ASSEM_MEM
100
AcDbLine
 62
4
  6
CONTINUOUS
 10
128.2043320424
 20
138.9232410355
 11
128.2043320424
 21
138.5232410355
  0
LINE
  5
A4F
100
AcDbEntity
  8
ASSEM_MEM
100
AcDbLine
 62
4
  6
CONTINUOUS
 10
128.2043320424
 20
138.3232410355
 11
128.2043320424
 21
137.9232410355
  0
LINE
  5
A50
100
AcDbEntity
  8
ASSEM_MEM
100
AcDbLine
 62
4
  6
CONTINUOUS
 10
128.2043320424
 20
137.7232410355
 11
128.2043320424
 21
137.3232410355
  0
LINE
  5
A51
100
AcDbEntity
  8
ASSEM_MEM
100
AcDbLine
 62
4
  6
CONTINUOUS
 10
128.9043320424
 20
137.3232410355
 11
128.9043320424
 21
137.7232410355
  0
LINE
  5
A52
100
AcDbEntity
  8
ASSEM_MEM
100
AcDbLine
 62
4
  6
CONTINUOUS
 10
128.9043320424
 20
137.9232410355
 11
128.9043320424
 21
138.3232410355
  0
LINE
  5
A53
100
AcDbEntity
  8
ASSEM_MEM
100
AcDbLine
 62
4
  6
CONTINUOUS
 10
128.9043320424
 20
138.5232410355
 11
128.9043320424
 21
138.9232410355
  0
LINE
  5
A54
100
AcDbEntity
  8
ASSEM_MEM
100
AcDbLine
 62
4
  6
CONTINUOUS
 10
128.9043320424
 20
139.1232410355
 11
128.9043320424
 21
139.5232410355
  0
LINE
  5
A55
100
AcDbEntity
  8
ASSEM_MEM
100
AcDbLine
 62
4
  6
CONTINUOUS
 10
128.9043320424
 20
139.7232410355
 11
128.9043320424
 21
140.1232410355
  0
LINE
  5
A56
100
AcDbEntity
  8
ASSEM_MEM
100
AcDbLine
 62
4
  6
CONTINUOUS
 10
128.9043320424
 20
140.3232410355
 11
128.9043320424
 21
140.7232410355
  0
LINE
  5
A57
100
AcDbEntity
  8
ASSEM_MEM
100
AcDbLine
 62
4
  6
CONTINUOUS
 10
128.9043320424
 20
140.9232410355
 11
128.9043320424
 21
141.3232410355
  0
LINE
  5
A58
100
AcDbEntity
  8
ASSEM_MEM
100
AcDbLine
 62
4
  6
CONTINUOUS
 10
128.9043320424
 20
141.5232410355
 11
128.9043320424
 21
141.9232410355
  0
LINE
  5
A59
100
AcDbEntity
  8
ASSEM_MEM
100
AcDbLine
 62
4
  6
CONTINUOUS
 10
128.9043320424
 20
142.1232410355
 11
128.9043320424
 21
142.5232410355
  0
LINE
  5
A5A
100
AcDbEntity
  8
ASSEM_MEM
100
AcDbLine
 62
4
  6
CONTINUOUS
 10
128.9043320424
 20
142.7232410355
 11
128.9043320424
 21
143.1232410355
  0
LINE
  5
A5B
100
AcDbEntity
  8
ASSEM_MEM
100
AcDbLine
 62
4
  6
CONTINUOUS
 10
128.9043320424
 20
143.3232410355
 11
128.9043320424
 21
143.7232410355
  0
LINE
  5
A5C
100
AcDbEntity
  8
ASSEM_MEM
100
AcDbLine
 62
4
  6
CONTINUOUS
 10
129.0643320424
 20
143.7232410355
 11
129.0643320424
 21
143.3232410355
  0
LINE
  5
A5D
100
AcDbEntity
  8
ASSEM_MEM
100
AcDbLine
 62
4
  6
CONTINUOUS
 10
129.0643320424
 20
143.1232410355
 11
129.0643320424
 21
142.7232410355
  0
LINE
  5
A5E
100
AcDbEntity
  8
ASSEM_MEM
100
AcDbLine
 62
4
  6
CONTINUOUS
 10
129.0643320424
 20
142.5232410355
 11
129.0643320424
 21
142.1232410355
  0
LINE
  5
A5F
100
AcDbEntity
  8
ASSEM_MEM
100
AcDbLine
 62
4
  6
CONTINUOUS
 10
129.0643320424
 20
141.9232410355
 11
129.0643320424
 21
141.5232410355
  0
LINE
  5
A60
100
AcDbEntity
  8
ASSEM_MEM
100
AcDbLine
 62
4
  6
CONTINUOUS
 10
129.0643320424
 20
141.3232410355
 11
129.0643320424
 21
140.9232410355
  0
LINE
  5
A61
100
AcDbEntity
  8
ASSEM_MEM
100
AcDbLine
 62
4
  6
CONTINUOUS
 10
129.0643320424
 20
140.7232410355
 11
129.0643320424
 21
140.3232410355
  0
LINE
  5
A62
100
AcDbEntity
  8
ASSEM_MEM
100
AcDbLine
 62
4
  6
CONTINUOUS
 10
129.0643320424
 20
140.1232410355
 11
129.0643320424
 21
139.7232410355
  0
LINE
  5
A63
100
AcDbEntity
  8
ASSEM_MEM
100
AcDbLine
 62
4
  6
CONTINUOUS
 10
129.0643320424
 20
139.5232410355
 11
129.0643320424
 21
139.1232410355
  0
LINE
  5
A64
100
AcDbEntity
  8
ASSEM_MEM
100
AcDbLine
 62
4
  6
CONTINUOUS
 10
129.0643320424
 20
138.9232410355
 11
129.0643320424
 21
138.5232410355
  0
LINE
  5
A65
100
AcDbEntity
  8
ASSEM_MEM
100
AcDbLine
 62
4
  6
CONTINUOUS
 10
129.0643320424
 20
138.3232410355
 11
129.0643320424
 21
137.9232410355
  0
LINE
  5
A66
100
AcDbEntity
  8
ASSEM_MEM
100
AcDbLine
 62
4
  6
CONTINUOUS
 10
129.0643320424
 20
137.7232410355
 11
129.0643320424
 21
137.3232410355
  0
LINE
  5
A67
100
AcDbEntity
  8
ASSEM_MEM
100
AcDbLine
 62
4
  6
CONTINUOUS
 10
129.7643320424
 20
137.3232410355
 11
129.7643320424
 21
137.7232410355
  0
LINE
  5
A68
100
AcDbEntity
  8
ASSEM_MEM
100
AcDbLine
 62
4
  6
CONTINUOUS
 10
129.7643320424
 20
137.9232410355
 11
129.7643320424
 21
138.3232410355
  0
LINE
  5
A69
100
AcDbEntity
  8
ASSEM_MEM
100
AcDbLine
 62
4
  6
CONTINUOUS
 10
129.7643320424
 20
138.5232410355
 11
129.7643320424
 21
138.9232410355
  0
LINE
  5
A6A
100
AcDbEntity
  8
ASSEM_MEM
100
AcDbLine
 62
4
  6
CONTINUOUS
 10
129.7643320424
 20
139.1232410355
 11
129.7643320424
 21
139.5232410355
  0
LINE
  5
A6B
100
AcDbEntity
  8
ASSEM_MEM
100
AcDbLine
 62
4
  6
CONTINUOUS
 10
129.7643320424
 20
139.7232410355
 11
129.7643320424
 21
140.1232410355
  0
LINE
  5
A6C
100
AcDbEntity
  8
ASSEM_MEM
100
AcDbLine
 62
4
  6
CONTINUOUS
 10
129.7643320424
 20
140.3232410355
 11
129.7643320424
 21
140.7232410355
  0
LINE
  5
A6D
100
AcDbEntity
  8
ASSEM_MEM
100
AcDbLine
 62
4
  6
CONTINUOUS
 10
129.7643320424
 20
140.9232410355
 11
129.7643320424
 21
141.3232410355
  0
LINE
  5
A6E
100
AcDbEntity
  8
ASSEM_MEM
100
AcDbLine
 62
4
  6
CONTINUOUS
 10
129.7643320424
 20
141.5232410355
 11
129.7643320424
 21
141.9232410355
  0
LINE
  5
A6F
100
AcDbEntity
  8
ASSEM_MEM
100
AcDbLine
 62
4
  6
CONTINUOUS
 10
129.7643320424
 20
142.1232410355
 11
129.7643320424
 21
142.5232410355
  0
LINE
  5
A70
100
AcDbEntity
  8
ASSEM_MEM
100
AcDbLine
 62
4
  6
CONTINUOUS
 10
129.7643320424
 20
142.7232410355
 11
129.7643320424
 21
143.1232410355
  0
LINE
  5
A71
100
AcDbEntity
  8
ASSEM_MEM
100
AcDbLine
 62
4
  6
CONTINUOUS
 10
129.7643320424
 20
143.3232410355
 11
129.7643320424
 21
143.7232410355
  0
LINE
  5
A72
100
AcDbEntity
  8
ASSEM_MEM
100
AcDbLine
 62
2
  6
CONTINUOUS
 10
83.5409560977
 20
137.5148650908
 11
83.5793320424
 21
137.5532410355
  0
LINE
  5
A73
100
AcDbEntity
  8
ASSEM_MEM
100
AcDbLine
 62
2
  6
CONTINUOUS
 10
84.7793320424
 20
138.7532410355
 11
84.8163741348
 21
138.7902831279
  0
LINE
  5
A74
100
AcDbEntity
  8
ASSEM_MEM
100
AcDbLine
 62
2
  6
CONTINUOUS
 10
81.5793320424
 20
135.4791198203
 11
83.5349608922
 21
137.4347486701
  0
LINE
  5
A75
100
AcDbEntity
  8
ASSEM_MEM
100
AcDbLine
 62
2
  6
CONTINUOUS
 10
84.8978244078
 20
138.7976121857
 11
87.7534532576
 21
141.6532410355
  0
LINE
  5
A76
100
AcDbEntity
  8
ASSEM_MEM
100
AcDbLine
 62
2
  6
CONTINUOUS
 10
170.0352108272
 20
223.5032410355
 11
170.3093320424
 21
223.7773622507
  0
LINE
  5
A77
100
AcDbEntity
  8
ASSEM_MEM
100
AcDbLine
 62
2
  6
CONTINUOUS
 10
83.6476080135
 20
137.0275473104
 11
83.6837376719
 21
137.0636769688
  0
LINE
  5
A78
100
AcDbEntity
  8
ASSEM_MEM
100
AcDbLine
 62
2
  6
CONTINUOUS
 10
85.2688961091
 20
138.648835406
 11
85.2943277128
 21
138.6742670098
  0
LINE
  5
A79
100
AcDbEntity
  8
ASSEM_MEM
100
AcDbLine
 62
2
  6
CONTINUOUS
 10
81.5793320424
 20
134.8851501241
 11
83.6704550934
 21
136.9762731751
  0
LINE
  5
A7A
100
AcDbEntity
  8
ASSEM_MEM
100
AcDbLine
 62
2
  6
CONTINUOUS
 10
85.3562999028
 20
138.6621179845
 11
88.0793320424
 21
141.3851501241
  0
LINE
  5
A7B
100
AcDbEntity
  8
ASSEM_MEM
100
AcDbLine
 62
2
  6
CONTINUOUS
 10
83.8900441691
 20
136.6760137698
 11
83.9247950295
 21
136.7107646302
  0
LINE
  5
A7C
100
AcDbEntity
  8
ASSEM_MEM
100
AcDbLine
 62
2
  6
CONTINUOUS
 10
85.6218084477
 20
138.4077780484
 11
85.6458030762
 21
138.4317726769
  0
LINE
  5
A7D
100
AcDbEntity
  8
ASSEM_MEM
100
AcDbLine
 62
2
  6
CONTINUOUS
 10
81.94139265
 20
134.6532410355
 11
83.9270237247
 21
136.6388721102
  0
LINE
  5
A7E
100
AcDbEntity
  8
ASSEM_MEM
100
AcDbLine
 62
2
  6
CONTINUOUS
 10
85.6937009677
 20
138.4055493532
 11
88.0793320424
 21
140.7911804279
  0
LINE
  5
A7F
100
AcDbEntity
  8
ASSEM_MEM
100
AcDbLine
 62
2
  6
CONTINUOUS
 10
84.2438573198
 20
136.4358572243
 11
84.273200987
 21
136.4652008916
  0
LINE
  5
A80
100
AcDbEntity
  8
ASSEM_MEM
100
AcDbLine
 62
2
  6
CONTINUOUS
 10
85.8673721863
 20
138.0593720909
 11
85.8935580338
 21
138.0855579384
  0
LINE
  5
A81
100
AcDbEntity
  8
ASSEM_MEM
100
AcDbLine
 62
2
  6
CONTINUOUS
 10
82.5353623462
 20
134.6532410355
 11
84.2865816613
 21
136.4044603506
  0
LINE
  5
A82
100
AcDbEntity
  8
ASSEM_MEM
100
AcDbLine
 62
2
  6
CONTINUOUS
 10
85.9281127273
 20
138.0459914166
 11
88.0793320424
 21
140.1972107317
  0
LINE
  5
A83
100
AcDbEntity
  8
ASSEM_MEM
100
AcDbLine
 62
2
  6
CONTINUOUS
 10
84.7187289197
 20
136.316759128
 11
84.7554485267
 21
136.353478735
  0
LINE
  5
A84
100
AcDbEntity
  8
ASSEM_MEM
100
AcDbLine
 62
2
  6
CONTINUOUS
 10
85.9790943429
 20
137.5771245512
 11
86.0194165818
 21
137.6174467901
  0
LINE
  5
A85
100
AcDbEntity
  8
ASSEM_MEM
100
AcDbLine
 62
2
  6
CONTINUOUS
 10
83.1293320424
 20
134.6532410355
 11
84.7793320424
 21
136.3032410355
  0
LINE
  5
A86
100
AcDbEntity
  8
ASSEM_MEM
100
AcDbLine
 62
2
  6
CONTINUOUS
 10
86.0293320424
 20
137.5532410355
 11
88.0793320424
 21
139.6032410355
  0
LINE
  5
A87
100
AcDbEntity
  8
ASSEM_MEM
100
AcDbLine
 62
2
  6
CONTINUOUS
 10
83.7233017386
 20
134.6532410355
 11
88.0793320424
 21
139.0092713393
  0
LINE
  5
A88
100
AcDbEntity
  8
ASSEM_MEM
100
AcDbLine
 62
2
  6
CONTINUOUS
 10
84.3172714348
 20
134.6532410355
 11
88.0793320424
 21
138.4153016431
  0
LINE
  5
A89
100
AcDbEntity
  8
ASSEM_MEM
100
AcDbLine
 62
2
  6
CONTINUOUS
 10
84.911241131
 20
134.6532410355
 11
88.0793320424
 21
137.8213319469
  0
LINE
  5
A8A
100
AcDbEntity
  8
ASSEM_MEM
100
AcDbLine
 62
2
  6
CONTINUOUS
 10
85.5052108272
 20
134.6532410355
 11
88.0793320424
 21
137.2273622507
  0
LINE
  5
A8B
100
AcDbEntity
  8
ASSEM_MEM
100
AcDbLine
 62
2
  6
CONTINUOUS
 10
86.0991805234
 20
134.6532410355
 11
88.0793320424
 21
136.6333925545
  0
LINE
  5
A8C
100
AcDbEntity
  8
ASSEM_MEM
100
AcDbLine
 62
2
  6
CONTINUOUS
 10
86.6931502196
 20
134.6532410355
 11
88.0793320424
 21
136.0394228583
  0
LINE
  5
A8D
100
AcDbEntity
  8
ASSEM_MEM
100
AcDbLine
 62
4
  6
CONTINUOUS
 10
131.0793320424
 20
224.0532410355
 11
131.0793320424
 21
227.6532410355
  0
LINE
  5
A8E
100
AcDbEntity
  8
ASSEM_MEM
100
AcDbLine
 62
4
  6
CONTINUOUS
 10
131.5043320424
 20
143.7232410355
 11
131.5043320424
 21
143.3232410355
  0
LINE
  5
A8F
100
AcDbEntity
  8
ASSEM_MEM
100
AcDbLine
 62
4
  6
CONTINUOUS
 10
131.5043320424
 20
143.1232410355
 11
131.5043320424
 21
142.7232410355
  0
LINE
  5
A90
100
AcDbEntity
  8
ASSEM_MEM
100
AcDbLine
 62
4
  6
CONTINUOUS
 10
131.5043320424
 20
142.5232410355
 11
131.5043320424
 21
142.1232410355
  0
LINE
  5
A91
100
AcDbEntity
  8
ASSEM_MEM
100
AcDbLine
 62
4
  6
CONTINUOUS
 10
131.5043320424
 20
141.9232410355
 11
131.5043320424
 21
141.5232410355
  0
LINE
  5
A92
100
AcDbEntity
  8
ASSEM_MEM
100
AcDbLine
 62
4
  6
CONTINUOUS
 10
131.5043320424
 20
141.3232410355
 11
131.5043320424
 21
140.9232410355
  0
LINE
  5
A93
100
AcDbEntity
  8
ASSEM_MEM
100
AcDbLine
 62
4
  6
CONTINUOUS
 10
131.5043320424
 20
140.7232410355
 11
131.5043320424
 21
140.3232410355
  0
LINE
  5
A94
100
AcDbEntity
  8
ASSEM_MEM
100
AcDbLine
 62
4
  6
CONTINUOUS
 10
131.5043320424
 20
140.1232410355
 11
131.5043320424
 21
139.7232410355
  0
LINE
  5
A95
100
AcDbEntity
  8
ASSEM_MEM
100
AcDbLine
 62
4
  6
CONTINUOUS
 10
131.5043320424
 20
139.5232410355
 11
131.5043320424
 21
139.1232410355
  0
LINE
  5
A96
100
AcDbEntity
  8
ASSEM_MEM
100
AcDbLine
 62
4
  6
CONTINUOUS
 10
131.5043320424
 20
138.9232410355
 11
131.5043320424
 21
138.5232410355
  0
LINE
  5
A97
100
AcDbEntity
  8
ASSEM_MEM
100
AcDbLine
 62
4
  6
CONTINUOUS
 10
131.5043320424
 20
138.3232410355
 11
131.5043320424
 21
137.9232410355
  0
LINE
  5
A98
100
AcDbEntity
  8
ASSEM_MEM
100
AcDbLine
 62
4
  6
CONTINUOUS
 10
131.5043320424
 20
137.7232410355
 11
131.5043320424
 21
137.3232410355
  0
LINE
  5
A99
100
AcDbEntity
  8
ASSEM_MEM
100
AcDbLine
 62
4
  6
CONTINUOUS
 10
132.0793320424
 20
226.0032410355
 11
132.0793320424
 21
222.4532410355
  0
LINE
  5
A9A
100
AcDbEntity
  8
ASSEM_MEM
100
AcDbLine
 62
4
  6
CONTINUOUS
 10
132.2043320424
 20
137.3232410355
 11
132.2043320424
 21
137.7232410355
  0
LINE
  5
A9B
100
AcDbEntity
  8
ASSEM_MEM
100
AcDbLine
 62
4
  6
CONTINUOUS
 10
132.2043320424
 20
137.9232410355
 11
132.2043320424
 21
138.3232410355
  0
LINE
  5
A9C
100
AcDbEntity
  8
ASSEM_MEM
100
AcDbLine
 62
4
  6
CONTINUOUS
 10
132.2043320424
 20
138.5232410355
 11
132.2043320424
 21
138.9232410355
  0
LINE
  5
A9D
100
AcDbEntity
  8
ASSEM_MEM
100
AcDbLine
 62
4
  6
CONTINUOUS
 10
132.2043320424
 20
139.1232410355
 11
132.2043320424
 21
139.5232410355
  0
LINE
  5
A9E
100
AcDbEntity
  8
ASSEM_MEM
100
AcDbLine
 62
4
  6
CONTINUOUS
 10
132.2043320424
 20
139.7232410355
 11
132.2043320424
 21
140.1232410355
  0
LINE
  5
A9F
100
AcDbEntity
  8
ASSEM_MEM
100
AcDbLine
 62
4
  6
CONTINUOUS
 10
132.2043320424
 20
140.3232410355
 11
132.2043320424
 21
140.7232410355
  0
LINE
  5
AA0
100
AcDbEntity
  8
ASSEM_MEM
100
AcDbLine
 62
4
  6
CONTINUOUS
 10
132.2043320424
 20
140.9232410355
 11
132.2043320424
 21
141.3232410355
  0
LINE
  5
AA1
100
AcDbEntity
  8
ASSEM_MEM
100
AcDbLine
 62
4
  6
CONTINUOUS
 10
132.2043320424
 20
141.5232410355
 11
132.2043320424
 21
141.9232410355
  0
LINE
  5
AA2
100
AcDbEntity
  8
ASSEM_MEM
100
AcDbLine
 62
4
  6
CONTINUOUS
 10
132.2043320424
 20
142.1232410355
 11
132.2043320424
 21
142.5232410355
  0
LINE
  5
AA3
100
AcDbEntity
  8
ASSEM_MEM
100
AcDbLine
 62
4
  6
CONTINUOUS
 10
132.2043320424
 20
142.7232410355
 11
132.2043320424
 21
143.1232410355
  0
LINE
  5
AA4
100
AcDbEntity
  8
ASSEM_MEM
100
AcDbLine
 62
4
  6
CONTINUOUS
 10
132.2043320424
 20
143.3232410355
 11
132.2043320424
 21
143.7232410355
  0
LINE
  5
AA5
100
AcDbEntity
  8
ASSEM_MEM
100
AcDbLine
 62
4
  6
CONTINUOUS
 10
132.3643320424
 20
143.7232410355
 11
132.3643320424
 21
143.3232410355
  0
LINE
  5
AA6
100
AcDbEntity
  8
ASSEM_MEM
100
AcDbLine
 62
4
  6
CONTINUOUS
 10
132.3643320424
 20
143.1232410355
 11
132.3643320424
 21
142.7232410355
  0
LINE
  5
AA7
100
AcDbEntity
  8
ASSEM_MEM
100
AcDbLine
 62
4
  6
CONTINUOUS
 10
132.3643320424
 20
138.3232410355
 11
132.3643320424
 21
137.9232410355
  0
LINE
  5
AA8
100
AcDbEntity
  8
ASSEM_MEM
100
AcDbLine
 62
4
  6
CONTINUOUS
 10
132.3643320424
 20
137.7232410355
 11
132.3643320424
 21
137.3232410355
  0
LINE
  5
AA9
100
AcDbEntity
  8
ASSEM_MEM
100
AcDbLine
 62
4
  6
CONTINUOUS
 10
132.8793320424
 20
222.4532410355
 11
132.8793320424
 21
226.0032410355
  0
LINE
  5
AAA
100
AcDbEntity
  8
ASSEM_MEM
100
AcDbLine
 62
4
  6
CONTINUOUS
 10
133.0643320424
 20
137.3232410355
 11
133.0643320424
 21
137.7232410355
  0
LINE
  5
AAB
100
AcDbEntity
  8
ASSEM_MEM
100
AcDbLine
 62
4
  6
CONTINUOUS
 10
133.0643320424
 20
137.9232410355
 11
133.0643320424
 21
138.3232410355
  0
LINE
  5
AAC
100
AcDbEntity
  8
ASSEM_MEM
100
AcDbLine
 62
4
  6
CONTINUOUS
 10
133.0643320424
 20
142.7232410355
 11
133.0643320424
 21
143.1232410355
  0
LINE
  5
AAD
100
AcDbEntity
  8
ASSEM_MEM
100
AcDbLine
 62
4
  6
CONTINUOUS
 10
133.0643320424
 20
143.3232410355
 11
133.0643320424
 21
143.7232410355
  0
LINE
  5
AAE
100
AcDbEntity
  8
ASSEM_MEM
100
AcDbLine
 62
4
  6
CONTINUOUS
 10
133.4793320424
 20
220.6532410355
 11
133.4793320424
 21
227.6532410355
  0
LINE
  5
AAF
100
AcDbEntity
  8
ASSEM_MEM
100
AcDbLine
 62
4
  6
CONTINUOUS
 10
134.8043320424
 20
137.3232410355
 11
134.8043320424
 21
137.7232410355
  0
LINE
  5
AB0
100
AcDbEntity
  8
ASSEM_MEM
100
AcDbLine
 62
4
  6
CONTINUOUS
 10
134.8043320424
 20
137.9232410355
 11
134.8043320424
 21
138.3232410355
  0
LINE
  5
AB1
100
AcDbEntity
  8
ASSEM_MEM
100
AcDbLine
 62
4
  6
CONTINUOUS
 10
134.8043320424
 20
142.7232410355
 11
134.8043320424
 21
143.1232410355
  0
LINE
  5
AB2
100
AcDbEntity
  8
ASSEM_MEM
100
AcDbLine
 62
4
  6
CONTINUOUS
 10
134.8043320424
 20
143.3232410355
 11
134.8043320424
 21
143.7232410355
  0
LINE
  5
AB3
100
AcDbEntity
  8
ASSEM_MEM
100
AcDbLine
 62
2
  6
CONTINUOUS
 10
87.2871199158
 20
134.6532410355
 11
88.0793320424
 21
135.4454531621
  0
LINE
  5
AB4
100
AcDbEntity
  8
ASSEM_MEM
100
AcDbLine
 62
2
  6
CONTINUOUS
 10
87.881089612
 20
134.6532410355
 11
88.0793320424
 21
134.8514834659
  0
LINE
  5
AB5
100
AcDbEntity
  8
ASSEM_MEM
100
AcDbLine
 62
2
  6
CONTINUOUS
 10
95.9904616341
 20
142.4040675892
 11
96.2396350804
 21
142.6532410355
  0
LINE
  5
AB6
100
AcDbEntity
  8
ASSEM_MEM
100
AcDbLine
 62
7
  6
CONTINUOUS
 10
137.4390351318
 20
182.6136857375
 11
126.4788800234
 21
171.6535306291
  0
LINE
  5
AB7
100
AcDbEntity
  8
ASSEM_MEM
100
AcDbLine
 62
2
  6
CONTINUOUS
 10
95.9904616341
 20
139.4342191082
 11
99.2094835614
 21
142.6532410355
  0
LINE
  5
AB8
100
AcDbEntity
  8
ASSEM_MEM
100
AcDbLine
 62
7
  6
CONTINUOUS
 10
127.1256647824
 20
168.6232410355
 11
140.4693320424
 21
181.9669082955
  0
LINE
  5
AB9
100
AcDbEntity
  8
ASSEM_MEM
100
AcDbLine
 62
7
  6
CONTINUOUS
 10
76.283587361
 20
138.7699076863
 11
76.4793320424
 21
138.9032410355
  0
LINE
  5
ABA
100
AcDbEntity
  8
ASSEM_MEM
100
AcDbLine
 62
7
  6
CONTINUOUS
 10
76.4793320424
 20
138.8532410355
 11
76.3176299102
 21
138.7449076863
  0
LINE
  5
ABB
100
AcDbEntity
  8
ASSEM_MEM
100
AcDbLine
 62
7
  6
CONTINUOUS
 10
76.1984809763
 20
137.7830056229
 11
76.1474171466
 21
137.7496722916
  0
LINE
  5
ABC
100
AcDbEntity
  8
ASSEM_MEM
100
AcDbLine
 62
7
  6
CONTINUOUS
 10
76.3601830966
 20
137.5830056229
 11
76.4112469441
 21
137.6163389483
  0
LINE
  5
ABD
100
AcDbEntity
  8
ASSEM_MEM
100
AcDbLine
 62
7
  6
CONTINUOUS
 10
131.4060417091
 20
195.4732409748
 11
123.432635199
 21
195.4732409748
  0
LINE
  5
ABE
100
AcDbEntity
  8
ASSEM_MEM
100
AcDbLine
 62
7
  6
CONTINUOUS
 10
123.4326350914
 20
194.7232410351
 11
127.6889685155
 21
194.6866626146
  0
LINE
  5
ABF
100
AcDbEntity
  8
ASSEM_MEM
100
AcDbLine
 62
7
  6
CONTINUOUS
 10
128.9381841793
 20
194.6759270046
 11
131.4765605787
 21
194.6541125014
  0
LINE
  5
AC0
100
AcDbEntity
  8
ASSEM_MEM
100
AcDbLine
 62
7
  6
CONTINUOUS
 10
128.3597840614
 20
191.692936808
 11
137.4390351318
 21
182.6136857375
  0
LINE
  5
AC1
100
AcDbEntity
  8
ASSEM_MEM
100
AcDbLine
 62
7
  6
CONTINUOUS
 10
164.6803958661
 20
140.1818097854
 11
164.6974171407
 21
140.1568097794
  0
LINE
  5
AC2
100
AcDbEntity
  8
ASSEM_MEM
100
AcDbLine
 62
7
  6
CONTINUOUS
 10
164.9782682127
 20
140.2651431108
 11
164.9612469382
 21
140.2901431227
  0
LINE
  5
AC3
100
AcDbEntity
  8
ASSEM_MEM
100
AcDbLine
 62
7
  6
CONTINUOUS
 10
113.7649514914
 20
222.9032410355
 11
113.6149514914
 21
223.2032410355
  0
LINE
  5
AC4
100
AcDbEntity
  8
ASSEM_MEM
100
AcDbLine
 62
4
  6
CONTINUOUS
 10
135.5043320424
 20
143.7232410355
 11
135.5043320424
 21
143.3232410355
  0
LINE
  5
AC5
100
AcDbEntity
  8
ASSEM_MEM
100
AcDbLine
 62
4
  6
CONTINUOUS
 10
135.5043320424
 20
143.1232410355
 11
135.5043320424
 21
142.7232410355
  0
LINE
  5
AC6
100
AcDbEntity
  8
ASSEM_MEM
100
AcDbLine
 62
4
  6
CONTINUOUS
 10
135.5043320424
 20
138.3232410355
 11
135.5043320424
 21
137.9232410355
  0
LINE
  5
AC7
100
AcDbEntity
  8
ASSEM_MEM
100
AcDbLine
 62
4
  6
CONTINUOUS
 10
135.5043320424
 20
137.7232410355
 11
135.5043320424
 21
137.3232410355
  0
LINE
  5
AC8
100
AcDbEntity
  8
ASSEM_MEM
100
AcDbLine
 62
4
  6
CONTINUOUS
 10
135.6643320424
 20
137.3232410355
 11
135.6643320424
 21
137.7232410355
  0
LINE
  5
AC9
100
AcDbEntity
  8
ASSEM_MEM
100
AcDbLine
 62
4
  6
CONTINUOUS
 10
135.6643320424
 20
137.9232410355
 11
135.6643320424
 21
138.3232410355
  0
LINE
  5
ACA
100
AcDbEntity
  8
ASSEM_MEM
100
AcDbLine
 62
4
  6
CONTINUOUS
 10
135.6643320424
 20
138.5232410355
 11
135.6643320424
 21
138.9232410355
  0
LINE
  5
ACB
100
AcDbEntity
  8
ASSEM_MEM
100
AcDbLine
 62
4
  6
CONTINUOUS
 10
135.6643320424
 20
139.1232410355
 11
135.6643320424
 21
139.5232410355
  0
LINE
  5
ACC
100
AcDbEntity
  8
ASSEM_MEM
100
AcDbLine
 62
4
  6
CONTINUOUS
 10
135.6643320424
 20
139.7232410355
 11
135.6643320424
 21
140.1232410355
  0
LINE
  5
ACD
100
AcDbEntity
  8
ASSEM_MEM
100
AcDbLine
 62
4
  6
CONTINUOUS
 10
135.6643320424
 20
140.3232410355
 11
135.6643320424
 21
140.7232410355
  0
LINE
  5
ACE
100
AcDbEntity
  8
ASSEM_MEM
100
AcDbLine
 62
4
  6
CONTINUOUS
 10
135.6643320424
 20
140.9232410355
 11
135.6643320424
 21
141.3232410355
  0
LINE
  5
ACF
100
AcDbEntity
  8
ASSEM_MEM
100
AcDbLine
 62
4
  6
CONTINUOUS
 10
135.6643320424
 20
141.5232410355
 11
135.6643320424
 21
141.9232410355
  0
LINE
  5
AD0
100
AcDbEntity
  8
ASSEM_MEM
100
AcDbLine
 62
4
  6
CONTINUOUS
 10
135.6643320424
 20
142.1232410355
 11
135.6643320424
 21
142.5232410355
  0
LINE
  5
AD1
100
AcDbEntity
  8
ASSEM_MEM
100
AcDbLine
 62
4
  6
CONTINUOUS
 10
135.6643320424
 20
142.7232410355
 11
135.6643320424
 21
143.1232410355
  0
LINE
  5
AD2
100
AcDbEntity
  8
ASSEM_MEM
100
AcDbLine
 62
4
  6
CONTINUOUS
 10
135.6643320424
 20
143.3232410355
 11
135.6643320424
 21
143.7232410355
  0
LINE
  5
AD3
100
AcDbEntity
  8
ASSEM_MEM
100
AcDbLine
 62
4
  6
CONTINUOUS
 10
136.3643320424
 20
143.7232410355
 11
136.3643320424
 21
143.3232410355
  0
LINE
  5
AD4
100
AcDbEntity
  8
ASSEM_MEM
100
AcDbLine
 62
4
  6
CONTINUOUS
 10
136.3643320424
 20
143.1232410355
 11
136.3643320424
 21
142.7232410355
  0
LINE
  5
AD5
100
AcDbEntity
  8
ASSEM_MEM
100
AcDbLine
 62
4
  6
CONTINUOUS
 10
136.3643320424
 20
142.5232410355
 11
136.3643320424
 21
142.1232410355
  0
LINE
  5
AD6
100
AcDbEntity
  8
ASSEM_MEM
100
AcDbLine
 62
4
  6
CONTINUOUS
 10
136.3643320424
 20
141.9232410355
 11
136.3643320424
 21
141.5232410355
  0
LINE
  5
AD7
100
AcDbEntity
  8
ASSEM_MEM
100
AcDbLine
 62
4
  6
CONTINUOUS
 10
136.3643320424
 20
141.3232410355
 11
136.3643320424
 21
140.9232410355
  0
LINE
  5
AD8
100
AcDbEntity
  8
ASSEM_MEM
100
AcDbLine
 62
4
  6
CONTINUOUS
 10
136.3643320424
 20
140.7232410355
 11
136.3643320424
 21
140.3232410355
  0
LINE
  5
AD9
100
AcDbEntity
  8
ASSEM_MEM
100
AcDbLine
 62
4
  6
CONTINUOUS
 10
136.3643320424
 20
140.1232410355
 11
136.3643320424
 21
139.7232410355
  0
LINE
  5
ADA
100
AcDbEntity
  8
ASSEM_MEM
100
AcDbLine
 62
4
  6
CONTINUOUS
 10
136.3643320424
 20
139.5232410355
 11
136.3643320424
 21
139.1232410355
  0
LINE
  5
ADB
100
AcDbEntity
  8
ASSEM_MEM
100
AcDbLine
 62
4
  6
CONTINUOUS
 10
136.3643320424
 20
138.9232410355
 11
136.3643320424
 21
138.5232410355
  0
LINE
  5
ADC
100
AcDbEntity
  8
ASSEM_MEM
100
AcDbLine
 62
4
  6
CONTINUOUS
 10
136.3643320424
 20
138.3232410355
 11
136.3643320424
 21
137.9232410355
  0
LINE
  5
ADD
100
AcDbEntity
  8
ASSEM_MEM
100
AcDbLine
 62
4
  6
CONTINUOUS
 10
136.3643320424
 20
137.7232410355
 11
136.3643320424
 21
137.3232410355
  0
LINE
  5
ADE
100
AcDbEntity
  8
ASSEM_MEM
100
AcDbLine
 62
4
  6
CONTINUOUS
 10
138.1043320424
 20
137.3232410355
 11
138.1043320424
 21
137.7232410355
  0
LINE
  5
ADF
100
AcDbEntity
  8
ASSEM_MEM
100
AcDbLine
 62
4
  6
CONTINUOUS
 10
138.1043320424
 20
137.9232410355
 11
138.1043320424
 21
138.3232410355
  0
LINE
  5
AE0
100
AcDbEntity
  8
ASSEM_MEM
100
AcDbLine
 62
4
  6
CONTINUOUS
 10
138.1043320424
 20
138.5232410355
 11
138.1043320424
 21
138.9232410355
  0
LINE
  5
AE1
100
AcDbEntity
  8
ASSEM_MEM
100
AcDbLine
 62
4
  6
CONTINUOUS
 10
138.1043320424
 20
139.1232410355
 11
138.1043320424
 21
139.5232410355
  0
LINE
  5
AE2
100
AcDbEntity
  8
ASSEM_MEM
100
AcDbLine
 62
4
  6
CONTINUOUS
 10
138.1043320424
 20
139.7232410355
 11
138.1043320424
 21
140.1232410355
  0
LINE
  5
AE3
100
AcDbEntity
  8
ASSEM_MEM
100
AcDbLine
 62
4
  6
CONTINUOUS
 10
138.1043320424
 20
140.3232410355
 11
138.1043320424
 21
140.7232410355
  0
LINE
  5
AE4
100
AcDbEntity
  8
ASSEM_MEM
100
AcDbLine
 62
4
  6
CONTINUOUS
 10
138.1043320424
 20
140.9232410355
 11
138.1043320424
 21
141.3232410355
  0
LINE
  5
AE5
100
AcDbEntity
  8
ASSEM_MEM
100
AcDbLine
 62
4
  6
CONTINUOUS
 10
138.1043320424
 20
141.5232410355
 11
138.1043320424
 21
141.9232410355
  0
LINE
  5
AE6
100
AcDbEntity
  8
ASSEM_MEM
100
AcDbLine
 62
4
  6
CONTINUOUS
 10
138.1043320424
 20
142.1232410355
 11
138.1043320424
 21
142.5232410355
  0
LINE
  5
AE7
100
AcDbEntity
  8
ASSEM_MEM
100
AcDbLine
 62
4
  6
CONTINUOUS
 10
138.1043320424
 20
142.7232410355
 11
138.1043320424
 21
143.1232410355
  0
LINE
  5
AE8
100
AcDbEntity
  8
ASSEM_MEM
100
AcDbLine
 62
4
  6
CONTINUOUS
 10
138.1043320424
 20
143.3232410355
 11
138.1043320424
 21
143.7232410355
  0
LINE
  5
AE9
100
AcDbEntity
  8
ASSEM_MEM
100
AcDbLine
 62
4
  6
CONTINUOUS
 10
138.8043320424
 20
143.7232410355
 11
138.8043320424
 21
143.3232410355
  0
LINE
  5
AEA
100
AcDbEntity
  8
ASSEM_MEM
100
AcDbLine
 62
4
  6
CONTINUOUS
 10
138.8043320424
 20
143.1232410355
 11
138.8043320424
 21
142.7232410355
  0
LINE
  5
AEB
100
AcDbEntity
  8
ASSEM_MEM
100
AcDbLine
 62
4
  6
CONTINUOUS
 10
138.8043320424
 20
142.5232410355
 11
138.8043320424
 21
142.1232410355
  0
LINE
  5
AEC
100
AcDbEntity
  8
ASSEM_MEM
100
AcDbLine
 62
4
  6
CONTINUOUS
 10
138.8043320424
 20
141.9232410355
 11
138.8043320424
 21
141.5232410355
  0
LINE
  5
AED
100
AcDbEntity
  8
ASSEM_MEM
100
AcDbLine
 62
4
  6
CONTINUOUS
 10
138.8043320424
 20
141.3232410355
 11
138.8043320424
 21
140.9232410355
  0
LINE
  5
AEE
100
AcDbEntity
  8
ASSEM_MEM
100
AcDbLine
 62
4
  6
CONTINUOUS
 10
138.8043320424
 20
140.7232410355
 11
138.8043320424
 21
140.3232410355
  0
LINE
  5
AEF
100
AcDbEntity
  8
ASSEM_MEM
100
AcDbLine
 62
4
  6
CONTINUOUS
 10
138.8043320424
 20
140.1232410355
 11
138.8043320424
 21
139.7232410355
  0
LINE
  5
AF0
100
AcDbEntity
  8
ASSEM_MEM
100
AcDbLine
 62
4
  6
CONTINUOUS
 10
138.8043320424
 20
139.5232410355
 11
138.8043320424
 21
139.1232410355
  0
LINE
  5
AF1
100
AcDbEntity
  8
ASSEM_MEM
100
AcDbLine
 62
4
  6
CONTINUOUS
 10
138.8043320424
 20
138.9232410355
 11
138.8043320424
 21
138.5232410355
  0
LINE
  5
AF2
100
AcDbEntity
  8
ASSEM_MEM
100
AcDbLine
 62
4
  6
CONTINUOUS
 10
138.8043320424
 20
138.3232410355
 11
138.8043320424
 21
137.9232410355
  0
LINE
  5
AF3
100
AcDbEntity
  8
ASSEM_MEM
100
AcDbLine
 62
4
  6
CONTINUOUS
 10
138.8043320424
 20
137.7232410355
 11
138.8043320424
 21
137.3232410355
  0
LINE
  5
AF4
100
AcDbEntity
  8
ASSEM_MEM
100
AcDbLine
 62
4
  6
CONTINUOUS
 10
138.9643320424
 20
137.3232410355
 11
138.9643320424
 21
137.7232410355
  0
LINE
  5
AF5
100
AcDbEntity
  8
ASSEM_MEM
100
AcDbLine
 62
4
  6
CONTINUOUS
 10
138.9643320424
 20
137.9232410355
 11
138.9643320424
 21
138.3232410355
  0
LINE
  5
AF6
100
AcDbEntity
  8
ASSEM_MEM
100
AcDbLine
 62
4
  6
CONTINUOUS
 10
138.9643320424
 20
138.5232410355
 11
138.9643320424
 21
138.9232410355
  0
LINE
  5
AF7
100
AcDbEntity
  8
ASSEM_MEM
100
AcDbLine
 62
4
  6
CONTINUOUS
 10
138.9643320424
 20
139.1232410355
 11
138.9643320424
 21
139.5232410355
  0
LINE
  5
AF8
100
AcDbEntity
  8
ASSEM_MEM
100
AcDbLine
 62
4
  6
CONTINUOUS
 10
138.9643320424
 20
139.7232410355
 11
138.9643320424
 21
140.1232410355
  0
LINE
  5
AF9
100
AcDbEntity
  8
ASSEM_MEM
100
AcDbLine
 62
4
  6
CONTINUOUS
 10
138.9643320424
 20
140.3232410355
 11
138.9643320424
 21
140.7232410355
  0
LINE
  5
AFA
100
AcDbEntity
  8
ASSEM_MEM
100
AcDbLine
 62
4
  6
CONTINUOUS
 10
138.9643320424
 20
140.9232410355
 11
138.9643320424
 21
141.3232410355
  0
LINE
  5
AFB
100
AcDbEntity
  8
ASSEM_MEM
100
AcDbLine
 62
4
  6
CONTINUOUS
 10
138.9643320424
 20
141.5232410355
 11
138.9643320424
 21
141.9232410355
  0
LINE
  5
AFC
100
AcDbEntity
  8
ASSEM_MEM
100
AcDbLine
 62
4
  6
CONTINUOUS
 10
138.9643320424
 20
142.1232410355
 11
138.9643320424
 21
142.5232410355
  0
LINE
  5
AFD
100
AcDbEntity
  8
ASSEM_MEM
100
AcDbLine
 62
4
  6
CONTINUOUS
 10
138.9643320424
 20
142.7232410355
 11
138.9643320424
 21
143.1232410355
  0
LINE
  5
AFE
100
AcDbEntity
  8
ASSEM_MEM
100
AcDbLine
 62
4
  6
CONTINUOUS
 10
138.9643320424
 20
143.3232410355
 11
138.9643320424
 21
143.7232410355
  0
LINE
  5
AFF
100
AcDbEntity
  8
ASSEM_MEM
100
AcDbLine
 62
4
  6
CONTINUOUS
 10
139.6643320424
 20
143.7232410355
 11
139.6643320424
 21
143.3232410355
  0
LINE
  5
B00
100
AcDbEntity
  8
ASSEM_MEM
100
AcDbLine
 62
4
  6
CONTINUOUS
 10
139.6643320424
 20
143.1232410355
 11
139.6643320424
 21
142.7232410355
  0
LINE
  5
B01
100
AcDbEntity
  8
ASSEM_MEM
100
AcDbLine
 62
4
  6
CONTINUOUS
 10
139.6643320424
 20
142.5232410355
 11
139.6643320424
 21
142.1232410355
  0
LINE
  5
B02
100
AcDbEntity
  8
ASSEM_MEM
100
AcDbLine
 62
4
  6
CONTINUOUS
 10
139.6643320424
 20
141.9232410355
 11
139.6643320424
 21
141.5232410355
  0
LINE
  5
B03
100
AcDbEntity
  8
ASSEM_MEM
100
AcDbLine
 62
4
  6
CONTINUOUS
 10
139.6643320424
 20
141.3232410355
 11
139.6643320424
 21
140.9232410355
  0
LINE
  5
B04
100
AcDbEntity
  8
ASSEM_MEM
100
AcDbLine
 62
4
  6
CONTINUOUS
 10
139.6643320424
 20
140.7232410355
 11
139.6643320424
 21
140.3232410355
  0
LINE
  5
B05
100
AcDbEntity
  8
ASSEM_MEM
100
AcDbLine
 62
4
  6
CONTINUOUS
 10
139.6643320424
 20
140.1232410355
 11
139.6643320424
 21
139.7232410355
  0
LINE
  5
B06
100
AcDbEntity
  8
ASSEM_MEM
100
AcDbLine
 62
4
  6
CONTINUOUS
 10
139.6643320424
 20
139.5232410355
 11
139.6643320424
 21
139.1232410355
  0
LINE
  5
B07
100
AcDbEntity
  8
ASSEM_MEM
100
AcDbLine
 62
4
  6
CONTINUOUS
 10
139.6643320424
 20
138.9232410355
 11
139.6643320424
 21
138.5232410355
  0
LINE
  5
B08
100
AcDbEntity
  8
ASSEM_MEM
100
AcDbLine
 62
4
  6
CONTINUOUS
 10
139.6643320424
 20
138.3232410355
 11
139.6643320424
 21
137.9232410355
  0
LINE
  5
B09
100
AcDbEntity
  8
ASSEM_MEM
100
AcDbLine
 62
4
  6
CONTINUOUS
 10
139.6643320424
 20
137.7232410355
 11
139.6643320424
 21
137.3232410355
  0
LINE
  5
B0A
100
AcDbEntity
  8
ASSEM_MEM
100
AcDbLine
 62
2
  6
CONTINUOUS
 10
95.9904616341
 20
136.4643706272
 11
102.1793320424
 21
142.6532410355
  0
LINE
  5
B0B
100
AcDbEntity
  8
ASSEM_MEM
100
AcDbLine
 62
2
  6
CONTINUOUS
 10
97.1491805234
 20
134.6532410355
 11
102.1793320424
 21
139.6833925545
  0
LINE
  5
B0C
100
AcDbEntity
  8
ASSEM_MEM
100
AcDbLine
 62
7
  6
CONTINUOUS
 10
140.3961085497
 20
177.5097535428
 11
131.5828195352
 21
168.6964645283
  0
LINE
  5
B0D
100
AcDbEntity
  8
ASSEM_MEM
100
AcDbLine
 62
7
  6
CONTINUOUS
 10
132.1131490858
 20
168.1661339921
 11
140.9264390858
 21
176.9794239921
  0
LINE
  5
B0E
100
AcDbEntity
  8
ASSEM_MEM
100
AcDbLine
 62
2
  6
CONTINUOUS
 10
100.1190290044
 20
134.6532410355
 11
101.7793320424
 21
136.3135440735
  0
LINE
  5
B0F
100
AcDbEntity
  8
ASSEM_MEM
100
AcDbLine
 62
7
  6
CONTINUOUS
 10
111.8693320424
 20
197.7232480355
 11
111.3693320424
 21
197.7232480355
  0
LINE
  5
B10
100
AcDbEntity
  8
ASSEM_MEM
100
AcDbLine
 62
7
  6
CONTINUOUS
 10
144.0193322167
 20
198.9732410355
 11
112.4092810424
 21
198.9732410355
  0
LINE
  5
B11
100
AcDbEntity
  8
ASSEM_MEM
100
AcDbLine
 62
7
  6
CONTINUOUS
 10
109.9193320424
 20
199.1732410355
 11
144.9193320424
 21
199.1732410355
  0
LINE
  5
B12
100
AcDbEntity
  8
ASSEM_MEM
100
AcDbLine
 62
7
  6
CONTINUOUS
 10
140.3844450507
 20
183.2296661333
 11
128.9381841793
 21
194.6759270046
  0
LINE
  5
B13
100
AcDbEntity
  8
ASSEM_MEM
100
AcDbLine
 62
7
  6
CONTINUOUS
 10
131.6519300191
 20
194.5808920588
 11
140.397205623
 21
185.8356164549
  0
LINE
  5
B14
100
AcDbEntity
  8
ASSEM_MEM
100
AcDbLine
 62
7
  6
CONTINUOUS
 10
140.9264390849
 20
186.367058078
 11
132.1131490424
 21
195.1803479748
  0
LINE
  5
B15
100
AcDbEntity
  8
ASSEM_MEM
100
AcDbLine
 62
7
  6
CONTINUOUS
 10
164.6633745915
 20
140.1318097794
 11
164.6378426797
 21
140.1734764481
  0
LINE
  5
B16
100
AcDbEntity
  8
ASSEM_MEM
100
AcDbLine
 62
7
  6
CONTINUOUS
 10
164.9952894903
 20
140.3151431227
 11
165.0208214044
 21
140.2734764481
  0
LINE
  5
B17
100
AcDbEntity
  8
ASSEM_MEM
100
AcDbLine
 62
7
  6
CONTINUOUS
 10
140.4693320424
 20
177.686530921
 11
140.4693320424
 21
181.9669082955
  0
LINE
  5
B18
100
AcDbEntity
  8
ASSEM_MEM
100
AcDbLine
 62
7
  6
CONTINUOUS
 10
140.4693320424
 20
183.2446340002
 11
140.4693320424
 21
185.6599318204
  0
LINE
  5
B19
100
AcDbEntity
  8
ASSEM_MEM
100
AcDbLine
 62
7
  6
CONTINUOUS
 10
141.2193319823
 20
177.6865310354
 11
141.2193319823
 21
185.6599220356
  0
LINE
  5
B1A
100
AcDbEntity
  8
ASSEM_MEM
100
AcDbLine
 62
7
  6
CONTINUOUS
 10
141.6793320424
 20
226.9461342543
 11
141.6793320424
 21
226.3532410355
  0
LINE
  5
B1B
100
AcDbEntity
  8
ASSEM_MEM
100
AcDbLine
 62
7
  6
CONTINUOUS
 10
142.7793320424
 20
135.6532410355
 11
142.7793320424
 21
137.5532410355
  0
LINE
  5
B1C
100
AcDbEntity
  8
ASSEM_MEM
100
AcDbLine
 62
7
  6
CONTINUOUS
 10
144.2793320424
 20
226.3532410355
 11
144.2793320424
 21
226.9461342543
  0
LINE
  5
B1D
100
AcDbEntity
  8
ASSEM_MEM
100
AcDbLine
 62
2
  6
CONTINUOUS
 10
111.5493320424
 20
143.3772107317
 11
111.6553623462
 21
143.4832410355
  0
LINE
  5
B1E
100
AcDbEntity
  8
ASSEM_MEM
100
AcDbLine
 62
2
  6
CONTINUOUS
 10
111.8493320424
 20
143.0832410355
 11
112.2493320424
 21
143.4832410355
  0
LINE
  5
B1F
100
AcDbEntity
  8
ASSEM_MEM
100
AcDbLine
 62
2
  6
CONTINUOUS
 10
111.5493320424
 20
142.7772107317
 11
111.6553623462
 21
142.8832410355
  0
LINE
  5
B20
100
AcDbEntity
  8
ASSEM_MEM
100
AcDbLine
 62
2
  6
CONTINUOUS
 10
112.4433017386
 20
143.0832410355
 11
112.8433017386
 21
143.4832410355
  0
LINE
  5
B21
100
AcDbEntity
  8
ASSEM_MEM
100
AcDbLine
 62
2
  6
CONTINUOUS
 10
111.8493320424
 20
142.4832410355
 11
112.2493320424
 21
142.8832410355
  0
LINE
  5
B22
100
AcDbEntity
  8
ASSEM_MEM
100
AcDbLine
 62
2
  6
CONTINUOUS
 10
111.5493320424
 20
142.1772107317
 11
111.6553623462
 21
142.2832410355
  0
LINE
  5
B23
100
AcDbEntity
  8
ASSEM_MEM
100
AcDbLine
 62
2
  6
CONTINUOUS
 10
113.0372714348
 20
143.0832410355
 11
113.1093320424
 21
143.1553016431
  0
LINE
  5
B24
100
AcDbEntity
  8
ASSEM_MEM
100
AcDbLine
 62
2
  6
CONTINUOUS
 10
112.4433017386
 20
142.4832410355
 11
112.8433017386
 21
142.8832410355
  0
LINE
  5
B25
100
AcDbEntity
  8
ASSEM_MEM
100
AcDbLine
 62
2
  6
CONTINUOUS
 10
111.8493320424
 20
141.8832410355
 11
112.2493320424
 21
142.2832410355
  0
LINE
  5
B26
100
AcDbEntity
  8
ASSEM_MEM
100
AcDbLine
 62
2
  6
CONTINUOUS
 10
111.5493320424
 20
141.5772107317
 11
111.6553623462
 21
141.6832410355
  0
LINE
  5
B27
100
AcDbEntity
  8
ASSEM_MEM
100
AcDbLine
 62
2
  6
CONTINUOUS
 10
113.0372714348
 20
142.4832410355
 11
113.1093320424
 21
142.5553016431
  0
LINE
  5
B28
100
AcDbEntity
  8
ASSEM_MEM
100
AcDbLine
 62
2
  6
CONTINUOUS
 10
112.4433017386
 20
141.8832410355
 11
112.8433017386
 21
142.2832410355
  0
LINE
  5
B29
100
AcDbEntity
  8
ASSEM_MEM
100
AcDbLine
 62
2
  6
CONTINUOUS
 10
111.8493320424
 20
141.2832410355
 11
112.2493320424
 21
141.6832410355
  0
LINE
  5
B2A
100
AcDbEntity
  8
ASSEM_MEM
100
AcDbLine
 62
2
  6
CONTINUOUS
 10
111.5493320424
 20
140.9772107317
 11
111.6553623462
 21
141.0832410355
  0
LINE
  5
B2B
100
AcDbEntity
  8
ASSEM_MEM
100
AcDbLine
 62
2
  6
CONTINUOUS
 10
113.0372714348
 20
141.8832410355
 11
113.1093320424
 21
141.9553016431
  0
LINE
  5
B2C
100
AcDbEntity
  8
ASSEM_MEM
100
AcDbLine
 62
2
  6
CONTINUOUS
 10
112.4433017386
 20
141.2832410355
 11
112.8433017386
 21
141.6832410355
  0
LINE
  5
B2D
100
AcDbEntity
  8
ASSEM_MEM
100
AcDbLine
 62
2
  6
CONTINUOUS
 10
111.8493320424
 20
140.6832410355
 11
112.2493320424
 21
141.0832410355
  0
LINE
  5
B2E
100
AcDbEntity
  8
ASSEM_MEM
100
AcDbLine
 62
2
  6
CONTINUOUS
 10
111.5493320424
 20
140.3772107317
 11
111.6553623462
 21
140.4832410355
  0
LINE
  5
B2F
100
AcDbEntity
  8
ASSEM_MEM
100
AcDbLine
 62
2
  6
CONTINUOUS
 10
114.8493320424
 20
143.1133925545
 11
115.2191805234
 21
143.4832410355
  0
LINE
  5
B30
100
AcDbEntity
  8
ASSEM_MEM
100
AcDbLine
 62
2
  6
CONTINUOUS
 10
113.0372714348
 20
141.2832410355
 11
113.1093320424
 21
141.3553016431
  0
LINE
  5
B31
100
AcDbEntity
  8
ASSEM_MEM
100
AcDbLine
 62
2
  6
CONTINUOUS
 10
112.4433017386
 20
140.6832410355
 11
112.8433017386
 21
141.0832410355
  0
LINE
  5
B32
100
AcDbEntity
  8
ASSEM_MEM
100
AcDbLine
 62
2
  6
CONTINUOUS
 10
111.8493320424
 20
140.0832410355
 11
112.2493320424
 21
140.4832410355
  0
LINE
  5
B33
100
AcDbEntity
  8
ASSEM_MEM
100
AcDbLine
 62
2
  6
CONTINUOUS
 10
111.5493320424
 20
139.7772107317
 11
111.6553623462
 21
139.8832410355
  0
LINE
  5
B34
100
AcDbEntity
  8
ASSEM_MEM
100
AcDbLine
 62
2
  6
CONTINUOUS
 10
115.4131502196
 20
143.0832410355
 11
115.5493320424
 21
143.2194228583
  0
LINE
  5
B35
100
AcDbEntity
  8
ASSEM_MEM
100
AcDbLine
 62
2
  6
CONTINUOUS
 10
115.7093320424
 20
143.3772107317
 11
115.8153623462
 21
143.4832410355
  0
LINE
  5
B36
100
AcDbEntity
  8
ASSEM_MEM
100
AcDbLine
 62
2
  6
CONTINUOUS
 10
114.8493320424
 20
142.5133925545
 11
115.2191805234
 21
142.8832410355
  0
LINE
  5
B37
100
AcDbEntity
  8
ASSEM_MEM
100
AcDbLine
 62
2
  6
CONTINUOUS
 10
113.0372714348
 20
140.6832410355
 11
113.1093320424
 21
140.7553016431
  0
LINE
  5
B38
100
AcDbEntity
  8
ASSEM_MEM
100
AcDbLine
 62
2
  6
CONTINUOUS
 10
112.4433017386
 20
140.0832410355
 11
112.8433017386
 21
140.4832410355
  0
LINE
  5
B39
100
AcDbEntity
  8
ASSEM_MEM
100
AcDbLine
 62
2
  6
CONTINUOUS
 10
111.8493320424
 20
139.4832410355
 11
112.2493320424
 21
139.8832410355
  0
LINE
  5
B3A
100
AcDbEntity
  8
ASSEM_MEM
100
AcDbLine
 62
2
  6
CONTINUOUS
 10
111.5493320424
 20
139.1772107317
 11
111.6553623462
 21
139.2832410355
  0
LINE
  5
B3B
100
AcDbEntity
  8
ASSEM_MEM
100
AcDbLine
 62
7
  6
CONTINUOUS
 10
76.1389065093
 20
137.7996722886
 11
76.1729490644
 21
137.8163389558
  0
LINE
  5
B3C
100
AcDbEntity
  8
ASSEM_MEM
100
AcDbLine
 62
7
  6
CONTINUOUS
 10
76.4197575814
 20
137.5663389483
 11
76.3857150323
 21
137.5496722975
  0
LINE
  5
B3D
100
AcDbEntity
  8
ASSEM_MEM
100
AcDbLine
 62
7
  6
CONTINUOUS
 10
113.9532660252
 20
221.7093070527
 11
113.9393320424
 21
221.7232410355
  0
LINE
  5
B3E
100
AcDbEntity
  8
ASSEM_MEM
100
AcDbLine
 62
7
  6
CONTINUOUS
 10
113.8543320424
 20
221.8082410355
 11
113.8093320424
 21
221.8532410355
  0
LINE
  5
B3F
100
AcDbEntity
  8
ASSEM_MEM
100
AcDbLine
 62
7
  6
CONTINUOUS
 10
144.7193320424
 20
165.0732410355
 11
144.7193320424
 21
198.2732410355
  0
LINE
  5
B40
100
AcDbEntity
  8
ASSEM_MEM
100
AcDbLine
 62
7
  6
CONTINUOUS
 10
144.9193320424
 20
199.1732410355
 11
144.9193320424
 21
164.1732410355
  0
LINE
  5
B41
100
AcDbEntity
  8
ASSEM_MEM
100
AcDbLine
 62
4
  6
CONTINUOUS
 10
148.3793320424
 20
142.6532410355
 11
148.3793320424
 21
139.0499039902
  0
LINE
  5
B42
100
AcDbEntity
  8
ASSEM_MEM
100
AcDbLine
 62
4
  6
CONTINUOUS
 10
148.7793320424
 20
135.6532410355
 11
148.7793320424
 21
137.5532410355
  0
LINE
  5
B43
100
AcDbEntity
  8
ASSEM_MEM
100
AcDbLine
 62
2
  6
CONTINUOUS
 10
115.7093320424
 20
142.7832410355
 11
115.8093320424
 21
142.8832410355
  0
LINE
  5
B44
100
AcDbEntity
  8
ASSEM_MEM
100
AcDbLine
 62
2
  6
CONTINUOUS
 10
116.0093320424
 20
143.0832410355
 11
116.4093320424
 21
143.4832410355
  0
LINE
  5
B45
100
AcDbEntity
  8
ASSEM_MEM
100
AcDbLine
 62
2
  6
CONTINUOUS
 10
115.4131502196
 20
142.4832410355
 11
115.5493320424
 21
142.6194228583
  0
LINE
  5
B46
100
AcDbEntity
  8
ASSEM_MEM
100
AcDbLine
 62
2
  6
CONTINUOUS
 10
114.8493320424
 20
141.9133925545
 11
115.2191805234
 21
142.2832410355
  0
LINE
  5
B47
100
AcDbEntity
  8
ASSEM_MEM
100
AcDbLine
 62
2
  6
CONTINUOUS
 10
113.0372714348
 20
140.0832410355
 11
113.1093320424
 21
140.1553016431
  0
LINE
  5
B48
100
AcDbEntity
  8
ASSEM_MEM
100
AcDbLine
 62
2
  6
CONTINUOUS
 10
112.4433017386
 20
139.4832410355
 11
112.8433017386
 21
139.8832410355
  0
LINE
  5
B49
100
AcDbEntity
  8
ASSEM_MEM
100
AcDbLine
 62
2
  6
CONTINUOUS
 10
111.8493320424
 20
138.8832410355
 11
112.2493320424
 21
139.2832410355
  0
LINE
  5
B4A
100
AcDbEntity
  8
ASSEM_MEM
100
AcDbLine
 62
2
  6
CONTINUOUS
 10
111.5493320424
 20
138.5772107317
 11
111.6553623462
 21
138.6832410355
  0
LINE
  5
B4B
100
AcDbEntity
  8
ASSEM_MEM
100
AcDbLine
 62
2
  6
CONTINUOUS
 10
116.0033017386
 20
142.4832410355
 11
116.4033017386
 21
142.8832410355
  0
LINE
  5
B4C
100
AcDbEntity
  8
ASSEM_MEM
100
AcDbLine
 62
2
  6
CONTINUOUS
 10
115.4131502196
 20
141.8832410355
 11
115.5493320424
 21
142.0194228583
  0
LINE
  5
B4D
100
AcDbEntity
  8
ASSEM_MEM
100
AcDbLine
 62
2
  6
CONTINUOUS
 10
114.8493320424
 20
141.3133925545
 11
115.2191805234
 21
141.6832410355
  0
LINE
  5
B4E
100
AcDbEntity
  8
ASSEM_MEM
100
AcDbLine
 62
2
  6
CONTINUOUS
 10
113.0372714348
 20
139.4832410355
 11
113.1093320424
 21
139.5553016431
  0
LINE
  5
B4F
100
AcDbEntity
  8
ASSEM_MEM
100
AcDbLine
 62
2
  6
CONTINUOUS
 10
112.4433017386
 20
138.8832410355
 11
112.8433017386
 21
139.2832410355
  0
LINE
  5
B50
100
AcDbEntity
  8
ASSEM_MEM
100
AcDbLine
 62
2
  6
CONTINUOUS
 10
111.8493320424
 20
138.2832410355
 11
112.2493320424
 21
138.6832410355
  0
LINE
  5
B51
100
AcDbEntity
  8
ASSEM_MEM
100
AcDbLine
 62
2
  6
CONTINUOUS
 10
111.5493320424
 20
137.9772107317
 11
111.6553623462
 21
138.0832410355
  0
LINE
  5
B52
100
AcDbEntity
  8
ASSEM_MEM
100
AcDbLine
 62
2
  6
CONTINUOUS
 10
115.4131502196
 20
141.2832410355
 11
115.5493320424
 21
141.4194228583
  0
LINE
  5
B53
100
AcDbEntity
  8
ASSEM_MEM
100
AcDbLine
 62
2
  6
CONTINUOUS
 10
114.8493320424
 20
140.7133925545
 11
115.2191805234
 21
141.0832410355
  0
LINE
  5
B54
100
AcDbEntity
  8
ASSEM_MEM
100
AcDbLine
 62
2
  6
CONTINUOUS
 10
113.0372714348
 20
138.8832410355
 11
113.1093320424
 21
138.9553016431
  0
LINE
  5
B55
100
AcDbEntity
  8
ASSEM_MEM
100
AcDbLine
 62
2
  6
CONTINUOUS
 10
112.4433017386
 20
138.2832410355
 11
112.8433017386
 21
138.6832410355
  0
LINE
  5
B56
100
AcDbEntity
  8
ASSEM_MEM
100
AcDbLine
 62
2
  6
CONTINUOUS
 10
111.8493320424
 20
137.6832410355
 11
112.2493320424
 21
138.0832410355
  0
LINE
  5
B57
100
AcDbEntity
  8
ASSEM_MEM
100
AcDbLine
 62
2
  6
CONTINUOUS
 10
111.5493320424
 20
137.3772107317
 11
111.6553623462
 21
137.4832410355
  0
LINE
  5
B58
100
AcDbEntity
  8
ASSEM_MEM
100
AcDbLine
 62
2
  6
CONTINUOUS
 10
118.1493320424
 20
143.4413319469
 11
118.191241131
 21
143.4832410355
  0
LINE
  5
B59
100
AcDbEntity
  8
ASSEM_MEM
100
AcDbLine
 62
2
  6
CONTINUOUS
 10
115.4131502196
 20
140.6832410355
 11
115.5493320424
 21
140.8194228583
  0
LINE
  5
B5A
100
AcDbEntity
  8
ASSEM_MEM
100
AcDbLine
 62
2
  6
CONTINUOUS
 10
114.8493320424
 20
140.1133925545
 11
115.2191805234
 21
140.4832410355
  0
LINE
  5
B5B
100
AcDbEntity
  8
ASSEM_MEM
100
AcDbLine
 62
2
  6
CONTINUOUS
 10
113.0372714348
 20
138.2832410355
 11
113.1093320424
 21
138.3553016431
  0
LINE
  5
B5C
100
AcDbEntity
  8
ASSEM_MEM
100
AcDbLine
 62
2
  6
CONTINUOUS
 10
112.4433017386
 20
137.6832410355
 11
112.8433017386
 21
138.0832410355
  0
LINE
  5
B5D
100
AcDbEntity
  8
ASSEM_MEM
100
AcDbLine
 62
2
  6
CONTINUOUS
 10
111.8493320424
 20
137.0832410355
 11
112.2493320424
 21
137.4832410355
  0
LINE
  5
B5E
100
AcDbEntity
  8
ASSEM_MEM
100
AcDbLine
 62
2
  6
CONTINUOUS
 10
118.1493320424
 20
142.8473622507
 11
118.1852108272
 21
142.8832410355
  0
LINE
  5
B5F
100
AcDbEntity
  8
ASSEM_MEM
100
AcDbLine
 62
2
  6
CONTINUOUS
 10
118.3852108272
 20
143.0832410355
 11
118.7852108272
 21
143.4832410355
  0
LINE
  5
B60
100
AcDbEntity
  8
ASSEM_MEM
100
AcDbLine
 62
2
  6
CONTINUOUS
 10
115.4131502196
 20
140.0832410355
 11
115.5493320424
 21
140.2194228583
  0
LINE
  5
B61
100
AcDbEntity
  8
ASSEM_MEM
100
AcDbLine
 62
2
  6
CONTINUOUS
 10
114.8493320424
 20
139.5133925545
 11
115.2191805234
 21
139.8832410355
  0
LINE
  5
B62
100
AcDbEntity
  8
ASSEM_MEM
100
AcDbLine
 62
2
  6
CONTINUOUS
 10
113.0372714348
 20
137.6832410355
 11
113.1093320424
 21
137.7553016431
  0
LINE
  5
B63
100
AcDbEntity
  8
ASSEM_MEM
100
AcDbLine
 62
2
  6
CONTINUOUS
 10
112.4433017386
 20
137.0832410355
 11
112.8433017386
 21
137.4832410355
  0
LINE
  5
B64
100
AcDbEntity
  8
ASSEM_MEM
100
AcDbLine
 62
2
  6
CONTINUOUS
 10
119.0093320424
 20
143.1156046811
 11
119.3769683967
 21
143.4832410355
  0
LINE
  5
B65
100
AcDbEntity
  8
ASSEM_MEM
100
AcDbLine
 62
2
  6
CONTINUOUS
 10
118.3791805234
 20
142.4832410355
 11
118.7791805234
 21
142.8832410355
  0
LINE
  5
B66
100
AcDbEntity
  8
ASSEM_MEM
100
AcDbLine
 62
2
  6
CONTINUOUS
 10
115.4131502196
 20
139.4832410355
 11
115.5493320424
 21
139.6194228583
  0
LINE
  5
B67
100
AcDbEntity
  8
ASSEM_MEM
100
AcDbLine
 62
2
  6
CONTINUOUS
 10
114.8493320424
 20
138.9133925545
 11
115.2191805234
 21
139.2832410355
  0
LINE
  5
B68
100
AcDbEntity
  8
ASSEM_MEM
100
AcDbLine
 62
2
  6
CONTINUOUS
 10
113.0372714348
 20
137.0832410355
 11
113.1093320424
 21
137.1553016431
  0
LINE
  5
B69
100
AcDbEntity
  8
ASSEM_MEM
100
AcDbLine
 62
2
  6
CONTINUOUS
 10
119.5709380929
 20
143.0832410355
 11
119.7093320424
 21
143.2216349849
  0
LINE
  5
B6A
100
AcDbEntity
  8
ASSEM_MEM
100
AcDbLine
 62
2
  6
CONTINUOUS
 10
119.0093320424
 20
142.5156046811
 11
119.3769683967
 21
142.8832410355
  0
LINE
  5
B6B
100
AcDbEntity
  8
ASSEM_MEM
100
AcDbLine
 62
2
  6
CONTINUOUS
 10
115.4131502196
 20
138.8832410355
 11
115.5493320424
 21
139.0194228583
  0
LINE
  5
B6C
100
AcDbEntity
  8
ASSEM_MEM
100
AcDbLine
 62
2
  6
CONTINUOUS
 10
114.8493320424
 20
138.3133925545
 11
115.2191805234
 21
138.6832410355
  0
LINE
  5
B6D
100
AcDbEntity
  8
ASSEM_MEM
100
AcDbLine
 62
2
  6
CONTINUOUS
 10
119.5709380929
 20
142.4832410355
 11
119.7093320424
 21
142.6216349849
  0
LINE
  5
B6E
100
AcDbEntity
  8
ASSEM_MEM
100
AcDbLine
 62
2
  6
CONTINUOUS
 10
119.0093320424
 20
141.9156046811
 11
119.3769683967
 21
142.2832410355
  0
LINE
  5
B6F
100
AcDbEntity
  8
ASSEM_MEM
100
AcDbLine
 62
2
  6
CONTINUOUS
 10
115.4131502196
 20
138.2832410355
 11
115.5493320424
 21
138.4194228583
  0
LINE
  5
B70
100
AcDbEntity
  8
ASSEM_MEM
100
AcDbLine
 62
2
  6
CONTINUOUS
 10
114.8493320424
 20
137.7133925545
 11
115.2191805234
 21
138.0832410355
  0
LINE
  5
B71
100
AcDbEntity
  8
ASSEM_MEM
100
AcDbLine
 62
2
  6
CONTINUOUS
 10
115.7093320424
 20
138.0314834659
 11
115.761089612
 21
138.0832410355
  0
LINE
  5
B72
100
AcDbEntity
  8
ASSEM_MEM
100
AcDbLine
 62
2
  6
CONTINUOUS
 10
119.5709380929
 20
141.8832410355
 11
119.7093320424
 21
142.0216349849
  0
LINE
  5
B73
100
AcDbEntity
  8
ASSEM_MEM
100
AcDbLine
 62
2
  6
CONTINUOUS
 10
119.0093320424
 20
141.3156046811
 11
119.3769683967
 21
141.6832410355
  0
LINE
  5
B74
100
AcDbEntity
  8
ASSEM_MEM
100
AcDbLine
 62
2
  6
CONTINUOUS
 10
115.4131502196
 20
137.6832410355
 11
115.5493320424
 21
137.8194228583
  0
LINE
  5
B75
100
AcDbEntity
  8
ASSEM_MEM
100
AcDbLine
 62
2
  6
CONTINUOUS
 10
114.8493320424
 20
137.1133925545
 11
115.2191805234
 21
137.4832410355
  0
LINE
  5
B76
100
AcDbEntity
  8
ASSEM_MEM
100
AcDbLine
 62
2
  6
CONTINUOUS
 10
121.4493320424
 20
143.1797258964
 11
121.7528471815
 21
143.4832410355
  0
LINE
  5
B77
100
AcDbEntity
  8
ASSEM_MEM
100
AcDbLine
 62
2
  6
CONTINUOUS
 10
115.7093320424
 20
137.4375137697
 11
115.7550593082
 21
137.4832410355
  0
LINE
  5
B78
100
AcDbEntity
  8
ASSEM_MEM
100
AcDbLine
 62
2
  6
CONTINUOUS
 10
115.9550593082
 20
137.6832410355
 11
116.3550593082
 21
138.0832410355
  0
LINE
  5
B79
100
AcDbEntity
  8
ASSEM_MEM
100
AcDbLine
 62
2
  6
CONTINUOUS
 10
119.5709380929
 20
141.2832410355
 11
119.7093320424
 21
141.4216349849
  0
LINE
  5
B7A
100
AcDbEntity
  8
ASSEM_MEM
100
AcDbLine
 62
2
  6
CONTINUOUS
 10
119.0093320424
 20
140.7156046811
 11
119.3769683967
 21
141.0832410355
  0
LINE
  5
B7B
100
AcDbEntity
  8
ASSEM_MEM
100
AcDbLine
 62
2
  6
CONTINUOUS
 10
115.4131502196
 20
137.0832410355
 11
115.5493320424
 21
137.2194228583
  0
LINE
  5
B7C
100
AcDbEntity
  8
ASSEM_MEM
100
AcDbLine
 62
2
  6
CONTINUOUS
 10
121.9468168777
 20
143.0832410355
 11
122.1493320424
 21
143.2857562002
  0
LINE
  5
B7D
100
AcDbEntity
  8
ASSEM_MEM
100
AcDbLine
 62
2
  6
CONTINUOUS
 10
122.3093320424
 20
143.4457562002
 11
122.3468168777
 21
143.4832410355
  0
LINE
  5
B7E
100
AcDbEntity
  8
ASSEM_MEM
100
AcDbLine
 62
2
  6
CONTINUOUS
 10
115.9490290044
 20
137.0832410355
 11
116.3490290044
 21
137.4832410355
  0
LINE
  5
B7F
100
AcDbEntity
  8
ASSEM_MEM
100
AcDbLine
 62
2
  6
CONTINUOUS
 10
121.4493320424
 20
142.5797258964
 11
121.7528471815
 21
142.8832410355
  0
LINE
  5
B80
100
AcDbEntity
  8
ASSEM_MEM
100
AcDbLine
 62
2
  6
CONTINUOUS
 10
119.5709380929
 20
140.6832410355
 11
119.7093320424
 21
140.8216349849
  0
LINE
  5
B81
100
AcDbEntity
  8
ASSEM_MEM
100
AcDbLine
 62
2
  6
CONTINUOUS
 10
119.0093320424
 20
140.1156046811
 11
119.3769683967
 21
140.4832410355
  0
LINE
  5
B82
100
AcDbEntity
  8
ASSEM_MEM
100
AcDbLine
 62
7
  6
CONTINUOUS
 10
76.4793320424
 20
140.2165743847
 11
76.0793320424
 21
140.0832410355
  0
LINE
  5
B83
100
AcDbEntity
  8
ASSEM_MEM
100
AcDbLine
 62
7
  6
CONTINUOUS
 10
76.0793320424
 20
140.1332410355
 11
76.1814597017
 21
140.1665743847
  0
LINE
  5
B84
100
AcDbEntity
  8
ASSEM_MEM
100
AcDbLine
 62
7
  6
CONTINUOUS
 10
76.2155022508
 20
140.1749076863
 11
76.4452894933
 21
140.2499076863
  0
LINE
  5
B85
100
AcDbEntity
  8
ASSEM_MEM
100
AcDbLine
 62
7
  6
CONTINUOUS
 10
76.1729490644
 20
137.8163389558
 11
76.1984809763
 21
137.8246722893
  0
LINE
  5
B86
100
AcDbEntity
  8
ASSEM_MEM
100
AcDbLine
 62
7
  6
CONTINUOUS
 10
76.3857150323
 20
137.5496722975
 11
76.3601830966
 21
137.5413389483
  0
LINE
  5
B87
100
AcDbEntity
  8
ASSEM_MEM
100
AcDbLine
 62
2
  6
CONTINUOUS
 10
122.5407865739
 20
143.0832410355
 11
122.9407865739
 21
143.4832410355
  0
LINE
  5
B88
100
AcDbEntity
  8
ASSEM_MEM
100
AcDbLine
 62
2
  6
CONTINUOUS
 10
121.9468168777
 20
142.4832410355
 11
122.1493320424
 21
142.6857562002
  0
LINE
  5
B89
100
AcDbEntity
  8
ASSEM_MEM
100
AcDbLine
 62
2
  6
CONTINUOUS
 10
122.3093320424
 20
142.8457562002
 11
122.3468168777
 21
142.8832410355
  0
LINE
  5
B8A
100
AcDbEntity
  8
ASSEM_MEM
100
AcDbLine
 62
2
  6
CONTINUOUS
 10
121.4493320424
 20
141.9797258964
 11
121.7528471815
 21
142.2832410355
  0
LINE
  5
B8B
100
AcDbEntity
  8
ASSEM_MEM
100
AcDbLine
 62
2
  6
CONTINUOUS
 10
119.5709380929
 20
140.0832410355
 11
119.7093320424
 21
140.2216349849
  0
LINE
  5
B8C
100
AcDbEntity
  8
ASSEM_MEM
100
AcDbLine
 62
2
  6
CONTINUOUS
 10
119.0093320424
 20
139.5156046811
 11
119.3769683967
 21
139.8832410355
  0
LINE
  5
B8D
100
AcDbEntity
  8
ASSEM_MEM
100
AcDbLine
 62
2
  6
CONTINUOUS
 10
122.5407865739
 20
142.4832410355
 11
122.9407865739
 21
142.8832410355
  0
LINE
  5
B8E
100
AcDbEntity
  8
ASSEM_MEM
100
AcDbLine
 62
2
  6
CONTINUOUS
 10
121.9468168777
 20
141.8832410355
 11
122.1493320424
 21
142.0857562002
  0
LINE
  5
B8F
100
AcDbEntity
  8
ASSEM_MEM
100
AcDbLine
 62
2
  6
CONTINUOUS
 10
122.3093320424
 20
142.2457562002
 11
122.3468168777
 21
142.2832410355
  0
LINE
  5
B90
100
AcDbEntity
  8
ASSEM_MEM
100
AcDbLine
 62
2
  6
CONTINUOUS
 10
121.4493320424
 20
141.3797258964
 11
121.7528471815
 21
141.6832410355
  0
LINE
  5
B91
100
AcDbEntity
  8
ASSEM_MEM
100
AcDbLine
 62
2
  6
CONTINUOUS
 10
119.5709380929
 20
139.4832410355
 11
119.7093320424
 21
139.6216349849
  0
LINE
  5
B92
100
AcDbEntity
  8
ASSEM_MEM
100
AcDbLine
 62
2
  6
CONTINUOUS
 10
119.0093320424
 20
138.9156046811
 11
119.3769683967
 21
139.2832410355
  0
LINE
  5
B93
100
AcDbEntity
  8
ASSEM_MEM
100
AcDbLine
 62
2
  6
CONTINUOUS
 10
118.3309380929
 20
137.6832410355
 11
118.7309380929
 21
138.0832410355
  0
LINE
  5
B94
100
AcDbEntity
  8
ASSEM_MEM
100
AcDbLine
 62
2
  6
CONTINUOUS
 10
122.5407865739
 20
141.8832410355
 11
122.9407865739
 21
142.2832410355
  0
LINE
  5
B95
100
AcDbEntity
  8
ASSEM_MEM
100
AcDbLine
 62
2
  6
CONTINUOUS
 10
121.9468168777
 20
141.2832410355
 11
122.1493320424
 21
141.4857562002
  0
LINE
  5
B96
100
AcDbEntity
  8
ASSEM_MEM
100
AcDbLine
 62
2
  6
CONTINUOUS
 10
122.3093320424
 20
141.6457562002
 11
122.3468168777
 21
141.6832410355
  0
LINE
  5
B97
100
AcDbEntity
  8
ASSEM_MEM
100
AcDbLine
 62
2
  6
CONTINUOUS
 10
121.4493320424
 20
140.7797258964
 11
121.7528471815
 21
141.0832410355
  0
LINE
  5
B98
100
AcDbEntity
  8
ASSEM_MEM
100
AcDbLine
 62
2
  6
CONTINUOUS
 10
119.5709380929
 20
138.8832410355
 11
119.7093320424
 21
139.0216349849
  0
LINE
  5
B99
100
AcDbEntity
  8
ASSEM_MEM
100
AcDbLine
 62
2
  6
CONTINUOUS
 10
119.0093320424
 20
138.3156046811
 11
119.3769683967
 21
138.6832410355
  0
LINE
  5
B9A
100
AcDbEntity
  8
ASSEM_MEM
100
AcDbLine
 62
2
  6
CONTINUOUS
 10
118.3249077891
 20
137.0832410355
 11
118.7249077891
 21
137.4832410355
  0
LINE
  5
B9B
100
AcDbEntity
  8
ASSEM_MEM
100
AcDbLine
 62
2
  6
CONTINUOUS
 10
122.5407865739
 20
141.2832410355
 11
122.9407865739
 21
141.6832410355
  0
LINE
  5
B9C
100
AcDbEntity
  8
ASSEM_MEM
100
AcDbLine
 62
2
  6
CONTINUOUS
 10
121.9468168777
 20
140.6832410355
 11
122.1493320424
 21
140.8857562002
  0
LINE
  5
B9D
100
AcDbEntity
  8
ASSEM_MEM
100
AcDbLine
 62
2
  6
CONTINUOUS
 10
122.3093320424
 20
141.0457562002
 11
122.3468168777
 21
141.0832410355
  0
LINE
  5
B9E
100
AcDbEntity
  8
ASSEM_MEM
100
AcDbLine
 62
2
  6
CONTINUOUS
 10
121.4493320424
 20
140.1797258964
 11
121.7528471815
 21
140.4832410355
  0
LINE
  5
B9F
100
AcDbEntity
  8
ASSEM_MEM
100
AcDbLine
 62
2
  6
CONTINUOUS
 10
119.5709380929
 20
138.2832410355
 11
119.7093320424
 21
138.4216349849
  0
LINE
  5
BA0
100
AcDbEntity
  8
ASSEM_MEM
100
AcDbLine
 62
2
  6
CONTINUOUS
 10
119.0093320424
 20
137.7156046811
 11
119.3769683967
 21
138.0832410355
  0
LINE
  5
BA1
100
AcDbEntity
  8
ASSEM_MEM
100
AcDbLine
 62
2
  6
CONTINUOUS
 10
122.5407865739
 20
140.6832410355
 11
122.9407865739
 21
141.0832410355
  0
LINE
  5
BA2
100
AcDbEntity
  8
ASSEM_MEM
100
AcDbLine
 62
2
  6
CONTINUOUS
 10
121.9468168777
 20
140.0832410355
 11
122.1493320424
 21
140.2857562002
  0
LINE
  5
BA3
100
AcDbEntity
  8
ASSEM_MEM
100
AcDbLine
 62
2
  6
CONTINUOUS
 10
122.3093320424
 20
140.4457562002
 11
122.3468168777
 21
140.4832410355
  0
LINE
  5
BA4
100
AcDbEntity
  8
ASSEM_MEM
100
AcDbLine
 62
2
  6
CONTINUOUS
 10
121.4493320424
 20
139.5797258964
 11
121.7528471815
 21
139.8832410355
  0
LINE
  5
BA5
100
AcDbEntity
  8
ASSEM_MEM
100
AcDbLine
 62
2
  6
CONTINUOUS
 10
119.5709380929
 20
137.6832410355
 11
119.7093320424
 21
137.8216349849
  0
LINE
  5
BA6
100
AcDbEntity
  8
ASSEM_MEM
100
AcDbLine
 62
2
  6
CONTINUOUS
 10
119.0093320424
 20
137.1156046811
 11
119.3769683967
 21
137.4832410355
  0
LINE
  5
BA7
100
AcDbEntity
  8
ASSEM_MEM
100
AcDbLine
 62
2
  6
CONTINUOUS
 10
122.5407865739
 20
140.0832410355
 11
122.9407865739
 21
140.4832410355
  0
LINE
  5
BA8
100
AcDbEntity
  8
ASSEM_MEM
100
AcDbLine
 62
2
  6
CONTINUOUS
 10
121.9468168777
 20
139.4832410355
 11
122.1493320424
 21
139.6857562002
  0
LINE
  5
BA9
100
AcDbEntity
  8
ASSEM_MEM
100
AcDbLine
 62
2
  6
CONTINUOUS
 10
122.3093320424
 20
139.8457562002
 11
122.3468168777
 21
139.8832410355
  0
LINE
  5
BAA
100
AcDbEntity
  8
ASSEM_MEM
100
AcDbLine
 62
2
  6
CONTINUOUS
 10
121.4493320424
 20
138.9797258964
 11
121.7528471815
 21
139.2832410355
  0
LINE
  5
BAB
100
AcDbEntity
  8
ASSEM_MEM
100
AcDbLine
 62
2
  6
CONTINUOUS
 10
119.5709380929
 20
137.0832410355
 11
119.7093320424
 21
137.2216349849
  0
LINE
  5
BAC
100
AcDbEntity
  8
ASSEM_MEM
100
AcDbLine
 62
2
  6
CONTINUOUS
 10
122.5407865739
 20
139.4832410355
 11
122.9407865739
 21
139.8832410355
  0
LINE
  5
BAD
100
AcDbEntity
  8
ASSEM_MEM
100
AcDbLine
 62
2
  6
CONTINUOUS
 10
121.9468168777
 20
138.8832410355
 11
122.1493320424
 21
139.0857562002
  0
LINE
  5
BAE
100
AcDbEntity
  8
ASSEM_MEM
100
AcDbLine
 62
2
  6
CONTINUOUS
 10
122.3093320424
 20
139.2457562002
 11
122.3468168777
 21
139.2832410355
  0
LINE
  5
BAF
100
AcDbEntity
  8
ASSEM_MEM
100
AcDbLine
 62
2
  6
CONTINUOUS
 10
121.4493320424
 20
138.3797258964
 11
121.7528471815
 21
138.6832410355
  0
LINE
  5
BB0
100
AcDbEntity
  8
ASSEM_MEM
100
AcDbLine
 62
2
  6
CONTINUOUS
 10
122.5407865739
 20
138.8832410355
 11
122.9407865739
 21
139.2832410355
  0
LINE
  5
BB1
100
AcDbEntity
  8
ASSEM_MEM
100
AcDbLine
 62
2
  6
CONTINUOUS
 10
121.9468168777
 20
138.2832410355
 11
122.1493320424
 21
138.4857562002
  0
LINE
  5
BB2
100
AcDbEntity
  8
ASSEM_MEM
100
AcDbLine
 62
2
  6
CONTINUOUS
 10
122.3093320424
 20
138.6457562002
 11
122.3468168777
 21
138.6832410355
  0
LINE
  5
BB3
100
AcDbEntity
  8
ASSEM_MEM
100
AcDbLine
 62
2
  6
CONTINUOUS
 10
121.4493320424
 20
137.7797258964
 11
121.7528471815
 21
138.0832410355
  0
LINE
  5
BB4
100
AcDbEntity
  8
ASSEM_MEM
100
AcDbLine
 62
2
  6
CONTINUOUS
 10
122.5407865739
 20
138.2832410355
 11
122.9407865739
 21
138.6832410355
  0
LINE
  5
BB5
100
AcDbEntity
  8
ASSEM_MEM
100
AcDbLine
 62
2
  6
CONTINUOUS
 10
121.9468168777
 20
137.6832410355
 11
122.1493320424
 21
137.8857562002
  0
LINE
  5
BB6
100
AcDbEntity
  8
ASSEM_MEM
100
AcDbLine
 62
2
  6
CONTINUOUS
 10
122.3093320424
 20
138.0457562002
 11
122.3468168777
 21
138.0832410355
  0
LINE
  5
BB7
100
AcDbEntity
  8
ASSEM_MEM
100
AcDbLine
 62
2
  6
CONTINUOUS
 10
121.4493320424
 20
137.1797258964
 11
121.7528471815
 21
137.4832410355
  0
LINE
  5
BB8
100
AcDbEntity
  8
ASSEM_MEM
100
AcDbLine
 62
2
  6
CONTINUOUS
 10
128.2043320424
 20
143.4010592382
 11
128.5265138397
 21
143.7232410355
  0
LINE
  5
BB9
100
AcDbEntity
  8
ASSEM_MEM
100
AcDbLine
 62
2
  6
CONTINUOUS
 10
122.5407865739
 20
137.6832410355
 11
122.9407865739
 21
138.0832410355
  0
LINE
  5
BBA
100
AcDbEntity
  8
ASSEM_MEM
100
AcDbLine
 62
2
  6
CONTINUOUS
 10
121.9468168777
 20
137.0832410355
 11
122.1493320424
 21
137.2857562002
  0
LINE
  5
BBB
100
AcDbEntity
  8
ASSEM_MEM
100
AcDbLine
 62
2
  6
CONTINUOUS
 10
122.3093320424
 20
137.4457562002
 11
122.3468168777
 21
137.4832410355
  0
LINE
  5
BBC
100
AcDbEntity
  8
ASSEM_MEM
100
AcDbLine
 62
2
  6
CONTINUOUS
 10
128.7204835359
 20
143.3232410355
 11
128.9043320424
 21
143.507089542
  0
LINE
  5
BBD
100
AcDbEntity
  8
ASSEM_MEM
100
AcDbLine
 62
2
  6
CONTINUOUS
 10
129.0643320424
 20
143.667089542
 11
129.1204835359
 21
143.7232410355
  0
LINE
  5
BBE
100
AcDbEntity
  8
ASSEM_MEM
100
AcDbLine
 62
2
  6
CONTINUOUS
 10
128.2043320424
 20
142.8010592382
 11
128.5265138397
 21
143.1232410355
  0
LINE
  5
BBF
100
AcDbEntity
  8
ASSEM_MEM
100
AcDbLine
 62
2
  6
CONTINUOUS
 10
122.5407865739
 20
137.0832410355
 11
122.9407865739
 21
137.4832410355
  0
LINE
  5
BC0
100
AcDbEntity
  8
ASSEM_MEM
100
AcDbLine
 62
7
  6
CONTINUOUS
 10
122.5932660252
 20
221.7093070527
 11
122.5793320424
 21
221.7232410355
  0
LINE
  5
BC1
100
AcDbEntity
  8
ASSEM_MEM
100
AcDbLine
 62
7
  6
CONTINUOUS
 10
163.1648016446
 20
138.1082410355
 11
163.1781991042
 21
138.0582410355
  0
LINE
  5
BC2
100
AcDbEntity
  8
ASSEM_MEM
100
AcDbLine
 62
7
  6
CONTINUOUS
 10
163.1648016446
 20
138.6082410355
 11
163.1781991042
 21
138.5582410355
  0
LINE
  5
BC3
100
AcDbEntity
  8
ASSEM_MEM
100
AcDbLine
 62
7
  6
CONTINUOUS
 10
163.1781991042
 20
139.0582410355
 11
163.1648016446
 21
139.1082410355
  0
LINE
  5
BC4
100
AcDbEntity
  8
ASSEM_MEM
100
AcDbLine
 62
7
  6
CONTINUOUS
 10
163.1781991042
 20
139.5582410355
 11
163.1648016446
 21
139.6082410355
  0
LINE
  5
BC5
100
AcDbEntity
  8
ASSEM_MEM
100
AcDbLine
 62
7
  6
CONTINUOUS
 10
154.5693320424
 20
202.6232410355
 11
154.5693320424
 21
202.3232410355
  0
LINE
  5
BC6
100
AcDbEntity
  8
ASSEM_MEM
100
AcDbLine
 62
4
  6
CONTINUOUS
 10
157.311587094
 20
138.6532410355
 11
157.311587094
 21
137.6314740338
  0
LINE
  5
BC7
100
AcDbEntity
  8
ASSEM_MEM
100
AcDbLine
 62
4
  6
CONTINUOUS
 10
157.311587094
 20
135.8750080372
 11
157.311587094
 21
134.6532410355
  0
LINE
  5
BC8
100
AcDbEntity
  8
ASSEM_MEM
100
AcDbLine
 62
7
  6
CONTINUOUS
 10
158.2693320424
 20
202.3232410355
 11
158.2693320424
 21
202.6232410355
  0
LINE
  5
BC9
100
AcDbEntity
  8
ASSEM_MEM
100
AcDbLine
 62
2
  6
CONTINUOUS
 10
129.3144532321
 20
143.3232410355
 11
129.7144532321
 21
143.7232410355
  0
LINE
  5
BCA
100
AcDbEntity
  8
ASSEM_MEM
100
AcDbLine
 62
2
  6
CONTINUOUS
 10
128.7204835359
 20
142.7232410355
 11
128.9043320424
 21
142.907089542
  0
LINE
  5
BCB
100
AcDbEntity
  8
ASSEM_MEM
100
AcDbLine
 62
2
  6
CONTINUOUS
 10
129.0643320424
 20
143.067089542
 11
129.1204835359
 21
143.1232410355
  0
LINE
  5
BCC
100
AcDbEntity
  8
ASSEM_MEM
100
AcDbLine
 62
2
  6
CONTINUOUS
 10
128.2043320424
 20
142.2010592382
 11
128.5265138397
 21
142.5232410355
  0
LINE
  5
BCD
100
AcDbEntity
  8
ASSEM_MEM
100
AcDbLine
 62
2
  6
CONTINUOUS
 10
129.3144532321
 20
142.7232410355
 11
129.7144532321
 21
143.1232410355
  0
LINE
  5
BCE
100
AcDbEntity
  8
ASSEM_MEM
100
AcDbLine
 62
2
  6
CONTINUOUS
 10
128.7204835359
 20
142.1232410355
 11
128.9043320424
 21
142.307089542
  0
LINE
  5
BCF
100
AcDbEntity
  8
ASSEM_MEM
100
AcDbLine
 62
2
  6
CONTINUOUS
 10
129.0643320424
 20
142.467089542
 11
129.1204835359
 21
142.5232410355
  0
LINE
  5
BD0
100
AcDbEntity
  8
ASSEM_MEM
100
AcDbLine
 62
2
  6
CONTINUOUS
 10
128.2043320424
 20
141.6010592382
 11
128.5265138397
 21
141.9232410355
  0
LINE
  5
BD1
100
AcDbEntity
  8
ASSEM_MEM
100
AcDbLine
 62
2
  6
CONTINUOUS
 10
129.3144532321
 20
142.1232410355
 11
129.7144532321
 21
142.5232410355
  0
LINE
  5
BD2
100
AcDbEntity
  8
ASSEM_MEM
100
AcDbLine
 62
2
  6
CONTINUOUS
 10
128.7204835359
 20
141.5232410355
 11
128.9043320424
 21
141.707089542
  0
LINE
  5
BD3
100
AcDbEntity
  8
ASSEM_MEM
100
AcDbLine
 62
2
  6
CONTINUOUS
 10
129.0643320424
 20
141.867089542
 11
129.1204835359
 21
141.9232410355
  0
LINE
  5
BD4
100
AcDbEntity
  8
ASSEM_MEM
100
AcDbLine
 62
2
  6
CONTINUOUS
 10
128.2043320424
 20
141.0010592382
 11
128.5265138397
 21
141.3232410355
  0
LINE
  5
BD5
100
AcDbEntity
  8
ASSEM_MEM
100
AcDbLine
 62
2
  6
CONTINUOUS
 10
129.3144532321
 20
141.5232410355
 11
129.7144532321
 21
141.9232410355
  0
LINE
  5
BD6
100
AcDbEntity
  8
ASSEM_MEM
100
AcDbLine
 62
2
  6
CONTINUOUS
 10
128.7204835359
 20
140.9232410355
 11
128.9043320424
 21
141.107089542
  0
LINE
  5
BD7
100
AcDbEntity
  8
ASSEM_MEM
100
AcDbLine
 62
2
  6
CONTINUOUS
 10
129.0643320424
 20
141.267089542
 11
129.1204835359
 21
141.3232410355
  0
LINE
  5
BD8
100
AcDbEntity
  8
ASSEM_MEM
100
AcDbLine
 62
2
  6
CONTINUOUS
 10
128.2043320424
 20
140.4010592382
 11
128.5265138397
 21
140.7232410355
  0
LINE
  5
BD9
100
AcDbEntity
  8
ASSEM_MEM
100
AcDbLine
 62
2
  6
CONTINUOUS
 10
131.6903320169
 20
143.3232410355
 11
132.0903320169
 21
143.7232410355
  0
LINE
  5
BDA
100
AcDbEntity
  8
ASSEM_MEM
100
AcDbLine
 62
2
  6
CONTINUOUS
 10
129.3144532321
 20
140.9232410355
 11
129.7144532321
 21
141.3232410355
  0
LINE
  5
BDB
100
AcDbEntity
  8
ASSEM_MEM
100
AcDbLine
 62
2
  6
CONTINUOUS
 10
128.7204835359
 20
140.3232410355
 11
128.9043320424
 21
140.507089542
  0
LINE
  5
BDC
100
AcDbEntity
  8
ASSEM_MEM
100
AcDbLine
 62
2
  6
CONTINUOUS
 10
129.0643320424
 20
140.667089542
 11
129.1204835359
 21
140.7232410355
  0
LINE
  5
BDD
100
AcDbEntity
  8
ASSEM_MEM
100
AcDbLine
 62
2
  6
CONTINUOUS
 10
128.2043320424
 20
139.8010592382
 11
128.5265138397
 21
140.1232410355
  0
LINE
  5
BDE
100
AcDbEntity
  8
ASSEM_MEM
100
AcDbLine
 62
2
  6
CONTINUOUS
 10
132.3643320424
 20
143.4010592382
 11
132.6865138397
 21
143.7232410355
  0
LINE
  5
BDF
100
AcDbEntity
  8
ASSEM_MEM
100
AcDbLine
 62
2
  6
CONTINUOUS
 10
131.6903320169
 20
142.7232410355
 11
132.0903320169
 21
143.1232410355
  0
LINE
  5
BE0
100
AcDbEntity
  8
ASSEM_MEM
100
AcDbLine
 62
2
  6
CONTINUOUS
 10
129.3144532321
 20
140.3232410355
 11
129.7144532321
 21
140.7232410355
  0
LINE
  5
BE1
100
AcDbEntity
  8
ASSEM_MEM
100
AcDbLine
 62
2
  6
CONTINUOUS
 10
128.7204835359
 20
139.7232410355
 11
128.9043320424
 21
139.907089542
  0
LINE
  5
BE2
100
AcDbEntity
  8
ASSEM_MEM
100
AcDbLine
 62
2
  6
CONTINUOUS
 10
129.0643320424
 20
140.067089542
 11
129.1204835359
 21
140.1232410355
  0
LINE
  5
BE3
100
AcDbEntity
  8
ASSEM_MEM
100
AcDbLine
 62
2
  6
CONTINUOUS
 10
128.2043320424
 20
139.2010592382
 11
128.5265138397
 21
139.5232410355
  0
LINE
  5
BE4
100
AcDbEntity
  8
ASSEM_MEM
100
AcDbLine
 62
2
  6
CONTINUOUS
 10
132.3643320424
 20
142.807089542
 11
132.6804835359
 21
143.1232410355
  0
LINE
  5
BE5
100
AcDbEntity
  8
ASSEM_MEM
100
AcDbLine
 62
2
  6
CONTINUOUS
 10
132.8804835359
 20
143.3232410355
 11
133.0643320424
 21
143.507089542
  0
LINE
  5
BE6
100
AcDbEntity
  8
ASSEM_MEM
100
AcDbLine
 62
2
  6
CONTINUOUS
 10
131.6903320169
 20
142.1232410355
 11
132.0903320169
 21
142.5232410355
  0
LINE
  5
BE7
100
AcDbEntity
  8
ASSEM_MEM
100
AcDbLine
 62
2
  6
CONTINUOUS
 10
129.3144532321
 20
139.7232410355
 11
129.7144532321
 21
140.1232410355
  0
LINE
  5
BE8
100
AcDbEntity
  8
ASSEM_MEM
100
AcDbLine
 62
2
  6
CONTINUOUS
 10
128.7204835359
 20
139.1232410355
 11
128.9043320424
 21
139.307089542
  0
LINE
  5
BE9
100
AcDbEntity
  8
ASSEM_MEM
100
AcDbLine
 62
2
  6
CONTINUOUS
 10
129.0643320424
 20
139.467089542
 11
129.1204835359
 21
139.5232410355
  0
LINE
  5
BEA
100
AcDbEntity
  8
ASSEM_MEM
100
AcDbLine
 62
2
  6
CONTINUOUS
 10
128.2043320424
 20
138.6010592382
 11
128.5265138397
 21
138.9232410355
  0
LINE
  5
BEB
100
AcDbEntity
  8
ASSEM_MEM
100
AcDbLine
 62
2
  6
CONTINUOUS
 10
132.8744532321
 20
142.7232410355
 11
133.0643320424
 21
142.9131198458
  0
LINE
  5
BEC
100
AcDbEntity
  8
ASSEM_MEM
100
AcDbLine
 62
2
  6
CONTINUOUS
 10
131.6903320169
 20
141.5232410355
 11
132.0903320169
 21
141.9232410355
  0
LINE
  5
BED
100
AcDbEntity
  8
ASSEM_MEM
100
AcDbLine
 62
2
  6
CONTINUOUS
 10
129.3144532321
 20
139.1232410355
 11
129.7144532321
 21
139.5232410355
  0
LINE
  5
BEE
100
AcDbEntity
  8
ASSEM_MEM
100
AcDbLine
 62
2
  6
CONTINUOUS
 10
128.7204835359
 20
138.5232410355
 11
128.9043320424
 21
138.707089542
  0
LINE
  5
BEF
100
AcDbEntity
  8
ASSEM_MEM
100
AcDbLine
 62
2
  6
CONTINUOUS
 10
129.0643320424
 20
138.867089542
 11
129.1204835359
 21
138.9232410355
  0
LINE
  5
BF0
100
AcDbEntity
  8
ASSEM_MEM
100
AcDbLine
 62
2
  6
CONTINUOUS
 10
128.2043320424
 20
138.0010592382
 11
128.5265138397
 21
138.3232410355
  0
LINE
  5
BF1
100
AcDbEntity
  8
ASSEM_MEM
100
AcDbLine
 62
2
  6
CONTINUOUS
 10
131.6903320169
 20
140.9232410355
 11
132.0903320169
 21
141.3232410355
  0
LINE
  5
BF2
100
AcDbEntity
  8
ASSEM_MEM
100
AcDbLine
 62
2
  6
CONTINUOUS
 10
129.3144532321
 20
138.5232410355
 11
129.7144532321
 21
138.9232410355
  0
LINE
  5
BF3
100
AcDbEntity
  8
ASSEM_MEM
100
AcDbLine
 62
2
  6
CONTINUOUS
 10
128.7204835359
 20
137.9232410355
 11
128.9043320424
 21
138.107089542
  0
LINE
  5
BF4
100
AcDbEntity
  8
ASSEM_MEM
100
AcDbLine
 62
2
  6
CONTINUOUS
 10
129.0643320424
 20
138.267089542
 11
129.1204835359
 21
138.3232410355
  0
LINE
  5
BF5
100
AcDbEntity
  8
ASSEM_MEM
100
AcDbLine
 62
2
  6
CONTINUOUS
 10
128.2043320424
 20
137.4010592382
 11
128.5265138397
 21
137.7232410355
  0
LINE
  5
BF6
100
AcDbEntity
  8
ASSEM_MEM
100
AcDbLine
 62
2
  6
CONTINUOUS
 10
134.8043320424
 20
143.4651804534
 11
135.0623926245
 21
143.7232410355
  0
LINE
  5
BF7
100
AcDbEntity
  8
ASSEM_MEM
100
AcDbLine
 62
2
  6
CONTINUOUS
 10
131.6903320169
 20
140.3232410355
 11
132.0903320169
 21
140.7232410355
  0
LINE
  5
BF8
100
AcDbEntity
  8
ASSEM_MEM
100
AcDbLine
 62
2
  6
CONTINUOUS
 10
129.3144532321
 20
137.9232410355
 11
129.7144532321
 21
138.3232410355
  0
LINE
  5
BF9
100
AcDbEntity
  8
ASSEM_MEM
100
AcDbLine
 62
2
  6
CONTINUOUS
 10
128.7204835359
 20
137.3232410355
 11
128.9043320424
 21
137.507089542
  0
LINE
  5
BFA
100
AcDbEntity
  8
ASSEM_MEM
100
AcDbLine
 62
2
  6
CONTINUOUS
 10
129.0643320424
 20
137.667089542
 11
129.1204835359
 21
137.7232410355
  0
LINE
  5
BFB
100
AcDbEntity
  8
ASSEM_MEM
100
AcDbLine
 62
2
  6
CONTINUOUS
 10
134.8043320424
 20
142.8712107572
 11
135.0563623207
 21
143.1232410355
  0
LINE
  5
BFC
100
AcDbEntity
  8
ASSEM_MEM
100
AcDbLine
 62
2
  6
CONTINUOUS
 10
135.2563623207
 20
143.3232410355
 11
135.5043320424
 21
143.5712107572
  0
LINE
  5
BFD
100
AcDbEntity
  8
ASSEM_MEM
100
AcDbLine
 62
2
  6
CONTINUOUS
 10
131.6903320169
 20
139.7232410355
 11
132.0903320169
 21
140.1232410355
  0
LINE
  5
BFE
100
AcDbEntity
  8
ASSEM_MEM
100
AcDbLine
 62
2
  6
CONTINUOUS
 10
129.3144532321
 20
137.3232410355
 11
129.7144532321
 21
137.7232410355
  0
LINE
  5
BFF
100
AcDbEntity
  8
ASSEM_MEM
100
AcDbLine
 62
2
  6
CONTINUOUS
 10
135.8481198903
 20
143.3232410355
 11
136.2481198903
 21
143.7232410355
  0
LINE
  5
C00
100
AcDbEntity
  8
ASSEM_MEM
100
AcDbLine
 62
2
  6
CONTINUOUS
 10
135.2503320169
 20
142.7232410355
 11
135.5043320424
 21
142.977241061
  0
LINE
  5
C01
100
AcDbEntity
  8
ASSEM_MEM
100
AcDbLine
 62
7
  6
CONTINUOUS
 10
164.6718852288
 20
140.2234764481
 11
164.6803958661
 21
140.1818097854
  0
LINE
  5
C02
100
AcDbEntity
  8
ASSEM_MEM
100
AcDbLine
 62
7
  6
CONTINUOUS
 10
164.98677885
 20
140.2234764481
 11
164.9782682127
 21
140.2651431108
  0
LINE
  5
C03
100
AcDbEntity
  8
ASSEM_MEM
100
AcDbLine
 62
7
  6
CONTINUOUS
 10
164.6378426797
 20
140.1734764481
 11
164.6293320424
 21
140.2234764481
  0
LINE
  5
C04
100
AcDbEntity
  8
ASSEM_MEM
100
AcDbLine
 62
7
  6
CONTINUOUS
 10
165.0208214044
 20
140.2734764481
 11
165.0293320424
 21
140.2234764481
  0
LINE
  5
C05
100
AcDbEntity
  8
ASSEM_MEM
100
AcDbLine
 62
7
420
48875
  6
CONTINUOUS
 10
159.7793320424
 20
138.0532410355
 11
159.7793320424
 21
138.3532410355
  0
LINE
  5
C06
100
AcDbEntity
  8
ASSEM_MEM
100
AcDbLine
 62
7
420
48875
  6
CONTINUOUS
 10
159.7793320424
 20
139.5532410355
 11
159.7793320424
 21
139.8532410355
  0
LINE
  5
C07
100
AcDbEntity
  8
ASSEM_MEM
100
AcDbLine
 62
7
  6
CONTINUOUS
 10
160.1793320424
 20
138.1282410355
 11
160.1793320424
 21
138.2782410355
  0
LINE
  5
C08
100
AcDbEntity
  8
ASSEM_MEM
100
AcDbLine
 62
7
  6
CONTINUOUS
 10
160.1793320424
 20
138.6282410355
 11
160.1793320424
 21
138.7782410355
  0
LINE
  5
C09
100
AcDbEntity
  8
ASSEM_MEM
100
AcDbLine
 62
7
  6
CONTINUOUS
 10
160.1793320424
 20
139.1282410355
 11
160.1793320424
 21
139.2782410355
  0
LINE
  5
C0A
100
AcDbEntity
  8
ASSEM_MEM
100
AcDbLine
 62
7
  6
CONTINUOUS
 10
160.1793320424
 20
139.6282410355
 11
160.1793320424
 21
139.7782410355
  0
LINE
  5
C0B
100
AcDbEntity
  8
ASSEM_MEM
100
AcDbLine
 62
9
  6
CONTINUOUS
 10
160.2793320424
 20
139.7782410355
 11
160.2793320424
 21
139.6282410355
  0
LINE
  5
C0C
100
AcDbEntity
  8
ASSEM_MEM
100
AcDbLine
 62
9
  6
CONTINUOUS
 10
160.2793320424
 20
139.2782410355
 11
160.2793320424
 21
139.1282410355
  0
LINE
  5
C0D
100
AcDbEntity
  8
ASSEM_MEM
100
AcDbLine
 62
9
  6
CONTINUOUS
 10
160.2793320424
 20
138.7782410355
 11
160.2793320424
 21
138.6282410355
  0
LINE
  5
C0E
100
AcDbEntity
  8
ASSEM_MEM
100
AcDbLine
 62
9
  6
CONTINUOUS
 10
160.2793320424
 20
138.2782410355
 11
160.2793320424
 21
138.1282410355
  0
LINE
  5
C0F
100
AcDbEntity
  8
ASSEM_MEM
100
AcDbLine
 62
9
  6
CONTINUOUS
 10
160.5693320424
 20
138.1282410355
 11
160.5693320424
 21
138.2782410355
  0
LINE
  5
C10
100
AcDbEntity
  8
ASSEM_MEM
100
AcDbLine
 62
9
  6
CONTINUOUS
 10
160.5693320424
 20
138.6282410355
 11
160.5693320424
 21
138.7782410355
  0
LINE
  5
C11
100
AcDbEntity
  8
ASSEM_MEM
100
AcDbLine
 62
9
  6
CONTINUOUS
 10
160.5693320424
 20
139.1282410355
 11
160.5693320424
 21
139.2782410355
  0
LINE
  5
C12
100
AcDbEntity
  8
ASSEM_MEM
100
AcDbLine
 62
9
  6
CONTINUOUS
 10
160.5693320424
 20
139.6282410355
 11
160.5693320424
 21
139.7782410355
  0
LINE
  5
C13
100
AcDbEntity
  8
ASSEM_MEM
100
AcDbLine
 62
9
  6
CONTINUOUS
 10
160.6259005849
 20
139.7782410355
 11
160.6259005849
 21
139.6282410355
  0
LINE
  5
C14
100
AcDbEntity
  8
ASSEM_MEM
100
AcDbLine
 62
9
  6
CONTINUOUS
 10
160.6259005849
 20
139.2782410355
 11
160.6259005849
 21
139.1282410355
  0
LINE
  5
C15
100
AcDbEntity
  8
ASSEM_MEM
100
AcDbLine
 62
9
  6
CONTINUOUS
 10
160.6259005849
 20
138.7782410355
 11
160.6259005849
 21
138.6282410355
  0
LINE
  5
C16
100
AcDbEntity
  8
ASSEM_MEM
100
AcDbLine
 62
9
  6
CONTINUOUS
 10
160.6259005849
 20
138.2782410355
 11
160.6259005849
 21
138.1282410355
  0
LINE
  5
C17
100
AcDbEntity
  8
ASSEM_MEM
100
AcDbLine
 62
7
  6
CONTINUOUS
 10
160.8293320424
 20
138.1632410355
 11
160.8293320424
 21
138.2432410355
  0
LINE
  5
C18
100
AcDbEntity
  8
ASSEM_MEM
100
AcDbLine
 62
7
  6
CONTINUOUS
 10
160.8293320424
 20
138.6632410355
 11
160.8293320424
 21
138.7432410355
  0
LINE
  5
C19
100
AcDbEntity
  8
ASSEM_MEM
100
AcDbLine
 62
7
  6
CONTINUOUS
 10
160.8293320424
 20
139.1632410355
 11
160.8293320424
 21
139.2432410355
  0
LINE
  5
C1A
100
AcDbEntity
  8
ASSEM_MEM
100
AcDbLine
 62
7
  6
CONTINUOUS
 10
160.8293320424
 20
139.6632410355
 11
160.8293320424
 21
139.7432410355
  0
LINE
  5
C1B
100
AcDbEntity
  8
ASSEM_MEM
100
AcDbLine
 62
9
  6
CONTINUOUS
 10
160.8559005849
 20
138.1282410355
 11
160.8559005849
 21
138.136672493
  0
LINE
  5
C1C
100
AcDbEntity
  8
ASSEM_MEM
100
AcDbLine
 62
9
  6
CONTINUOUS
 10
160.8559005849
 20
138.269809578
 11
160.8559005849
 21
138.2782410355
  0
LINE
  5
C1D
100
AcDbEntity
  8
ASSEM_MEM
100
AcDbLine
 62
9
  6
CONTINUOUS
 10
160.8559005849
 20
138.6282410355
 11
160.8559005849
 21
138.636672493
  0
LINE
  5
C1E
100
AcDbEntity
  8
ASSEM_MEM
100
AcDbLine
 62
9
  6
CONTINUOUS
 10
160.8559005849
 20
138.769809578
 11
160.8559005849
 21
138.7782410355
  0
LINE
  5
C1F
100
AcDbEntity
  8
ASSEM_MEM
100
AcDbLine
 62
9
  6
CONTINUOUS
 10
160.8559005849
 20
139.1282410355
 11
160.8559005849
 21
139.136672493
  0
LINE
  5
C20
100
AcDbEntity
  8
ASSEM_MEM
100
AcDbLine
 62
9
  6
CONTINUOUS
 10
160.8559005849
 20
139.269809578
 11
160.8559005849
 21
139.2782410355
  0
LINE
  5
C21
100
AcDbEntity
  8
ASSEM_MEM
100
AcDbLine
 62
9
  6
CONTINUOUS
 10
160.8559005849
 20
139.6282410355
 11
160.8559005849
 21
139.636672493
  0
LINE
  5
C22
100
AcDbEntity
  8
ASSEM_MEM
100
AcDbLine
 62
9
  6
CONTINUOUS
 10
160.8559005849
 20
139.769809578
 11
160.8559005849
 21
139.7782410355
  0
LINE
  5
C23
100
AcDbEntity
  8
ASSEM_MEM
100
AcDbLine
 62
7
420
48875
  6
CONTINUOUS
 10
160.8793320424
 20
139.8532410355
 11
160.8793320424
 21
139.7782410355
  0
LINE
  5
C24
100
AcDbEntity
  8
ASSEM_MEM
100
AcDbLine
 62
7
420
48875
  6
CONTINUOUS
 10
160.8793320424
 20
139.6282410355
 11
160.8793320424
 21
139.5532410355
  0
LINE
  5
C25
100
AcDbEntity
  8
ASSEM_MEM
100
AcDbLine
 62
7
  6
CONTINUOUS
 10
160.8793320424
 20
138.7782410355
 11
160.8793320424
 21
138.6282410355
  0
LINE
  5
C26
100
AcDbEntity
  8
ASSEM_MEM
100
AcDbLine
 62
7
  6
CONTINUOUS
 10
160.8793320424
 20
138.2782410355
 11
160.8793320424
 21
138.1282410355
  0
LINE
  5
C27
100
AcDbEntity
  8
ASSEM_MEM
100
AcDbLine
 62
7
420
48875
  6
CONTINUOUS
 10
160.8793320424
 20
138.3532410355
 11
160.8793320424
 21
138.2782410355
  0
LINE
  5
C28
100
AcDbEntity
  8
ASSEM_MEM
100
AcDbLine
 62
7
420
48875
  6
CONTINUOUS
 10
160.8793320424
 20
138.1282410355
 11
160.8793320424
 21
138.0532410355
  0
LINE
  5
C29
100
AcDbEntity
  8
ASSEM_MEM
100
AcDbLine
 62
7
  6
CONTINUOUS
 10
160.8793320424
 20
139.1282410355
 11
160.8793320424
 21
139.2782410355
  0
LINE
  5
C2A
100
AcDbEntity
  8
ASSEM_MEM
100
AcDbLine
 62
7
  6
CONTINUOUS
 10
160.8793320424
 20
139.6282410355
 11
160.8793320424
 21
139.7782410355
  0
LINE
  5
C2B
100
AcDbEntity
  8
ASSEM_MEM
100
AcDbLine
 62
7
  6
CONTINUOUS
 10
161.0293320424
 20
136.2532410355
 11
161.0293320424
 21
141.6532410355
  0
LINE
  5
C2C
100
AcDbEntity
  8
ASSEM_MEM
100
AcDbLine
 62
7
420
48875
  6
CONTINUOUS
 10
162.4793320424
 20
135.6032410355
 11
162.4793320424
 21
136.2532410355
  0
LINE
  5
C2D
100
AcDbEntity
  8
ASSEM_MEM
100
AcDbLine
 62
7
420
48875
  6
CONTINUOUS
 10
162.4793320424
 20
141.6532410355
 11
162.4793320424
 21
142.3032410355
  0
LINE
  5
C2E
100
AcDbEntity
  8
ASSEM_MEM
100
AcDbLine
 62
7
  6
CONTINUOUS
 10
162.5093320424
 20
137.3032410355
 11
162.5093320424
 21
136.5532410355
  0
LINE
  5
C2F
100
AcDbEntity
  8
ASSEM_MEM
100
AcDbLine
 62
7
  6
CONTINUOUS
 10
162.5093320424
 20
140.6032410355
 11
162.5093320424
 21
141.3532410355
  0
LINE
  5
C30
100
AcDbEntity
  8
ASSEM_MEM
100
AcDbLine
 62
9
  6
CONTINUOUS
 10
162.5727188436
 20
136.6632410355
 11
162.5727188436
 21
136.8132410355
  0
LINE
  5
C31
100
AcDbEntity
  8
ASSEM_MEM
100
AcDbLine
 62
9
  6
CONTINUOUS
 10
162.5727188436
 20
141.0932410355
 11
162.5727188436
 21
141.2432410355
  0
LINE
  5
C32
100
AcDbEntity
  8
ASSEM_MEM
100
AcDbLine
 62
9
  6
CONTINUOUS
 10
162.6069208579
 20
141.2432410355
 11
162.6069208579
 21
141.0932410355
  0
LINE
  5
C33
100
AcDbEntity
  8
ASSEM_MEM
100
AcDbLine
 62
9
  6
CONTINUOUS
 10
162.6069208579
 20
136.8132410355
 11
162.6069208579
 21
136.6632410355
  0
LINE
  5
C34
100
AcDbEntity
  8
ASSEM_MEM
100
AcDbLine
 62
7
  6
CONTINUOUS
 10
162.6793320424
 20
141.2532387506
 11
162.6793320424
 21
141.2432410355
  0
LINE
  5
C35
100
AcDbEntity
  8
ASSEM_MEM
100
AcDbLine
 62
7
  6
CONTINUOUS
 10
162.6793320424
 20
141.0932410355
 11
162.6793320424
 21
141.0832410355
  0
LINE
  5
C36
100
AcDbEntity
  8
ASSEM_MEM
100
AcDbLine
 62
7
  6
CONTINUOUS
 10
162.6793320424
 20
140.6032410355
 11
162.6793320424
 21
137.3032410355
  0
LINE
  5
C37
100
AcDbEntity
  8
ASSEM_MEM
100
AcDbLine
 62
7
  6
CONTINUOUS
 10
162.6793320424
 20
136.6532433204
 11
162.6793320424
 21
136.6632410355
  0
LINE
  5
C38
100
AcDbEntity
  8
ASSEM_MEM
100
AcDbLine
 62
7
  6
CONTINUOUS
 10
162.6793320424
 20
136.8132410355
 11
162.6793320424
 21
136.8232410355
  0
LINE
  5
C39
100
AcDbEntity
  8
ASSEM_MEM
100
AcDbLine
 62
7
  6
CONTINUOUS
 10
162.9093320424
 20
141.2532410355
 11
162.9093320424
 21
141.2432410355
  0
LINE
  5
C3A
100
AcDbEntity
  8
ASSEM_MEM
100
AcDbLine
 62
7
  6
CONTINUOUS
 10
162.9093320424
 20
136.6632410355
 11
162.9093320424
 21
136.6532410355
  0
LINE
  5
C3B
100
AcDbEntity
  8
ASSEM_MEM
100
AcDbLine
 62
7
  6
CONTINUOUS
 10
162.9093320424
 20
135.7532410355
 11
162.9093320424
 21
136.2532410355
  0
LINE
  5
C3C
100
AcDbEntity
  8
ASSEM_MEM
100
AcDbLine
 62
7
  6
CONTINUOUS
 10
162.9093320424
 20
141.6532410355
 11
162.9093320424
 21
142.1532410355
  0
LINE
  5
C3D
100
AcDbEntity
  8
ASSEM_MEM
100
AcDbLine
 62
7
  6
CONTINUOUS
 10
163.0293320424
 20
137.0732410355
 11
163.0293320424
 21
136.5832410355
  0
LINE
  5
C3E
100
AcDbEntity
  8
ASSEM_MEM
100
AcDbLine
 62
7
  6
CONTINUOUS
 10
163.0293320424
 20
140.8332410355
 11
163.0293320424
 21
141.3232410355
  0
LINE
  5
C3F
100
AcDbEntity
  8
ASSEM_MEM
100
AcDbLine
 62
7
  6
CONTINUOUS
 10
163.0535760424
 20
140.1082410355
 11
163.0535760424
 21
139.7782410355
  0
LINE
  5
C40
100
AcDbEntity
  8
ASSEM_MEM
100
AcDbLine
 62
7
  6
CONTINUOUS
 10
163.0535760424
 20
139.6282410355
 11
163.0535760424
 21
139.2782410355
  0
LINE
  5
C41
100
AcDbEntity
  8
ASSEM_MEM
100
AcDbLine
 62
7
  6
CONTINUOUS
 10
163.0535760424
 20
139.1282410355
 11
163.0535760424
 21
138.7782410355
  0
LINE
  5
C42
100
AcDbEntity
  8
ASSEM_MEM
100
AcDbLine
 62
7
  6
CONTINUOUS
 10
163.0535760424
 20
138.6282410355
 11
163.0535760424
 21
138.2782410355
  0
LINE
  5
C43
100
AcDbEntity
  8
ASSEM_MEM
100
AcDbLine
 62
7
  6
CONTINUOUS
 10
163.0535760424
 20
138.1282410355
 11
163.0535760424
 21
137.7982410355
  0
LINE
  5
C44
100
AcDbEntity
  8
ASSEM_MEM
100
AcDbLine
 62
9
  6
CONTINUOUS
 10
163.0593320424
 20
142.1532410355
 11
163.0593320424
 21
142.0032410355
  0
LINE
  5
C45
100
AcDbEntity
  8
ASSEM_MEM
100
AcDbLine
 62
9
  6
CONTINUOUS
 10
163.0593320424
 20
135.9032410355
 11
163.0593320424
 21
135.7532410355
  0
LINE
  5
C46
100
AcDbEntity
  8
ASSEM_MEM
100
AcDbLine
 62
7
  6
CONTINUOUS
 10
163.1580152115
 20
141.3232410355
 11
163.1580152115
 21
140.8734334144
  0
LINE
  5
C47
100
AcDbEntity
  8
ASSEM_MEM
100
AcDbLine
 62
7
  6
CONTINUOUS
 10
163.1580152115
 20
136.5832410355
 11
163.1580152115
 21
137.0330486566
  0
LINE
  5
C48
100
AcDbEntity
  8
ASSEM_MEM
100
AcDbLine
 62
7
  6
CONTINUOUS
 10
163.1595840424
 20
140.8332410355
 11
163.1595840424
 21
140.1082410355
  0
LINE
  5
C49
100
AcDbEntity
  8
ASSEM_MEM
100
AcDbLine
 62
7
  6
CONTINUOUS
 10
163.1595840424
 20
137.0732410355
 11
163.1595840424
 21
137.7982410355
  0
LINE
  5
C4A
100
AcDbEntity
  8
ASSEM_MEM
100
AcDbLine
 62
7
  6
CONTINUOUS
 10
163.1648016446
 20
138.6282410355
 11
163.1648016446
 21
138.6082410355
  0
LINE
  5
C4B
100
AcDbEntity
  8
ASSEM_MEM
100
AcDbLine
 62
7
  6
CONTINUOUS
 10
163.1648016446
 20
138.7982410355
 11
163.1648016446
 21
138.7782410355
  0
LINE
  5
C4C
100
AcDbEntity
  8
ASSEM_MEM
100
AcDbLine
 62
7
  6
CONTINUOUS
 10
163.1648016446
 20
138.1282410355
 11
163.1648016446
 21
138.1082410355
  0
LINE
  5
C4D
100
AcDbEntity
  8
ASSEM_MEM
100
AcDbLine
 62
7
  6
CONTINUOUS
 10
163.1648016446
 20
138.2982410355
 11
163.1648016446
 21
138.2782410355
  0
LINE
  5
C4E
100
AcDbEntity
  8
ASSEM_MEM
100
AcDbLine
 62
7
  6
CONTINUOUS
 10
163.1648016446
 20
139.2782410355
 11
163.1648016446
 21
139.2982410355
  0
LINE
  5
C4F
100
AcDbEntity
  8
ASSEM_MEM
100
AcDbLine
 62
7
  6
CONTINUOUS
 10
163.1648016446
 20
139.1082410355
 11
163.1648016446
 21
139.1282410355
  0
LINE
  5
C50
100
AcDbEntity
  8
ASSEM_MEM
100
AcDbLine
 62
7
  6
CONTINUOUS
 10
163.1648016446
 20
139.6082410355
 11
163.1648016446
 21
139.6282410355
  0
LINE
  5
C51
100
AcDbEntity
  8
ASSEM_MEM
100
AcDbLine
 62
7
  6
CONTINUOUS
 10
163.1648016446
 20
139.7782410355
 11
163.1648016446
 21
139.7982410355
  0
LINE
  5
C52
100
AcDbEntity
  8
ASSEM_MEM
100
AcDbLine
 62
7
  6
CONTINUOUS
 10
163.1781991042
 20
140.1082410355
 11
163.1781991042
 21
139.8482410355
  0
LINE
  5
C53
100
AcDbEntity
  8
ASSEM_MEM
100
AcDbLine
 62
7
  6
CONTINUOUS
 10
163.1781991042
 20
139.5582410355
 11
163.1781991042
 21
139.3482410355
  0
LINE
  5
C54
100
AcDbEntity
  8
ASSEM_MEM
100
AcDbLine
 62
7
  6
CONTINUOUS
 10
163.1781991042
 20
137.7982410355
 11
163.1781991042
 21
138.0582410355
  0
LINE
  5
C55
100
AcDbEntity
  8
ASSEM_MEM
100
AcDbLine
 62
7
  6
CONTINUOUS
 10
163.1781991042
 20
138.3482410355
 11
163.1781991042
 21
138.5582410355
  0
LINE
  5
C56
100
AcDbEntity
  8
ASSEM_MEM
100
AcDbLine
 62
7
  6
CONTINUOUS
 10
163.1781991042
 20
138.8482410355
 11
163.1781991042
 21
139.0582410355
  0
LINE
  5
C57
100
AcDbEntity
  8
ASSEM_MEM
100
AcDbLine
 62
7
  6
CONTINUOUS
 10
163.2480748327
 20
140.8332410355
 11
163.2480748327
 21
140.1082410355
  0
LINE
  5
C58
100
AcDbEntity
  8
ASSEM_MEM
100
AcDbLine
 62
7
  6
CONTINUOUS
 10
163.2480748327
 20
137.0732410355
 11
163.2480748327
 21
137.7982410355
  0
LINE
  5
C59
100
AcDbEntity
  8
ASSEM_MEM
100
AcDbLine
 62
9
  6
CONTINUOUS
 10
163.4124069647
 20
138.1282410355
 11
163.4124069647
 21
138.2782410355
  0
LINE
  5
C5A
100
AcDbEntity
  8
ASSEM_MEM
100
AcDbLine
 62
9
  6
CONTINUOUS
 10
163.4124069647
 20
138.6282410355
 11
163.4124069647
 21
138.7782410355
  0
LINE
  5
C5B
100
AcDbEntity
  8
ASSEM_MEM
100
AcDbLine
 62
9
  6
CONTINUOUS
 10
163.4124069647
 20
139.1282410355
 11
163.4124069647
 21
139.2782410355
  0
LINE
  5
C5C
100
AcDbEntity
  8
ASSEM_MEM
100
AcDbLine
 62
9
  6
CONTINUOUS
 10
163.4124069647
 20
139.6282410355
 11
163.4124069647
 21
139.7782410355
  0
LINE
  5
C5D
100
AcDbEntity
  8
ASSEM_MEM
100
AcDbLine
 62
7
  6
CONTINUOUS
 10
163.4724069647
 20
139.7782410355
 11
163.4724069647
 21
139.6282410355
  0
LINE
  5
C5E
100
AcDbEntity
  8
ASSEM_MEM
100
AcDbLine
 62
7
  6
CONTINUOUS
 10
163.4724069647
 20
139.2782410355
 11
163.4724069647
 21
139.1282410355
  0
LINE
  5
C5F
100
AcDbEntity
  8
ASSEM_MEM
100
AcDbLine
 62
7
  6
CONTINUOUS
 10
163.4724069647
 20
138.7782410355
 11
163.4724069647
 21
138.6282410355
  0
LINE
  5
C60
100
AcDbEntity
  8
ASSEM_MEM
100
AcDbLine
 62
7
  6
CONTINUOUS
 10
163.4724069647
 20
138.2782410355
 11
163.4724069647
 21
138.1282410355
  0
LINE
  5
C61
100
AcDbEntity
  8
ASSEM_MEM
100
AcDbLine
 62
7
  6
CONTINUOUS
 10
172.5306487443
 20
215.1071911414
 11
172.9280153404
 21
216.2992909297
  0
LINE
  5
C62
100
AcDbEntity
  8
ASSEM_MEM
100
AcDbLine
 62
2
  6
CONTINUOUS
 10
131.6903320169
 20
139.1232410355
 11
132.0903320169
 21
139.5232410355
  0
LINE
  5
C63
100
AcDbEntity
  8
ASSEM_MEM
100
AcDbLine
 62
2
  6
CONTINUOUS
 10
135.8481198903
 20
142.7232410355
 11
136.2481198903
 21
143.1232410355
  0
LINE
  5
C64
100
AcDbEntity
  8
ASSEM_MEM
100
AcDbLine
 62
2
  6
CONTINUOUS
 10
131.6903320169
 20
138.5232410355
 11
132.0903320169
 21
138.9232410355
  0
LINE
  5
C65
100
AcDbEntity
  8
ASSEM_MEM
100
AcDbLine
 62
2
  6
CONTINUOUS
 10
135.8481198903
 20
142.1232410355
 11
136.2481198903
 21
142.5232410355
  0
LINE
  5
C66
100
AcDbEntity
  8
ASSEM_MEM
100
AcDbLine
 62
2
  6
CONTINUOUS
 10
131.6903320169
 20
137.9232410355
 11
132.0903320169
 21
138.3232410355
  0
LINE
  5
C67
100
AcDbEntity
  8
ASSEM_MEM
100
AcDbLine
 62
2
  6
CONTINUOUS
 10
132.3643320424
 20
138.0553319724
 11
132.6322411055
 21
138.3232410355
  0
LINE
  5
C68
100
AcDbEntity
  8
ASSEM_MEM
100
AcDbLine
 62
2
  6
CONTINUOUS
 10
135.8481198903
 20
141.5232410355
 11
136.2481198903
 21
141.9232410355
  0
LINE
  5
C69
100
AcDbEntity
  8
ASSEM_MEM
100
AcDbLine
 62
2
  6
CONTINUOUS
 10
131.6903320169
 20
137.3232410355
 11
132.0903320169
 21
137.7232410355
  0
LINE
  5
C6A
100
AcDbEntity
  8
ASSEM_MEM
100
AcDbLine
 62
2
  6
CONTINUOUS
 10
138.223998675
 20
143.3232410355
 11
138.623998675
 21
143.7232410355
  0
LINE
  5
C6B
100
AcDbEntity
  8
ASSEM_MEM
100
AcDbLine
 62
2
  6
CONTINUOUS
 10
132.3643320424
 20
137.4613622762
 11
132.6262108017
 21
137.7232410355
  0
LINE
  5
C6C
100
AcDbEntity
  8
ASSEM_MEM
100
AcDbLine
 62
2
  6
CONTINUOUS
 10
132.8262108017
 20
137.9232410355
 11
133.0643320424
 21
138.1613622762
  0
LINE
  5
C6D
100
AcDbEntity
  8
ASSEM_MEM
100
AcDbLine
 62
2
  6
CONTINUOUS
 10
135.8481198903
 20
140.9232410355
 11
136.2481198903
 21
141.3232410355
  0
LINE
  5
C6E
100
AcDbEntity
  8
ASSEM_MEM
100
AcDbLine
 62
2
  6
CONTINUOUS
 10
138.9643320424
 20
143.4696047067
 11
139.2179683712
 21
143.7232410355
  0
LINE
  5
C6F
100
AcDbEntity
  8
ASSEM_MEM
100
AcDbLine
 62
2
  6
CONTINUOUS
 10
132.8201804979
 20
137.3232410355
 11
133.0643320424
 21
137.56739258
  0
LINE
  5
C70
100
AcDbEntity
  8
ASSEM_MEM
100
AcDbLine
 62
2
  6
CONTINUOUS
 10
138.223998675
 20
142.7232410355
 11
138.623998675
 21
143.1232410355
  0
LINE
  5
C71
100
AcDbEntity
  8
ASSEM_MEM
100
AcDbLine
 62
2
  6
CONTINUOUS
 10
135.8481198903
 20
140.3232410355
 11
136.2481198903
 21
140.7232410355
  0
LINE
  5
C72
100
AcDbEntity
  8
ASSEM_MEM
100
AcDbLine
 62
2
  6
CONTINUOUS
 10
139.4119380674
 20
143.3232410355
 11
139.6643320424
 21
143.5756350105
  0
LINE
  5
C73
100
AcDbEntity
  8
ASSEM_MEM
100
AcDbLine
 62
2
  6
CONTINUOUS
 10
138.9643320424
 20
142.8696047067
 11
139.2179683712
 21
143.1232410355
  0
LINE
  5
C74
100
AcDbEntity
  8
ASSEM_MEM
100
AcDbLine
 62
2
  6
CONTINUOUS
 10
138.223998675
 20
142.1232410355
 11
138.623998675
 21
142.5232410355
  0
LINE
  5
C75
100
AcDbEntity
  8
ASSEM_MEM
100
AcDbLine
 62
2
  6
CONTINUOUS
 10
135.8481198903
 20
139.7232410355
 11
136.2481198903
 21
140.1232410355
  0
LINE
  5
C76
100
AcDbEntity
  8
ASSEM_MEM
100
AcDbLine
 62
2
  6
CONTINUOUS
 10
134.8043320424
 20
138.1194531876
 11
135.0081198903
 21
138.3232410355
  0
LINE
  5
C77
100
AcDbEntity
  8
ASSEM_MEM
100
AcDbLine
 62
2
  6
CONTINUOUS
 10
139.4119380674
 20
142.7232410355
 11
139.6643320424
 21
142.9756350105
  0
LINE
  5
C78
100
AcDbEntity
  8
ASSEM_MEM
100
AcDbLine
 62
2
  6
CONTINUOUS
 10
138.9643320424
 20
142.2696047067
 11
139.2179683712
 21
142.5232410355
  0
LINE
  5
C79
100
AcDbEntity
  8
ASSEM_MEM
100
AcDbLine
 62
2
  6
CONTINUOUS
 10
138.223998675
 20
141.5232410355
 11
138.623998675
 21
141.9232410355
  0
LINE
  5
C7A
100
AcDbEntity
  8
ASSEM_MEM
100
AcDbLine
 62
2
  6
CONTINUOUS
 10
135.8481198903
 20
139.1232410355
 11
136.2481198903
 21
139.5232410355
  0
LINE
  5
C7B
100
AcDbEntity
  8
ASSEM_MEM
100
AcDbLine
 62
2
  6
CONTINUOUS
 10
134.8043320424
 20
137.5254834914
 11
135.0020895865
 21
137.7232410355
  0
LINE
  5
C7C
100
AcDbEntity
  8
ASSEM_MEM
100
AcDbLine
 62
2
  6
CONTINUOUS
 10
135.2020895865
 20
137.9232410355
 11
135.5043320424
 21
138.2254834914
  0
LINE
  5
C7D
100
AcDbEntity
  8
ASSEM_MEM
100
AcDbLine
 62
2
  6
CONTINUOUS
 10
139.4119380674
 20
142.1232410355
 11
139.6643320424
 21
142.3756350105
  0
LINE
  5
C7E
100
AcDbEntity
  8
ASSEM_MEM
100
AcDbLine
 62
2
  6
CONTINUOUS
 10
138.9643320424
 20
141.6696047067
 11
139.2179683712
 21
141.9232410355
  0
LINE
  5
C7F
100
AcDbEntity
  8
ASSEM_MEM
100
AcDbLine
 62
2
  6
CONTINUOUS
 10
138.223998675
 20
140.9232410355
 11
138.623998675
 21
141.3232410355
  0
LINE
  5
C80
100
AcDbEntity
  8
ASSEM_MEM
100
AcDbLine
 62
2
  6
CONTINUOUS
 10
135.8481198903
 20
138.5232410355
 11
136.2481198903
 21
138.9232410355
  0
LINE
  5
C81
100
AcDbEntity
  8
ASSEM_MEM
100
AcDbLine
 62
2
  6
CONTINUOUS
 10
135.1960592826
 20
137.3232410355
 11
135.5043320424
 21
137.6315137952
  0
LINE
  5
C82
100
AcDbEntity
  8
ASSEM_MEM
100
AcDbLine
 62
2
  6
CONTINUOUS
 10
139.4119380674
 20
141.5232410355
 11
139.6643320424
 21
141.7756350105
  0
LINE
  5
C83
100
AcDbEntity
  8
ASSEM_MEM
100
AcDbLine
 62
2
  6
CONTINUOUS
 10
138.9643320424
 20
141.0696047067
 11
139.2179683712
 21
141.3232410355
  0
LINE
  5
C84
100
AcDbEntity
  8
ASSEM_MEM
100
AcDbLine
 62
2
  6
CONTINUOUS
 10
138.223998675
 20
140.3232410355
 11
138.623998675
 21
140.7232410355
  0
LINE
  5
C85
100
AcDbEntity
  8
ASSEM_MEM
100
AcDbLine
 62
2
  6
CONTINUOUS
 10
135.8481198903
 20
137.9232410355
 11
136.2481198903
 21
138.3232410355
  0
LINE
  5
C86
100
AcDbEntity
  8
ASSEM_MEM
100
AcDbLine
 62
2
  6
CONTINUOUS
 10
139.4119380674
 20
140.9232410355
 11
139.6643320424
 21
141.1756350105
  0
LINE
  5
C87
100
AcDbEntity
  8
ASSEM_MEM
100
AcDbLine
 62
2
  6
CONTINUOUS
 10
138.9643320424
 20
140.4696047067
 11
139.2179683712
 21
140.7232410355
  0
LINE
  5
C88
100
AcDbEntity
  8
ASSEM_MEM
100
AcDbLine
 62
2
  6
CONTINUOUS
 10
138.223998675
 20
139.7232410355
 11
138.623998675
 21
140.1232410355
  0
LINE
  5
C89
100
AcDbEntity
  8
ASSEM_MEM
100
AcDbLine
 62
2
  6
CONTINUOUS
 10
135.8481198903
 20
137.3232410355
 11
136.2481198903
 21
137.7232410355
  0
LINE
  5
C8A
100
AcDbEntity
  8
ASSEM_MEM
100
AcDbLine
 62
2
  6
CONTINUOUS
 10
139.4119380674
 20
140.3232410355
 11
139.6643320424
 21
140.5756350105
  0
LINE
  5
C8B
100
AcDbEntity
  8
ASSEM_MEM
100
AcDbLine
 62
2
  6
CONTINUOUS
 10
138.9643320424
 20
139.8696047067
 11
139.2179683712
 21
140.1232410355
  0
LINE
  5
C8C
100
AcDbEntity
  8
ASSEM_MEM
100
AcDbLine
 62
2
  6
CONTINUOUS
 10
138.223998675
 20
139.1232410355
 11
138.623998675
 21
139.5232410355
  0
LINE
  5
C8D
100
AcDbEntity
  8
ASSEM_MEM
100
AcDbLine
 62
4
  6
CONTINUOUS
 10
112.2793320424
 20
220.6532410355
 11
105.0793320424
 21
220.6532410355
  0
LINE
  5
C8E
100
AcDbEntity
  8
ASSEM_MEM
100
AcDbLine
 62
4
  6
CONTINUOUS
 10
124.2793320424
 20
220.6532410355
 11
133.4793320424
 21
220.6532410355
  0
LINE
  5
C8F
100
AcDbEntity
  8
ASSEM_MEM
100
AcDbLine
 62
7
  6
CONTINUOUS
 10
113.9149514914
 20
221.3888604845
 11
122.6437125934
 21
221.3888604845
  0
LINE
  5
C90
100
AcDbEntity
  8
ASSEM_MEM
100
AcDbLine
 62
7
  6
CONTINUOUS
 10
113.9149514914
 20
221.6888604845
 11
115.6793320424
 21
221.6888604845
  0
LINE
  5
C91
100
AcDbEntity
  8
ASSEM_MEM
100
AcDbLine
 62
7
  6
CONTINUOUS
 10
116.5293320424
 20
221.6888604845
 11
120.0293320424
 21
221.6888604845
  0
LINE
  5
C92
100
AcDbEntity
  8
ASSEM_MEM
100
AcDbLine
 62
7
  6
CONTINUOUS
 10
120.8793320424
 20
221.6888604845
 11
122.6437125934
 21
221.6888604845
  0
LINE
  5
C93
100
AcDbEntity
  8
ASSEM_MEM
100
AcDbLine
 62
9
  6
CONTINUOUS
 10
113.9532660252
 20
221.7093070527
 11
113.9653980596
 21
221.7093070527
  0
LINE
  5
C94
100
AcDbEntity
  8
ASSEM_MEM
100
AcDbLine
 62
9
  6
CONTINUOUS
 10
122.5932660252
 20
221.7093070527
 11
122.6053980596
 21
221.7093070527
  0
LINE
  5
C95
100
AcDbEntity
  8
ASSEM_MEM
100
AcDbLine
 62
7
  6
CONTINUOUS
 10
120.0293320424
 20
221.7232410355
 11
116.5293320424
 21
221.7232410355
  0
LINE
  5
C96
100
AcDbEntity
  8
ASSEM_MEM
100
AcDbLine
 62
7
  6
CONTINUOUS
 10
113.8543320424
 20
221.7232410355
 11
115.6793320424
 21
221.7232410355
  0
LINE
  5
C97
100
AcDbEntity
  8
ASSEM_MEM
100
AcDbLine
 62
7
  6
CONTINUOUS
 10
120.8793320424
 20
221.7232410355
 11
122.7043320424
 21
221.7232410355
  0
LINE
  5
C98
100
AcDbEntity
  8
ASSEM_MEM
100
AcDbLine
 62
7
  6
CONTINUOUS
 10
113.8093320424
 20
221.7532410355
 11
113.8543320424
 21
221.7532410355
  0
LINE
  5
C99
100
AcDbEntity
  8
ASSEM_MEM
100
AcDbLine
 62
7
  6
CONTINUOUS
 10
122.7043320424
 20
221.7532410355
 11
122.7493320424
 21
221.7532410355
  0
LINE
  5
C9A
100
AcDbEntity
  8
ASSEM_MEM
100
AcDbLine
 62
9
  6
CONTINUOUS
 10
120.8793320424
 20
221.8388604845
 11
120.0293320424
 21
221.8388604845
  0
LINE
  5
C9B
100
AcDbEntity
  8
ASSEM_MEM
100
AcDbLine
 62
9
  6
CONTINUOUS
 10
116.5293320424
 20
221.8388604845
 11
115.6793320424
 21
221.8388604845
  0
LINE
  5
C9C
100
AcDbEntity
  8
ASSEM_MEM
100
AcDbLine
 62
9
  6
CONTINUOUS
 10
122.7493320424
 20
221.9032410355
 11
122.7043320424
 21
221.9032410355
  0
LINE
  5
C9D
100
AcDbEntity
  8
ASSEM_MEM
100
AcDbLine
 62
9
  6
CONTINUOUS
 10
113.8543320424
 20
221.9032410355
 11
113.8093320424
 21
221.9032410355
  0
LINE
  5
C9E
100
AcDbEntity
  8
ASSEM_MEM
100
AcDbLine
 62
7
  6
CONTINUOUS
 10
116.6793320424
 20
222.1532410355
 11
119.8793320424
 21
222.1532410355
  0
LINE
  5
C9F
100
AcDbEntity
  8
ASSEM_MEM
100
AcDbLine
 62
7
  6
CONTINUOUS
 10
113.8543320424
 20
222.3232410355
 11
115.2843320424
 21
222.3232410355
  0
LINE
  5
CA0
100
AcDbEntity
  8
ASSEM_MEM
100
AcDbLine
 62
7
  6
CONTINUOUS
 10
121.2743320424
 20
222.3232410355
 11
122.7043320424
 21
222.3232410355
  0
LINE
  5
CA1
100
AcDbEntity
  8
ASSEM_MEM
100
AcDbLine
 62
7
  6
CONTINUOUS
 10
122.6127541121
 20
222.3532410355
 11
121.0293320424
 21
222.3532410355
  0
LINE
  5
CA2
100
AcDbEntity
  8
ASSEM_MEM
100
AcDbLine
 62
7
  6
CONTINUOUS
 10
115.5293320424
 20
222.3532410355
 11
113.9459099727
 21
222.3532410355
  0
LINE
  5
CA3
100
AcDbEntity
  8
ASSEM_MEM
100
AcDbLine
 62
9
  6
CONTINUOUS
 10
113.8093320424
 20
222.4032410355
 11
113.8674231325
 21
222.4032410355
  0
LINE
  5
CA4
100
AcDbEntity
  8
ASSEM_MEM
100
AcDbLine
 62
9
  6
CONTINUOUS
 10
122.6912441805
 20
222.4032410355
 11
122.7493320424
 21
222.4032410355
  0
LINE
  5
CA5
100
AcDbEntity
  8
ASSEM_MEM
100
AcDbLine
 62
9
  6
CONTINUOUS
 10
113.7649514914
 20
222.621439087
 11
113.8093320424
 21
222.621439087
  0
LINE
  5
CA6
100
AcDbEntity
  8
ASSEM_MEM
100
AcDbLine
 62
9
  6
CONTINUOUS
 10
122.7493320424
 20
222.621439087
 11
122.7937125934
 21
222.621439087
  0
LINE
  5
CA7
100
AcDbEntity
  8
ASSEM_MEM
100
AcDbLine
 62
7
  6
CONTINUOUS
 10
122.7937125934
 20
222.771439087
 11
122.7493320424
 21
222.771439087
  0
LINE
  5
CA8
100
AcDbEntity
  8
ASSEM_MEM
100
AcDbLine
 62
7
  6
CONTINUOUS
 10
113.8093320424
 20
222.771439087
 11
113.7649514914
 21
222.771439087
  0
LINE
  5
CA9
100
AcDbEntity
  8
ASSEM_MEM
100
AcDbLine
 62
9
  6
CONTINUOUS
 10
113.4649514914
 20
223.0032410355
 11
113.7149514914
 21
223.0032410355
  0
LINE
  5
CAA
100
AcDbEntity
  8
ASSEM_MEM
100
AcDbLine
 62
9
  6
CONTINUOUS
 10
122.8437125934
 20
223.0032410355
 11
123.0937125934
 21
223.0032410355
  0
LINE
  5
CAB
100
AcDbEntity
  8
ASSEM_MEM
100
AcDbLine
 62
7
  6
CONTINUOUS
 10
123.0937125934
 20
223.2032410355
 11
122.9437125934
 21
223.2032410355
  0
LINE
  5
CAC
100
AcDbEntity
  8
ASSEM_MEM
100
AcDbLine
 62
7
  6
CONTINUOUS
 10
113.6149514914
 20
223.2032410355
 11
113.4649514914
 21
223.2032410355
  0
LINE
  5
CAD
100
AcDbEntity
  8
ASSEM_MEM
100
AcDbLine
 62
4
  6
CONTINUOUS
 10
166.1093320424
 20
223.5032410355
 11
170.3093320424
 21
223.5032410355
  0
LINE
  5
CAE
100
AcDbEntity
  8
ASSEM_MEM
100
AcDbLine
 62
7
  6
CONTINUOUS
 10
163.6793320424
 20
139.8482410355
 11
163.6793320424
 21
139.5582410355
  0
LINE
  5
CAF
100
AcDbEntity
  8
ASSEM_MEM
100
AcDbLine
 62
7
  6
CONTINUOUS
 10
163.6793320424
 20
139.3482410355
 11
163.6793320424
 21
139.0582410355
  0
LINE
  5
CB0
100
AcDbEntity
  8
ASSEM_MEM
100
AcDbLine
 62
7
  6
CONTINUOUS
 10
163.6793320424
 20
138.0582410355
 11
163.6793320424
 21
138.3482410355
  0
LINE
  5
CB1
100
AcDbEntity
  8
ASSEM_MEM
100
AcDbLine
 62
7
  6
CONTINUOUS
 10
163.6793320424
 20
138.5582410355
 11
163.6793320424
 21
138.8482410355
  0
LINE
  5
CB2
100
AcDbEntity
  8
ASSEM_MEM
100
AcDbLine
 62
7
  6
CONTINUOUS
 10
163.8293320424
 20
140.8332410355
 11
163.8293320424
 21
137.0732410355
  0
LINE
  5
CB3
100
AcDbEntity
  8
ASSEM_MEM
100
AcDbLine
 62
9
  6
CONTINUOUS
 10
163.8593320424
 20
135.7532410355
 11
163.8593320424
 21
135.9032410355
  0
LINE
  5
CB4
100
AcDbEntity
  8
ASSEM_MEM
100
AcDbLine
 62
9
  6
CONTINUOUS
 10
163.8593320424
 20
142.0032410355
 11
163.8593320424
 21
142.1532410355
  0
LINE
  5
CB5
100
AcDbEntity
  8
ASSEM_MEM
100
AcDbLine
 62
7
  6
CONTINUOUS
 10
163.8695244213
 20
140.8734334144
 11
163.8695244213
 21
137.0330486566
  0
LINE
  5
CB6
100
AcDbEntity
  8
ASSEM_MEM
100
AcDbLine
 62
7
  6
CONTINUOUS
 10
164.0093320424
 20
135.7532410355
 11
164.0093320424
 21
136.2532410355
  0
LINE
  5
CB7
100
AcDbEntity
  8
ASSEM_MEM
100
AcDbLine
 62
7
  6
CONTINUOUS
 10
164.0093320424
 20
141.6532410355
 11
164.0093320424
 21
142.1532410355
  0
LINE
  5
CB8
100
AcDbEntity
  8
ASSEM_MEM
100
AcDbLine
 62
7
  6
CONTINUOUS
 10
164.0293320424
 20
136.9232410355
 11
164.0293320424
 21
136.5832410355
  0
LINE
  5
CB9
100
AcDbEntity
  8
ASSEM_MEM
100
AcDbLine
 62
7
  6
CONTINUOUS
 10
164.0293320424
 20
140.9832410355
 11
164.0293320424
 21
141.3232410355
  0
LINE
  5
CBA
100
AcDbEntity
  8
ASSEM_MEM
100
AcDbLine
 62
7
  6
CONTINUOUS
 10
164.1293320424
 20
141.6532410355
 11
164.1293320424
 21
141.3532410355
  0
LINE
  5
CBB
100
AcDbEntity
  8
ASSEM_MEM
100
AcDbLine
 62
7
  6
CONTINUOUS
 10
164.1293320424
 20
141.2432410355
 11
164.1293320424
 21
141.0932410355
  0
LINE
  5
CBC
100
AcDbEntity
  8
ASSEM_MEM
100
AcDbLine
 62
7
  6
CONTINUOUS
 10
164.1293320424
 20
136.8132410355
 11
164.1293320424
 21
136.6632410355
  0
LINE
  5
CBD
100
AcDbEntity
  8
ASSEM_MEM
100
AcDbLine
 62
7
  6
CONTINUOUS
 10
164.1293320424
 20
136.2532410355
 11
164.1293320424
 21
136.5532410355
  0
LINE
  5
CBE
100
AcDbEntity
  8
ASSEM_MEM
100
AcDbLine
 62
7
420
48875
  6
CONTINUOUS
 10
164.4793320424
 20
142.3032410355
 11
164.4793320424
 21
141.3032410355
  0
LINE
  5
CBF
100
AcDbEntity
  8
ASSEM_MEM
100
AcDbLine
 62
7
420
48875
  6
CONTINUOUS
 10
164.4793320424
 20
136.6032410355
 11
164.4793320424
 21
135.6032410355
  0
LINE
  5
CC0
100
AcDbEntity
  8
ASSEM_MEM
100
AcDbLine
 62
7
  6
CONTINUOUS
 10
164.5793320424
 20
139.3782410355
 11
164.5793320424
 21
138.5282410355
  0
LINE
  5
CC1
100
AcDbEntity
  8
ASSEM_MEM
100
AcDbLine
 62
7
  6
CONTINUOUS
 10
164.5793320424
 20
137.9232410355
 11
164.5793320424
 21
137.0732410355
  0
LINE
  5
CC2
100
AcDbEntity
  8
ASSEM_MEM
100
AcDbLine
 62
7
  6
CONTINUOUS
 10
164.5793320424
 20
139.9832410355
 11
164.5793320424
 21
140.8332410355
  0
LINE
  5
CC3
100
AcDbEntity
  8
ASSEM_MEM
100
AcDbLine
 62
7
  6
CONTINUOUS
 10
164.6293320424
 20
140.6901430989
 11
164.6293320424
 21
140.6401430989
  0
LINE
  5
CC4
100
AcDbEntity
  8
ASSEM_MEM
100
AcDbLine
 62
7
  6
CONTINUOUS
 10
164.6293320424
 20
139.3199076863
 11
164.6293320424
 21
139.2699076863
  0
LINE
  5
CC5
100
AcDbEntity
  8
ASSEM_MEM
100
AcDbLine
 62
7
  6
CONTINUOUS
 10
164.6293320424
 20
139.0532410355
 11
164.6293320424
 21
139.0032410355
  0
LINE
  5
CC6
100
AcDbEntity
  8
ASSEM_MEM
100
AcDbLine
 62
7
  6
CONTINUOUS
 10
164.6293320424
 20
138.9365743609
 11
164.6293320424
 21
138.6032410355
  0
LINE
  5
CC7
100
AcDbEntity
  8
ASSEM_MEM
100
AcDbLine
 62
7
  6
CONTINUOUS
 10
164.6293320424
 20
137.1232410355
 11
164.6293320424
 21
137.4232410355
  0
LINE
  5
CC8
100
AcDbEntity
  8
ASSEM_MEM
100
AcDbLine
 62
7
  6
CONTINUOUS
 10
164.6293320424
 20
137.6232410355
 11
164.6293320424
 21
137.6899076863
  0
LINE
  5
CC9
100
AcDbEntity
  8
ASSEM_MEM
100
AcDbLine
 62
7
  6
CONTINUOUS
 10
164.6718852288
 20
138.6032410355
 11
164.6718852288
 21
138.8949077101
  0
LINE
  5
CCA
100
AcDbEntity
  8
ASSEM_MEM
100
AcDbLine
 62
7
  6
CONTINUOUS
 10
164.6803958661
 20
137.4232410355
 11
164.6803958661
 21
137.1732410355
  0
LINE
  5
CCB
100
AcDbEntity
  8
ASSEM_MEM
100
AcDbLine
 62
7
  6
CONTINUOUS
 10
164.7910341746
 20
137.1732410355
 11
164.7910341746
 21
137.3899077101
  0
LINE
  5
CCC
100
AcDbEntity
  8
ASSEM_MEM
100
AcDbLine
 62
7
  6
CONTINUOUS
 10
164.8420979983
 20
137.3899077101
 11
164.8420979983
 21
137.1732410355
  0
LINE
  5
CCD
100
AcDbEntity
  8
ASSEM_MEM
100
AcDbLine
 62
7
  6
CONTINUOUS
 10
164.8591192729
 20
140.6401430989
 11
164.8591192729
 21
140.4984764481
  0
LINE
  5
CCE
100
AcDbEntity
  8
ASSEM_MEM
100
AcDbLine
 62
7
  6
CONTINUOUS
 10
164.8591192729
 20
140.7734764481
 11
164.8591192729
 21
140.6901430989
  0
LINE
  5
CCF
100
AcDbEntity
  8
ASSEM_MEM
100
AcDbLine
 62
7
  6
CONTINUOUS
 10
164.8931618339
 20
137.5815743847
 11
164.8931618339
 21
137.7315743847
  0
LINE
  5
CD0
100
AcDbEntity
  8
ASSEM_MEM
100
AcDbLine
 62
7
  6
CONTINUOUS
 10
164.9101831085
 20
140.4401431227
 11
164.9101831085
 21
140.6401430989
  0
LINE
  5
CD1
100
AcDbEntity
  8
ASSEM_MEM
100
AcDbLine
 62
7
  6
CONTINUOUS
 10
164.9101831085
 20
140.6901430989
 11
164.9101831085
 21
140.7734764481
  0
LINE
  5
CD2
100
AcDbEntity
  8
ASSEM_MEM
100
AcDbLine
 62
7
  6
CONTINUOUS
 10
164.9272043831
 20
137.7399076863
 11
164.9272043831
 21
137.5732410355
  0
LINE
  5
CD3
100
AcDbEntity
  8
ASSEM_MEM
100
AcDbLine
 62
7
  6
CONTINUOUS
 10
164.9782682127
 20
138.9365743609
 11
164.9782682127
 21
138.6532410355
  0
LINE
  5
CD4
100
AcDbEntity
  8
ASSEM_MEM
100
AcDbLine
 62
7
  6
CONTINUOUS
 10
165.0293320424
 20
137.8232410355
 11
165.0293320424
 21
137.7732410355
  0
LINE
  5
CD5
100
AcDbEntity
  8
ASSEM_MEM
100
AcDbLine
 62
7
  6
CONTINUOUS
 10
165.0293320424
 20
137.5399076863
 11
165.0293320424
 21
137.4899077101
  0
LINE
  5
CD6
100
AcDbEntity
  8
ASSEM_MEM
100
AcDbLine
 62
7
  6
CONTINUOUS
 10
165.0293320424
 20
137.1232410355
 11
165.0293320424
 21
137.1732410355
  0
LINE
  5
CD7
100
AcDbEntity
  8
ASSEM_MEM
100
AcDbLine
 62
7
  6
CONTINUOUS
 10
165.0293320424
 20
139.1365743847
 11
165.0293320424
 21
139.1865743847
  0
LINE
  5
CD8
100
AcDbEntity
  8
ASSEM_MEM
100
AcDbLine
 62
7
  6
CONTINUOUS
 10
165.0293320424
 20
138.6032410355
 11
165.0293320424
 21
138.9365743609
  0
LINE
  5
CD9
100
AcDbEntity
  8
ASSEM_MEM
100
AcDbLine
 62
7
  6
CONTINUOUS
 10
165.0293320424
 20
140.6401430989
 11
165.0293320424
 21
140.6901430989
  0
LINE
  5
CDA
100
AcDbEntity
  8
ASSEM_MEM
100
AcDbLine
 62
7
  6
CONTINUOUS
 10
165.0793320424
 20
140.8332410355
 11
165.0793320424
 21
139.9832410355
  0
LINE
  5
CDB
100
AcDbEntity
  8
ASSEM_MEM
100
AcDbLine
 62
7
  6
CONTINUOUS
 10
165.0793320424
 20
137.0732410355
 11
165.0793320424
 21
137.9232410355
  0
LINE
  5
CDC
100
AcDbEntity
  8
ASSEM_MEM
100
AcDbLine
 62
7
  6
CONTINUOUS
 10
165.0793320424
 20
138.5282410355
 11
165.0793320424
 21
139.3782410355
  0
LINE
  5
CDD
100
AcDbEntity
  8
ASSEM_MEM
100
AcDbLine
 62
7
  6
CONTINUOUS
 10
165.4793320424
 20
140.9832410355
 11
165.4793320424
 21
136.9232410355
  0
LINE
  5
CDE
100
AcDbEntity
  8
ASSEM_MEM
100
AcDbLine
 62
4
  6
CONTINUOUS
 10
166.1093320424
 20
226.1532410355
 11
166.1093320424
 21
223.5032410355
  0
LINE
  5
CDF
100
AcDbEntity
  8
ASSEM_MEM
100
AcDbLine
 62
7
  6
CONTINUOUS
 10
166.4793320424
 20
135.6532410355
 11
166.4793320424
 21
142.0532410355
  0
LINE
  5
CE0
100
AcDbEntity
  8
ASSEM_MEM
100
AcDbLine
 62
4
  6
CONTINUOUS
 10
166.8793284986
 20
142.8532383777
 11
166.8793284986
 21
149.0532410355
  0
LINE
  5
CE1
100
AcDbEntity
  8
ASSEM_MEM
100
AcDbLine
 62
2
  6
CONTINUOUS
 10
139.4119380674
 20
139.7232410355
 11
139.6643320424
 21
139.9756350105
  0
LINE
  5
CE2
100
AcDbEntity
  8
ASSEM_MEM
100
AcDbLine
 62
2
  6
CONTINUOUS
 10
138.9643320424
 20
139.2696047067
 11
139.2179683712
 21
139.5232410355
  0
LINE
  5
CE3
100
AcDbEntity
  8
ASSEM_MEM
100
AcDbLine
 62
2
  6
CONTINUOUS
 10
138.223998675
 20
138.5232410355
 11
138.623998675
 21
138.9232410355
  0
LINE
  5
CE4
100
AcDbEntity
  8
ASSEM_MEM
100
AcDbLine
 62
2
  6
CONTINUOUS
 10
139.4119380674
 20
139.1232410355
 11
139.6643320424
 21
139.3756350105
  0
LINE
  5
CE5
100
AcDbEntity
  8
ASSEM_MEM
100
AcDbLine
 62
2
  6
CONTINUOUS
 10
138.9643320424
 20
138.6696047067
 11
139.2179683712
 21
138.9232410355
  0
LINE
  5
CE6
100
AcDbEntity
  8
ASSEM_MEM
100
AcDbLine
 62
2
  6
CONTINUOUS
 10
138.223998675
 20
137.9232410355
 11
138.623998675
 21
138.3232410355
  0
LINE
  5
CE7
100
AcDbEntity
  8
ASSEM_MEM
100
AcDbLine
 62
2
  6
CONTINUOUS
 10
139.4119380674
 20
138.5232410355
 11
139.6643320424
 21
138.7756350105
  0
LINE
  5
CE8
100
AcDbEntity
  8
ASSEM_MEM
100
AcDbLine
 62
2
  6
CONTINUOUS
 10
138.9643320424
 20
138.0696047067
 11
139.2179683712
 21
138.3232410355
  0
LINE
  5
CE9
100
AcDbEntity
  8
ASSEM_MEM
100
AcDbLine
 62
2
  6
CONTINUOUS
 10
138.223998675
 20
137.3232410355
 11
138.623998675
 21
137.7232410355
  0
LINE
  5
CEA
100
AcDbEntity
  8
ASSEM_MEM
100
AcDbLine
 62
2
  6
CONTINUOUS
 10
139.4119380674
 20
137.9232410355
 11
139.6643320424
 21
138.1756350105
  0
LINE
  5
CEB
100
AcDbEntity
  8
ASSEM_MEM
100
AcDbLine
 62
2
  6
CONTINUOUS
 10
138.9643320424
 20
137.4696047067
 11
139.2179683712
 21
137.7232410355
  0
LINE
  5
CEC
100
AcDbEntity
  8
ASSEM_MEM
100
AcDbLine
 62
2
  6
CONTINUOUS
 10
139.4119380674
 20
137.3232410355
 11
139.6643320424
 21
137.5756350105
  0
LINE
  5
CED
100
AcDbEntity
  8
ASSEM_MEM
100
AcDbLine
 62
4
  6
CONTINUOUS
 10
170.3093320424
 20
226.1532410355
 11
166.1093320424
 21
226.1532410355
  0
LINE
  5
CEE
100
AcDbEntity
  8
ASSEM_MEM
100
AcDbLine
 62
7
  6
CONTINUOUS
 10
171.9793320424
 20
227.6532410355
 11
144.9864388236
 21
227.6532410355
  0
LINE
  5
CEF
100
AcDbEntity
  8
ASSEM_MEM
100
AcDbLine
 62
4
  6
CONTINUOUS
 10
133.4793320424
 20
227.6532410355
 11
131.0793320424
 21
227.6532410355
  0
LINE
  5
CF0
100
AcDbEntity
  8
ASSEM_MEM
100
AcDbLine
 62
7
  6
CONTINUOUS
 10
140.9722252612
 20
227.6532410355
 11
133.4793320424
 21
227.6532410355
  0
LINE
  5
CF1
100
AcDbEntity
  8
ASSEM_MEM
100
AcDbLine
 62
4
  6
CONTINUOUS
 10
125.4793320424
 20
227.6532410355
 11
124.2793320424
 21
227.6532410355
  0
LINE
  5
CF2
100
AcDbEntity
  8
ASSEM_MEM
100
AcDbLine
 62
7
  6
CONTINUOUS
 10
124.2793320424
 20
227.6532410355
 11
124.0793320424
 21
227.6532410355
  0
LINE
  5
CF3
100
AcDbEntity
  8
ASSEM_MEM
100
AcDbLine
 62
7
  6
CONTINUOUS
 10
68.5793320424
 20
227.6532410355
 11
105.0793320424
 21
227.6532410355
  0
LINE
  5
CF4
100
AcDbEntity
  8
ASSEM_MEM
100
AcDbLine
 62
7
  6
CONTINUOUS
 10
112.2793320424
 20
227.6532410355
 11
112.4793320424
 21
227.6532410355
  0
LINE
  5
CF5
100
AcDbEntity
  8
ASSEM_MEM
100
AcDbLine
 62
4
  6
CONTINUOUS
 10
105.0793320424
 20
227.6532410355
 11
112.2793320424
 21
227.6532410355
  0
LINE
  5
CF6
100
AcDbEntity
  8
ASSEM_MEM
100
AcDbLine
 62
7
  6
CONTINUOUS
 10
115.9697653232
 20
227.7426401667
 11
116.592323681
 21
227.7426401667
  0
LINE
  5
CF7
100
AcDbEntity
  8
ASSEM_MEM
100
AcDbLine
 62
7
  6
CONTINUOUS
 10
117.0064993911
 20
227.7426401667
 11
117.4408787865
 21
227.7426401667
  0
LINE
  5
CF8
100
AcDbEntity
  8
ASSEM_MEM
100
AcDbLine
 62
7
  6
CONTINUOUS
 10
118.1505334964
 20
227.7426401892
 11
118.4081305628
 21
227.7426401892
  0
LINE
  5
CF9
100
AcDbEntity
  8
ASSEM_MEM
100
AcDbLine
 62
7
  6
CONTINUOUS
 10
119.1177852896
 20
227.7426401667
 11
119.7592525311
 21
227.7426401667
  0
LINE
  5
CFA
100
AcDbEntity
  8
ASSEM_MEM
100
AcDbLine
 62
7
  6
CONTINUOUS
 10
119.9663404798
 20
227.7426401434
 11
120.6078076343
 21
227.7426401434
  0
LINE
  5
CFB
100
AcDbEntity
  8
ASSEM_MEM
100
AcDbLine
 62
7
  6
CONTINUOUS
 10
117.0064993911
 20
227.9048103158
 11
117.4408787865
 21
227.9048103158
  0
LINE
  5
CFC
100
AcDbEntity
  8
ASSEM_MEM
100
AcDbLine
 62
7
  6
CONTINUOUS
 10
120.5320437863
 20
227.9244733445
 11
119.9663404798
 21
227.9244733445
  0
LINE
  5
CFD
100
AcDbEntity
  8
ASSEM_MEM
100
AcDbLine
 62
7
  6
CONTINUOUS
 10
119.7592525311
 20
227.9244733678
 11
119.1935491377
 21
227.9244733678
  0
LINE
  5
CFE
100
AcDbEntity
  8
ASSEM_MEM
100
AcDbLine
 62
7
  6
CONTINUOUS
 10
116.592323681
 20
227.924473402
 11
116.0448345978
 21
227.924473402
  0
LINE
  5
CFF
100
AcDbEntity
  8
ASSEM_MEM
100
AcDbLine
 62
7
  6
CONTINUOUS
 10
119.1935491377
 20
228.0886283719
 11
119.658234107
 21
228.0886283719
  0
LINE
  5
D00
100
AcDbEntity
  8
ASSEM_MEM
100
AcDbLine
 62
7
  6
CONTINUOUS
 10
120.1734282389
 20
228.0886283485
 11
120.5320437863
 21
228.0886283485
  0
LINE
  5
D01
100
AcDbEntity
  8
ASSEM_MEM
100
AcDbLine
 62
7
  6
CONTINUOUS
 10
120.6078076343
 20
228.2149014628
 11
120.2491920869
 21
228.2149014628
  0
LINE
  5
D02
100
AcDbEntity
  8
ASSEM_MEM
100
AcDbLine
 62
7
  6
CONTINUOUS
 10
119.658234107
 20
228.2149015436
 11
119.1935491377
 21
228.2149015436
  0
LINE
  5
D03
100
AcDbEntity
  8
ASSEM_MEM
100
AcDbLine
 62
7
  6
CONTINUOUS
 10
117.8550544892
 20
228.379056536
 11
118.1252788804
 21
228.379056536
  0
LINE
  5
D04
100
AcDbEntity
  8
ASSEM_MEM
100
AcDbLine
 62
7
  6
CONTINUOUS
 10
118.4333851788
 20
228.379056536
 11
118.7036095955
 21
228.379056536
  0
LINE
  5
D05
100
AcDbEntity
  8
ASSEM_MEM
100
AcDbLine
 62
7
  6
CONTINUOUS
 10
119.1935491377
 20
228.3790565476
 11
119.7592525311
 21
228.3790565476
  0
LINE
  5
D06
100
AcDbEntity
  8
ASSEM_MEM
100
AcDbLine
 62
7
  6
CONTINUOUS
 10
120.2491920869
 20
228.3790564669
 11
120.814895544
 21
228.3790564669
  0
LINE
  5
D07
100
AcDbEntity
  8
ASSEM_MEM
100
AcDbLine
 62
7
  6
CONTINUOUS
 10
117.4408787865
 20
228.3987195764
 11
117.0064993911
 21
228.3987195764
  0
LINE
  5
D08
100
AcDbEntity
  8
ASSEM_MEM
100
AcDbLine
 62
7
  6
CONTINUOUS
 10
120.814895544
 20
228.5608896679
 11
120.1734282389
 21
228.5608896679
  0
LINE
  5
D09
100
AcDbEntity
  8
ASSEM_MEM
100
AcDbLine
 62
7
  6
CONTINUOUS
 10
119.7592525311
 20
228.5608897255
 11
119.1177852896
 21
228.5608897255
  0
LINE
  5
D0A
100
AcDbEntity
  8
ASSEM_MEM
100
AcDbLine
 62
7
  6
CONTINUOUS
 10
117.4408787865
 20
228.5608897255
 11
117.0064993911
 21
228.5608897255
  0
LINE
  5
D0B
100
AcDbEntity
  8
ASSEM_MEM
100
AcDbLine
 62
7
  6
CONTINUOUS
 10
116.0729533048
 20
228.5608897371
 11
115.8153562385
 21
228.5608897371
  0
LINE
  5
D0C
100
AcDbEntity
  8
ASSEM_MEM
100
AcDbLine
 62
7
  6
CONTINUOUS
 10
118.7036095955
 20
228.5943091527
 11
117.8550544892
 21
228.5943091527
  0
LINE
  5
D0D
100
AcDbEntity
  8
ASSEM_MEM
100
AcDbLine
 62
7
  6
CONTINUOUS
 10
113.0793320424
 20
228.9532410355
 11
113.8093320424
 21
228.9532410355
  0
LINE
  5
D0E
100
AcDbEntity
  8
ASSEM_MEM
100
AcDbLine
 62
7
  6
CONTINUOUS
 10
122.7493320424
 20
228.9532410355
 11
123.4793320424
 21
228.9532410355
  0
LINE
  5
D0F
100
AcDbEntity
  8
ASSEM_MEM
100
AcDbLine
 62
7
  6
CONTINUOUS
 10
113.8093320424
 20
229.6032410355
 11
122.7493320424
 21
229.6032410355
  0
LINE
  5
D10
100
AcDbEntity
  8
ASSEM_MEM
100
AcDbLine
 62
7
  6
CONTINUOUS
 10
141.532885433
 20
227.2996876449
 11
141.3257786518
 21
227.5067944261
  0
LINE
  5
D11
100
AcDbEntity
  8
ASSEM_MEM
100
AcDbLine
 62
4
  6
CONTINUOUS
 10
170.3093320424
 20
223.5032410355
 11
170.3093320424
 21
226.1532410355
  0
LINE
  5
D12
100
AcDbEntity
  8
ASSEM_MEM
100
AcDbLine
 62
7
  6
CONTINUOUS
 10
172.4793320424
 20
214.7909633753
 11
172.4793320424
 21
206.9532410355
  0
LINE
  5
D13
100
AcDbEntity
  8
ASSEM_MEM
100
AcDbLine
 62
7
  6
CONTINUOUS
 10
164.6293320424
 20
140.2234764481
 11
164.6378426797
 21
140.2734764481
  0
LINE
  5
D14
100
AcDbEntity
  8
ASSEM_MEM
100
AcDbLine
 62
7
  6
CONTINUOUS
 10
165.0293320424
 20
140.2234764481
 11
165.0208214044
 21
140.1734764481
  0
LINE
  5
D15
100
AcDbEntity
  8
ASSEM_MEM
100
AcDbLine
 62
7
  6
CONTINUOUS
 10
164.6803958661
 20
140.2651431108
 11
164.6718852288
 21
140.2234764481
  0
LINE
  5
D16
100
AcDbEntity
  8
ASSEM_MEM
100
AcDbLine
 62
7
  6
CONTINUOUS
 10
164.9782682127
 20
140.1818097854
 11
164.98677885
 21
140.2234764481
  0
LINE
  5
D17
100
AcDbEntity
  8
ASSEM_MEM
100
AcDbLine
 62
7
  6
CONTINUOUS
 10
163.1648016446
 20
139.7982410355
 11
163.1781991042
 21
139.8482410355
  0
LINE
  5
D18
100
AcDbEntity
  8
ASSEM_MEM
100
AcDbLine
 62
7
  6
CONTINUOUS
 10
163.1648016446
 20
139.2982410355
 11
163.1781991042
 21
139.3482410355
  0
LINE
  5
D19
100
AcDbEntity
  8
ASSEM_MEM
100
AcDbLine
 62
7
  6
CONTINUOUS
 10
163.1781991042
 20
138.8482410355
 11
163.1648016446
 21
138.7982410355
  0
LINE
  5
D1A
100
AcDbEntity
  8
ASSEM_MEM
100
AcDbLine
 62
2
  6
CONTINUOUS
 10
148.3793320424
 20
141.3356653398
 11
149.6969077381
 21
142.6532410355
  0
LINE
  5
D1B
100
AcDbEntity
  8
ASSEM_MEM
100
AcDbLine
 62
2
  6
CONTINUOUS
 10
148.5969148913
 20
138.5833997076
 11
152.6667562191
 21
142.6532410355
  0
LINE
  5
D1C
100
AcDbEntity
  8
ASSEM_MEM
100
AcDbLine
 62
7
  6
CONTINUOUS
 10
172.9793320424
 20
226.6532410355
 11
172.9793320424
 21
216.6155186957
  0
LINE
  5
D1D
100
AcDbEntity
  8
ASSEM_MEM
100
AcDbLine
 62
7
  6
CONTINUOUS
 10
172.9793320424
 20
205.1784171006
 11
172.9793320424
 21
149.0532410355
  0
LINE
  5
D1E
100
AcDbEntity
  8
ASSEM_MEM
100
AcDbLine
 62
7
  6
CONTINUOUS
 10
172.9793320424
 20
144.2532426691
 11
172.9793320424
 21
144.0532410355
  0
LINE
  5
D1F
100
AcDbEntity
  8
ASSEM_MEM
100
AcDbLine
 62
4
  6
CONTINUOUS
 10
172.9793320424
 20
144.2532426691
 11
172.9793320424
 21
149.0532410355
  0
LINE
  5
D20
100
AcDbEntity
  8
ASSEM_MEM
100
AcDbLine
 62
7
  6
CONTINUOUS
 10
163.1781991042
 20
138.3482410355
 11
163.1648016446
 21
138.2982410355
  0
LINE
  5
D21
100
AcDbEntity
  8
ASSEM_MEM
100
AcDbLine
 62
2
  6
CONTINUOUS
 10
148.7793320424
 20
135.7959683778
 11
155.1756895924
 21
142.1923259278
  0
LINE
  5
D22
100
AcDbEntity
  8
ASSEM_MEM
100
AcDbLine
 62
2
  6
CONTINUOUS
 10
150.6064531811
 20
134.6532410355
 11
156.7123509302
 21
140.7591387847
  0
LINE
  5
D23
100
AcDbEntity
  8
ASSEM_MEM
100
AcDbLine
 62
2
  6
CONTINUOUS
 10
166.8793284986
 20
148.9087830367
 11
167.0237864974
 21
149.0532410355
  0
LINE
  5
D24
100
AcDbEntity
  8
ASSEM_MEM
100
AcDbLine
 62
2
  6
CONTINUOUS
 10
166.8793284986
 20
148.3148133405
 11
167.6177561936
 21
149.0532410355
  0
LINE
  5
D25
100
AcDbEntity
  8
ASSEM_MEM
100
AcDbLine
 62
2
  6
CONTINUOUS
 10
153.5763016621
 20
134.6532410355
 11
157.311587094
 21
138.3885264674
  0
LINE
  5
D26
100
AcDbEntity
  8
ASSEM_MEM
100
AcDbLine
 62
2
  6
CONTINUOUS
 10
166.8793284986
 20
147.7208436443
 11
168.2117258898
 21
149.0532410355
  0
LINE
  5
D27
100
AcDbEntity
  8
ASSEM_MEM
100
AcDbLine
 62
7
  6
CONTINUOUS
 10
164.6889065034
 20
140.3401431227
 11
164.7229490525
 21
140.3568097735
  0
LINE
  5
D28
100
AcDbEntity
  8
ASSEM_MEM
100
AcDbLine
 62
7
  6
CONTINUOUS
 10
164.9697575754
 20
140.1068097824
 11
164.9357150203
 21
140.0901431153
  0
LINE
  5
D29
100
AcDbEntity
  8
ASSEM_MEM
100
AcDbLine
 62
7
  6
CONTINUOUS
 10
164.6293320424
 20
137.6899076863
 11
165.0293320424
 21
137.8232410355
  0
LINE
  5
D2A
100
AcDbEntity
  8
ASSEM_MEM
100
AcDbLine
 62
7
  6
CONTINUOUS
 10
164.7229490525
 20
140.3568097735
 11
164.7484809882
 21
140.3651431227
  0
LINE
  5
D2B
100
AcDbEntity
  8
ASSEM_MEM
100
AcDbLine
 62
7
  6
CONTINUOUS
 10
164.9357150203
 20
140.0901431153
 11
164.9101831085
 21
140.0818097817
  0
LINE
  5
D2C
100
AcDbEntity
  8
ASSEM_MEM
100
AcDbLine
 62
7
  6
CONTINUOUS
 10
164.8931618339
 20
137.7315743847
 11
164.6633745915
 21
137.6565743847
  0
LINE
  5
D2D
100
AcDbEntity
  8
ASSEM_MEM
100
AcDbLine
 62
7
  6
CONTINUOUS
 10
165.0293320424
 20
137.7732410355
 11
164.9272043831
 21
137.7399076863
  0
LINE
  5
D2E
100
AcDbEntity
  8
ASSEM_MEM
100
AcDbLine
 62
7
  6
CONTINUOUS
 10
164.6378426797
 20
140.2734764481
 11
164.6633745915
 21
140.3151431227
  0
LINE
  5
D2F
100
AcDbEntity
  8
ASSEM_MEM
100
AcDbLine
 62
7
  6
CONTINUOUS
 10
165.0208214044
 20
140.1734764481
 11
164.9952894903
 21
140.1318097794
  0
LINE
  5
D30
100
AcDbEntity
  8
ASSEM_MEM
100
AcDbLine
 62
7
  6
CONTINUOUS
 10
164.6974171407
 20
140.2901431227
 11
164.6803958661
 21
140.2651431108
  0
LINE
  5
D31
100
AcDbEntity
  8
ASSEM_MEM
100
AcDbLine
 62
7
  6
CONTINUOUS
 10
164.9612469382
 20
140.1568097794
 11
164.9782682127
 21
140.1818097854
  0
LINE
  5
D32
100
AcDbEntity
  8
ASSEM_MEM
100
AcDbLine
 62
2
  6
CONTINUOUS
 10
166.8793284986
 20
147.1268739481
 11
168.805695586
 21
149.0532410355
  0
LINE
  5
D33
100
AcDbEntity
  8
ASSEM_MEM
100
AcDbLine
 62
2
  6
CONTINUOUS
 10
166.8793284986
 20
146.5329042519
 11
169.3996652822
 21
149.0532410355
  0
LINE
  5
D34
100
AcDbEntity
  8
ASSEM_MEM
100
AcDbLine
 62
2
  6
CONTINUOUS
 10
166.8793284986
 20
145.9389345557
 11
169.9936349784
 21
149.0532410355
  0
LINE
  5
D35
100
AcDbEntity
  8
ASSEM_MEM
100
AcDbLine
 62
7
  6
CONTINUOUS
 10
160.8293320424
 20
139.7432410355
 11
160.8643320424
 21
139.7782410355
  0
LINE
  5
D36
100
AcDbEntity
  8
ASSEM_MEM
100
AcDbLine
 62
2
  6
CONTINUOUS
 10
166.8793284986
 20
145.3449648596
 11
170.5876046746
 21
149.0532410355
  0
LINE
  5
D37
100
AcDbEntity
  8
ASSEM_MEM
100
AcDbLine
 62
7
  6
CONTINUOUS
 10
160.8293320424
 20
139.2432410355
 11
160.8643320424
 21
139.2782410355
  0
LINE
  5
D38
100
AcDbEntity
  8
ASSEM_MEM
100
AcDbLine
 62
2
  6
CONTINUOUS
 10
156.546150143
 20
134.6532410355
 11
157.311587094
 21
135.4186779864
  0
LINE
  5
D39
100
AcDbEntity
  8
ASSEM_MEM
100
AcDbLine
 62
2
  6
CONTINUOUS
 10
169.1910577737
 20
147.1368456536
 11
169.2977723842
 21
147.2435602641
  0
LINE
  5
D3A
100
AcDbEntity
  8
ASSEM_MEM
100
AcDbLine
 62
2
  6
CONTINUOUS
 10
169.5890128137
 20
147.5348006937
 11
169.6957274243
 21
147.6415153042
  0
LINE
  5
D3B
100
AcDbEntity
  8
ASSEM_MEM
100
AcDbLine
 62
7
  6
CONTINUOUS
 10
160.8643320424
 20
138.7782410355
 11
160.8293320424
 21
138.7432410355
  0
LINE
  5
D3C
100
AcDbEntity
  8
ASSEM_MEM
100
AcDbLine
 62
2
  6
CONTINUOUS
 10
166.8793284986
 20
144.7509951634
 11
169.1022434689
 21
146.9739101336
  0
LINE
  5
D3D
100
AcDbEntity
  8
ASSEM_MEM
100
AcDbLine
 62
2
  6
CONTINUOUS
 10
169.8586629443
 20
147.730329609
 11
171.1815743708
 21
149.0532410355
  0
LINE
  5
D3E
100
AcDbEntity
  8
ASSEM_MEM
100
AcDbLine
 62
7
  6
CONTINUOUS
 10
163.1580152115
 20
140.8734334144
 11
163.1178228327
 21
140.8332410355
  0
LINE
  5
D3F
100
AcDbEntity
  8
ASSEM_MEM
100
AcDbLine
 62
7
  6
CONTINUOUS
 10
160.8643320424
 20
138.2782410355
 11
160.8293320424
 21
138.2432410355
  0
LINE
  5
D40
100
AcDbEntity
  8
ASSEM_MEM
100
AcDbLine
 62
2
  6
CONTINUOUS
 10
169.0528618012
 20
146.404679985
 11
169.0849936327
 21
146.4368118164
  0
LINE
  5
D41
100
AcDbEntity
  8
ASSEM_MEM
100
AcDbLine
 62
2
  6
CONTINUOUS
 10
170.3957612615
 20
147.7475794452
 11
170.4278930929
 21
147.7797112767
  0
LINE
  5
D42
100
AcDbEntity
  8
ASSEM_MEM
100
AcDbLine
 62
2
  6
CONTINUOUS
 10
166.8793284986
 20
144.1570254672
 11
169.049871958
 21
146.3275689265
  0
LINE
  5
D43
100
AcDbEntity
  8
ASSEM_MEM
100
AcDbLine
 62
2
  6
CONTINUOUS
 10
170.5050041514
 20
147.7827011199
 11
171.775544067
 21
149.0532410355
  0
LINE
  5
D44
100
AcDbEntity
  8
ASSEM_MEM
100
AcDbLine
 62
7
  6
CONTINUOUS
 10
164.1293320424
 20
141.3532410355
 11
164.0293320424
 21
141.2532410355
  0
LINE
  5
D45
100
AcDbEntity
  8
ASSEM_MEM
100
AcDbLine
 62
7
  6
CONTINUOUS
 10
163.8293320424
 20
140.8332410355
 11
163.8695244213
 21
140.8734334144
  0
LINE
  5
D46
100
AcDbEntity
  8
ASSEM_MEM
100
AcDbLine
 62
2
  6
CONTINUOUS
 10
169.1980550337
 20
145.9559035213
 11
169.2240661367
 21
145.9819146242
  0
LINE
  5
D47
100
AcDbEntity
  8
ASSEM_MEM
100
AcDbLine
 62
2
  6
CONTINUOUS
 10
170.8506584537
 20
147.6085069412
 11
170.8766695566
 21
147.6345180441
  0
LINE
  5
D48
100
AcDbEntity
  8
ASSEM_MEM
100
AcDbLine
 62
2
  6
CONTINUOUS
 10
166.8793284986
 20
143.563055771
 11
169.2146192947
 21
145.898346567
  0
LINE
  5
D49
100
AcDbEntity
  8
ASSEM_MEM
100
AcDbLine
 62
2
  6
CONTINUOUS
 10
170.9342265109
 20
147.6179537832
 11
172.3695137632
 21
149.0532410355
  0
LINE
  5
D4A
100
AcDbEntity
  8
ASSEM_MEM
100
AcDbLine
 62
2
  6
CONTINUOUS
 10
169.4613457391
 20
145.6252245305
 11
169.4876043614
 21
145.6514831527
  0
LINE
  5
D4B
100
AcDbEntity
  8
ASSEM_MEM
100
AcDbLine
 62
2
  6
CONTINUOUS
 10
171.1810899252
 20
147.3449687165
 11
171.2073485474
 21
147.3712273388
  0
LINE
  5
D4C
100
AcDbEntity
  8
ASSEM_MEM
100
AcDbLine
 62
2
  6
CONTINUOUS
 10
166.8793284986
 20
142.9690860748
 11
169.4923332012
 21
145.5820907773
  0
LINE
  5
D4D
100
AcDbEntity
  8
ASSEM_MEM
100
AcDbLine
 62
2
  6
CONTINUOUS
 10
171.2504823006
 20
147.3402398767
 11
172.9634834594
 21
149.0532410355
  0
LINE
  5
D4E
100
AcDbEntity
  8
ASSEM_MEM
100
AcDbLine
 62
2
  6
CONTINUOUS
 10
169.8277757097
 20
145.3976848048
 11
169.8592594327
 21
145.4291685278
  0
LINE
  5
D4F
100
AcDbEntity
  8
ASSEM_MEM
100
AcDbLine
 62
2
  6
CONTINUOUS
 10
171.4034045501
 20
146.9733136452
 11
171.4348882731
 21
147.0047973682
  0
LINE
  5
D50
100
AcDbEntity
  8
ASSEM_MEM
100
AcDbLine
 62
2
  6
CONTINUOUS
 10
167.5574531556
 20
143.0532410355
 11
169.8747416157
 21
145.3705294956
  0
LINE
  5
D51
100
AcDbEntity
  8
ASSEM_MEM
100
AcDbLine
 62
2
  6
CONTINUOUS
 10
171.4620435823
 20
146.9578314622
 11
172.9793320424
 21
148.4751199223
  0
LINE
  5
D52
100
AcDbEntity
  8
ASSEM_MEM
100
AcDbLine
 62
2
  6
CONTINUOUS
 10
170.3363290805
 20
145.3122684795
 11
170.3816736897
 21
145.3576130887
  0
LINE
  5
D53
100
AcDbEntity
  8
ASSEM_MEM
100
AcDbLine
 62
2
  6
CONTINUOUS
 10
171.4749599892
 20
146.4508993882
 11
171.5203045984
 21
146.4962439974
  0
LINE
  5
D54
100
AcDbEntity
  8
ASSEM_MEM
100
AcDbLine
 62
2
  6
CONTINUOUS
 10
168.1514228518
 20
143.0532410355
 11
170.4080698994
 21
145.3098880831
  0
LINE
  5
D55
100
AcDbEntity
  8
ASSEM_MEM
100
AcDbLine
 62
2
  6
CONTINUOUS
 10
171.5226849948
 20
146.4245031785
 11
172.9793320424
 21
147.8811502261
  0
LINE
  5
D56
100
AcDbEntity
  8
ASSEM_MEM
100
AcDbLine
 62
2
  6
CONTINUOUS
 10
168.745392548
 20
143.0532410355
 11
172.9793320424
 21
147.2871805299
  0
LINE
  5
D57
100
AcDbEntity
  8
ASSEM_MEM
100
AcDbLine
 62
7
  6
CONTINUOUS
 10
164.6633745915
 20
140.3151431227
 11
164.6889065034
 21
140.3401431227
  0
LINE
  5
D58
100
AcDbEntity
  8
ASSEM_MEM
100
AcDbLine
 62
7
  6
CONTINUOUS
 10
164.9952894903
 20
140.1318097794
 11
164.9697575754
 21
140.1068097824
  0
LINE
  5
D59
100
AcDbEntity
  8
ASSEM_MEM
100
AcDbLine
 62
7
  6
CONTINUOUS
 10
164.8250767237
 20
139.1365743847
 11
164.6293320424
 21
139.0032410355
  0
LINE
  5
D5A
100
AcDbEntity
  8
ASSEM_MEM
100
AcDbLine
 62
7
  6
CONTINUOUS
 10
164.6293320424
 20
139.0532410355
 11
164.7910341746
 21
139.1615743847
  0
LINE
  5
D5B
100
AcDbEntity
  8
ASSEM_MEM
100
AcDbLine
 62
7
  6
CONTINUOUS
 10
164.7484809882
 20
140.3234764481
 11
164.6974171407
 21
140.2901431227
  0
LINE
  5
D5C
100
AcDbEntity
  8
ASSEM_MEM
100
AcDbLine
 62
7
  6
CONTINUOUS
 10
164.9101831085
 20
140.1234764481
 11
164.9612469382
 21
140.1568097794
  0
LINE
  5
D5D
100
AcDbEntity
  8
ASSEM_MEM
100
AcDbLine
 62
2
  6
CONTINUOUS
 10
169.3393622442
 20
143.0532410355
 11
172.9793320424
 21
146.6932108337
  0
LINE
  5
D5E
100
AcDbEntity
  8
ASSEM_MEM
100
AcDbLine
 62
2
  6
CONTINUOUS
 10
169.9333319404
 20
143.0532410355
 11
172.9793320424
 21
146.0992411375
  0
LINE
  5
D5F
100
AcDbEntity
  8
ASSEM_MEM
100
AcDbLine
 62
7
  6
CONTINUOUS
 10
164.1293320424
 20
136.9232410355
 11
164.0293320424
 21
136.8232410355
  0
LINE
  5
D60
100
AcDbEntity
  8
ASSEM_MEM
100
AcDbLine
 62
2
  6
CONTINUOUS
 10
170.5273016365
 20
143.0532410355
 11
172.9793320424
 21
145.5052714413
  0
LINE
  5
D61
100
AcDbEntity
  8
ASSEM_MEM
100
AcDbLine
 62
2
  6
CONTINUOUS
 10
171.1212713327
 20
143.0532410355
 11
172.9793320424
 21
144.9113017451
  0
LINE
  5
D62
100
AcDbEntity
  8
ASSEM_MEM
100
AcDbLine
 62
2
  6
CONTINUOUS
 10
171.7152410289
 20
143.0532410355
 11
172.9793320424
 21
144.317332049
  0
LINE
  5
D63
100
AcDbEntity
  8
ASSEM_MEM
100
AcDbLine
 62
2
  6
CONTINUOUS
 10
172.3871777482
 20
143.1312080586
 11
172.9214062781
 21
143.6654365885
  0
LINE
  5
D64
100
AcDbEntity
  8
ASSEM_MEM
100
AcDbLine
 62
2
  6
CONTINUOUS
 10
232.2198579623
 20
216.8107076104
 11
232.6560397852
 21
217.2468894332
  0
LINE
  5
D65
100
AcDbEntity
  8
ASSEM_MEM
100
AcDbLine
 62
2
  6
CONTINUOUS
 10
232.2198579623
 20
215.622768218
 11
233.8439791775
 21
217.2468894332
  0
LINE
  5
D66
100
AcDbEntity
  8
ASSEM_MEM
100
AcDbLine
 62
2
  6
CONTINUOUS
 10
232.2198579623
 20
214.4348288256
 11
235.0319185699
 21
217.2468894332
  0
LINE
  5
D67
100
AcDbEntity
  8
ASSEM_MEM
100
AcDbLine
 62
2
  6
CONTINUOUS
 10
232.2198579623
 20
213.2468894332
 11
235.7198579623
 21
216.7468894332
  0
LINE
  5
D68
100
AcDbEntity
  8
ASSEM_MEM
100
AcDbLine
 62
2
  6
CONTINUOUS
 10
233.4077973547
 20
213.2468894332
 11
235.7198579623
 21
215.5589500408
  0
LINE
  5
D69
100
AcDbEntity
  8
ASSEM_MEM
100
AcDbLine
 62
7
  6
CONTINUOUS
 10
231.7198579623
 20
229.2468894332
 11
231.7198579623
 21
219.2091670933
  0
LINE
  5
D6A
100
AcDbEntity
  8
ASSEM_MEM
100
AcDbLine
 62
7
  6
CONTINUOUS
 10
231.7198579623
 20
207.7720654982
 11
231.7198579623
 21
151.9468894332
  0
LINE
  5
D6B
100
AcDbEntity
  8
ASSEM_MEM
100
AcDbLine
 62
4
  6
CONTINUOUS
 10
231.7198579623
 20
146.6468894332
 11
231.7198579623
 21
151.9468894332
  0
LINE
  5
D6C
100
AcDbEntity
  8
ASSEM_MEM
100
AcDbLine
 62
7
  6
CONTINUOUS
 10
232.2198579623
 20
217.384611773
 11
232.2198579623
 21
217.2468894332
  0
LINE
  5
D6D
100
AcDbEntity
  8
ASSEM_MEM
100
AcDbLine
 62
4
  6
CONTINUOUS
 10
232.2198579623
 20
217.2468894332
 11
232.2198579623
 21
213.2468894332
  0
LINE
  5
D6E
100
AcDbEntity
  8
ASSEM_MEM
100
AcDbLine
 62
7
  6
CONTINUOUS
 10
232.2198579623
 20
213.2468894332
 11
232.2198579623
 21
209.5468894332
  0
LINE
  5
D6F
100
AcDbEntity
  8
ASSEM_MEM
100
AcDbLine
 62
2
  6
CONTINUOUS
 10
234.5957367471
 20
213.2468894332
 11
235.7198579623
 21
214.3710106484
  0
LINE
  5
D70
100
AcDbEntity
  8
ASSEM_MEM
100
AcDbLine
 62
4
  6
CONTINUOUS
 10
235.7198579623
 20
213.2468894332
 11
235.7198579623
 21
217.2468894332
  0
LINE
  5
D71
100
AcDbEntity
  8
ASSEM_MEM
100
AcDbLine
 62
4
  6
CONTINUOUS
 10
237.2198579623
 20
149.1468894332
 11
237.2198579623
 21
145.6468894332
  0
LINE
  5
D72
100
AcDbEntity
  8
ASSEM_MEM
100
AcDbLine
 62
2
  6
CONTINUOUS
 10
259.4698579623
 20
229.9591619633
 11
259.755734445
 21
230.245038446
  0
LINE
  5
D73
100
AcDbEntity
  8
ASSEM_MEM
100
AcDbLine
 62
2
  6
CONTINUOUS
 10
259.4698579623
 20
229.3651922671
 11
260.1357065454
 21
230.0310408502
  0
LINE
  5
D74
100
AcDbEntity
  8
ASSEM_MEM
100
AcDbLine
 62
2
  6
CONTINUOUS
 10
259.4762356303
 20
228.7776002389
 11
260.3947799974
 21
229.696144606
  0
LINE
  5
D75
100
AcDbEntity
  8
ASSEM_MEM
100
AcDbLine
 62
2
  6
CONTINUOUS
 10
259.5713506328
 20
228.2787455452
 11
260.4198579623
 21
229.1272528747
  0
LINE
  5
D76
100
AcDbEntity
  8
ASSEM_MEM
100
AcDbLine
 62
2
  6
CONTINUOUS
 10
259.7486471722
 20
227.8620723884
 11
260.471318596
 21
228.5847438122
  0
LINE
  5
D77
100
AcDbEntity
  8
ASSEM_MEM
100
AcDbLine
 62
2
  6
CONTINUOUS
 10
259.9893883691
 20
227.5088438891
 11
260.6661096884
 21
228.1855652084
  0
LINE
  5
D78
100
AcDbEntity
  8
ASSEM_MEM
100
AcDbLine
 62
2
  6
CONTINUOUS
 10
260.2868007584
 20
227.2122865823
 11
260.9638410882
 21
227.8893269121
  0
LINE
  5
D79
100
AcDbEntity
  8
ASSEM_MEM
100
AcDbLine
 62
4
  6
CONTINUOUS
 10
263.3734113529
 20
230.1004428238
 11
263.1663045717
 21
229.8933360426
  0
LINE
  5
D7A
100
AcDbEntity
  8
ASSEM_MEM
100
AcDbLine
 62
2
  6
CONTINUOUS
 10
260.6409319511
 20
226.9724480787
 11
261.3647999219
 21
227.6963160495
  0
LINE
  5
D7B
100
AcDbEntity
  8
ASSEM_MEM
100
AcDbLine
 62
2
  6
CONTINUOUS
 10
263.0198579623
 20
229.35137409
 11
263.9153733055
 21
230.2468894332
  0
LINE
  5
D7C
100
AcDbEntity
  8
ASSEM_MEM
100
AcDbLine
 62
7
  6
CONTINUOUS
 10
241.2198579623
 20
137.2468894332
 11
243.0698579623
 21
137.2468894332
  0
LINE
  5
D7D
100
AcDbEntity
  8
ASSEM_MEM
100
AcDbLine
 62
4
  6
CONTINUOUS
 10
239.2198579623
 20
137.2468894332
 11
241.2198579623
 21
137.2468894332
  0
LINE
  5
D7E
100
AcDbEntity
  8
ASSEM_MEM
100
AcDbLine
 62
7
  6
CONTINUOUS
 10
250.0698579623
 20
137.2468894332
 11
254.9198579623
 21
137.2468894332
  0
LINE
  5
D7F
100
AcDbEntity
  8
ASSEM_MEM
100
AcDbLine
 62
4
  6
CONTINUOUS
 10
243.0698579623
 20
137.2468894332
 11
250.0698579623
 21
137.2468894332
  0
LINE
  5
D80
100
AcDbEntity
  8
ASSEM_MEM
100
AcDbLine
 62
7
  6
CONTINUOUS
 10
262.9198579623
 20
137.2468894332
 11
295.9198579623
 21
137.2468894332
  0
LINE
  5
D81
100
AcDbEntity
  8
ASSEM_MEM
100
AcDbLine
 62
7
  6
CONTINUOUS
 10
303.9198579623
 20
137.2468894332
 11
311.3698579623
 21
137.2468894332
  0
LINE
  5
D82
100
AcDbEntity
  8
ASSEM_MEM
100
AcDbLine
 62
7
  6
CONTINUOUS
 10
323.4198579623
 20
137.2468894332
 11
327.1198579623
 21
137.2468894332
  0
LINE
  5
D83
100
AcDbEntity
  8
ASSEM_MEM
100
AcDbLine
 62
4
  6
CONTINUOUS
 10
311.3698579623
 20
137.2468894332
 11
323.4198579623
 21
137.2468894332
  0
LINE
  5
D84
100
AcDbEntity
  8
ASSEM_MEM
100
AcDbLine
 62
4
  6
CONTINUOUS
 10
327.1198579623
 20
137.2468894332
 11
329.1198579623
 21
137.2468894332
  0
LINE
  5
D85
100
AcDbEntity
  8
ASSEM_MEM
100
AcDbLine
 62
4
  6
CONTINUOUS
 10
238.2198579623
 20
138.2468894332
 11
238.2198579623
 21
144.7468894332
  0
LINE
  5
D86
100
AcDbEntity
  8
ASSEM_MEM
100
AcDbLine
 62
4
  6
CONTINUOUS
 10
241.2198579623
 20
144.7468894332
 11
241.2198579623
 21
137.2468894332
  0
LINE
  5
D87
100
AcDbEntity
  8
ASSEM_MEM
100
AcDbLine
 62
2
  6
CONTINUOUS
 10
261.0586813594
 20
226.7962277909
 11
261.9257511716
 21
227.663297603
  0
LINE
  5
D88
100
AcDbEntity
  8
ASSEM_MEM
100
AcDbLine
 62
2
  6
CONTINUOUS
 10
263.0034497925
 20
228.7409962239
 11
263.9698579623
 21
229.7074043938
  0
LINE
  5
D89
100
AcDbEntity
  8
ASSEM_MEM
100
AcDbLine
 62
2
  6
CONTINUOUS
 10
261.5590654379
 20
226.7026421732
 11
263.9698579623
 21
229.1134346976
  0
LINE
  5
D8A
100
AcDbEntity
  8
ASSEM_MEM
100
AcDbLine
 62
2
  6
CONTINUOUS
 10
262.198861156
 20
226.748468195
 11
263.9182792005
 21
228.4678862396
  0
LINE
  5
D8B
100
AcDbEntity
  8
ASSEM_MEM
100
AcDbLine
 62
2
  6
CONTINUOUS
 10
245.725474263
 20
206.6401420882
 11
246.7066053073
 21
207.6212731325
  0
LINE
  5
D8C
100
AcDbEntity
  8
ASSEM_MEM
100
AcDbLine
 62
2
  6
CONTINUOUS
 10
245.2804522111
 20
205.0071806439
 11
248.3395667516
 21
208.0662951844
  0
LINE
  5
D8D
100
AcDbEntity
  8
ASSEM_MEM
100
AcDbLine
 62
4
  6
CONTINUOUS
 10
315.0698579623
 20
138.1468894332
 11
314.8698579623
 21
138.1468894332
  0
LINE
  5
D8E
100
AcDbEntity
  8
ASSEM_MEM
100
AcDbLine
 62
4
  6
CONTINUOUS
 10
314.8698579623
 20
140.5468894332
 11
315.0698579623
 21
140.5468894332
  0
LINE
  5
D8F
100
AcDbEntity
  8
ASSEM_MEM
100
AcDbLine
 62
4
  6
CONTINUOUS
 10
243.0698579623
 20
142.8468894332
 11
243.0698579623
 21
137.2468894332
  0
LINE
  5
D90
100
AcDbEntity
  8
ASSEM_MEM
100
AcDbLine
 62
4
  6
CONTINUOUS
 10
246.4298579623
 20
205.2168894332
 11
246.4298579623
 21
204.9168894332
  0
LINE
  5
D91
100
AcDbEntity
  8
ASSEM_MEM
100
AcDbLine
 62
2
  6
CONTINUOUS
 10
245.4719242212
 20
204.0107132616
 11
246.4298579623
 21
204.9686470027
  0
LINE
  5
D92
100
AcDbEntity
  8
ASSEM_MEM
100
AcDbLine
 62
2
  6
CONTINUOUS
 10
248.5133114124
 20
207.0521004528
 11
249.3360341339
 21
207.8748231743
  0
LINE
  5
D93
100
AcDbEntity
  8
ASSEM_MEM
100
AcDbLine
 62
2
  6
CONTINUOUS
 10
270.4198579623
 20
227.845374243
 11
272.8213731525
 21
230.2468894332
  0
LINE
  5
D94
100
AcDbEntity
  8
ASSEM_MEM
100
AcDbLine
 62
2
  6
CONTINUOUS
 10
245.8954438759
 20
203.246293524
 11
246.6644315308
 21
204.0152811788
  0
LINE
  5
D95
100
AcDbEntity
  8
ASSEM_MEM
100
AcDbLine
 62
2
  6
CONTINUOUS
 10
249.3646294182
 20
206.7154790663
 11
250.1004538715
 21
207.4513035196
  0
LINE
  5
D96
100
AcDbEntity
  8
ASSEM_MEM
100
AcDbLine
 62
2
  6
CONTINUOUS
 10
246.4936768829
 20
202.6565871385
 11
247.2304302224
 21
203.393340478
  0
LINE
  5
D97
100
AcDbEntity
  8
ASSEM_MEM
100
AcDbLine
 62
2
  6
CONTINUOUS
 10
249.9164921316
 20
206.0794023872
 11
250.690160257
 21
206.8530705126
  0
LINE
  5
D98
100
AcDbEntity
  8
ASSEM_MEM
100
AcDbLine
 62
2
  6
CONTINUOUS
 10
247.2677878807
 20
202.2427587439
 11
248.1006216507
 21
203.075592514
  0
LINE
  5
D99
100
AcDbEntity
  8
ASSEM_MEM
100
AcDbLine
 62
2
  6
CONTINUOUS
 10
250.1298579623
 20
205.1048288256
 11
251.1039886516
 21
206.0789595148
  0
LINE
  5
D9A
100
AcDbEntity
  8
ASSEM_MEM
100
AcDbLine
 62
2
  6
CONTINUOUS
 10
248.2798579623
 20
202.0668894332
 11
251.2798579623
 21
205.0668894332
  0
LINE
  5
D9B
100
AcDbEntity
  8
ASSEM_MEM
100
AcDbLine
 62
4
  6
CONTINUOUS
 10
243.0698579623
 20
142.8468894332
 11
250.0698579623
 21
142.8468894332
  0
LINE
  5
D9C
100
AcDbEntity
  8
ASSEM_MEM
100
AcDbLine
 62
4
  6
CONTINUOUS
 10
311.3698579623
 20
143.8468894332
 11
323.4198579623
 21
143.8468894332
  0
LINE
  5
D9D
100
AcDbEntity
  8
ASSEM_MEM
100
AcDbLine
 62
4
  6
CONTINUOUS
 10
330.1198579623
 20
144.7468894332
 11
327.1198579623
 21
144.7468894332
  0
LINE
  5
D9E
100
AcDbEntity
  8
ASSEM_MEM
100
AcDbLine
 62
4
  6
CONTINUOUS
 10
238.2198579623
 20
144.7468894332
 11
241.2198579623
 21
144.7468894332
  0
LINE
  5
D9F
100
AcDbEntity
  8
ASSEM_MEM
100
AcDbLine
 62
4
  6
CONTINUOUS
 10
237.2198579623
 20
145.6468894332
 11
232.7198579623
 21
145.6468894332
  0
LINE
  5
DA0
100
AcDbEntity
  8
ASSEM_MEM
100
AcDbLine
 62
7
  6
CONTINUOUS
 10
336.1198579623
 20
146.2468894332
 11
331.1198579623
 21
146.2468894332
  0
LINE
  5
DA1
100
AcDbEntity
  8
ASSEM_MEM
100
AcDbLine
 62
7
  6
CONTINUOUS
 10
231.7711746643
 20
218.8929393273
 11
232.1685412604
 21
217.700839539
  0
LINE
  5
DA2
100
AcDbEntity
  8
ASSEM_MEM
100
AcDbLine
 62
4
  6
CONTINUOUS
 10
250.0698579623
 20
142.8468894332
 11
250.0698579623
 21
137.2468894332
  0
LINE
  5
DA3
100
AcDbEntity
  8
ASSEM_MEM
100
AcDbLine
 62
4
  6
CONTINUOUS
 10
250.1298579623
 20
204.9168894332
 11
250.1298579623
 21
205.2168894332
  0
LINE
  5
DA4
100
AcDbEntity
  8
ASSEM_MEM
100
AcDbLine
 62
2
  6
CONTINUOUS
 10
250.0342825048
 20
202.6333745833
 11
250.7133728122
 21
203.3124648907
  0
LINE
  5
DA5
100
AcDbEntity
  8
ASSEM_MEM
100
AcDbLine
 62
2
  6
CONTINUOUS
 10
271.2610701145
 20
222.7468894332
 11
273.913268447
 21
225.3990877657
  0
LINE
  5
DA6
100
AcDbEntity
  8
ASSEM_MEM
100
AcDbLine
 62
4
  6
CONTINUOUS
 10
234.4198579623
 20
151.9468894332
 11
231.7198579623
 21
151.9468894332
  0
LINE
  5
DA7
100
AcDbEntity
  8
ASSEM_MEM
100
AcDbLine
 62
7
  6
CONTINUOUS
 10
255.9198579623
 20
138.2468894332
 11
255.9198579623
 21
140.1468894332
  0
LINE
  5
DA8
100
AcDbEntity
  8
ASSEM_MEM
100
AcDbLine
 62
2
  6
CONTINUOUS
 10
277.2007670764
 20
222.7468894332
 11
280.9198579623
 21
226.4659803191
  0
LINE
  5
DA9
100
AcDbEntity
  8
ASSEM_MEM
100
AcDbLine
 62
2
  6
CONTINUOUS
 10
283.4598579623
 20
228.0770409522
 11
286.4297064433
 21
231.0468894332
  0
LINE
  5
DAA
100
AcDbEntity
  8
ASSEM_MEM
100
AcDbLine
 62
7
  6
CONTINUOUS
 10
282.4248579623
 20
225.4168894332
 11
282.2748579623
 21
225.2668894332
  0
LINE
  5
DAB
100
AcDbEntity
  8
ASSEM_MEM
100
AcDbLine
 62
7
  6
CONTINUOUS
 10
282.9840199066
 20
225.6760513774
 11
282.8748579623
 21
225.5668894332
  0
LINE
  5
DAC
100
AcDbEntity
  8
ASSEM_MEM
100
AcDbLine
 62
2
  6
CONTINUOUS
 10
286.4195549243
 20
228.0668894332
 11
289.2798579623
 21
230.9271924712
  0
LINE
  5
DAD
100
AcDbEntity
  8
ASSEM_MEM
100
AcDbLine
 62
4
  6
CONTINUOUS
 10
259.4698579623
 20
228.9468894332
 11
259.4698579623
 21
230.2468894332
  0
LINE
  5
DAE
100
AcDbEntity
  8
ASSEM_MEM
100
AcDbLine
 62
4
  6
CONTINUOUS
 10
260.4198579623
 20
229.539782652
 11
260.4198579623
 21
228.9468894332
  0
LINE
  5
DAF
100
AcDbEntity
  8
ASSEM_MEM
100
AcDbLine
 62
9
  6
CONTINUOUS
 10
282.9661850422
 20
227.0495921359
 11
283.0140355291
 21
227.1158780415
  0
LINE
  5
DB0
100
AcDbEntity
  8
ASSEM_MEM
100
AcDbLine
 62
7
  6
CONTINUOUS
 10
289.8196470746
 20
225.2716785455
 11
289.9648579623
 21
225.4168894332
  0
LINE
  5
DB1
100
AcDbEntity
  8
ASSEM_MEM
100
AcDbLine
 62
7
  6
CONTINUOUS
 10
290.4148579623
 20
225.5668894332
 11
290.5648579623
 21
225.7168894332
  0
LINE
  5
DB2
100
AcDbEntity
  8
ASSEM_MEM
100
AcDbLine
 62
2
  6
CONTINUOUS
 10
294.2912048795
 20
227.9579333124
 11
295.1088140832
 21
228.775542516
  0
LINE
  5
DB3
100
AcDbEntity
  8
ASSEM_MEM
100
AcDbLine
 62
4
  6
CONTINUOUS
 10
306.1298579623
 20
161.6168894332
 11
306.4298579623
 21
161.6168894332
  0
LINE
  5
DB4
100
AcDbEntity
  8
ASSEM_MEM
100
AcDbLine
 62
7
  6
CONTINUOUS
 10
261.9198579623
 20
138.2468894332
 11
261.9198579623
 21
140.1468894332
  0
LINE
  5
DB5
100
AcDbEntity
  8
ASSEM_MEM
100
AcDbLine
 62
4
  6
CONTINUOUS
 10
263.0198579623
 20
228.9468894332
 11
263.0198579623
 21
229.539782652
  0
LINE
  5
DB6
100
AcDbEntity
  8
ASSEM_MEM
100
AcDbLine
 62
4
  6
CONTINUOUS
 10
263.9698579623
 20
228.9468894332
 11
263.9698579623
 21
230.2468894332
  0
LINE
  5
DB7
100
AcDbEntity
  8
ASSEM_MEM
100
AcDbLine
 62
9
  6
CONTINUOUS
 10
290.1661850422
 20
227.0495921359
 11
290.1983892731
 21
227.0942037323
  0
LINE
  5
DB8
100
AcDbEntity
  8
ASSEM_MEM
100
AcDbLine
 62
2
  6
CONTINUOUS
 10
296.4198579623
 20
224.1468894332
 11
298.9198579623
 21
226.6468894332
  0
LINE
  5
DB9
100
AcDbEntity
  8
ASSEM_MEM
100
AcDbLine
 62
4
  6
CONTINUOUS
 10
306.4298579623
 20
165.3168894332
 11
306.1298579623
 21
165.3168894332
  0
LINE
  5
DBA
100
AcDbEntity
  8
ASSEM_MEM
100
AcDbLine
 62
4
  6
CONTINUOUS
 10
270.4198579623
 20
230.2468894332
 11
270.4198579623
 21
222.7468894332
  0
LINE
  5
DBB
100
AcDbEntity
  8
ASSEM_MEM
100
AcDbLine
 62
2
  6
CONTINUOUS
 10
231.7198579623
 20
151.7217377866
 11
231.9450096089
 21
151.9468894332
  0
LINE
  5
DBC
100
AcDbEntity
  8
ASSEM_MEM
100
AcDbLine
 62
4
  6
CONTINUOUS
 10
271.8198579623
 20
225.0468894332
 11
271.8198579623
 21
228.5968894332
  0
LINE
  5
DBD
100
AcDbEntity
  8
ASSEM_MEM
100
AcDbLine
 62
4
  6
CONTINUOUS
 10
272.6198579623
 20
228.5968894332
 11
272.6198579623
 21
225.0468894332
  0
LINE
  5
DBE
100
AcDbEntity
  8
ASSEM_MEM
100
AcDbLine
 62
4
  6
CONTINUOUS
 10
273.6198579623
 20
226.6468894332
 11
273.6198579623
 21
230.2468894332
  0
LINE
  5
DBF
100
AcDbEntity
  8
ASSEM_MEM
100
AcDbLine
 62
7
  6
CONTINUOUS
 10
290.9342385133
 20
225.4968894332
 11
291.0025044326
 21
225.6334212717
  0
LINE
  5
DC0
100
AcDbEntity
  8
ASSEM_MEM
100
AcDbLine
 62
2
  6
CONTINUOUS
 10
231.7198579623
 20
151.1277680904
 11
232.5389793051
 21
151.9468894332
  0
LINE
  5
DC1
100
AcDbEntity
  8
ASSEM_MEM
100
AcDbLine
 62
2
  6
CONTINUOUS
 10
245.7635293558
 20
165.1003184472
 11
246.6464289483
 21
165.9832180397
  0
LINE
  5
DC2
100
AcDbEntity
  8
ASSEM_MEM
100
AcDbLine
 62
2
  6
CONTINUOUS
 10
231.7198579623
 20
150.5337983942
 11
233.1329490013
 21
151.9468894332
  0
LINE
  5
DC3
100
AcDbEntity
  8
ASSEM_MEM
100
AcDbLine
 62
2
  6
CONTINUOUS
 10
231.7198579623
 20
149.939828698
 11
233.7269186975
 21
151.9468894332
  0
LINE
  5
DC4
100
AcDbEntity
  8
ASSEM_MEM
100
AcDbLine
 62
2
  6
CONTINUOUS
 10
245.2800979024
 20
163.4289476014
 11
248.3177997941
 21
166.4666494931
  0
LINE
  5
DC5
100
AcDbEntity
  8
ASSEM_MEM
100
AcDbLine
 62
2
  6
CONTINUOUS
 10
231.7198579623
 20
149.3458590018
 11
234.3208883937
 21
151.9468894332
  0
LINE
  5
DC6
100
AcDbEntity
  8
ASSEM_MEM
100
AcDbLine
 62
2
  6
CONTINUOUS
 10
231.7198579623
 20
148.7518893056
 11
234.8772474313
 21
151.9092787746
  0
LINE
  5
DC7
100
AcDbEntity
  8
ASSEM_MEM
100
AcDbLine
 62
2
  6
CONTINUOUS
 10
245.4659160875
 20
162.4268263942
 11
246.2914021038
 21
163.2523124105
  0
LINE
  5
DC8
100
AcDbEntity
  8
ASSEM_MEM
100
AcDbLine
 62
2
  6
CONTINUOUS
 10
248.4944349851
 20
165.4553452917
 11
249.3199210013
 21
166.280831308
  0
LINE
  5
DC9
100
AcDbEntity
  8
ASSEM_MEM
100
AcDbLine
 62
2
  6
CONTINUOUS
 10
231.7198579623
 20
148.1579196094
 11
235.3498663084
 21
151.7879279555
  0
LINE
  5
DCA
100
AcDbEntity
  8
ASSEM_MEM
100
AcDbLine
 62
2
  6
CONTINUOUS
 10
231.7198579623
 20
147.5639499132
 11
233.2225445267
 21
149.0666364776
  0
LINE
  5
DCB
100
AcDbEntity
  8
ASSEM_MEM
100
AcDbLine
 62
2
  6
CONTINUOUS
 10
234.5001109179
 20
150.3442028688
 11
235.7608129081
 21
151.604904859
  0
LINE
  5
DCC
100
AcDbEntity
  8
ASSEM_MEM
100
AcDbLine
 62
2
  6
CONTINUOUS
 10
245.8858959174
 20
161.6588668317
 11
246.6033533686
 21
162.3763242828
  0
LINE
  5
DCD
100
AcDbEntity
  8
ASSEM_MEM
100
AcDbLine
 62
2
  6
CONTINUOUS
 10
249.3704231127
 20
165.1433940269
 11
250.0878805638
 21
165.8608514781
  0
LINE
  5
DCE
100
AcDbEntity
  8
ASSEM_MEM
100
AcDbLine
 62
2
  6
CONTINUOUS
 10
231.7198579623
 20
146.969980217
 11
233.3510988391
 21
148.6012210938
  0
LINE
  5
DCF
100
AcDbEntity
  8
ASSEM_MEM
100
AcDbLine
 62
2
  6
CONTINUOUS
 10
234.9655263017
 20
150.2156485564
 11
236.1208604062
 21
151.3709826609
  0
LINE
  5
DD0
100
AcDbEntity
  8
ASSEM_MEM
100
AcDbLine
 62
2
  6
CONTINUOUS
 10
231.749413263
 20
146.4055658215
 11
233.6075096827
 21
148.2636622412
  0
LINE
  5
DD1
100
AcDbEntity
  8
ASSEM_MEM
100
AcDbLine
 62
2
  6
CONTINUOUS
 10
235.3030851543
 20
149.9592377128
 11
236.4348792039
 21
151.0910317624
  0
LINE
  5
DD2
100
AcDbEntity
  8
ASSEM_MEM
100
AcDbLine
 62
2
  6
CONTINUOUS
 10
246.4810010333
 20
161.0660325551
 11
247.1990478864
 21
161.7840794083
  0
LINE
  5
DD3
100
AcDbEntity
  8
ASSEM_MEM
100
AcDbLine
 62
2
  6
CONTINUOUS
 10
249.9626679872
 20
164.5476995091
 11
250.6807148404
 21
165.2657463622
  0
LINE
  5
DD4
100
AcDbEntity
  8
ASSEM_MEM
100
AcDbLine
 62
2
  6
CONTINUOUS
 10
231.948411877
 20
146.0105947393
 11
233.971581247
 21
148.0337641094
  0
LINE
  5
DD5
100
AcDbEntity
  8
ASSEM_MEM
100
AcDbLine
 62
2
  6
CONTINUOUS
 10
235.5329832862
 20
149.5951661485
 11
236.704074797
 21
150.7662576594
  0
LINE
  5
DD6
100
AcDbEntity
  8
ASSEM_MEM
100
AcDbLine
 62
2
  6
CONTINUOUS
 10
232.2804088032
 20
145.7486219694
 11
234.4801940799
 21
147.948407246
  0
LINE
  5
DD7
100
AcDbEntity
  8
ASSEM_MEM
100
AcDbLine
 62
2
  6
CONTINUOUS
 10
235.6183401495
 20
149.0865533156
 11
236.9264576002
 21
150.3946707663
  0
LINE
  5
DD8
100
AcDbEntity
  8
ASSEM_MEM
100
AcDbLine
 62
2
  6
CONTINUOUS
 10
247.2515415678
 20
160.6486336973
 11
248.0798256748
 21
161.4769178042
  0
LINE
  5
DD9
100
AcDbEntity
  8
ASSEM_MEM
100
AcDbLine
 62
2
  6
CONTINUOUS
 10
250.2698295913
 20
163.6669217207
 11
251.0981136982
 21
164.4952058277
  0
LINE
  5
DDA
100
AcDbEntity
  8
ASSEM_MEM
100
AcDbLine
 62
2
  6
CONTINUOUS
 10
232.7726459633
 20
145.6468894332
 11
237.0960502814
 21
149.9702937514
  0
LINE
  5
DDB
100
AcDbEntity
  8
ASSEM_MEM
100
AcDbLine
 62
4
  6
CONTINUOUS
 10
279.2198579623
 20
230.2468894332
 11
279.2198579623
 21
226.6468894332
  0
LINE
  5
DDC
100
AcDbEntity
  8
ASSEM_MEM
100
AcDbLine
 62
2
  6
CONTINUOUS
 10
233.3666156594
 20
145.6468894332
 11
237.1999462227
 21
149.4802199965
  0
LINE
  5
DDD
100
AcDbEntity
  8
ASSEM_MEM
100
AcDbLine
 62
2
  6
CONTINUOUS
 10
248.2578176597
 20
160.4669703968
 11
251.2797769987
 21
163.4889297358
  0
LINE
  5
DDE
100
AcDbEntity
  8
ASSEM_MEM
100
AcDbLine
 62
2
  6
CONTINUOUS
 10
233.9605853556
 20
145.6468894332
 11
237.2198579623
 21
148.9061620399
  0
LINE
  5
DDF
100
AcDbEntity
  8
ASSEM_MEM
100
AcDbLine
 62
2
  6
CONTINUOUS
 10
234.5545550518
 20
145.6468894332
 11
237.2198579623
 21
148.3121923437
  0
LINE
  5
DE0
100
AcDbEntity
  8
ASSEM_MEM
100
AcDbLine
 62
2
  6
CONTINUOUS
 10
249.9609090468
 20
160.9821223915
 11
250.764625004
 21
161.7858383487
  0
LINE
  5
DE1
100
AcDbEntity
  8
ASSEM_MEM
100
AcDbLine
 62
2
  6
CONTINUOUS
 10
235.148524748
 20
145.6468894332
 11
237.2198579623
 21
147.7182226475
  0
LINE
  5
DE2
100
AcDbEntity
  8
ASSEM_MEM
100
AcDbLine
 62
2
  6
CONTINUOUS
 10
235.7424944442
 20
145.6468894332
 11
237.2198579623
 21
147.1242529513
  0
LINE
  5
DE3
100
AcDbEntity
  8
ASSEM_MEM
100
AcDbLine
 62
2
  6
CONTINUOUS
 10
236.3364641404
 20
145.6468894332
 11
237.2198579623
 21
146.5302832551
  0
LINE
  5
DE4
100
AcDbEntity
  8
ASSEM_MEM
100
AcDbLine
 62
2
  6
CONTINUOUS
 10
236.9304338366
 20
145.6468894332
 11
237.2198579623
 21
145.9363135589
  0
LINE
  5
DE5
100
AcDbEntity
  8
ASSEM_MEM
100
AcDbLine
 62
7
  6
CONTINUOUS
 10
280.9198579623
 20
231.2468894332
 11
280.9198579623
 21
230.5468894332
  0
LINE
  5
DE6
100
AcDbEntity
  8
ASSEM_MEM
100
AcDbLine
 62
4
  6
CONTINUOUS
 10
280.9198579623
 20
222.7468894332
 11
280.9198579623
 21
230.2468894332
  0
LINE
  5
DE7
100
AcDbEntity
  8
ASSEM_MEM
100
AcDbLine
 62
7
  6
CONTINUOUS
 10
281.7498579623
 20
229.2468894332
 11
281.7498579623
 21
230.5468894332
  0
LINE
  5
DE8
100
AcDbEntity
  8
ASSEM_MEM
100
AcDbLine
 62
7
  6
CONTINUOUS
 10
281.7998579623
 20
224.1968894332
 11
281.7998579623
 21
225.4968894332
  0
LINE
  5
DE9
100
AcDbEntity
  8
ASSEM_MEM
100
AcDbLine
 62
7
  6
CONTINUOUS
 10
281.9054774114
 20
224.4325088822
 11
281.9054774114
 21
225.4968894332
  0
LINE
  5
DEA
100
AcDbEntity
  8
ASSEM_MEM
100
AcDbLine
 62
7
  6
CONTINUOUS
 10
281.9498579623
 20
232.1968894332
 11
281.9498579623
 21
231.5468894332
  0
LINE
  5
DEB
100
AcDbEntity
  8
ASSEM_MEM
100
AcDbLine
 62
7
  6
CONTINUOUS
 10
281.9498579623
 20
230.8533841615
 11
281.9498579623
 21
230.7968894332
  0
LINE
  5
DEC
100
AcDbEntity
  8
ASSEM_MEM
100
AcDbLine
 62
7
  6
CONTINUOUS
 10
281.9498579623
 20
228.9968894332
 11
281.9498579623
 21
228.9403947049
  0
LINE
  5
DED
100
AcDbEntity
  8
ASSEM_MEM
100
AcDbLine
 62
7
  6
CONTINUOUS
 10
281.9498579623
 20
224.1968894332
 11
281.9498579623
 21
225.7468894332
  0
LINE
  5
DEE
100
AcDbEntity
  8
ASSEM_MEM
100
AcDbLine
 62
7
  6
CONTINUOUS
 10
281.9498579623
 20
229.0915328956
 11
281.9498579623
 21
230.7022459707
  0
LINE
  5
DEF
100
AcDbEntity
  8
ASSEM_MEM
100
AcDbLine
 62
7
  6
CONTINUOUS
 10
282.2498579623
 20
224.1968894332
 11
282.2498579623
 21
225.7968894332
  0
LINE
  5
DF0
100
AcDbEntity
  8
ASSEM_MEM
100
AcDbLine
 62
7
  6
CONTINUOUS
 10
282.2498579623
 20
229.0915328956
 11
282.2498579623
 21
230.7022459707
  0
LINE
  5
DF1
100
AcDbEntity
  8
ASSEM_MEM
100
AcDbLine
 62
7
  6
CONTINUOUS
 10
282.2748579623
 20
224.3168894332
 11
282.2748579623
 21
225.7968894332
  0
LINE
  5
DF2
100
AcDbEntity
  8
ASSEM_MEM
100
AcDbLine
 62
7
  6
CONTINUOUS
 10
282.3998579623
 20
225.0968894332
 11
282.3998579623
 21
224.1968894332
  0
LINE
  5
DF3
100
AcDbEntity
  8
ASSEM_MEM
100
AcDbLine
 62
7
  6
CONTINUOUS
 10
282.4198579623
 20
225.5668894332
 11
282.4198579623
 21
225.4168894332
  0
LINE
  5
DF4
100
AcDbEntity
  8
ASSEM_MEM
100
AcDbLine
 62
9
  6
CONTINUOUS
 10
282.4352529729
 20
225.4168894332
 11
282.4352529729
 21
225.5668894332
  0
LINE
  5
DF5
100
AcDbEntity
  8
ASSEM_MEM
100
AcDbLine
 62
7
  6
CONTINUOUS
 10
282.4498579623
 20
230.5468894332
 11
282.4498579623
 21
229.2468894332
  0
LINE
  5
DF6
100
AcDbEntity
  8
ASSEM_MEM
100
AcDbLine
 62
9
  6
CONTINUOUS
 10
282.5084617584
 20
225.5668894332
 11
282.5084617584
 21
225.4168894332
  0
LINE
  5
DF7
100
AcDbEntity
  8
ASSEM_MEM
100
AcDbLine
 62
9
  6
CONTINUOUS
 10
282.5558959233
 20
225.4168894332
 11
282.5558959233
 21
225.5668894332
  0
LINE
  5
DF8
100
AcDbEntity
  8
ASSEM_MEM
100
AcDbLine
 62
9
  6
CONTINUOUS
 10
282.7338200013
 20
225.5668894332
 11
282.7338200013
 21
225.4168894332
  0
LINE
  5
DF9
100
AcDbEntity
  8
ASSEM_MEM
100
AcDbLine
 62
9
  6
CONTINUOUS
 10
282.7812541662
 20
225.4168894332
 11
282.7812541662
 21
225.5668894332
  0
LINE
  5
DFA
100
AcDbEntity
  8
ASSEM_MEM
100
AcDbLine
 62
9
  6
CONTINUOUS
 10
282.8544629517
 20
225.5668894332
 11
282.8544629517
 21
225.4168894332
  0
LINE
  5
DFB
100
AcDbEntity
  8
ASSEM_MEM
100
AcDbLine
 62
7
  6
CONTINUOUS
 10
282.8698579623
 20
225.4168894332
 11
282.8698579623
 21
225.5668894332
  0
LINE
  5
DFC
100
AcDbEntity
  8
ASSEM_MEM
100
AcDbLine
 62
7
  6
CONTINUOUS
 10
282.8748579623
 20
225.4168894332
 11
282.8748579623
 21
225.5668894332
  0
LINE
  5
DFD
100
AcDbEntity
  8
ASSEM_MEM
100
AcDbLine
 62
7
  6
CONTINUOUS
 10
283.0248579623
 20
225.2788459585
 11
283.0248579623
 21
225.6149329079
  0
LINE
  5
DFE
100
AcDbEntity
  8
ASSEM_MEM
100
AcDbLine
 62
7
  6
CONTINUOUS
 10
283.0498579623
 20
225.4968894332
 11
283.0498579623
 21
225.3968894332
  0
LINE
  5
DFF
100
AcDbEntity
  8
ASSEM_MEM
100
AcDbLine
 62
4
  6
CONTINUOUS
 10
283.4598579623
 20
228.0668894332
 11
283.4598579623
 21
231.0468894332
  0
LINE
  5
E00
100
AcDbEntity
  8
ASSEM_MEM
100
AcDbLine
 62
9
  6
CONTINUOUS
 10
283.4998579623
 20
231.5468894332
 11
283.4998579623
 21
232.1968894332
  0
LINE
  5
E01
100
AcDbEntity
  8
ASSEM_MEM
100
AcDbLine
 62
2
  6
CONTINUOUS
 10
238.2198579623
 20
144.1865863951
 11
238.7801610004
 21
144.7468894332
  0
LINE
  5
E02
100
AcDbEntity
  8
ASSEM_MEM
100
AcDbLine
 62
2
  6
CONTINUOUS
 10
238.2198579623
 20
141.2167379142
 11
241.2198579623
 21
144.2167379142
  0
LINE
  5
E03
100
AcDbEntity
  8
ASSEM_MEM
100
AcDbLine
 62
2
  6
CONTINUOUS
 10
303.5074549632
 20
206.2130925612
 11
305.1336548343
 21
207.8392924323
  0
LINE
  5
E04
100
AcDbEntity
  8
ASSEM_MEM
100
AcDbLine
 62
2
  6
CONTINUOUS
 10
303.2909899338
 20
204.8086881394
 11
306.5380592562
 21
208.0557574617
  0
LINE
  5
E05
100
AcDbEntity
  8
ASSEM_MEM
100
AcDbLine
 62
2
  6
CONTINUOUS
 10
303.5323874907
 20
203.8621463039
 11
304.4519678661
 21
204.7817266793
  0
LINE
  5
E06
100
AcDbEntity
  8
ASSEM_MEM
100
AcDbLine
 62
2
  6
CONTINUOUS
 10
306.5650207162
 20
206.8947795294
 11
307.4846010916
 21
207.8143599048
  0
LINE
  5
E07
100
AcDbEntity
  8
ASSEM_MEM
100
AcDbLine
 62
2
  6
CONTINUOUS
 10
238.2198579623
 20
138.2468894332
 11
241.2198579623
 21
141.2468894332
  0
LINE
  5
E08
100
AcDbEntity
  8
ASSEM_MEM
100
AcDbLine
 62
7
  6
CONTINUOUS
 10
286.7948579623
 20
231.5468894332
 11
286.7948579623
 21
232.0468894332
  0
LINE
  5
E09
100
AcDbEntity
  8
ASSEM_MEM
100
AcDbLine
 62
7
  6
CONTINUOUS
 10
286.8448579623
 20
231.5468894332
 11
286.8448579623
 21
232.0468894332
  0
LINE
  5
E0A
100
AcDbEntity
  8
ASSEM_MEM
100
AcDbLine
 62
4
  6
CONTINUOUS
 10
289.2798579623
 20
231.0468894332
 11
289.2798579623
 21
228.0668894332
  0
LINE
  5
E0B
100
AcDbEntity
  8
ASSEM_MEM
100
AcDbLine
 62
9
  6
CONTINUOUS
 10
289.3398579623
 20
232.1968894332
 11
289.3398579623
 21
231.5468894332
  0
LINE
  5
E0C
100
AcDbEntity
  8
ASSEM_MEM
100
AcDbLine
 62
7
  6
CONTINUOUS
 10
289.7898579623
 20
225.3968894332
 11
289.7898579623
 21
225.4968894332
  0
LINE
  5
E0D
100
AcDbEntity
  8
ASSEM_MEM
100
AcDbLine
 62
2
  6
CONTINUOUS
 10
243.0698579623
 20
142.2827984197
 11
243.6339489758
 21
142.8468894332
  0
LINE
  5
E0E
100
AcDbEntity
  8
ASSEM_MEM
100
AcDbLine
 62
2
  6
CONTINUOUS
 10
303.988573882
 20
203.1303933027
 11
304.8064001858
 21
203.9482196066
  0
LINE
  5
E0F
100
AcDbEntity
  8
ASSEM_MEM
100
AcDbLine
 62
2
  6
CONTINUOUS
 10
307.3985277889
 20
206.5403472097
 11
308.2163540928
 21
207.3581735135
  0
LINE
  5
E10
100
AcDbEntity
  8
ASSEM_MEM
100
AcDbLine
 62
2
  6
CONTINUOUS
 10
243.0698579623
 20
141.6888287235
 11
244.227918672
 21
142.8468894332
  0
LINE
  5
E11
100
AcDbEntity
  8
ASSEM_MEM
100
AcDbLine
 62
2
  6
CONTINUOUS
 10
243.0698579623
 20
141.0948590273
 11
244.8218883682
 21
142.8468894332
  0
LINE
  5
E12
100
AcDbEntity
  8
ASSEM_MEM
100
AcDbLine
 62
2
  6
CONTINUOUS
 10
304.6164181383
 20
202.5702981667
 11
305.4563874472
 21
203.4102674755
  0
LINE
  5
E13
100
AcDbEntity
  8
ASSEM_MEM
100
AcDbLine
 62
2
  6
CONTINUOUS
 10
307.93647992
 20
205.8903599484
 11
308.7764492288
 21
206.7303292572
  0
LINE
  5
E14
100
AcDbEntity
  8
ASSEM_MEM
100
AcDbLine
 62
2
  6
CONTINUOUS
 10
243.0698579623
 20
140.5008893311
 11
245.4158580644
 21
142.8468894332
  0
LINE
  5
E15
100
AcDbEntity
  8
ASSEM_MEM
100
AcDbLine
 62
2
  6
CONTINUOUS
 10
240.1897064433
 20
137.2468894332
 11
241.2198579623
 21
138.2770409522
  0
LINE
  5
E16
100
AcDbEntity
  8
ASSEM_MEM
100
AcDbLine
 62
2
  6
CONTINUOUS
 10
243.0698579623
 20
139.9069196349
 11
246.0098277606
 21
142.8468894332
  0
LINE
  5
E17
100
AcDbEntity
  8
ASSEM_MEM
100
AcDbLine
 62
2
  6
CONTINUOUS
 10
305.4252497777
 20
202.1911904137
 11
306.4597121259
 21
203.2256527618
  0
LINE
  5
E18
100
AcDbEntity
  8
ASSEM_MEM
100
AcDbLine
 62
2
  6
CONTINUOUS
 10
308.1210946337
 20
204.8870352696
 11
309.1555569818
 21
205.9214976178
  0
LINE
  5
E19
100
AcDbEntity
  8
ASSEM_MEM
100
AcDbLine
 62
2
  6
CONTINUOUS
 10
243.0698579623
 20
139.3129499387
 11
246.6037974568
 21
142.8468894332
  0
LINE
  5
E1A
100
AcDbEntity
  8
ASSEM_MEM
100
AcDbLine
 62
2
  6
CONTINUOUS
 10
243.0698579623
 20
138.7189802425
 11
247.197767153
 21
142.8468894332
  0
LINE
  5
E1B
100
AcDbEntity
  8
ASSEM_MEM
100
AcDbLine
 62
2
  6
CONTINUOUS
 10
306.4967379474
 20
202.0747391909
 11
309.2720082046
 21
204.8500094481
  0
LINE
  5
E1C
100
AcDbEntity
  8
ASSEM_MEM
100
AcDbLine
 62
2
  6
CONTINUOUS
 10
243.0698579623
 20
138.1250105464
 11
247.7917368492
 21
142.8468894332
  0
LINE
  5
E1D
100
AcDbEntity
  8
ASSEM_MEM
100
AcDbLine
 62
2
  6
CONTINUOUS
 10
243.0698579623
 20
137.5310408502
 11
245.6233384835
 21
140.0845213713
  0
LINE
  5
E1E
100
AcDbEntity
  8
ASSEM_MEM
100
AcDbLine
 62
2
  6
CONTINUOUS
 10
245.8322260242
 20
140.293408912
 11
248.3857065454
 21
142.8468894332
  0
LINE
  5
E1F
100
AcDbEntity
  8
ASSEM_MEM
100
AcDbLine
 62
2
  6
CONTINUOUS
 10
243.3796762415
 20
137.2468894332
 11
245.3744779709
 21
139.2416911626
  0
LINE
  5
E20
100
AcDbEntity
  8
ASSEM_MEM
100
AcDbLine
 62
2
  6
CONTINUOUS
 10
246.675056233
 20
140.5422694246
 11
248.9796762415
 21
142.8468894332
  0
LINE
  5
E21
100
AcDbEntity
  8
ASSEM_MEM
100
AcDbLine
 62
2
  6
CONTINUOUS
 10
243.9736459377
 20
137.2468894332
 11
245.5103066921
 21
138.7835501875
  0
LINE
  5
E22
100
AcDbEntity
  8
ASSEM_MEM
100
AcDbLine
 62
2
  6
CONTINUOUS
 10
247.133197208
 20
140.4064407034
 11
249.5736459377
 21
142.8468894332
  0
LINE
  5
E23
100
AcDbEntity
  8
ASSEM_MEM
100
AcDbLine
 62
7
  6
CONTINUOUS
 10
289.8148579623
 20
225.6149329079
 11
289.8148579623
 21
225.2788459585
  0
LINE
  5
E24
100
AcDbEntity
  8
ASSEM_MEM
100
AcDbLine
 62
7
  6
CONTINUOUS
 10
289.9648579623
 20
225.5668894332
 11
289.9648579623
 21
225.4168894332
  0
LINE
  5
E25
100
AcDbEntity
  8
ASSEM_MEM
100
AcDbLine
 62
7
  6
CONTINUOUS
 10
289.9698579623
 20
225.5668894332
 11
289.9698579623
 21
225.4168894332
  0
LINE
  5
E26
100
AcDbEntity
  8
ASSEM_MEM
100
AcDbLine
 62
9
  6
CONTINUOUS
 10
289.9852529729
 20
225.4168894332
 11
289.9852529729
 21
225.5668894332
  0
LINE
  5
E27
100
AcDbEntity
  8
ASSEM_MEM
100
AcDbLine
 62
9
  6
CONTINUOUS
 10
290.0584617584
 20
225.5668894332
 11
290.0584617584
 21
225.4168894332
  0
LINE
  5
E28
100
AcDbEntity
  8
ASSEM_MEM
100
AcDbLine
 62
9
  6
CONTINUOUS
 10
290.1058959233
 20
225.4168894332
 11
290.1058959233
 21
225.5668894332
  0
LINE
  5
E29
100
AcDbEntity
  8
ASSEM_MEM
100
AcDbLine
 62
9
  6
CONTINUOUS
 10
290.2838200013
 20
225.5668894332
 11
290.2838200013
 21
225.4168894332
  0
LINE
  5
E2A
100
AcDbEntity
  8
ASSEM_MEM
100
AcDbLine
 62
9
  6
CONTINUOUS
 10
290.3312541662
 20
225.4168894332
 11
290.3312541662
 21
225.5668894332
  0
LINE
  5
E2B
100
AcDbEntity
  8
ASSEM_MEM
100
AcDbLine
 62
7
  6
CONTINUOUS
 10
290.3898579623
 20
229.2468894332
 11
290.3898579623
 21
230.5468894332
  0
LINE
  5
E2C
100
AcDbEntity
  8
ASSEM_MEM
100
AcDbLine
 62
9
  6
CONTINUOUS
 10
290.4044629517
 20
225.5668894332
 11
290.4044629517
 21
225.4168894332
  0
LINE
  5
E2D
100
AcDbEntity
  8
ASSEM_MEM
100
AcDbLine
 62
7
  6
CONTINUOUS
 10
290.4198579623
 20
225.4168894332
 11
290.4198579623
 21
225.5668894332
  0
LINE
  5
E2E
100
AcDbEntity
  8
ASSEM_MEM
100
AcDbLine
 62
7
  6
CONTINUOUS
 10
290.4398579623
 20
224.1968894332
 11
290.4398579623
 21
225.0968894332
  0
LINE
  5
E2F
100
AcDbEntity
  8
ASSEM_MEM
100
AcDbLine
 62
7
  6
CONTINUOUS
 10
290.5648579623
 20
224.3168894332
 11
290.5648579623
 21
225.7968894332
  0
LINE
  5
E30
100
AcDbEntity
  8
ASSEM_MEM
100
AcDbLine
 62
7
  6
CONTINUOUS
 10
290.5898579623
 20
224.1968894332
 11
290.5898579623
 21
225.7968894332
  0
LINE
  5
E31
100
AcDbEntity
  8
ASSEM_MEM
100
AcDbLine
 62
7
  6
CONTINUOUS
 10
290.5898579623
 20
229.0915328956
 11
290.5898579623
 21
230.7022459707
  0
LINE
  5
E32
100
AcDbEntity
  8
ASSEM_MEM
100
AcDbLine
 62
7
  6
CONTINUOUS
 10
290.8898579623
 20
230.7022459707
 11
290.8898579623
 21
229.0915328956
  0
LINE
  5
E33
100
AcDbEntity
  8
ASSEM_MEM
100
AcDbLine
 62
7
  6
CONTINUOUS
 10
290.8898579623
 20
225.7468894332
 11
290.8898579623
 21
224.1968894332
  0
LINE
  5
E34
100
AcDbEntity
  8
ASSEM_MEM
100
AcDbLine
 62
7
  6
CONTINUOUS
 10
290.8898579623
 20
228.9403947049
 11
290.8898579623
 21
228.9968894332
  0
LINE
  5
E35
100
AcDbEntity
  8
ASSEM_MEM
100
AcDbLine
 62
7
  6
CONTINUOUS
 10
290.8898579623
 20
230.7968894332
 11
290.8898579623
 21
230.8533841615
  0
LINE
  5
E36
100
AcDbEntity
  8
ASSEM_MEM
100
AcDbLine
 62
7
  6
CONTINUOUS
 10
290.8898579623
 20
231.5468894332
 11
290.8898579623
 21
232.1968894332
  0
LINE
  5
E37
100
AcDbEntity
  8
ASSEM_MEM
100
AcDbLine
 62
7
  6
CONTINUOUS
 10
290.9342385133
 20
225.4968894332
 11
290.9342385133
 21
224.4325088822
  0
LINE
  5
E38
100
AcDbEntity
  8
ASSEM_MEM
100
AcDbLine
 62
7
  6
CONTINUOUS
 10
291.0398579623
 20
225.4968894332
 11
291.0398579623
 21
224.1968894332
  0
LINE
  5
E39
100
AcDbEntity
  8
ASSEM_MEM
100
AcDbLine
 62
7
  6
CONTINUOUS
 10
291.0898579623
 20
230.5468894332
 11
291.0898579623
 21
229.2468894332
  0
LINE
  5
E3A
100
AcDbEntity
  8
ASSEM_MEM
100
AcDbLine
 62
7
  6
CONTINUOUS
 10
291.9198579623
 20
231.2468894332
 11
291.9198579623
 21
230.5468894332
  0
LINE
  5
E3B
100
AcDbEntity
  8
ASSEM_MEM
100
AcDbLine
 62
2
  6
CONTINUOUS
 10
244.5676156339
 20
137.2468894332
 11
245.7716176451
 21
138.4508914444
  0
LINE
  5
E3C
100
AcDbEntity
  8
ASSEM_MEM
100
AcDbLine
 62
2
  6
CONTINUOUS
 10
247.4658559512
 20
140.1451297504
 11
250.0698579623
 21
142.7491317616
  0
LINE
  5
E3D
100
AcDbEntity
  8
ASSEM_MEM
100
AcDbLine
 62
2
  6
CONTINUOUS
 10
245.1615853301
 20
137.2468894332
 11
246.140880816
 21
138.2261849191
  0
LINE
  5
E3E
100
AcDbEntity
  8
ASSEM_MEM
100
AcDbLine
 62
2
  6
CONTINUOUS
 10
247.6905624764
 20
139.7758665795
 11
250.0698579623
 21
142.1551620654
  0
LINE
  5
E3F
100
AcDbEntity
  8
ASSEM_MEM
100
AcDbLine
 62
2
  6
CONTINUOUS
 10
245.7555550263
 20
137.2468894332
 11
246.6588601574
 21
138.1501945643
  0
LINE
  5
E40
100
AcDbEntity
  8
ASSEM_MEM
100
AcDbLine
 62
2
  6
CONTINUOUS
 10
247.7665528312
 20
139.2578872381
 11
250.0698579623
 21
141.5611923692
  0
LINE
  5
E41
100
AcDbEntity
  8
ASSEM_MEM
100
AcDbLine
 62
2
  6
CONTINUOUS
 10
246.3495247225
 20
137.2468894332
 11
250.0698579623
 21
140.967222673
  0
LINE
  5
E42
100
AcDbEntity
  8
ASSEM_MEM
100
AcDbLine
 62
2
  6
CONTINUOUS
 10
246.9434944187
 20
137.2468894332
 11
250.0698579623
 21
140.3732529768
  0
LINE
  5
E43
100
AcDbEntity
  8
ASSEM_MEM
100
AcDbLine
 62
2
  6
CONTINUOUS
 10
247.5374641149
 20
137.2468894332
 11
250.0698579623
 21
139.7792832806
  0
LINE
  5
E44
100
AcDbEntity
  8
ASSEM_MEM
100
AcDbLine
 62
2
  6
CONTINUOUS
 10
248.1314338111
 20
137.2468894332
 11
250.0698579623
 21
139.1853135844
  0
LINE
  5
E45
100
AcDbEntity
  8
ASSEM_MEM
100
AcDbLine
 62
2
  6
CONTINUOUS
 10
248.7254035073
 20
137.2468894332
 11
250.0698579623
 21
138.5913438882
  0
LINE
  5
E46
100
AcDbEntity
  8
ASSEM_MEM
100
AcDbLine
 62
2
  6
CONTINUOUS
 10
249.3193732035
 20
137.2468894332
 11
250.0698579623
 21
137.997374192
  0
LINE
  5
E47
100
AcDbEntity
  8
ASSEM_MEM
100
AcDbLine
 62
2
  6
CONTINUOUS
 10
249.9133428997
 20
137.2468894332
 11
250.0698579623
 21
137.4034044958
  0
LINE
  5
E48
100
AcDbEntity
  8
ASSEM_MEM
100
AcDbLine
 62
7
  6
CONTINUOUS
 10
296.9198579623
 20
138.2468894332
 11
296.9198579623
 21
140.1468894332
  0
LINE
  5
E49
100
AcDbEntity
  8
ASSEM_MEM
100
AcDbLine
 62
2
  6
CONTINUOUS
 10
333.1198579623
 20
216.7358592569
 11
333.6308881386
 21
217.2468894332
  0
LINE
  5
E4A
100
AcDbEntity
  8
ASSEM_MEM
100
AcDbLine
 62
2
  6
CONTINUOUS
 10
333.1198579623
 20
215.5479198645
 11
334.818827531
 21
217.2468894332
  0
LINE
  5
E4B
100
AcDbEntity
  8
ASSEM_MEM
100
AcDbLine
 62
2
  6
CONTINUOUS
 10
333.1198579623
 20
214.3599804721
 11
336.0067669234
 21
217.2468894332
  0
LINE
  5
E4C
100
AcDbEntity
  8
ASSEM_MEM
100
AcDbLine
 62
2
  6
CONTINUOUS
 10
333.1947063158
 20
213.2468894332
 11
337.1198579623
 21
217.1720410797
  0
LINE
  5
E4D
100
AcDbEntity
  8
ASSEM_MEM
100
AcDbLine
 62
7
  6
CONTINUOUS
 10
302.9198579623
 20
138.2468894332
 11
302.9198579623
 21
140.1468894332
  0
LINE
  5
E4E
100
AcDbEntity
  8
ASSEM_MEM
100
AcDbLine
 62
2
  6
CONTINUOUS
 10
334.3826457082
 20
213.2468894332
 11
337.1198579623
 21
215.9841016873
  0
LINE
  5
E4F
100
AcDbEntity
  8
ASSEM_MEM
100
AcDbLine
 62
2
  6
CONTINUOUS
 10
335.5705851006
 20
213.2468894332
 11
337.1198579623
 21
214.7961622949
  0
LINE
  5
E50
100
AcDbEntity
  8
ASSEM_MEM
100
AcDbLine
 62
2
  6
CONTINUOUS
 10
336.758524493
 20
213.2468894332
 11
337.1198579623
 21
213.6082229026
  0
LINE
  5
E51
100
AcDbEntity
  8
ASSEM_MEM
100
AcDbLine
 62
2
  6
CONTINUOUS
 10
268.3840328154
 20
142.2500036532
 11
269.4607767615
 21
143.3267475993
  0
LINE
  5
E52
100
AcDbEntity
  8
ASSEM_MEM
100
AcDbLine
 62
2
  6
CONTINUOUS
 10
270.4399997962
 20
144.305970634
 11
271.5167437424
 21
145.3827145801
  0
LINE
  5
E53
100
AcDbEntity
  8
ASSEM_MEM
100
AcDbLine
 62
4
  6
CONTINUOUS
 10
260.2734113529
 20
229.8933360426
 11
260.0663045717
 21
230.1004428238
  0
LINE
  5
E54
100
AcDbEntity
  8
ASSEM_MEM
100
AcDbLine
 62
7
  6
CONTINUOUS
 10
281.9054774114
 20
225.4968894332
 11
281.8372114921
 21
225.6334212717
  0
LINE
  5
E55
100
AcDbEntity
  8
ASSEM_MEM
100
AcDbLine
 62
2
  6
CONTINUOUS
 10
269.7975792589
 20
140.6937016156
 11
270.750900193
 21
141.6470225497
  0
LINE
  5
E56
100
AcDbEntity
  8
ASSEM_MEM
100
AcDbLine
 62
2
  6
CONTINUOUS
 10
272.1197248458
 20
143.0158472025
 11
273.0730457799
 21
143.9691681366
  0
LINE
  5
E57
100
AcDbEntity
  8
ASSEM_MEM
100
AcDbLine
 62
9
  6
CONTINUOUS
 10
282.6256803956
 20
227.1158780415
 11
282.6735308824
 21
227.0495921359
  0
LINE
  5
E58
100
AcDbEntity
  8
ASSEM_MEM
100
AcDbLine
 62
4
  6
CONTINUOUS
 10
311.3698579623
 20
143.8468894332
 11
311.3698579623
 21
137.2468894332
  0
LINE
  5
E59
100
AcDbEntity
  8
ASSEM_MEM
100
AcDbLine
 62
2
  6
CONTINUOUS
 10
303.5235763928
 20
164.651335257
 11
305.0954121385
 21
166.2231710027
  0
LINE
  5
E5A
100
AcDbEntity
  8
ASSEM_MEM
100
AcDbLine
 62
2
  6
CONTINUOUS
 10
303.289295583
 20
163.2291150547
 11
304.6957098449
 21
164.6355293167
  0
LINE
  5
E5B
100
AcDbEntity
  8
ASSEM_MEM
100
AcDbLine
 62
2
  6
CONTINUOUS
 10
304.9612180788
 20
164.9010375506
 11
306.5176323408
 21
166.4574518126
  0
LINE
  5
E5C
100
AcDbEntity
  8
ASSEM_MEM
100
AcDbLine
 62
4
  6
CONTINUOUS
 10
337.1198579623
 20
213.2468894332
 11
333.1198579623
 21
213.2468894332
  0
LINE
  5
E5D
100
AcDbEntity
  8
ASSEM_MEM
100
AcDbLine
 62
4
  6
CONTINUOUS
 10
232.2198579623
 20
213.2468894332
 11
235.7198579623
 21
213.2468894332
  0
LINE
  5
E5E
100
AcDbEntity
  8
ASSEM_MEM
100
AcDbLine
 62
7
  6
CONTINUOUS
 10
282.2748579623
 20
225.7168894332
 11
282.4248579623
 21
225.5668894332
  0
LINE
  5
E5F
100
AcDbEntity
  8
ASSEM_MEM
100
AcDbLine
 62
7
  6
CONTINUOUS
 10
282.8748579623
 20
225.4168894332
 11
283.0200688501
 21
225.2716785455
  0
LINE
  5
E60
100
AcDbEntity
  8
ASSEM_MEM
100
AcDbLine
 62
2
  6
CONTINUOUS
 10
285.2912048795
 20
144.3079333124
 11
286.1088140832
 21
145.125542516
  0
LINE
  5
E61
100
AcDbEntity
  8
ASSEM_MEM
100
AcDbLine
 62
2
  6
CONTINUOUS
 10
303.525680071
 20
162.2775601504
 11
304.3220696939
 21
163.0739497732
  0
LINE
  5
E62
100
AcDbEntity
  8
ASSEM_MEM
100
AcDbLine
 62
2
  6
CONTINUOUS
 10
306.5603980109
 20
165.3122780903
 11
307.4691872451
 21
166.2210673245
  0
LINE
  5
E63
100
AcDbEntity
  8
ASSEM_MEM
100
AcDbLine
 62
2
  6
CONTINUOUS
 10
303.9784705913
 20
161.5424112783
 11
304.7131850104
 21
162.2771256973
  0
LINE
  5
E64
100
AcDbEntity
  8
ASSEM_MEM
100
AcDbLine
 62
2
  6
CONTINUOUS
 10
307.4477470511
 20
165.0116877381
 11
308.2043361172
 21
165.7682768042
  0
LINE
  5
E65
100
AcDbEntity
  8
ASSEM_MEM
100
AcDbLine
 62
2
  6
CONTINUOUS
 10
304.6031728888
 20
160.9791741834
 11
305.3936745463
 21
161.7696758409
  0
LINE
  5
E66
100
AcDbEntity
  8
ASSEM_MEM
100
AcDbLine
 62
2
  6
CONTINUOUS
 10
308.0260782991
 20
164.4020795937
 11
308.7675732121
 21
165.1435745067
  0
LINE
  5
E67
100
AcDbEntity
  8
ASSEM_MEM
100
AcDbLine
 62
2
  6
CONTINUOUS
 10
285.4328462237
 20
141.4797261755
 11
286.2596982917
 21
142.3065782435
  0
LINE
  5
E68
100
AcDbEntity
  8
ASSEM_MEM
100
AcDbLine
 62
2
  6
CONTINUOUS
 10
288.110169152
 20
144.1570491038
 11
288.93702122
 21
144.9839011718
  0
LINE
  5
E69
100
AcDbEntity
  8
ASSEM_MEM
100
AcDbLine
 62
2
  6
CONTINUOUS
 10
305.4082387501
 20
160.5963006523
 11
306.428827531
 21
161.6168894332
  0
LINE
  5
E6A
100
AcDbEntity
  8
ASSEM_MEM
100
AcDbLine
 62
2
  6
CONTINUOUS
 10
308.2798576755
 20
163.4679195777
 11
309.1504467432
 21
164.3385086454
  0
LINE
  5
E6B
100
AcDbEntity
  8
ASSEM_MEM
100
AcDbLine
 62
2
  6
CONTINUOUS
 10
306.4729900448
 20
160.4731125546
 11
309.2736348409
 21
163.2737573507
  0
LINE
  5
E6C
100
AcDbEntity
  8
ASSEM_MEM
100
AcDbLine
 62
2
  6
CONTINUOUS
 10
287.4198579623
 20
140.4968894332
 11
289.9198579623
 21
142.9968894332
  0
LINE
  5
E6D
100
AcDbEntity
  8
ASSEM_MEM
100
AcDbLine
 62
4
  6
CONTINUOUS
 10
235.7198579623
 20
217.2468894332
 11
232.2198579623
 21
217.2468894332
  0
LINE
  5
E6E
100
AcDbEntity
  8
ASSEM_MEM
100
AcDbLine
 62
4
  6
CONTINUOUS
 10
333.1198579623
 20
217.2468894332
 11
337.1198579623
 21
217.2468894332
  0
LINE
  5
E6F
100
AcDbEntity
  8
ASSEM_MEM
100
AcDbLine
 62
7
  6
CONTINUOUS
 10
289.9648579623
 20
225.5668894332
 11
289.8556960181
 21
225.6760513774
  0
LINE
  5
E70
100
AcDbEntity
  8
ASSEM_MEM
100
AcDbLine
 62
7
  6
CONTINUOUS
 10
290.5648579623
 20
225.2668894332
 11
290.4148579623
 21
225.4168894332
  0
LINE
  5
E71
100
AcDbEntity
  8
ASSEM_MEM
100
AcDbLine
 62
9
  6
CONTINUOUS
 10
289.8413266515
 20
227.0942037323
 11
289.8735308824
 21
227.0495921359
  0
LINE
  5
E72
100
AcDbEntity
  8
ASSEM_MEM
100
AcDbLine
 62
4
  6
CONTINUOUS
 10
270.4198579623
 20
222.7468894332
 11
280.9198579623
 21
222.7468894332
  0
LINE
  5
E73
100
AcDbEntity
  8
ASSEM_MEM
100
AcDbLine
 62
4
  6
CONTINUOUS
 10
323.4198579623
 20
143.8468894332
 11
323.4198579623
 21
137.2468894332
  0
LINE
  5
E74
100
AcDbEntity
  8
ASSEM_MEM
100
AcDbLine
 62
4
  6
CONTINUOUS
 10
327.1198579623
 20
144.7468894332
 11
327.1198579623
 21
137.2468894332
  0
LINE
  5
E75
100
AcDbEntity
  8
ASSEM_MEM
100
AcDbLine
 62
7
  6
CONTINUOUS
 10
290.7842385133
 20
223.9825088822
 11
290.5367268657
 21
223.9825088822
  0
LINE
  5
E76
100
AcDbEntity
  8
ASSEM_MEM
100
AcDbLine
 62
7
  6
CONTINUOUS
 10
282.3029890589
 20
223.9825088822
 11
282.0554774114
 21
223.9825088822
  0
LINE
  5
E77
100
AcDbEntity
  8
ASSEM_MEM
100
AcDbLine
 62
7
  6
CONTINUOUS
 10
281.9498579623
 20
224.1968894332
 11
282.2498579623
 21
224.1968894332
  0
LINE
  5
E78
100
AcDbEntity
  8
ASSEM_MEM
100
AcDbLine
 62
7
  6
CONTINUOUS
 10
290.5898579623
 20
224.1968894332
 11
290.8898579623
 21
224.1968894332
  0
LINE
  5
E79
100
AcDbEntity
  8
ASSEM_MEM
100
AcDbLine
 62
7
  6
CONTINUOUS
 10
290.5898579623
 20
224.2825088822
 11
290.4398579623
 21
224.2825088822
  0
LINE
  5
E7A
100
AcDbEntity
  8
ASSEM_MEM
100
AcDbLine
 62
7
  6
CONTINUOUS
 10
282.3998579623
 20
224.2825088822
 11
282.2498579623
 21
224.2825088822
  0
LINE
  5
E7B
100
AcDbEntity
  8
ASSEM_MEM
100
AcDbLine
 62
7
  6
CONTINUOUS
 10
282.2498579623
 20
224.3168894332
 11
282.3998579623
 21
224.3168894332
  0
LINE
  5
E7C
100
AcDbEntity
  8
ASSEM_MEM
100
AcDbLine
 62
7
  6
CONTINUOUS
 10
290.4398579623
 20
224.3168894332
 11
290.5898579623
 21
224.3168894332
  0
LINE
  5
E7D
100
AcDbEntity
  8
ASSEM_MEM
100
AcDbLine
 62
9
  6
CONTINUOUS
 10
290.8898579623
 20
224.3968894332
 11
290.5898579623
 21
224.3968894332
  0
LINE
  5
E7E
100
AcDbEntity
  8
ASSEM_MEM
100
AcDbLine
 62
9
  6
CONTINUOUS
 10
282.2498579623
 20
224.3968894332
 11
281.9498579623
 21
224.3968894332
  0
LINE
  5
E7F
100
AcDbEntity
  8
ASSEM_MEM
100
AcDbLine
 62
7
  6
CONTINUOUS
 10
290.5898579623
 20
224.9168894332
 11
290.5648579623
 21
224.9168894332
  0
LINE
  5
E80
100
AcDbEntity
  8
ASSEM_MEM
100
AcDbLine
 62
7
  6
CONTINUOUS
 10
282.2748579623
 20
224.9168894332
 11
282.2498579623
 21
224.9168894332
  0
LINE
  5
E81
100
AcDbEntity
  8
ASSEM_MEM
100
AcDbLine
 62
7
  6
CONTINUOUS
 10
282.2498579623
 20
224.9468894332
 11
282.2748579623
 21
224.9468894332
  0
LINE
  5
E82
100
AcDbEntity
  8
ASSEM_MEM
100
AcDbLine
 62
7
  6
CONTINUOUS
 10
290.5648579623
 20
224.9468894332
 11
290.5898579623
 21
224.9468894332
  0
LINE
  5
E83
100
AcDbEntity
  8
ASSEM_MEM
100
AcDbLine
 62
7
  6
CONTINUOUS
 10
290.4398579623
 20
225.0968894332
 11
290.0898579623
 21
225.0968894332
  0
LINE
  5
E84
100
AcDbEntity
  8
ASSEM_MEM
100
AcDbLine
 62
7
  6
CONTINUOUS
 10
282.7498579623
 20
225.0968894332
 11
282.3998579623
 21
225.0968894332
  0
LINE
  5
E85
100
AcDbEntity
  8
ASSEM_MEM
100
AcDbLine
 62
9
  6
CONTINUOUS
 10
282.2498579623
 20
225.1254608617
 11
282.2757700698
 21
225.1254608617
  0
LINE
  5
E86
100
AcDbEntity
  8
ASSEM_MEM
100
AcDbLine
 62
9
  6
CONTINUOUS
 10
290.5639458548
 20
225.1254608617
 11
290.5898579623
 21
225.1254608617
  0
LINE
  5
E87
100
AcDbEntity
  8
ASSEM_MEM
100
AcDbLine
 62
9
  6
CONTINUOUS
 10
281.9054774114
 20
225.2150874847
 11
281.9498579623
 21
225.2150874847
  0
LINE
  5
E88
100
AcDbEntity
  8
ASSEM_MEM
100
AcDbLine
 62
9
  6
CONTINUOUS
 10
290.8898579623
 20
225.2150874847
 11
290.9342385133
 21
225.2150874847
  0
LINE
  5
E89
100
AcDbEntity
  8
ASSEM_MEM
100
AcDbLine
 62
7
  6
CONTINUOUS
 10
282.2748579623
 20
225.2668894332
 11
283.0168688675
 21
225.2668894332
  0
LINE
  5
E8A
100
AcDbEntity
  8
ASSEM_MEM
100
AcDbLine
 62
7
  6
CONTINUOUS
 10
289.8228470571
 20
225.2668894332
 11
290.5648579623
 21
225.2668894332
  0
LINE
  5
E8B
100
AcDbEntity
  8
ASSEM_MEM
100
AcDbLine
 62
9
  6
CONTINUOUS
 10
281.9498579623
 20
225.2968894332
 11
282.2498579623
 21
225.2968894332
  0
LINE
  5
E8C
100
AcDbEntity
  8
ASSEM_MEM
100
AcDbLine
 62
9
  6
CONTINUOUS
 10
290.5898579623
 20
225.2968894332
 11
290.8898579623
 21
225.2968894332
  0
LINE
  5
E8D
100
AcDbEntity
  8
ASSEM_MEM
100
AcDbLine
 62
7
  6
CONTINUOUS
 10
290.9342385133
 20
225.3650874847
 11
290.8898579623
 21
225.3650874847
  0
LINE
  5
E8E
100
AcDbEntity
  8
ASSEM_MEM
100
AcDbLine
 62
7
  6
CONTINUOUS
 10
281.9498579623
 20
225.3650874847
 11
281.9054774114
 21
225.3650874847
  0
LINE
  5
E8F
100
AcDbEntity
  8
ASSEM_MEM
100
AcDbLine
 62
7
  6
CONTINUOUS
 10
282.4198579623
 20
225.4168894332
 11
282.8748579623
 21
225.4168894332
  0
LINE
  5
E90
100
AcDbEntity
  8
ASSEM_MEM
100
AcDbLine
 62
7
  6
CONTINUOUS
 10
289.9648579623
 20
225.4168894332
 11
290.4198579623
 21
225.4168894332
  0
LINE
  5
E91
100
AcDbEntity
  8
ASSEM_MEM
100
AcDbLine
 62
7
  6
CONTINUOUS
 10
290.8898579623
 20
225.4968894332
 11
290.5898579623
 21
225.4968894332
  0
LINE
  5
E92
100
AcDbEntity
  8
ASSEM_MEM
100
AcDbLine
 62
7
  6
CONTINUOUS
 10
282.2498579623
 20
225.4968894332
 11
281.9498579623
 21
225.4968894332
  0
LINE
  5
E93
100
AcDbEntity
  8
ASSEM_MEM
100
AcDbLine
 62
7
  6
CONTINUOUS
 10
282.4198579623
 20
225.5668894332
 11
282.8748579623
 21
225.5668894332
  0
LINE
  5
E94
100
AcDbEntity
  8
ASSEM_MEM
100
AcDbLine
 62
7
  6
CONTINUOUS
 10
289.9648579623
 20
225.5668894332
 11
290.4198579623
 21
225.5668894332
  0
LINE
  5
E95
100
AcDbEntity
  8
ASSEM_MEM
100
AcDbLine
 62
9
  6
CONTINUOUS
 10
281.8197491991
 20
225.5968894332
 11
281.8554774114
 21
225.5968894332
  0
LINE
  5
E96
100
AcDbEntity
  8
ASSEM_MEM
100
AcDbLine
 62
9
  6
CONTINUOUS
 10
290.9842385133
 20
225.5968894332
 11
291.0199667256
 21
225.5968894332
  0
LINE
  5
E97
100
AcDbEntity
  8
ASSEM_MEM
100
AcDbLine
 62
9
  6
CONTINUOUS
 10
290.8898579623
 20
225.6218894332
 11
290.5898579623
 21
225.6218894332
  0
LINE
  5
E98
100
AcDbEntity
  8
ASSEM_MEM
100
AcDbLine
 62
9
  6
CONTINUOUS
 10
282.2498579623
 20
225.6218894332
 11
281.9498579623
 21
225.6218894332
  0
LINE
  5
E99
100
AcDbEntity
  8
ASSEM_MEM
100
AcDbLine
 62
7
  6
CONTINUOUS
 10
290.5648579623
 20
225.7168894332
 11
289.8895011707
 21
225.7168894332
  0
LINE
  5
E9A
100
AcDbEntity
  8
ASSEM_MEM
100
AcDbLine
 62
7
  6
CONTINUOUS
 10
282.950214754
 20
225.7168894332
 11
282.2748579623
 21
225.7168894332
  0
LINE
  5
E9B
100
AcDbEntity
  8
ASSEM_MEM
100
AcDbLine
 62
7
  6
CONTINUOUS
 10
290.8898579623
 20
225.7468894332
 11
290.5898579623
 21
225.7468894332
  0
LINE
  5
E9C
100
AcDbEntity
  8
ASSEM_MEM
100
AcDbLine
 62
7
  6
CONTINUOUS
 10
282.2498579623
 20
225.7468894332
 11
281.9498579623
 21
225.7468894332
  0
LINE
  5
E9D
100
AcDbEntity
  8
ASSEM_MEM
100
AcDbLine
 62
7
  6
CONTINUOUS
 10
282.0998579623
 20
225.7968894332
 11
282.7498579623
 21
225.7968894332
  0
LINE
  5
E9E
100
AcDbEntity
  8
ASSEM_MEM
100
AcDbLine
 62
7
  6
CONTINUOUS
 10
290.0898579623
 20
225.7968894332
 11
290.7398579623
 21
225.7968894332
  0
LINE
  5
E9F
100
AcDbEntity
  8
ASSEM_MEM
100
AcDbLine
 62
7
  6
CONTINUOUS
 10
290.0989967234
 20
226.4468894332
 11
289.9407192012
 21
226.4468894332
  0
LINE
  5
EA0
100
AcDbEntity
  8
ASSEM_MEM
100
AcDbLine
 62
7
  6
CONTINUOUS
 10
290.1866224488
 20
226.4668894332
 11
289.8530934759
 21
226.4668894332
  0
LINE
  5
EA1
100
AcDbEntity
  8
ASSEM_MEM
100
AcDbLine
 62
7
  6
CONTINUOUS
 10
290.2198579623
 20
226.9968894332
 11
289.8198579623
 21
226.9968894332
  0
LINE
  5
EA2
100
AcDbEntity
  8
ASSEM_MEM
100
AcDbLine
 62
7
  6
CONTINUOUS
 10
289.9407192012
 20
227.1168894332
 11
290.0989967234
 21
227.1168894332
  0
LINE
  5
EA3
100
AcDbEntity
  8
ASSEM_MEM
100
AcDbLine
 62
7
  6
CONTINUOUS
 10
282.9496397106
 20
227.1468894332
 11
282.6900762141
 21
227.1468894332
  0
LINE
  5
EA4
100
AcDbEntity
  8
ASSEM_MEM
100
AcDbLine
 62
4
  6
CONTINUOUS
 10
330.1198579623
 20
138.2468894332
 11
330.1198579623
 21
144.7468894332
  0
LINE
  5
EA5
100
AcDbEntity
  8
ASSEM_MEM
100
AcDbLine
 62
7
  6
CONTINUOUS
 10
330.1198579623
 20
144.7468894332
 11
330.1198579623
 21
145.2468894332
  0
LINE
  5
EA6
100
AcDbEntity
  8
ASSEM_MEM
100
AcDbLine
 62
4
  6
CONTINUOUS
 10
289.2798579623
 20
228.0668894332
 11
283.4598579623
 21
228.0668894332
  0
LINE
  5
EA7
100
AcDbEntity
  8
ASSEM_MEM
100
AcDbLine
 62
7
  6
CONTINUOUS
 10
281.9592087485
 20
228.9968894332
 11
282.3369324764
 21
228.9968894332
  0
LINE
  5
EA8
100
AcDbEntity
  8
ASSEM_MEM
100
AcDbLine
 62
7
  6
CONTINUOUS
 10
290.5027834483
 20
228.9968894332
 11
290.8805071761
 21
228.9968894332
  0
LINE
  5
EA9
100
AcDbEntity
  8
ASSEM_MEM
100
AcDbLine
 62
7
  6
CONTINUOUS
 10
281.9498579623
 20
229.3968894332
 11
282.2498579623
 21
229.3968894332
  0
LINE
  5
EAA
100
AcDbEntity
  8
ASSEM_MEM
100
AcDbLine
 62
7
  6
CONTINUOUS
 10
290.5898579623
 20
229.3968894332
 11
290.8898579623
 21
229.3968894332
  0
LINE
  5
EAB
100
AcDbEntity
  8
ASSEM_MEM
100
AcDbLine
 62
9
  6
CONTINUOUS
 10
290.8898579623
 20
229.4325205756
 11
290.5898579623
 21
229.4325205756
  0
LINE
  5
EAC
100
AcDbEntity
  8
ASSEM_MEM
100
AcDbLine
 62
9
  6
CONTINUOUS
 10
282.2498579623
 20
229.4325205756
 11
281.9498579623
 21
229.4325205756
  0
LINE
  5
EAD
100
AcDbEntity
  8
ASSEM_MEM
100
AcDbLine
 62
9
  6
CONTINUOUS
 10
281.9498579623
 20
229.5383107894
 11
282.2498579623
 21
229.5383107894
  0
LINE
  5
EAE
100
AcDbEntity
  8
ASSEM_MEM
100
AcDbLine
 62
9
  6
CONTINUOUS
 10
290.5898579623
 20
229.5383107894
 11
290.8898579623
 21
229.5383107894
  0
LINE
  5
EAF
100
AcDbEntity
  8
ASSEM_MEM
100
AcDbLine
 62
9
  6
CONTINUOUS
 10
290.8898579623
 20
229.6797321456
 11
290.5898579623
 21
229.6797321456
  0
LINE
  5
EB0
100
AcDbEntity
  8
ASSEM_MEM
100
AcDbLine
 62
9
  6
CONTINUOUS
 10
282.2498579623
 20
229.6797321456
 11
281.9498579623
 21
229.6797321456
  0
LINE
  5
EB1
100
AcDbEntity
  8
ASSEM_MEM
100
AcDbLine
 62
9
  6
CONTINUOUS
 10
281.9498579623
 20
230.1140467207
 11
282.2498579623
 21
230.1140467207
  0
LINE
  5
EB2
100
AcDbEntity
  8
ASSEM_MEM
100
AcDbLine
 62
9
  6
CONTINUOUS
 10
290.5898579623
 20
230.1140467207
 11
290.8898579623
 21
230.1140467207
  0
LINE
  5
EB3
100
AcDbEntity
  8
ASSEM_MEM
100
AcDbLine
 62
7
  6
CONTINUOUS
 10
336.1198579623
 20
230.2468894332
 11
292.2198579623
 21
230.2468894332
  0
LINE
  5
EB4
100
AcDbEntity
  8
ASSEM_MEM
100
AcDbLine
 62
4
  6
CONTINUOUS
 10
280.9198579623
 20
230.2468894332
 11
279.2198579623
 21
230.2468894332
  0
LINE
  5
EB5
100
AcDbEntity
  8
ASSEM_MEM
100
AcDbLine
 62
4
  6
CONTINUOUS
 10
273.6198579623
 20
230.2468894332
 11
270.4198579623
 21
230.2468894332
  0
LINE
  5
EB6
100
AcDbEntity
  8
ASSEM_MEM
100
AcDbLine
 62
7
  6
CONTINUOUS
 10
232.7198579623
 20
230.2468894332
 11
259.4698579623
 21
230.2468894332
  0
LINE
  5
EB7
100
AcDbEntity
  8
ASSEM_MEM
100
AcDbLine
 62
4
  6
CONTINUOUS
 10
259.4698579623
 20
230.2468894332
 11
259.7127511811
 21
230.2468894332
  0
LINE
  5
EB8
100
AcDbEntity
  8
ASSEM_MEM
100
AcDbLine
 62
7
  6
CONTINUOUS
 10
263.9698579623
 20
230.2468894332
 11
270.4198579623
 21
230.2468894332
  0
LINE
  5
EB9
100
AcDbEntity
  8
ASSEM_MEM
100
AcDbLine
 62
4
  6
CONTINUOUS
 10
263.7269647435
 20
230.2468894332
 11
263.9698579623
 21
230.2468894332
  0
LINE
  5
EBA
100
AcDbEntity
  8
ASSEM_MEM
100
AcDbLine
 62
9
  6
CONTINUOUS
 10
290.8898579623
 20
230.2554680769
 11
290.5898579623
 21
230.2554680769
  0
LINE
  5
EBB
100
AcDbEntity
  8
ASSEM_MEM
100
AcDbLine
 62
9
  6
CONTINUOUS
 10
282.2498579623
 20
230.2554680769
 11
281.9498579623
 21
230.2554680769
  0
LINE
  5
EBC
100
AcDbEntity
  8
ASSEM_MEM
100
AcDbLine
 62
9
  6
CONTINUOUS
 10
281.9498579623
 20
230.3612582908
 11
282.2498579623
 21
230.3612582908
  0
LINE
  5
EBD
100
AcDbEntity
  8
ASSEM_MEM
100
AcDbLine
 62
9
  6
CONTINUOUS
 10
290.5898579623
 20
230.3612582908
 11
290.8898579623
 21
230.3612582908
  0
LINE
  5
EBE
100
AcDbEntity
  8
ASSEM_MEM
100
AcDbLine
 62
7
  6
CONTINUOUS
 10
290.8898579623
 20
230.3968894332
 11
290.5898579623
 21
230.3968894332
  0
LINE
  5
EBF
100
AcDbEntity
  8
ASSEM_MEM
100
AcDbLine
 62
7
  6
CONTINUOUS
 10
282.2498579623
 20
230.3968894332
 11
281.9498579623
 21
230.3968894332
  0
LINE
  5
EC0
100
AcDbEntity
  8
ASSEM_MEM
100
AcDbLine
 62
7
  6
CONTINUOUS
 10
290.8805071761
 20
230.7968894332
 11
290.5027834483
 21
230.7968894332
  0
LINE
  5
EC1
100
AcDbEntity
  8
ASSEM_MEM
100
AcDbLine
 62
7
  6
CONTINUOUS
 10
282.3369324764
 20
230.7968894332
 11
281.9592087485
 21
230.7968894332
  0
LINE
  5
EC2
100
AcDbEntity
  8
ASSEM_MEM
100
AcDbLine
 62
4
  6
CONTINUOUS
 10
283.4598579623
 20
231.0468894332
 11
289.2798579623
 21
231.0468894332
  0
LINE
  5
EC3
100
AcDbEntity
  8
ASSEM_MEM
100
AcDbLine
 62
7
  6
CONTINUOUS
 10
291.6198579623
 20
231.5468894332
 11
281.2198579623
 21
231.5468894332
  0
LINE
  5
EC4
100
AcDbEntity
  8
ASSEM_MEM
100
AcDbLine
 62
7
  6
CONTINUOUS
 10
286.8448579623
 20
231.7968894332
 11
286.7948579623
 21
231.7968894332
  0
LINE
  5
EC5
100
AcDbEntity
  8
ASSEM_MEM
100
AcDbLine
 62
7
  6
CONTINUOUS
 10
286.7948579623
 20
231.9968894332
 11
286.8448579623
 21
231.9968894332
  0
LINE
  5
EC6
100
AcDbEntity
  8
ASSEM_MEM
100
AcDbLine
 62
7
  6
CONTINUOUS
 10
281.9498579623
 20
232.1968894332
 11
290.8898579623
 21
232.1968894332
  0
LINE
  5
EC7
100
AcDbEntity
  8
ASSEM_MEM
100
AcDbLine
 62
4
  6
CONTINUOUS
 10
333.1198579623
 20
213.2468894332
 11
333.1198579623
 21
217.2468894332
  0
LINE
  5
EC8
100
AcDbEntity
  8
ASSEM_MEM
100
AcDbLine
 62
2
  6
CONTINUOUS
 10
311.3698579623
 20
143.4642227495
 11
311.752524646
 21
143.8468894332
  0
LINE
  5
EC9
100
AcDbEntity
  8
ASSEM_MEM
100
AcDbLine
 62
2
  6
CONTINUOUS
 10
311.3698579623
 20
142.8702530533
 11
312.3464943422
 21
143.8468894332
  0
LINE
  5
ECA
100
AcDbEntity
  8
ASSEM_MEM
100
AcDbLine
 62
2
  6
CONTINUOUS
 10
311.3698579623
 20
142.2762833571
 11
312.9404640384
 21
143.8468894332
  0
LINE
  5
ECB
100
AcDbEntity
  8
ASSEM_MEM
100
AcDbLine
 62
2
  6
CONTINUOUS
 10
311.3698579623
 20
141.6823136609
 11
313.5344337346
 21
143.8468894332
  0
LINE
  5
ECC
100
AcDbEntity
  8
ASSEM_MEM
100
AcDbLine
 62
2
  6
CONTINUOUS
 10
311.3698579623
 20
141.0883439647
 11
314.1284034308
 21
143.8468894332
  0
LINE
  5
ECD
100
AcDbEntity
  8
ASSEM_MEM
100
AcDbLine
 62
2
  6
CONTINUOUS
 10
311.3698579623
 20
140.4943742685
 11
314.722373127
 21
143.8468894332
  0
LINE
  5
ECE
100
AcDbEntity
  8
ASSEM_MEM
100
AcDbLine
 62
2
  6
CONTINUOUS
 10
311.3698579623
 20
139.9004045723
 11
315.3163428232
 21
143.8468894332
  0
LINE
  5
ECF
100
AcDbEntity
  8
ASSEM_MEM
100
AcDbLine
 62
2
  6
CONTINUOUS
 10
311.3698579623
 20
139.3064348761
 11
315.9103125194
 21
143.8468894332
  0
LINE
  5
ED0
100
AcDbEntity
  8
ASSEM_MEM
100
AcDbLine
 62
2
  6
CONTINUOUS
 10
311.3698579623
 20
138.7124651799
 11
316.5042822156
 21
143.8468894332
  0
LINE
  5
ED1
100
AcDbEntity
  8
ASSEM_MEM
100
AcDbLine
 62
2
  6
CONTINUOUS
 10
311.3698579623
 20
138.1184954837
 11
317.0982519118
 21
143.8468894332
  0
LINE
  5
ED2
100
AcDbEntity
  8
ASSEM_MEM
100
AcDbLine
 62
2
  6
CONTINUOUS
 10
311.3698579623
 20
137.5245257875
 11
313.9030395288
 21
140.057707354
  0
LINE
  5
ED3
100
AcDbEntity
  8
ASSEM_MEM
100
AcDbLine
 62
2
  6
CONTINUOUS
 10
314.1590400415
 20
140.3137078667
 11
317.692221608
 21
143.8468894332
  0
LINE
  5
ED4
100
AcDbEntity
  8
ASSEM_MEM
100
AcDbLine
 62
4
  6
CONTINUOUS
 10
337.1198579623
 20
217.2468894332
 11
337.1198579623
 21
213.2468894332
  0
LINE
  5
ED5
100
AcDbEntity
  8
ASSEM_MEM
100
AcDbLine
 62
7
  6
CONTINUOUS
 10
337.1198579623
 20
147.2468894332
 11
337.1198579623
 21
213.2468894332
  0
LINE
  5
ED6
100
AcDbEntity
  8
ASSEM_MEM
100
AcDbLine
 62
7
  6
CONTINUOUS
 10
337.1198579623
 20
217.2468894332
 11
337.1198579623
 21
229.2468894332
  0
LINE
  5
ED7
100
AcDbEntity
  8
ASSEM_MEM
100
AcDbLine
 62
2
  6
CONTINUOUS
 10
311.6861913042
 20
137.2468894332
 11
313.6750187807
 21
139.2357169097
  0
LINE
  5
ED8
100
AcDbEntity
  8
ASSEM_MEM
100
AcDbLine
 62
2
  6
CONTINUOUS
 10
314.9861913042
 20
140.5468894332
 11
318.2861913042
 21
143.8468894332
  0
LINE
  5
ED9
100
AcDbEntity
  8
ASSEM_MEM
100
AcDbLine
 62
2
  6
CONTINUOUS
 10
312.2801610004
 20
137.2468894332
 11
313.8125753478
 21
138.7793037806
  0
LINE
  5
EDA
100
AcDbEntity
  8
ASSEM_MEM
100
AcDbLine
 62
2
  6
CONTINUOUS
 10
315.5003026679
 20
140.4670311007
 11
318.8801610004
 21
143.8468894332
  0
LINE
  5
EDB
100
AcDbEntity
  8
ASSEM_MEM
100
AcDbLine
 62
2
  6
CONTINUOUS
 10
312.8741306966
 20
137.2468894332
 11
314.0750694218
 21
138.4478281584
  0
LINE
  5
EDC
100
AcDbEntity
  8
ASSEM_MEM
100
AcDbLine
 62
2
  6
CONTINUOUS
 10
315.8691714494
 20
140.2419301861
 11
319.4741306966
 21
143.8468894332
  0
LINE
  5
EDD
100
AcDbEntity
  8
ASSEM_MEM
100
AcDbLine
 62
2
  6
CONTINUOUS
 10
313.4681003928
 20
137.2468894332
 11
314.4456006305
 21
138.2243896709
  0
LINE
  5
EDE
100
AcDbEntity
  8
ASSEM_MEM
100
AcDbLine
 62
2
  6
CONTINUOUS
 10
316.1301133342
 20
139.9089023746
 11
320.0681003928
 21
143.8468894332
  0
LINE
  5
EDF
100
AcDbEntity
  8
ASSEM_MEM
100
AcDbLine
 62
2
  6
CONTINUOUS
 10
314.062070089
 20
137.2468894332
 11
314.962070089
 21
138.1468894332
  0
LINE
  5
EE0
100
AcDbEntity
  8
ASSEM_MEM
100
AcDbLine
 62
2
  6
CONTINUOUS
 10
316.2654008337
 20
139.4502201779
 11
320.662070089
 21
143.8468894332
  0
LINE
  5
EE1
100
AcDbEntity
  8
ASSEM_MEM
100
AcDbLine
 62
2
  6
CONTINUOUS
 10
314.6560397852
 20
137.2468894332
 11
315.8170441549
 21
138.4078938029
  0
LINE
  5
EE2
100
AcDbEntity
  8
ASSEM_MEM
100
AcDbLine
 62
2
  6
CONTINUOUS
 10
316.0088535926
 20
138.5997032406
 11
321.2560397852
 21
143.8468894332
  0
LINE
  5
EE3
100
AcDbEntity
  8
ASSEM_MEM
100
AcDbLine
 62
2
  6
CONTINUOUS
 10
315.2500094813
 20
137.2468894332
 11
321.8500094813
 21
143.8468894332
  0
LINE
  5
EE4
100
AcDbEntity
  8
ASSEM_MEM
100
AcDbLine
 62
2
  6
CONTINUOUS
 10
315.8439791775
 20
137.2468894332
 11
318.7200956618
 21
140.1230059175
  0
LINE
  5
EE5
100
AcDbEntity
  8
ASSEM_MEM
100
AcDbLine
 62
2
  6
CONTINUOUS
 10
319.943741478
 20
141.3466517337
 11
322.4439791775
 21
143.8468894332
  0
LINE
  5
EE6
100
AcDbEntity
  8
ASSEM_MEM
100
AcDbLine
 62
2
  6
CONTINUOUS
 10
316.4379488737
 20
137.2468894332
 11
318.8318178184
 21
139.6407583778
  0
LINE
  5
EE7
100
AcDbEntity
  8
ASSEM_MEM
100
AcDbLine
 62
2
  6
CONTINUOUS
 10
320.4259890177
 20
141.2349295771
 11
323.0379488737
 21
143.8468894332
  0
LINE
  5
EE8
100
AcDbEntity
  8
ASSEM_MEM
100
AcDbLine
 62
2
  6
CONTINUOUS
 10
317.0319185699
 20
137.2468894332
 11
319.077381557
 21
139.2923524202
  0
LINE
  5
EE9
100
AcDbEntity
  8
ASSEM_MEM
100
AcDbLine
 62
2
  6
CONTINUOUS
 10
320.7743949753
 20
140.9893658385
 11
323.4198579623
 21
143.6348288256
  0
LINE
  5
EEA
100
AcDbEntity
  8
ASSEM_MEM
100
AcDbLine
 62
2
  6
CONTINUOUS
 10
317.6258882661
 20
137.2468894332
 11
319.4302938957
 21
139.0512950627
  0
LINE
  5
EEB
100
AcDbEntity
  8
ASSEM_MEM
100
AcDbLine
 62
2
  6
CONTINUOUS
 10
321.0154523328
 20
140.6364534998
 11
323.4198579623
 21
143.0408591294
  0
LINE
  5
EEC
100
AcDbEntity
  8
ASSEM_MEM
100
AcDbLine
 62
2
  6
CONTINUOUS
 10
318.2198579623
 20
137.2468894332
 11
319.9198579623
 21
138.9468894332
  0
LINE
  5
EED
100
AcDbEntity
  8
ASSEM_MEM
100
AcDbLine
 62
2
  6
CONTINUOUS
 10
321.1198579623
 20
140.1468894332
 11
323.4198579623
 21
142.4468894332
  0
LINE
  5
EEE
100
AcDbEntity
  8
ASSEM_MEM
100
AcDbLine
 62
2
  6
CONTINUOUS
 10
318.8138276585
 20
137.2468894332
 11
323.4198579623
 21
141.852919737
  0
LINE
  5
EEF
100
AcDbEntity
  8
ASSEM_MEM
100
AcDbLine
 62
2
  6
CONTINUOUS
 10
319.4077973547
 20
137.2468894332
 11
323.4198579623
 21
141.2589500408
  0
LINE
  5
EF0
100
AcDbEntity
  8
ASSEM_MEM
100
AcDbLine
 62
2
  6
CONTINUOUS
 10
320.0017670509
 20
137.2468894332
 11
323.4198579623
 21
140.6649803446
  0
LINE
  5
EF1
100
AcDbEntity
  8
ASSEM_MEM
100
AcDbLine
 62
2
  6
CONTINUOUS
 10
327.1198579623
 20
143.9911319656
 11
327.8756154299
 21
144.7468894332
  0
LINE
  5
EF2
100
AcDbEntity
  8
ASSEM_MEM
100
AcDbLine
 62
2
  6
CONTINUOUS
 10
320.5957367471
 20
137.2468894332
 11
323.4198579623
 21
140.0710106484
  0
LINE
  5
EF3
100
AcDbEntity
  8
ASSEM_MEM
100
AcDbLine
 62
2
  6
CONTINUOUS
 10
321.1897064433
 20
137.2468894332
 11
323.4198579623
 21
139.4770409522
  0
LINE
  5
EF4
100
AcDbEntity
  8
ASSEM_MEM
100
AcDbLine
 62
2
  6
CONTINUOUS
 10
321.7836761395
 20
137.2468894332
 11
323.4198579623
 21
138.883071256
  0
LINE
  5
EF5
100
AcDbEntity
  8
ASSEM_MEM
100
AcDbLine
 62
2
  6
CONTINUOUS
 10
322.3776458357
 20
137.2468894332
 11
323.4198579623
 21
138.2891015598
  0
LINE
  5
EF6
100
AcDbEntity
  8
ASSEM_MEM
100
AcDbLine
 62
2
  6
CONTINUOUS
 10
322.9716155319
 20
137.2468894332
 11
323.4198579623
 21
137.6951318636
  0
LINE
  5
EF7
100
AcDbEntity
  8
ASSEM_MEM
100
AcDbLine
 62
2
  6
CONTINUOUS
 10
327.1198579623
 20
141.0212834847
 11
330.1198579623
 21
144.0212834847
  0
LINE
  5
EF8
100
AcDbEntity
  8
ASSEM_MEM
100
AcDbLine
 62
2
  6
CONTINUOUS
 10
327.1198579623
 20
138.0514350037
 11
330.1198579623
 21
141.0514350037
  0
LINE
  5
EF9
100
AcDbEntity
  8
ASSEM_MEM
100
AcDbLine
 62
2
  6
CONTINUOUS
 10
329.3018633372
 20
137.2635918976
 11
330.1031554979
 21
138.0648840583
  0
LINE
  5
EFA
100
AcDbEntity
  8
0
100
AcDbLine
 62
7
  6
CONTINUOUS
 10
112.0703839477
 20
54.976907394
 11
113.7252539315
 21
62.686139256
  0
LINE
  5
EFB
100
AcDbEntity
  8
0
100
AcDbLine
 62
7
  6
CONTINUOUS
 10
113.2379823636
 20
47.6509739925
 11
112.0703839477
 21
54.976907394
  0
LINE
  5
EFC
100
AcDbEntity
  8
0
100
AcDbLine
 62
7
  6
CONTINUOUS
 10
113.7252539315
 20
62.686139256
 11
117.4291184603
 21
69.0723362644
  0
LINE
  5
EFD
100
AcDbEntity
  8
0
100
AcDbLine
 62
7
  6
CONTINUOUS
 10
117.8251964723
 20
41.9608788911
 11
113.2379823636
 21
47.6509739925
  0
LINE
  5
EFE
100
AcDbEntity
  8
ASSEM_MEM
100
AcDbLine
 62
4
  6
CONTINUOUS
 10
119.1808836643
 20
42.2191712882
 11
119.1808836643
 21
43.4191712882
  0
LINE
  5
EFF
100
AcDbEntity
  8
ASSEM_MEM
100
AcDbLine
 62
4
  6
CONTINUOUS
 10
119.1808836643
 20
44.0191712882
 11
119.1808836643
 21
45.2191712882
  0
LINE
  5
F00
100
AcDbEntity
  8
ASSEM_MEM
100
AcDbLine
 62
4
  6
CONTINUOUS
 10
119.1808836643
 20
45.8191712882
 11
119.1808836643
 21
47.0191712882
  0
LINE
  5
F01
100
AcDbEntity
  8
ASSEM_MEM
100
AcDbLine
 62
4
  6
CONTINUOUS
 10
119.1808836643
 20
47.6191712882
 11
119.1808836643
 21
48.8191712882
  0
LINE
  5
F02
100
AcDbEntity
  8
ASSEM_MEM
100
AcDbLine
 62
4
  6
CONTINUOUS
 10
119.1808836643
 20
49.4191712882
 11
119.1808836643
 21
50.6191712882
  0
LINE
  5
F03
100
AcDbEntity
  8
ASSEM_MEM
100
AcDbLine
 62
4
  6
CONTINUOUS
 10
119.1808836643
 20
51.2191712882
 11
119.1808836643
 21
52.4191712882
  0
LINE
  5
F04
100
AcDbEntity
  8
ASSEM_MEM
100
AcDbLine
 62
4
  6
CONTINUOUS
 10
119.1808836643
 20
53.0191712882
 11
119.1808836643
 21
54.2191712882
  0
LINE
  5
F05
100
AcDbEntity
  8
ASSEM_MEM
100
AcDbLine
 62
4
  6
CONTINUOUS
 10
119.1808836643
 20
54.8191712882
 11
119.1808836643
 21
56.0191712882
  0
LINE
  5
F06
100
AcDbEntity
  8
ASSEM_MEM
100
AcDbLine
 62
4
  6
CONTINUOUS
 10
119.1808836643
 20
56.6191712882
 11
119.1808836643
 21
57.8191712882
  0
LINE
  5
F07
100
AcDbEntity
  8
ASSEM_MEM
100
AcDbLine
 62
4
  6
CONTINUOUS
 10
119.1808836643
 20
58.4191712882
 11
119.1808836643
 21
59.6191712882
  0
LINE
  5
F08
100
AcDbEntity
  8
ASSEM_MEM
100
AcDbLine
 62
4
  6
CONTINUOUS
 10
119.1808836643
 20
60.2191712882
 11
119.1808836643
 21
61.4191712882
  0
LINE
  5
F09
100
AcDbEntity
  8
ASSEM_MEM
100
AcDbLine
 62
4
  6
CONTINUOUS
 10
121.2808836643
 20
61.4191712882
 11
121.2808836643
 21
60.2191712882
  0
LINE
  5
F0A
100
AcDbEntity
  8
ASSEM_MEM
100
AcDbLine
 62
4
  6
CONTINUOUS
 10
121.2808836643
 20
59.6191712882
 11
121.2808836643
 21
58.4191712882
  0
LINE
  5
F0B
100
AcDbEntity
  8
ASSEM_MEM
100
AcDbLine
 62
4
  6
CONTINUOUS
 10
121.2808836643
 20
57.8191712882
 11
121.2808836643
 21
56.6191712882
  0
LINE
  5
F0C
100
AcDbEntity
  8
ASSEM_MEM
100
AcDbLine
 62
4
  6
CONTINUOUS
 10
121.2808836643
 20
56.0191712882
 11
121.2808836643
 21
54.8191712882
  0
LINE
  5
F0D
100
AcDbEntity
  8
ASSEM_MEM
100
AcDbLine
 62
4
  6
CONTINUOUS
 10
121.2808836643
 20
54.2191712882
 11
121.2808836643
 21
53.0191712882
  0
LINE
  5
F0E
100
AcDbEntity
  8
ASSEM_MEM
100
AcDbLine
 62
4
  6
CONTINUOUS
 10
121.2808836643
 20
52.4191712882
 11
121.2808836643
 21
51.2191712882
  0
LINE
  5
F0F
100
AcDbEntity
  8
ASSEM_MEM
100
AcDbLine
 62
4
  6
CONTINUOUS
 10
121.2808836643
 20
50.6191712882
 11
121.2808836643
 21
49.4191712882
  0
LINE
  5
F10
100
AcDbEntity
  8
ASSEM_MEM
100
AcDbLine
 62
4
  6
CONTINUOUS
 10
121.2808836643
 20
48.8191712882
 11
121.2808836643
 21
47.6191712882
  0
LINE
  5
F11
100
AcDbEntity
  8
ASSEM_MEM
100
AcDbLine
 62
4
  6
CONTINUOUS
 10
121.2808836643
 20
47.0191712882
 11
121.2808836643
 21
45.8191712882
  0
LINE
  5
F12
100
AcDbEntity
  8
ASSEM_MEM
100
AcDbLine
 62
4
  6
CONTINUOUS
 10
121.2808836643
 20
45.2191712882
 11
121.2808836643
 21
44.0191712882
  0
LINE
  5
F13
100
AcDbEntity
  8
ASSEM_MEM
100
AcDbLine
 62
4
  6
CONTINUOUS
 10
121.2808836643
 20
43.4191712882
 11
121.2808836643
 21
42.2191712882
  0
LINE
  5
F14
100
AcDbEntity
  8
ASSEM_MEM
100
AcDbLine
 62
4
  6
CONTINUOUS
 10
121.7608836643
 20
42.2191712882
 11
121.7608836643
 21
43.4191712882
  0
LINE
  5
F15
100
AcDbEntity
  8
ASSEM_MEM
100
AcDbLine
 62
4
  6
CONTINUOUS
 10
121.7608836643
 20
44.0191712882
 11
121.7608836643
 21
45.2191712882
  0
LINE
  5
F16
100
AcDbEntity
  8
ASSEM_MEM
100
AcDbLine
 62
4
  6
CONTINUOUS
 10
121.7608836643
 20
45.8191712882
 11
121.7608836643
 21
47.0191712882
  0
LINE
  5
F17
100
AcDbEntity
  8
ASSEM_MEM
100
AcDbLine
 62
4
  6
CONTINUOUS
 10
121.7608836643
 20
47.6191712882
 11
121.7608836643
 21
48.8191712882
  0
LINE
  5
F18
100
AcDbEntity
  8
ASSEM_MEM
100
AcDbLine
 62
4
  6
CONTINUOUS
 10
121.7608836643
 20
49.4191712882
 11
121.7608836643
 21
50.6191712882
  0
LINE
  5
F19
100
AcDbEntity
  8
ASSEM_MEM
100
AcDbLine
 62
4
  6
CONTINUOUS
 10
121.7608836643
 20
51.2191712882
 11
121.7608836643
 21
52.4191712882
  0
LINE
  5
F1A
100
AcDbEntity
  8
ASSEM_MEM
100
AcDbLine
 62
4
  6
CONTINUOUS
 10
121.7608836643
 20
53.0191712882
 11
121.7608836643
 21
54.2191712882
  0
LINE
  5
F1B
100
AcDbEntity
  8
ASSEM_MEM
100
AcDbLine
 62
4
  6
CONTINUOUS
 10
121.7608836643
 20
54.8191712882
 11
121.7608836643
 21
56.0191712882
  0
LINE
  5
F1C
100
AcDbEntity
  8
ASSEM_MEM
100
AcDbLine
 62
4
  6
CONTINUOUS
 10
121.7608836643
 20
56.6191712882
 11
121.7608836643
 21
57.8191712882
  0
LINE
  5
F1D
100
AcDbEntity
  8
ASSEM_MEM
100
AcDbLine
 62
4
  6
CONTINUOUS
 10
121.7608836643
 20
58.4191712882
 11
121.7608836643
 21
59.6191712882
  0
LINE
  5
F1E
100
AcDbEntity
  8
ASSEM_MEM
100
AcDbLine
 62
4
  6
CONTINUOUS
 10
121.7608836643
 20
60.2191712882
 11
121.7608836643
 21
61.4191712882
  0
LINE
  5
F1F
100
AcDbEntity
  8
ASSEM_MEM
100
AcDbLine
 62
4
  6
CONTINUOUS
 10
123.8608836643
 20
61.4191712882
 11
123.8608836643
 21
60.2191712882
  0
LINE
  5
F20
100
AcDbEntity
  8
ASSEM_MEM
100
AcDbLine
 62
4
  6
CONTINUOUS
 10
123.8608836643
 20
59.6191712882
 11
123.8608836643
 21
58.4191712882
  0
LINE
  5
F21
100
AcDbEntity
  8
ASSEM_MEM
100
AcDbLine
 62
4
  6
CONTINUOUS
 10
123.8608836643
 20
57.8191712882
 11
123.8608836643
 21
56.6191712882
  0
LINE
  5
F22
100
AcDbEntity
  8
ASSEM_MEM
100
AcDbLine
 62
4
  6
CONTINUOUS
 10
123.8608836643
 20
56.0191712882
 11
123.8608836643
 21
54.8191712882
  0
LINE
  5
F23
100
AcDbEntity
  8
ASSEM_MEM
100
AcDbLine
 62
4
  6
CONTINUOUS
 10
123.8608836643
 20
54.2191712882
 11
123.8608836643
 21
53.0191712882
  0
LINE
  5
F24
100
AcDbEntity
  8
ASSEM_MEM
100
AcDbLine
 62
4
  6
CONTINUOUS
 10
123.8608836643
 20
52.4191712882
 11
123.8608836643
 21
51.2191712882
  0
LINE
  5
F25
100
AcDbEntity
  8
ASSEM_MEM
100
AcDbLine
 62
4
  6
CONTINUOUS
 10
123.8608836643
 20
50.6191712882
 11
123.8608836643
 21
49.4191712882
  0
LINE
  5
F26
100
AcDbEntity
  8
ASSEM_MEM
100
AcDbLine
 62
4
  6
CONTINUOUS
 10
123.8608836643
 20
48.8191712882
 11
123.8608836643
 21
47.6191712882
  0
LINE
  5
F27
100
AcDbEntity
  8
ASSEM_MEM
100
AcDbLine
 62
4
  6
CONTINUOUS
 10
123.8608836643
 20
47.0191712882
 11
123.8608836643
 21
45.8191712882
  0
LINE
  5
F28
100
AcDbEntity
  8
ASSEM_MEM
100
AcDbLine
 62
4
  6
CONTINUOUS
 10
123.8608836643
 20
45.2191712882
 11
123.8608836643
 21
44.0191712882
  0
LINE
  5
F29
100
AcDbEntity
  8
ASSEM_MEM
100
AcDbLine
 62
4
  6
CONTINUOUS
 10
123.8608836643
 20
43.4191712882
 11
123.8608836643
 21
42.2191712882
  0
LINE
  5
F2A
100
AcDbEntity
  8
ASSEM_MEM
100
AcDbLine
 62
2
  6
CONTINUOUS
 10
119.1808836643
 20
61.1010803768
 11
119.4989745757
 21
61.4191712882
  0
LINE
  5
F2B
100
AcDbEntity
  8
ASSEM_MEM
100
AcDbLine
 62
2
  6
CONTINUOUS
 10
120.0808836643
 20
60.2191712882
 11
121.2808836643
 21
61.4191712882
  0
LINE
  5
F2C
100
AcDbEntity
  8
ASSEM_MEM
100
AcDbLine
 62
2
  6
CONTINUOUS
 10
119.1808836643
 20
59.3010803768
 11
119.4989745757
 21
59.6191712882
  0
LINE
  5
F2D
100
AcDbEntity
  8
0
100
AcDbLine
 62
7
  6
CONTINUOUS
 10
124.7817532284
 20
38.265005287
 11
117.8251964723
 21
41.9608788911
  0
LINE
  5
F2E
100
AcDbEntity
  8
ASSEM_MEM
100
AcDbLine
 62
4
  6
CONTINUOUS
 10
129.0808836643
 20
42.2191712882
 11
129.0808836643
 21
43.4191712882
  0
LINE
  5
F2F
100
AcDbEntity
  8
ASSEM_MEM
100
AcDbLine
 62
4
  6
CONTINUOUS
 10
129.0808836643
 20
44.0191712882
 11
129.0808836643
 21
45.2191712882
  0
LINE
  5
F30
100
AcDbEntity
  8
ASSEM_MEM
100
AcDbLine
 62
4
  6
CONTINUOUS
 10
129.0808836643
 20
45.8191712882
 11
129.0808836643
 21
47.0191712882
  0
LINE
  5
F31
100
AcDbEntity
  8
ASSEM_MEM
100
AcDbLine
 62
4
  6
CONTINUOUS
 10
129.0808836643
 20
47.6191712882
 11
129.0808836643
 21
48.8191712882
  0
LINE
  5
F32
100
AcDbEntity
  8
ASSEM_MEM
100
AcDbLine
 62
4
  6
CONTINUOUS
 10
129.0808836643
 20
49.4191712882
 11
129.0808836643
 21
50.6191712882
  0
LINE
  5
F33
100
AcDbEntity
  8
ASSEM_MEM
100
AcDbLine
 62
4
  6
CONTINUOUS
 10
129.0808836643
 20
51.2191712882
 11
129.0808836643
 21
52.4191712882
  0
LINE
  5
F34
100
AcDbEntity
  8
ASSEM_MEM
100
AcDbLine
 62
4
  6
CONTINUOUS
 10
129.0808836643
 20
53.0191712882
 11
129.0808836643
 21
54.2191712882
  0
LINE
  5
F35
100
AcDbEntity
  8
ASSEM_MEM
100
AcDbLine
 62
4
  6
CONTINUOUS
 10
129.0808836643
 20
54.8191712882
 11
129.0808836643
 21
56.0191712882
  0
LINE
  5
F36
100
AcDbEntity
  8
ASSEM_MEM
100
AcDbLine
 62
4
  6
CONTINUOUS
 10
129.0808836643
 20
56.6191712882
 11
129.0808836643
 21
57.8191712882
  0
LINE
  5
F37
100
AcDbEntity
  8
ASSEM_MEM
100
AcDbLine
 62
4
  6
CONTINUOUS
 10
129.0808836643
 20
58.4191712882
 11
129.0808836643
 21
59.6191712882
  0
LINE
  5
F38
100
AcDbEntity
  8
ASSEM_MEM
100
AcDbLine
 62
4
  6
CONTINUOUS
 10
129.0808836643
 20
60.2191712882
 11
129.0808836643
 21
61.4191712882
  0
LINE
  5
F39
100
AcDbEntity
  8
ASSEM_MEM
100
AcDbLine
 62
4
  6
CONTINUOUS
 10
131.1808836643
 20
61.4191712882
 11
131.1808836643
 21
60.2191712882
  0
LINE
  5
F3A
100
AcDbEntity
  8
ASSEM_MEM
100
AcDbLine
 62
4
  6
CONTINUOUS
 10
131.1808836643
 20
59.6191712882
 11
131.1808836643
 21
58.4191712882
  0
LINE
  5
F3B
100
AcDbEntity
  8
ASSEM_MEM
100
AcDbLine
 62
4
  6
CONTINUOUS
 10
131.1808836643
 20
57.8191712882
 11
131.1808836643
 21
56.6191712882
  0
LINE
  5
F3C
100
AcDbEntity
  8
ASSEM_MEM
100
AcDbLine
 62
4
  6
CONTINUOUS
 10
131.1808836643
 20
56.0191712882
 11
131.1808836643
 21
54.8191712882
  0
LINE
  5
F3D
100
AcDbEntity
  8
ASSEM_MEM
100
AcDbLine
 62
4
  6
CONTINUOUS
 10
131.1808836643
 20
54.2191712882
 11
131.1808836643
 21
53.0191712882
  0
LINE
  5
F3E
100
AcDbEntity
  8
ASSEM_MEM
100
AcDbLine
 62
4
  6
CONTINUOUS
 10
131.1808836643
 20
52.4191712882
 11
131.1808836643
 21
51.2191712882
  0
LINE
  5
F3F
100
AcDbEntity
  8
ASSEM_MEM
100
AcDbLine
 62
4
  6
CONTINUOUS
 10
131.1808836643
 20
50.6191712882
 11
131.1808836643
 21
49.4191712882
  0
LINE
  5
F40
100
AcDbEntity
  8
ASSEM_MEM
100
AcDbLine
 62
4
  6
CONTINUOUS
 10
131.1808836643
 20
48.8191712882
 11
131.1808836643
 21
47.6191712882
  0
LINE
  5
F41
100
AcDbEntity
  8
ASSEM_MEM
100
AcDbLine
 62
4
  6
CONTINUOUS
 10
131.1808836643
 20
47.0191712882
 11
131.1808836643
 21
45.8191712882
  0
LINE
  5
F42
100
AcDbEntity
  8
ASSEM_MEM
100
AcDbLine
 62
4
  6
CONTINUOUS
 10
131.1808836643
 20
45.2191712882
 11
131.1808836643
 21
44.0191712882
  0
LINE
  5
F43
100
AcDbEntity
  8
ASSEM_MEM
100
AcDbLine
 62
4
  6
CONTINUOUS
 10
131.1808836643
 20
43.4191712882
 11
131.1808836643
 21
42.2191712882
  0
LINE
  5
F44
100
AcDbEntity
  8
ASSEM_MEM
100
AcDbLine
 62
2
  6
CONTINUOUS
 10
121.8627927529
 20
60.2191712882
 11
123.0627927529
 21
61.4191712882
  0
LINE
  5
F45
100
AcDbEntity
  8
ASSEM_MEM
100
AcDbLine
 62
2
  6
CONTINUOUS
 10
120.0808836643
 20
58.4191712882
 11
121.2808836643
 21
59.6191712882
  0
LINE
  5
F46
100
AcDbEntity
  8
ASSEM_MEM
100
AcDbLine
 62
2
  6
CONTINUOUS
 10
119.1808836643
 20
57.5010803768
 11
119.4989745757
 21
57.8191712882
  0
LINE
  5
F47
100
AcDbEntity
  8
ASSEM_MEM
100
AcDbLine
 62
2
  6
CONTINUOUS
 10
123.6447018415
 20
60.2191712882
 11
123.8608836643
 21
60.435353111
  0
LINE
  5
F48
100
AcDbEntity
  8
ASSEM_MEM
100
AcDbLine
 62
2
  6
CONTINUOUS
 10
121.8627927529
 20
58.4191712882
 11
123.0627927529
 21
59.6191712882
  0
LINE
  5
F49
100
AcDbEntity
  8
ASSEM_MEM
100
AcDbLine
 62
2
  6
CONTINUOUS
 10
120.0808836643
 20
56.6191712882
 11
121.2808836643
 21
57.8191712882
  0
LINE
  5
F4A
100
AcDbEntity
  8
ASSEM_MEM
100
AcDbLine
 62
2
  6
CONTINUOUS
 10
119.1808836643
 20
55.7010803768
 11
119.4989745757
 21
56.0191712882
  0
LINE
  5
F4B
100
AcDbEntity
  8
ASSEM_MEM
100
AcDbLine
 62
2
  6
CONTINUOUS
 10
123.6447018415
 20
58.4191712882
 11
123.8608836643
 21
58.635353111
  0
LINE
  5
F4C
100
AcDbEntity
  8
ASSEM_MEM
100
AcDbLine
 62
2
  6
CONTINUOUS
 10
121.8627927529
 20
56.6191712882
 11
123.0627927529
 21
57.8191712882
  0
LINE
  5
F4D
100
AcDbEntity
  8
ASSEM_MEM
100
AcDbLine
 62
2
  6
CONTINUOUS
 10
120.0808836643
 20
54.8191712882
 11
121.2808836643
 21
56.0191712882
  0
LINE
  5
F4E
100
AcDbEntity
  8
ASSEM_MEM
100
AcDbLine
 62
2
  6
CONTINUOUS
 10
119.1808836643
 20
53.9010803768
 11
119.4989745757
 21
54.2191712882
  0
LINE
  5
F4F
100
AcDbEntity
  8
0
100
AcDbLine
 62
7
  6
CONTINUOUS
 10
117.4291184603
 20
69.0723362644
 11
129.5360955338
 21
74.3190951899
  0
LINE
  5
F50
100
AcDbEntity
  8
ASSEM_MEM
100
AcDbLine
 62
4
  6
CONTINUOUS
 10
131.6608836643
 20
42.2191712882
 11
131.6608836643
 21
43.4191712882
  0
LINE
  5
F51
100
AcDbEntity
  8
ASSEM_MEM
100
AcDbLine
 62
4
  6
CONTINUOUS
 10
131.6608836643
 20
44.0191712882
 11
131.6608836643
 21
45.2191712882
  0
LINE
  5
F52
100
AcDbEntity
  8
ASSEM_MEM
100
AcDbLine
 62
4
  6
CONTINUOUS
 10
131.6608836643
 20
58.4191712882
 11
131.6608836643
 21
59.6191712882
  0
LINE
  5
F53
100
AcDbEntity
  8
ASSEM_MEM
100
AcDbLine
 62
4
  6
CONTINUOUS
 10
131.6608836643
 20
60.2191712882
 11
131.6608836643
 21
61.4191712882
  0
LINE
  5
F54
100
AcDbEntity
  8
ASSEM_MEM
100
AcDbLine
 62
4
  6
CONTINUOUS
 10
133.7608836643
 20
61.4191712882
 11
133.7608836643
 21
60.2191712882
  0
LINE
  5
F55
100
AcDbEntity
  8
ASSEM_MEM
100
AcDbLine
 62
4
  6
CONTINUOUS
 10
133.7608836643
 20
59.6191712882
 11
133.7608836643
 21
58.4191712882
  0
LINE
  5
F56
100
AcDbEntity
  8
ASSEM_MEM
100
AcDbLine
 62
4
  6
CONTINUOUS
 10
133.7608836643
 20
45.2191712882
 11
133.7608836643
 21
44.0191712882
  0
LINE
  5
F57
100
AcDbEntity
  8
ASSEM_MEM
100
AcDbLine
 62
4
  6
CONTINUOUS
 10
133.7608836643
 20
43.4191712882
 11
133.7608836643
 21
42.2191712882
  0
LINE
  5
F58
100
AcDbEntity
  8
ASSEM_MEM
100
AcDbLine
 62
2
  6
CONTINUOUS
 10
123.6447018415
 20
56.6191712882
 11
123.8608836643
 21
56.835353111
  0
LINE
  5
F59
100
AcDbEntity
  8
ASSEM_MEM
100
AcDbLine
 62
2
  6
CONTINUOUS
 10
121.8627927529
 20
54.8191712882
 11
123.0627927529
 21
56.0191712882
  0
LINE
  5
F5A
100
AcDbEntity
  8
ASSEM_MEM
100
AcDbLine
 62
2
  6
CONTINUOUS
 10
120.0808836643
 20
53.0191712882
 11
121.2808836643
 21
54.2191712882
  0
LINE
  5
F5B
100
AcDbEntity
  8
ASSEM_MEM
100
AcDbLine
 62
2
  6
CONTINUOUS
 10
119.1808836643
 20
52.1010803768
 11
119.4989745757
 21
52.4191712882
  0
LINE
  5
F5C
100
AcDbEntity
  8
ASSEM_MEM
100
AcDbLine
 62
2
  6
CONTINUOUS
 10
129.0808836643
 20
60.3096258453
 11
130.1904291072
 21
61.4191712882
  0
LINE
  5
F5D
100
AcDbEntity
  8
ASSEM_MEM
100
AcDbLine
 62
2
  6
CONTINUOUS
 10
123.6447018415
 20
54.8191712882
 11
123.8608836643
 21
55.035353111
  0
LINE
  5
F5E
100
AcDbEntity
  8
ASSEM_MEM
100
AcDbLine
 62
2
  6
CONTINUOUS
 10
121.8627927529
 20
53.0191712882
 11
123.0627927529
 21
54.2191712882
  0
LINE
  5
F5F
100
AcDbEntity
  8
ASSEM_MEM
100
AcDbLine
 62
2
  6
CONTINUOUS
 10
120.0808836643
 20
51.2191712882
 11
121.2808836643
 21
52.4191712882
  0
LINE
  5
F60
100
AcDbEntity
  8
ASSEM_MEM
100
AcDbLine
 62
2
  6
CONTINUOUS
 10
119.1808836643
 20
50.3010803768
 11
119.4989745757
 21
50.6191712882
  0
LINE
  5
F61
100
AcDbEntity
  8
0
100
AcDbLine
 62
7
  6
CONTINUOUS
 10
132.6635655419
 20
36.3415591285
 11
124.7817532284
 21
38.265005287
  0
LINE
  5
F62
100
AcDbEntity
  8
ASSEM_MEM
100
AcDbLine
 62
2
  6
CONTINUOUS
 10
130.7723381958
 20
60.2191712882
 11
131.1808836643
 21
60.6277167567
  0
LINE
  5
F63
100
AcDbEntity
  8
ASSEM_MEM
100
AcDbLine
 62
2
  6
CONTINUOUS
 10
131.6608836643
 20
61.1010803768
 11
131.9789745757
 21
61.4191712882
  0
LINE
  5
F64
100
AcDbEntity
  8
ASSEM_MEM
100
AcDbLine
 62
2
  6
CONTINUOUS
 10
129.0808836643
 20
58.5096258453
 11
130.1904291072
 21
59.6191712882
  0
LINE
  5
F65
100
AcDbEntity
  8
ASSEM_MEM
100
AcDbLine
 62
2
  6
CONTINUOUS
 10
123.6447018415
 20
53.0191712882
 11
123.8608836643
 21
53.235353111
  0
LINE
  5
F66
100
AcDbEntity
  8
ASSEM_MEM
100
AcDbLine
 62
2
  6
CONTINUOUS
 10
121.8627927529
 20
51.2191712882
 11
123.0627927529
 21
52.4191712882
  0
LINE
  5
F67
100
AcDbEntity
  8
ASSEM_MEM
100
AcDbLine
 62
2
  6
CONTINUOUS
 10
120.0808836643
 20
49.4191712882
 11
121.2808836643
 21
50.6191712882
  0
LINE
  5
F68
100
AcDbEntity
  8
ASSEM_MEM
100
AcDbLine
 62
2
  6
CONTINUOUS
 10
119.1808836643
 20
48.5010803768
 11
119.4989745757
 21
48.8191712882
  0
LINE
  5
F69
100
AcDbEntity
  8
ASSEM_MEM
100
AcDbLine
 62
2
  6
CONTINUOUS
 10
131.6608836643
 20
59.3191712882
 11
131.9608836643
 21
59.6191712882
  0
LINE
  5
F6A
100
AcDbEntity
  8
ASSEM_MEM
100
AcDbLine
 62
2
  6
CONTINUOUS
 10
132.5608836643
 20
60.2191712882
 11
133.7608836643
 21
61.4191712882
  0
LINE
  5
F6B
100
AcDbEntity
  8
ASSEM_MEM
100
AcDbLine
 62
2
  6
CONTINUOUS
 10
130.7723381958
 20
58.4191712882
 11
131.1808836643
 21
58.8277167567
  0
LINE
  5
F6C
100
AcDbEntity
  8
ASSEM_MEM
100
AcDbLine
 62
2
  6
CONTINUOUS
 10
129.0808836643
 20
56.7096258453
 11
130.1904291072
 21
57.8191712882
  0
LINE
  5
F6D
100
AcDbEntity
  8
ASSEM_MEM
100
AcDbLine
 62
2
  6
CONTINUOUS
 10
123.6447018415
 20
51.2191712882
 11
123.8608836643
 21
51.435353111
  0
LINE
  5
F6E
100
AcDbEntity
  8
ASSEM_MEM
100
AcDbLine
 62
2
  6
CONTINUOUS
 10
121.8627927529
 20
49.4191712882
 11
123.0627927529
 21
50.6191712882
  0
LINE
  5
F6F
100
AcDbEntity
  8
ASSEM_MEM
100
AcDbLine
 62
2
  6
CONTINUOUS
 10
120.0808836643
 20
47.6191712882
 11
121.2808836643
 21
48.8191712882
  0
LINE
  5
F70
100
AcDbEntity
  8
ASSEM_MEM
100
AcDbLine
 62
2
  6
CONTINUOUS
 10
119.1808836643
 20
46.7010803768
 11
119.4989745757
 21
47.0191712882
  0
LINE
  5
F71
100
AcDbEntity
  8
ASSEM_MEM
100
AcDbLine
 62
2
  6
CONTINUOUS
 10
132.5427927529
 20
58.4191712882
 11
133.7427927529
 21
59.6191712882
  0
LINE
  5
F72
100
AcDbEntity
  8
ASSEM_MEM
100
AcDbLine
 62
2
  6
CONTINUOUS
 10
130.7723381958
 20
56.6191712882
 11
131.1808836643
 21
57.0277167567
  0
LINE
  5
F73
100
AcDbEntity
  8
ASSEM_MEM
100
AcDbLine
 62
2
  6
CONTINUOUS
 10
129.0808836643
 20
54.9096258453
 11
130.1904291072
 21
56.0191712882
  0
LINE
  5
F74
100
AcDbEntity
  8
ASSEM_MEM
100
AcDbLine
 62
2
  6
CONTINUOUS
 10
123.6447018415
 20
49.4191712882
 11
123.8608836643
 21
49.635353111
  0
LINE
  5
F75
100
AcDbEntity
  8
ASSEM_MEM
100
AcDbLine
 62
2
  6
CONTINUOUS
 10
121.8627927529
 20
47.6191712882
 11
123.0627927529
 21
48.8191712882
  0
LINE
  5
F76
100
AcDbEntity
  8
ASSEM_MEM
100
AcDbLine
 62
2
  6
CONTINUOUS
 10
120.0808836643
 20
45.8191712882
 11
121.2808836643
 21
47.0191712882
  0
LINE
  5
F77
100
AcDbEntity
  8
ASSEM_MEM
100
AcDbLine
 62
2
  6
CONTINUOUS
 10
119.1808836643
 20
44.9010803768
 11
119.4989745757
 21
45.2191712882
  0
LINE
  5
F78
100
AcDbEntity
  8
0
100
AcDbLine
 62
7
  6
CONTINUOUS
 10
168.9780590951
 20
36.6523324551
 11
163.1186845638
 21
36.1658125714
  0
LINE
  5
F79
100
AcDbEntity
  8
0
100
AcDbLine
 62
7
  6
CONTINUOUS
 10
139.8281561696
 20
35.8600637728
 11
132.6635655419
 21
36.3415591285
  0
LINE
  5
F7A
100
AcDbEntity
  8
ASSEM_MEM
100
AcDbLine
 62
4
  6
CONTINUOUS
 10
138.9808836643
 20
61.4191712882
 11
138.9808836643
 21
60.2191712882
  0
LINE
  5
F7B
100
AcDbEntity
  8
ASSEM_MEM
100
AcDbLine
 62
4
  6
CONTINUOUS
 10
138.9808836643
 20
59.6191712882
 11
138.9808836643
 21
58.4191712882
  0
LINE
  5
F7C
100
AcDbEntity
  8
ASSEM_MEM
100
AcDbLine
 62
4
  6
CONTINUOUS
 10
138.9808836643
 20
45.2191712882
 11
138.9808836643
 21
44.0191712882
  0
LINE
  5
F7D
100
AcDbEntity
  8
ASSEM_MEM
100
AcDbLine
 62
4
  6
CONTINUOUS
 10
138.9808836643
 20
43.4191712882
 11
138.9808836643
 21
42.2191712882
  0
LINE
  5
F7E
100
AcDbEntity
  8
ASSEM_MEM
100
AcDbLine
 62
4
  6
CONTINUOUS
 10
141.0808836643
 20
42.2191712882
 11
141.0808836643
 21
43.4191712882
  0
LINE
  5
F7F
100
AcDbEntity
  8
ASSEM_MEM
100
AcDbLine
 62
4
  6
CONTINUOUS
 10
141.0808836643
 20
44.0191712882
 11
141.0808836643
 21
45.2191712882
  0
LINE
  5
F80
100
AcDbEntity
  8
ASSEM_MEM
100
AcDbLine
 62
4
  6
CONTINUOUS
 10
141.0808836643
 20
58.4191712882
 11
141.0808836643
 21
59.6191712882
  0
LINE
  5
F81
100
AcDbEntity
  8
ASSEM_MEM
100
AcDbLine
 62
4
  6
CONTINUOUS
 10
141.0808836643
 20
60.2191712882
 11
141.0808836643
 21
61.4191712882
  0
LINE
  5
F82
100
AcDbEntity
  8
ASSEM_MEM
100
AcDbLine
 62
2
  6
CONTINUOUS
 10
130.7723381958
 20
54.8191712882
 11
131.1808836643
 21
55.2277167567
  0
LINE
  5
F83
100
AcDbEntity
  8
ASSEM_MEM
100
AcDbLine
 62
2
  6
CONTINUOUS
 10
129.0808836643
 20
53.1096258453
 11
130.1904291072
 21
54.2191712882
  0
LINE
  5
F84
100
AcDbEntity
  8
ASSEM_MEM
100
AcDbLine
 62
2
  6
CONTINUOUS
 10
123.6447018415
 20
47.6191712882
 11
123.8608836643
 21
47.835353111
  0
LINE
  5
F85
100
AcDbEntity
  8
ASSEM_MEM
100
AcDbLine
 62
2
  6
CONTINUOUS
 10
121.8627927529
 20
45.8191712882
 11
123.0627927529
 21
47.0191712882
  0
LINE
  5
F86
100
AcDbEntity
  8
ASSEM_MEM
100
AcDbLine
 62
2
  6
CONTINUOUS
 10
120.0808836643
 20
44.0191712882
 11
121.2808836643
 21
45.2191712882
  0
LINE
  5
F87
100
AcDbEntity
  8
ASSEM_MEM
100
AcDbLine
 62
2
  6
CONTINUOUS
 10
119.1808836643
 20
43.1010803768
 11
119.4989745757
 21
43.4191712882
  0
LINE
  5
F88
100
AcDbEntity
  8
ASSEM_MEM
100
AcDbLine
 62
2
  6
CONTINUOUS
 10
138.9808836643
 20
61.2934440224
 11
139.10661093
 21
61.4191712882
  0
LINE
  5
F89
100
AcDbEntity
  8
ASSEM_MEM
100
AcDbLine
 62
2
  6
CONTINUOUS
 10
130.7723381958
 20
53.0191712882
 11
131.1808836643
 21
53.4277167567
  0
LINE
  5
F8A
100
AcDbEntity
  8
ASSEM_MEM
100
AcDbLine
 62
2
  6
CONTINUOUS
 10
129.0808836643
 20
51.3096258453
 11
130.1904291072
 21
52.4191712882
  0
LINE
  5
F8B
100
AcDbEntity
  8
ASSEM_MEM
100
AcDbLine
 62
2
  6
CONTINUOUS
 10
123.6447018415
 20
45.8191712882
 11
123.8608836643
 21
46.035353111
  0
LINE
  5
F8C
100
AcDbEntity
  8
ASSEM_MEM
100
AcDbLine
 62
2
  6
CONTINUOUS
 10
121.8627927529
 20
44.0191712882
 11
123.0627927529
 21
45.2191712882
  0
LINE
  5
F8D
100
AcDbEntity
  8
ASSEM_MEM
100
AcDbLine
 62
2
  6
CONTINUOUS
 10
120.0808836643
 20
42.2191712882
 11
121.2808836643
 21
43.4191712882
  0
LINE
  5
F8E
100
AcDbEntity
  8
ASSEM_MEM
100
AcDbLine
 62
2
  6
CONTINUOUS
 10
138.9808836643
 20
59.5115349338
 11
139.0885200186
 21
59.6191712882
  0
LINE
  5
F8F
100
AcDbEntity
  8
ASSEM_MEM
100
AcDbLine
 62
2
  6
CONTINUOUS
 10
139.6885200186
 20
60.2191712882
 11
140.8885200186
 21
61.4191712882
  0
LINE
  5
F90
100
AcDbEntity
  8
ASSEM_MEM
100
AcDbLine
 62
2
  6
CONTINUOUS
 10
130.7723381958
 20
51.2191712882
 11
131.1808836643
 21
51.6277167567
  0
LINE
  5
F91
100
AcDbEntity
  8
0
100
AcDbLine
 62
7
  6
CONTINUOUS
 10
163.1186845638
 20
36.1658125714
 11
157.2781743636
 21
35.9424033098
  0
LINE
  5
F92
100
AcDbEntity
  8
0
100
AcDbLine
 62
7
  6
CONTINUOUS
 10
175.1071342669
 20
36.807240917
 11
168.9780590951
 21
36.6523324551
  0
LINE
  5
F93
100
AcDbEntity
  8
0
100
AcDbLine
 62
7
  6
CONTINUOUS
 10
146.7613854692
 20
36.012292013
 11
139.8281561696
 21
35.8600637728
  0
LINE
  5
F94
100
AcDbEntity
  8
0
100
AcDbLine
 62
7
  6
CONTINUOUS
 10
153.685771995
 20
36.0754552493
 11
146.7613854692
 21
36.012292013
  0
LINE
  5
F95
100
AcDbEntity
  8
0
100
AcDbLine
 62
7
  6
CONTINUOUS
 10
157.2781743636
 20
35.9424033098
 11
156.0831573539
 21
35.9779739248
  0
LINE
  5
F96
100
AcDbEntity
  8
0
100
AcDbLine
 62
7
  6
CONTINUOUS
 10
190.477286952
 20
35.9260110873
 11
182.9544856777
 21
36.1717382723
  0
LINE
  5
F97
100
AcDbEntity
  8
0
100
AcDbLine
 62
7
  6
CONTINUOUS
 10
154.8839503426
 20
36.0288278792
 11
153.685771995
 21
36.0754552493
  0
LINE
  5
F98
100
AcDbEntity
  8
0
100
AcDbLine
 62
7
  6
CONTINUOUS
 10
156.0831573539
 20
35.9779739248
 11
154.8839503426
 21
36.0288278792
  0
LINE
  5
F99
100
AcDbEntity
  8
0
100
AcDbLine
 62
7
  6
CONTINUOUS
 10
182.9544856777
 20
36.1717382723
 11
175.1071342669
 21
36.807240917
  0
LINE
  5
F9A
100
AcDbEntity
  8
ASSEM_MEM
100
AcDbLine
 62
4
  6
CONTINUOUS
 10
141.5608836643
 20
61.4191712882
 11
141.5608836643
 21
60.2191712882
  0
LINE
  5
F9B
100
AcDbEntity
  8
ASSEM_MEM
100
AcDbLine
 62
4
  6
CONTINUOUS
 10
141.5608836643
 20
59.6191712882
 11
141.5608836643
 21
58.4191712882
  0
LINE
  5
F9C
100
AcDbEntity
  8
ASSEM_MEM
100
AcDbLine
 62
4
  6
CONTINUOUS
 10
141.5608836643
 20
57.8191712882
 11
141.5608836643
 21
56.6191712882
  0
LINE
  5
F9D
100
AcDbEntity
  8
ASSEM_MEM
100
AcDbLine
 62
4
  6
CONTINUOUS
 10
141.5608836643
 20
56.0191712882
 11
141.5608836643
 21
54.8191712882
  0
LINE
  5
F9E
100
AcDbEntity
  8
ASSEM_MEM
100
AcDbLine
 62
4
  6
CONTINUOUS
 10
141.5608836643
 20
54.2191712882
 11
141.5608836643
 21
53.0191712882
  0
LINE
  5
F9F
100
AcDbEntity
  8
ASSEM_MEM
100
AcDbLine
 62
4
  6
CONTINUOUS
 10
141.5608836643
 20
52.4191712882
 11
141.5608836643
 21
51.2191712882
  0
LINE
  5
FA0
100
AcDbEntity
  8
ASSEM_MEM
100
AcDbLine
 62
4
  6
CONTINUOUS
 10
141.5608836643
 20
50.6191712882
 11
141.5608836643
 21
49.4191712882
  0
LINE
  5
FA1
100
AcDbEntity
  8
ASSEM_MEM
100
AcDbLine
 62
4
  6
CONTINUOUS
 10
141.5608836643
 20
48.8191712882
 11
141.5608836643
 21
47.6191712882
  0
LINE
  5
FA2
100
AcDbEntity
  8
ASSEM_MEM
100
AcDbLine
 62
4
  6
CONTINUOUS
 10
141.5608836643
 20
47.0191712882
 11
141.5608836643
 21
45.8191712882
  0
LINE
  5
FA3
100
AcDbEntity
  8
ASSEM_MEM
100
AcDbLine
 62
4
  6
CONTINUOUS
 10
141.5608836643
 20
45.2191712882
 11
141.5608836643
 21
44.0191712882
  0
LINE
  5
FA4
100
AcDbEntity
  8
ASSEM_MEM
100
AcDbLine
 62
4
  6
CONTINUOUS
 10
141.5608836643
 20
43.4191712882
 11
141.5608836643
 21
42.2191712882
  0
LINE
  5
FA5
100
AcDbEntity
  8
ASSEM_MEM
100
AcDbLine
 62
4
  6
CONTINUOUS
 10
143.6608836643
 20
42.2191712882
 11
143.6608836643
 21
43.4191712882
  0
LINE
  5
FA6
100
AcDbEntity
  8
ASSEM_MEM
100
AcDbLine
 62
4
  6
CONTINUOUS
 10
143.6608836643
 20
44.0191712882
 11
143.6608836643
 21
45.2191712882
  0
LINE
  5
FA7
100
AcDbEntity
  8
ASSEM_MEM
100
AcDbLine
 62
4
  6
CONTINUOUS
 10
143.6608836643
 20
45.8191712882
 11
143.6608836643
 21
47.0191712882
  0
LINE
  5
FA8
100
AcDbEntity
  8
ASSEM_MEM
100
AcDbLine
 62
4
  6
CONTINUOUS
 10
143.6608836643
 20
47.6191712882
 11
143.6608836643
 21
48.8191712882
  0
LINE
  5
FA9
100
AcDbEntity
  8
ASSEM_MEM
100
AcDbLine
 62
4
  6
CONTINUOUS
 10
143.6608836643
 20
49.4191712882
 11
143.6608836643
 21
50.6191712882
  0
LINE
  5
FAA
100
AcDbEntity
  8
ASSEM_MEM
100
AcDbLine
 62
4
  6
CONTINUOUS
 10
143.6608836643
 20
51.2191712882
 11
143.6608836643
 21
52.4191712882
  0
LINE
  5
FAB
100
AcDbEntity
  8
ASSEM_MEM
100
AcDbLine
 62
4
  6
CONTINUOUS
 10
143.6608836643
 20
53.0191712882
 11
143.6608836643
 21
54.2191712882
  0
LINE
  5
FAC
100
AcDbEntity
  8
ASSEM_MEM
100
AcDbLine
 62
4
  6
CONTINUOUS
 10
143.6608836643
 20
54.8191712882
 11
143.6608836643
 21
56.0191712882
  0
LINE
  5
FAD
100
AcDbEntity
  8
ASSEM_MEM
100
AcDbLine
 62
4
  6
CONTINUOUS
 10
143.6608836643
 20
56.6191712882
 11
143.6608836643
 21
57.8191712882
  0
LINE
  5
FAE
100
AcDbEntity
  8
ASSEM_MEM
100
AcDbLine
 62
4
  6
CONTINUOUS
 10
143.6608836643
 20
58.4191712882
 11
143.6608836643
 21
59.6191712882
  0
LINE
  5
FAF
100
AcDbEntity
  8
ASSEM_MEM
100
AcDbLine
 62
4
  6
CONTINUOUS
 10
143.6608836643
 20
60.2191712882
 11
143.6608836643
 21
61.4191712882
  0
LINE
  5
FB0
100
AcDbEntity
  8
ASSEM_MEM
100
AcDbLine
 62
2
  6
CONTINUOUS
 10
129.0808836643
 20
49.5096258453
 11
130.1904291072
 21
50.6191712882
  0
LINE
  5
FB1
100
AcDbEntity
  8
ASSEM_MEM
100
AcDbLine
 62
2
  6
CONTINUOUS
 10
123.6447018415
 20
44.0191712882
 11
123.8608836643
 21
44.235353111
  0
LINE
  5
FB2
100
AcDbEntity
  8
ASSEM_MEM
100
AcDbLine
 62
2
  6
CONTINUOUS
 10
121.8627927529
 20
42.2191712882
 11
123.0627927529
 21
43.4191712882
  0
LINE
  5
FB3
100
AcDbEntity
  8
ASSEM_MEM
100
AcDbLine
 62
2
  6
CONTINUOUS
 10
141.5608836643
 20
60.3162622251
 11
142.6637927274
 21
61.4191712882
  0
LINE
  5
FB4
100
AcDbEntity
  8
ASSEM_MEM
100
AcDbLine
 62
2
  6
CONTINUOUS
 10
139.6704291072
 20
58.4191712882
 11
140.8704291072
 21
59.6191712882
  0
LINE
  5
FB5
100
AcDbEntity
  8
ASSEM_MEM
100
AcDbLine
 62
2
  6
CONTINUOUS
 10
130.7723381958
 20
49.4191712882
 11
131.1808836643
 21
49.8277167567
  0
LINE
  5
FB6
100
AcDbEntity
  8
ASSEM_MEM
100
AcDbLine
 62
2
  6
CONTINUOUS
 10
129.0808836643
 20
47.7096258453
 11
130.1904291072
 21
48.8191712882
  0
LINE
  5
FB7
100
AcDbEntity
  8
ASSEM_MEM
100
AcDbLine
 62
2
  6
CONTINUOUS
 10
123.6447018415
 20
42.2191712882
 11
123.8608836643
 21
42.435353111
  0
LINE
  5
FB8
100
AcDbEntity
  8
ASSEM_MEM
100
AcDbLine
 62
2
  6
CONTINUOUS
 10
143.2457018159
 20
60.2191712882
 11
143.6608836643
 21
60.6343531365
  0
LINE
  5
FB9
100
AcDbEntity
  8
ASSEM_MEM
100
AcDbLine
 62
2
  6
CONTINUOUS
 10
141.5608836643
 20
58.5162622251
 11
142.6637927274
 21
59.6191712882
  0
LINE
  5
FBA
100
AcDbEntity
  8
ASSEM_MEM
100
AcDbLine
 62
2
  6
CONTINUOUS
 10
130.7723381958
 20
47.6191712882
 11
131.1808836643
 21
48.0277167567
  0
LINE
  5
FBB
100
AcDbEntity
  8
ASSEM_MEM
100
AcDbLine
 62
2
  6
CONTINUOUS
 10
129.0808836643
 20
45.9096258453
 11
130.1904291072
 21
47.0191712882
  0
LINE
  5
FBC
100
AcDbEntity
  8
ASSEM_MEM
100
AcDbLine
 62
4
  6
CONTINUOUS
 10
133.7608836643
 20
42.2191712882
 11
131.6608836643
 21
42.2191712882
  0
LINE
  5
FBD
100
AcDbEntity
  8
ASSEM_MEM
100
AcDbLine
 62
4
  6
CONTINUOUS
 10
131.1808836643
 20
42.2191712882
 11
129.0808836643
 21
42.2191712882
  0
LINE
  5
FBE
100
AcDbEntity
  8
ASSEM_MEM
100
AcDbLine
 62
4
  6
CONTINUOUS
 10
123.8608836643
 20
42.2191712882
 11
121.7608836643
 21
42.2191712882
  0
LINE
  5
FBF
100
AcDbEntity
  8
ASSEM_MEM
100
AcDbLine
 62
4
  6
CONTINUOUS
 10
121.2808836643
 20
42.2191712882
 11
119.1808836643
 21
42.2191712882
  0
LINE
  5
FC0
100
AcDbEntity
  8
ASSEM_MEM
100
AcDbLine
 62
4
  6
CONTINUOUS
 10
138.9808836643
 20
42.2191712882
 11
141.0808836643
 21
42.2191712882
  0
LINE
  5
FC1
100
AcDbEntity
  8
ASSEM_MEM
100
AcDbLine
 62
4
  6
CONTINUOUS
 10
141.5608836643
 20
42.2191712882
 11
143.6608836643
 21
42.2191712882
  0
LINE
  5
FC2
100
AcDbEntity
  8
ASSEM_MEM
100
AcDbLine
 62
4
  6
CONTINUOUS
 10
148.8808836643
 20
42.2191712882
 11
150.9808836643
 21
42.2191712882
  0
LINE
  5
FC3
100
AcDbEntity
  8
ASSEM_MEM
100
AcDbLine
 62
4
  6
CONTINUOUS
 10
151.4608836643
 20
42.2191712882
 11
153.5608836643
 21
42.2191712882
  0
LINE
  5
FC4
100
AcDbEntity
  8
ASSEM_MEM
100
AcDbLine
 62
2
  6
CONTINUOUS
 10
143.2457018159
 20
58.4191712882
 11
143.6608836643
 21
58.8343531365
  0
LINE
  5
FC5
100
AcDbEntity
  8
ASSEM_MEM
100
AcDbLine
 62
2
  6
CONTINUOUS
 10
141.5608836643
 20
56.7162622251
 11
142.6637927274
 21
57.8191712882
  0
LINE
  5
FC6
100
AcDbEntity
  8
ASSEM_MEM
100
AcDbLine
 62
2
  6
CONTINUOUS
 10
130.7723381958
 20
45.8191712882
 11
131.1808836643
 21
46.2277167567
  0
LINE
  5
FC7
100
AcDbEntity
  8
ASSEM_MEM
100
AcDbLine
 62
2
  6
CONTINUOUS
 10
129.0808836643
 20
44.1096258453
 11
130.1904291072
 21
45.2191712882
  0
LINE
  5
FC8
100
AcDbEntity
  8
ASSEM_MEM
100
AcDbLine
 62
2
  6
CONTINUOUS
 10
131.6608836643
 20
45.0638985795
 11
131.816156373
 21
45.2191712882
  0
LINE
  5
FC9
100
AcDbEntity
  8
ASSEM_MEM
100
AcDbLine
 62
2
  6
CONTINUOUS
 10
143.2457018159
 20
56.6191712882
 11
143.6608836643
 21
57.0343531365
  0
LINE
  5
FCA
100
AcDbEntity
  8
ASSEM_MEM
100
AcDbLine
 62
2
  6
CONTINUOUS
 10
141.5608836643
 20
54.9162622251
 11
142.6637927274
 21
56.0191712882
  0
LINE
  5
FCB
100
AcDbEntity
  8
ASSEM_MEM
100
AcDbLine
 62
2
  6
CONTINUOUS
 10
130.7723381958
 20
44.0191712882
 11
131.1808836643
 21
44.4277167567
  0
LINE
  5
FCC
100
AcDbEntity
  8
ASSEM_MEM
100
AcDbLine
 62
2
  6
CONTINUOUS
 10
129.0808836643
 20
42.3096258453
 11
130.1904291072
 21
43.4191712882
  0
LINE
  5
FCD
100
AcDbEntity
  8
ASSEM_MEM
100
AcDbLine
 62
2
  6
CONTINUOUS
 10
148.8808836643
 20
60.5086258708
 11
149.7914290817
 21
61.4191712882
  0
LINE
  5
FCE
100
AcDbEntity
  8
ASSEM_MEM
100
AcDbLine
 62
2
  6
CONTINUOUS
 10
131.6608836643
 20
43.2819894909
 11
131.7980654616
 21
43.4191712882
  0
LINE
  5
FCF
100
AcDbEntity
  8
ASSEM_MEM
100
AcDbLine
 62
2
  6
CONTINUOUS
 10
132.3980654616
 20
44.0191712882
 11
133.5980654616
 21
45.2191712882
  0
LINE
  5
FD0
100
AcDbEntity
  8
ASSEM_MEM
100
AcDbLine
 62
2
  6
CONTINUOUS
 10
143.2457018159
 20
54.8191712882
 11
143.6608836643
 21
55.2343531365
  0
LINE
  5
FD1
100
AcDbEntity
  8
ASSEM_MEM
100
AcDbLine
 62
2
  6
CONTINUOUS
 10
141.5608836643
 20
53.1162622251
 11
142.6637927274
 21
54.2191712882
  0
LINE
  5
FD2
100
AcDbEntity
  8
ASSEM_MEM
100
AcDbLine
 62
2
  6
CONTINUOUS
 10
130.7723381958
 20
42.2191712882
 11
131.1808836643
 21
42.6277167567
  0
LINE
  5
FD3
100
AcDbEntity
  8
ASSEM_MEM
100
AcDbLine
 62
4
  6
CONTINUOUS
 10
200.3795690125
 20
42.9391712882
 11
198.8458836643
 21
42.9391712882
  0
LINE
  5
FD4
100
AcDbEntity
  8
ASSEM_MEM
100
AcDbLine
 62
4
  6
CONTINUOUS
 10
193.6258836643
 20
42.9391712882
 11
191.5258836643
 21
42.9391712882
  0
LINE
  5
FD5
100
AcDbEntity
  8
ASSEM_MEM
100
AcDbLine
 62
4
  6
CONTINUOUS
 10
191.0458836643
 20
42.9391712882
 11
188.9458836643
 21
42.9391712882
  0
LINE
  5
FD6
100
AcDbEntity
  8
ASSEM_MEM
100
AcDbLine
 62
4
  6
CONTINUOUS
 10
169.1458836643
 20
42.9391712882
 11
171.2458836643
 21
42.9391712882
  0
LINE
  5
FD7
100
AcDbEntity
  8
ASSEM_MEM
100
AcDbLine
 62
4
  6
CONTINUOUS
 10
171.7258836643
 20
42.9391712882
 11
173.8258836643
 21
42.9391712882
  0
LINE
  5
FD8
100
AcDbEntity
  8
ASSEM_MEM
100
AcDbLine
 62
4
  6
CONTINUOUS
 10
179.0458836643
 20
42.9391712882
 11
181.1458836643
 21
42.9391712882
  0
LINE
  5
FD9
100
AcDbEntity
  8
ASSEM_MEM
100
AcDbLine
 62
4
  6
CONTINUOUS
 10
181.6258836643
 20
42.9391712882
 11
183.7258836643
 21
42.9391712882
  0
LINE
  5
FDA
100
AcDbEntity
  8
ASSEM_MEM
100
AcDbLine
 62
4
  6
CONTINUOUS
 10
153.5608836643
 20
43.4191712882
 11
151.4608836643
 21
43.4191712882
  0
LINE
  5
FDB
100
AcDbEntity
  8
ASSEM_MEM
100
AcDbLine
 62
4
  6
CONTINUOUS
 10
150.9808836643
 20
43.4191712882
 11
148.8808836643
 21
43.4191712882
  0
LINE
  5
FDC
100
AcDbEntity
  8
ASSEM_MEM
100
AcDbLine
 62
4
  6
CONTINUOUS
 10
143.6608836643
 20
43.4191712882
 11
141.5608836643
 21
43.4191712882
  0
LINE
  5
FDD
100
AcDbEntity
  8
ASSEM_MEM
100
AcDbLine
 62
4
  6
CONTINUOUS
 10
141.0808836643
 20
43.4191712882
 11
138.9808836643
 21
43.4191712882
  0
LINE
  5
FDE
100
AcDbEntity
  8
ASSEM_MEM
100
AcDbLine
 62
4
  6
CONTINUOUS
 10
119.1808836643
 20
43.4191712882
 11
121.2808836643
 21
43.4191712882
  0
LINE
  5
FDF
100
AcDbEntity
  8
ASSEM_MEM
100
AcDbLine
 62
4
  6
CONTINUOUS
 10
121.7608836643
 20
43.4191712882
 11
123.8608836643
 21
43.4191712882
  0
LINE
  5
FE0
100
AcDbEntity
  8
ASSEM_MEM
100
AcDbLine
 62
4
  6
CONTINUOUS
 10
129.0808836643
 20
43.4191712882
 11
131.1808836643
 21
43.4191712882
  0
LINE
  5
FE1
100
AcDbEntity
  8
ASSEM_MEM
100
AcDbLine
 62
4
  6
CONTINUOUS
 10
131.6608836643
 20
43.4191712882
 11
133.7608836643
 21
43.4191712882
  0
LINE
  5
FE2
100
AcDbEntity
  8
ASSEM_MEM
100
AcDbLine
 62
4
  6
CONTINUOUS
 10
133.7608836643
 20
44.0191712882
 11
131.6608836643
 21
44.0191712882
  0
LINE
  5
FE3
100
AcDbEntity
  8
ASSEM_MEM
100
AcDbLine
 62
4
  6
CONTINUOUS
 10
131.1808836643
 20
44.0191712882
 11
129.0808836643
 21
44.0191712882
  0
LINE
  5
FE4
100
AcDbEntity
  8
ASSEM_MEM
100
AcDbLine
 62
4
  6
CONTINUOUS
 10
123.8608836643
 20
44.0191712882
 11
121.7608836643
 21
44.0191712882
  0
LINE
  5
FE5
100
AcDbEntity
  8
ASSEM_MEM
100
AcDbLine
 62
4
  6
CONTINUOUS
 10
121.2808836643
 20
44.0191712882
 11
119.1808836643
 21
44.0191712882
  0
LINE
  5
FE6
100
AcDbEntity
  8
ASSEM_MEM
100
AcDbLine
 62
4
  6
CONTINUOUS
 10
138.9808836643
 20
44.0191712882
 11
141.0808836643
 21
44.0191712882
  0
LINE
  5
FE7
100
AcDbEntity
  8
ASSEM_MEM
100
AcDbLine
 62
4
  6
CONTINUOUS
 10
141.5608836643
 20
44.0191712882
 11
143.6608836643
 21
44.0191712882
  0
LINE
  5
FE8
100
AcDbEntity
  8
ASSEM_MEM
100
AcDbLine
 62
4
  6
CONTINUOUS
 10
148.8808836643
 20
44.0191712882
 11
150.9808836643
 21
44.0191712882
  0
LINE
  5
FE9
100
AcDbEntity
  8
ASSEM_MEM
100
AcDbLine
 62
4
  6
CONTINUOUS
 10
151.4608836643
 20
44.0191712882
 11
153.5608836643
 21
44.0191712882
  0
LINE
  5
FEA
100
AcDbEntity
  8
ASSEM_MEM
100
AcDbLine
 62
4
  6
CONTINUOUS
 10
183.7258836643
 20
44.1391712882
 11
181.6258836643
 21
44.1391712882
  0
LINE
  5
FEB
100
AcDbEntity
  8
ASSEM_MEM
100
AcDbLine
 62
4
  6
CONTINUOUS
 10
181.1458836643
 20
44.1391712882
 11
179.0458836643
 21
44.1391712882
  0
LINE
  5
FEC
100
AcDbEntity
  8
ASSEM_MEM
100
AcDbLine
 62
4
  6
CONTINUOUS
 10
173.8258836643
 20
44.1391712882
 11
171.7258836643
 21
44.1391712882
  0
LINE
  5
FED
100
AcDbEntity
  8
ASSEM_MEM
100
AcDbLine
 62
4
  6
CONTINUOUS
 10
171.2458836643
 20
44.1391712882
 11
169.1458836643
 21
44.1391712882
  0
LINE
  5
FEE
100
AcDbEntity
  8
ASSEM_MEM
100
AcDbLine
 62
4
  6
CONTINUOUS
 10
188.9458836643
 20
44.1391712882
 11
191.0458836643
 21
44.1391712882
  0
LINE
  5
FEF
100
AcDbEntity
  8
ASSEM_MEM
100
AcDbLine
 62
4
  6
CONTINUOUS
 10
191.5258836643
 20
44.1391712882
 11
193.6258836643
 21
44.1391712882
  0
LINE
  5
FF0
100
AcDbEntity
  8
ASSEM_MEM
100
AcDbLine
 62
4
  6
CONTINUOUS
 10
198.8458836643
 20
44.1391712882
 11
200.6875502744
 21
44.1391712882
  0
LINE
  5
FF1
100
AcDbEntity
  8
ASSEM_MEM
100
AcDbLine
 62
4
  6
CONTINUOUS
 10
200.8415409053
 20
44.7391712882
 11
198.8458836643
 21
44.7391712882
  0
LINE
  5
FF2
100
AcDbEntity
  8
ASSEM_MEM
100
AcDbLine
 62
4
  6
CONTINUOUS
 10
193.6258836643
 20
44.7391712882
 11
191.5258836643
 21
44.7391712882
  0
LINE
  5
FF3
100
AcDbEntity
  8
ASSEM_MEM
100
AcDbLine
 62
4
  6
CONTINUOUS
 10
191.0458836643
 20
44.7391712882
 11
188.9458836643
 21
44.7391712882
  0
LINE
  5
FF4
100
AcDbEntity
  8
ASSEM_MEM
100
AcDbLine
 62
4
  6
CONTINUOUS
 10
169.1458836643
 20
44.7391712882
 11
171.2458836643
 21
44.7391712882
  0
LINE
  5
FF5
100
AcDbEntity
  8
ASSEM_MEM
100
AcDbLine
 62
4
  6
CONTINUOUS
 10
171.7258836643
 20
44.7391712882
 11
173.8258836643
 21
44.7391712882
  0
LINE
  5
FF6
100
AcDbEntity
  8
ASSEM_MEM
100
AcDbLine
 62
4
  6
CONTINUOUS
 10
179.0458836643
 20
44.7391712882
 11
181.1458836643
 21
44.7391712882
  0
LINE
  5
FF7
100
AcDbEntity
  8
ASSEM_MEM
100
AcDbLine
 62
4
  6
CONTINUOUS
 10
181.6258836643
 20
44.7391712882
 11
183.7258836643
 21
44.7391712882
  0
LINE
  5
FF8
100
AcDbEntity
  8
ASSEM_MEM
100
AcDbLine
 62
4
  6
CONTINUOUS
 10
153.5608836643
 20
45.2191712882
 11
151.4608836643
 21
45.2191712882
  0
LINE
  5
FF9
100
AcDbEntity
  8
ASSEM_MEM
100
AcDbLine
 62
4
  6
CONTINUOUS
 10
150.9808836643
 20
45.2191712882
 11
148.8808836643
 21
45.2191712882
  0
LINE
  5
FFA
100
AcDbEntity
  8
ASSEM_MEM
100
AcDbLine
 62
4
  6
CONTINUOUS
 10
143.6608836643
 20
45.2191712882
 11
141.5608836643
 21
45.2191712882
  0
LINE
  5
FFB
100
AcDbEntity
  8
ASSEM_MEM
100
AcDbLine
 62
4
  6
CONTINUOUS
 10
141.0808836643
 20
45.2191712882
 11
138.9808836643
 21
45.2191712882
  0
LINE
  5
FFC
100
AcDbEntity
  8
ASSEM_MEM
100
AcDbLine
 62
4
  6
CONTINUOUS
 10
119.1808836643
 20
45.2191712882
 11
121.2808836643
 21
45.2191712882
  0
LINE
  5
FFD
100
AcDbEntity
  8
ASSEM_MEM
100
AcDbLine
 62
4
  6
CONTINUOUS
 10
121.7608836643
 20
45.2191712882
 11
123.8608836643
 21
45.2191712882
  0
LINE
  5
FFE
100
AcDbEntity
  8
ASSEM_MEM
100
AcDbLine
 62
4
  6
CONTINUOUS
 10
129.0808836643
 20
45.2191712882
 11
131.1808836643
 21
45.2191712882
  0
LINE
  5
FFF
100
AcDbEntity
  8
ASSEM_MEM
100
AcDbLine
 62
4
  6
CONTINUOUS
 10
131.6608836643
 20
45.2191712882
 11
133.7608836643
 21
45.2191712882
  0
LINE
  5
1000
100
AcDbEntity
  8
ASSEM_MEM
100
AcDbLine
 62
4
  6
CONTINUOUS
 10
148.8808836643
 20
61.4191712882
 11
148.8808836643
 21
60.2191712882
  0
LINE
  5
1001
100
AcDbEntity
  8
ASSEM_MEM
100
AcDbLine
 62
4
  6
CONTINUOUS
 10
148.8808836643
 20
59.6191712882
 11
148.8808836643
 21
58.4191712882
  0
LINE
  5
1002
100
AcDbEntity
  8
ASSEM_MEM
100
AcDbLine
 62
4
  6
CONTINUOUS
 10
148.8808836643
 20
57.8191712882
 11
148.8808836643
 21
56.6191712882
  0
LINE
  5
1003
100
AcDbEntity
  8
ASSEM_MEM
100
AcDbLine
 62
4
  6
CONTINUOUS
 10
148.8808836643
 20
56.0191712882
 11
148.8808836643
 21
54.8191712882
  0
LINE
  5
1004
100
AcDbEntity
  8
ASSEM_MEM
100
AcDbLine
 62
4
  6
CONTINUOUS
 10
148.8808836643
 20
54.2191712882
 11
148.8808836643
 21
53.0191712882
  0
LINE
  5
1005
100
AcDbEntity
  8
ASSEM_MEM
100
AcDbLine
 62
4
  6
CONTINUOUS
 10
148.8808836643
 20
52.4191712882
 11
148.8808836643
 21
51.2191712882
  0
LINE
  5
1006
100
AcDbEntity
  8
ASSEM_MEM
100
AcDbLine
 62
4
  6
CONTINUOUS
 10
148.8808836643
 20
50.6191712882
 11
148.8808836643
 21
49.4191712882
  0
LINE
  5
1007
100
AcDbEntity
  8
ASSEM_MEM
100
AcDbLine
 62
4
  6
CONTINUOUS
 10
148.8808836643
 20
48.8191712882
 11
148.8808836643
 21
47.6191712882
  0
LINE
  5
1008
100
AcDbEntity
  8
ASSEM_MEM
100
AcDbLine
 62
4
  6
CONTINUOUS
 10
148.8808836643
 20
47.0191712882
 11
148.8808836643
 21
45.8191712882
  0
LINE
  5
1009
100
AcDbEntity
  8
ASSEM_MEM
100
AcDbLine
 62
4
  6
CONTINUOUS
 10
148.8808836643
 20
45.2191712882
 11
148.8808836643
 21
44.0191712882
  0
LINE
  5
100A
100
AcDbEntity
  8
ASSEM_MEM
100
AcDbLine
 62
4
  6
CONTINUOUS
 10
148.8808836643
 20
43.4191712882
 11
148.8808836643
 21
42.2191712882
  0
LINE
  5
100B
100
AcDbEntity
  8
ASSEM_MEM
100
AcDbLine
 62
4
  6
CONTINUOUS
 10
150.9808836643
 20
42.2191712882
 11
150.9808836643
 21
43.4191712882
  0
LINE
  5
100C
100
AcDbEntity
  8
ASSEM_MEM
100
AcDbLine
 62
4
  6
CONTINUOUS
 10
150.9808836643
 20
44.0191712882
 11
150.9808836643
 21
45.2191712882
  0
LINE
  5
100D
100
AcDbEntity
  8
ASSEM_MEM
100
AcDbLine
 62
4
  6
CONTINUOUS
 10
150.9808836643
 20
45.8191712882
 11
150.9808836643
 21
47.0191712882
  0
LINE
  5
100E
100
AcDbEntity
  8
ASSEM_MEM
100
AcDbLine
 62
4
  6
CONTINUOUS
 10
150.9808836643
 20
47.6191712882
 11
150.9808836643
 21
48.8191712882
  0
LINE
  5
100F
100
AcDbEntity
  8
ASSEM_MEM
100
AcDbLine
 62
4
  6
CONTINUOUS
 10
150.9808836643
 20
49.4191712882
 11
150.9808836643
 21
50.6191712882
  0
LINE
  5
1010
100
AcDbEntity
  8
ASSEM_MEM
100
AcDbLine
 62
4
  6
CONTINUOUS
 10
150.9808836643
 20
51.2191712882
 11
150.9808836643
 21
52.4191712882
  0
LINE
  5
1011
100
AcDbEntity
  8
ASSEM_MEM
100
AcDbLine
 62
4
  6
CONTINUOUS
 10
150.9808836643
 20
53.0191712882
 11
150.9808836643
 21
54.2191712882
  0
LINE
  5
1012
100
AcDbEntity
  8
ASSEM_MEM
100
AcDbLine
 62
4
  6
CONTINUOUS
 10
150.9808836643
 20
54.8191712882
 11
150.9808836643
 21
56.0191712882
  0
LINE
  5
1013
100
AcDbEntity
  8
ASSEM_MEM
100
AcDbLine
 62
4
  6
CONTINUOUS
 10
150.9808836643
 20
56.6191712882
 11
150.9808836643
 21
57.8191712882
  0
LINE
  5
1014
100
AcDbEntity
  8
ASSEM_MEM
100
AcDbLine
 62
4
  6
CONTINUOUS
 10
150.9808836643
 20
58.4191712882
 11
150.9808836643
 21
59.6191712882
  0
LINE
  5
1015
100
AcDbEntity
  8
ASSEM_MEM
100
AcDbLine
 62
4
  6
CONTINUOUS
 10
150.9808836643
 20
60.2191712882
 11
150.9808836643
 21
61.4191712882
  0
LINE
  5
1016
100
AcDbEntity
  8
ASSEM_MEM
100
AcDbLine
 62
2
  6
CONTINUOUS
 10
150.3733381703
 20
60.2191712882
 11
150.9808836643
 21
60.8267167822
  0
LINE
  5
1017
100
AcDbEntity
  8
ASSEM_MEM
100
AcDbLine
 62
2
  6
CONTINUOUS
 10
151.4608836643
 20
61.3067167822
 11
151.5733381703
 21
61.4191712882
  0
LINE
  5
1018
100
AcDbEntity
  8
ASSEM_MEM
100
AcDbLine
 62
2
  6
CONTINUOUS
 10
132.3799745502
 20
42.2191712882
 11
133.5799745502
 21
43.4191712882
  0
LINE
  5
1019
100
AcDbEntity
  8
ASSEM_MEM
100
AcDbLine
 62
2
  6
CONTINUOUS
 10
148.8808836643
 20
58.7086258708
 11
149.7914290817
 21
59.6191712882
  0
LINE
  5
101A
100
AcDbEntity
  8
ASSEM_MEM
100
AcDbLine
 62
2
  6
CONTINUOUS
 10
143.2457018159
 20
53.0191712882
 11
143.6608836643
 21
53.4343531365
  0
LINE
  5
101B
100
AcDbEntity
  8
ASSEM_MEM
100
AcDbLine
 62
2
  6
CONTINUOUS
 10
141.5608836643
 20
51.3162622251
 11
142.6637927274
 21
52.4191712882
  0
LINE
  5
101C
100
AcDbEntity
  8
ASSEM_MEM
100
AcDbLine
 62
2
  6
CONTINUOUS
 10
152.1552472589
 20
60.2191712882
 11
153.3552472589
 21
61.4191712882
  0
LINE
  5
101D
100
AcDbEntity
  8
ASSEM_MEM
100
AcDbLine
 62
2
  6
CONTINUOUS
 10
150.3733381703
 20
58.4191712882
 11
150.9808836643
 21
59.0267167822
  0
LINE
  5
101E
100
AcDbEntity
  8
ASSEM_MEM
100
AcDbLine
 62
2
  6
CONTINUOUS
 10
151.4608836643
 20
59.5067167822
 11
151.5733381703
 21
59.6191712882
  0
LINE
  5
101F
100
AcDbEntity
  8
ASSEM_MEM
100
AcDbLine
 62
2
  6
CONTINUOUS
 10
148.8808836643
 20
56.9086258708
 11
149.7914290817
 21
57.8191712882
  0
LINE
  5
1020
100
AcDbEntity
  8
ASSEM_MEM
100
AcDbLine
 62
2
  6
CONTINUOUS
 10
143.2457018159
 20
51.2191712882
 11
143.6608836643
 21
51.6343531365
  0
LINE
  5
1021
100
AcDbEntity
  8
ASSEM_MEM
100
AcDbLine
 62
2
  6
CONTINUOUS
 10
141.5608836643
 20
49.5162622251
 11
142.6637927274
 21
50.6191712882
  0
LINE
  5
1022
100
AcDbEntity
  8
ASSEM_MEM
100
AcDbLine
 62
4
  6
CONTINUOUS
 10
131.1808836643
 20
45.8191712882
 11
129.0808836643
 21
45.8191712882
  0
LINE
  5
1023
100
AcDbEntity
  8
ASSEM_MEM
100
AcDbLine
 62
4
  6
CONTINUOUS
 10
123.8608836643
 20
45.8191712882
 11
121.7608836643
 21
45.8191712882
  0
LINE
  5
1024
100
AcDbEntity
  8
ASSEM_MEM
100
AcDbLine
 62
4
  6
CONTINUOUS
 10
121.2808836643
 20
45.8191712882
 11
119.1808836643
 21
45.8191712882
  0
LINE
  5
1025
100
AcDbEntity
  8
ASSEM_MEM
100
AcDbLine
 62
4
  6
CONTINUOUS
 10
141.5608836643
 20
45.8191712882
 11
143.6608836643
 21
45.8191712882
  0
LINE
  5
1026
100
AcDbEntity
  8
ASSEM_MEM
100
AcDbLine
 62
4
  6
CONTINUOUS
 10
148.8808836643
 20
45.8191712882
 11
150.9808836643
 21
45.8191712882
  0
LINE
  5
1027
100
AcDbEntity
  8
ASSEM_MEM
100
AcDbLine
 62
4
  6
CONTINUOUS
 10
151.4608836643
 20
45.8191712882
 11
153.5608836643
 21
45.8191712882
  0
LINE
  5
1028
100
AcDbEntity
  8
ASSEM_MEM
100
AcDbLine
 62
4
  6
CONTINUOUS
 10
183.7258836643
 20
45.9391712882
 11
181.6258836643
 21
45.9391712882
  0
LINE
  5
1029
100
AcDbEntity
  8
ASSEM_MEM
100
AcDbLine
 62
4
  6
CONTINUOUS
 10
181.1458836643
 20
45.9391712882
 11
179.0458836643
 21
45.9391712882
  0
LINE
  5
102A
100
AcDbEntity
  8
ASSEM_MEM
100
AcDbLine
 62
4
  6
CONTINUOUS
 10
173.8258836643
 20
45.9391712882
 11
171.7258836643
 21
45.9391712882
  0
LINE
  5
102B
100
AcDbEntity
  8
ASSEM_MEM
100
AcDbLine
 62
4
  6
CONTINUOUS
 10
171.2458836643
 20
45.9391712882
 11
169.1458836643
 21
45.9391712882
  0
LINE
  5
102C
100
AcDbEntity
  8
ASSEM_MEM
100
AcDbLine
 62
4
  6
CONTINUOUS
 10
188.9458836643
 20
45.9391712882
 11
191.0458836643
 21
45.9391712882
  0
LINE
  5
102D
100
AcDbEntity
  8
ASSEM_MEM
100
AcDbLine
 62
4
  6
CONTINUOUS
 10
191.5258836643
 20
45.9391712882
 11
193.6258836643
 21
45.9391712882
  0
LINE
  5
102E
100
AcDbEntity
  8
ASSEM_MEM
100
AcDbLine
 62
4
  6
CONTINUOUS
 10
198.8458836643
 20
45.9391712882
 11
200.9458836643
 21
45.9391712882
  0
LINE
  5
102F
100
AcDbEntity
  8
ASSEM_MEM
100
AcDbLine
 62
4
  6
CONTINUOUS
 10
200.9458836643
 20
46.5391712882
 11
198.8458836643
 21
46.5391712882
  0
LINE
  5
1030
100
AcDbEntity
  8
ASSEM_MEM
100
AcDbLine
 62
4
  6
CONTINUOUS
 10
193.6258836643
 20
46.5391712882
 11
191.5258836643
 21
46.5391712882
  0
LINE
  5
1031
100
AcDbEntity
  8
ASSEM_MEM
100
AcDbLine
 62
4
  6
CONTINUOUS
 10
169.1458836643
 20
46.5391712882
 11
171.2458836643
 21
46.5391712882
  0
LINE
  5
1032
100
AcDbEntity
  8
ASSEM_MEM
100
AcDbLine
 62
4
  6
CONTINUOUS
 10
171.7258836643
 20
46.5391712882
 11
173.8258836643
 21
46.5391712882
  0
LINE
  5
1033
100
AcDbEntity
  8
ASSEM_MEM
100
AcDbLine
 62
4
  6
CONTINUOUS
 10
179.0458836643
 20
46.5391712882
 11
181.1458836643
 21
46.5391712882
  0
LINE
  5
1034
100
AcDbEntity
  8
ASSEM_MEM
100
AcDbLine
 62
4
  6
CONTINUOUS
 10
153.5608836643
 20
47.0191712882
 11
151.4608836643
 21
47.0191712882
  0
LINE
  5
1035
100
AcDbEntity
  8
ASSEM_MEM
100
AcDbLine
 62
4
  6
CONTINUOUS
 10
150.9808836643
 20
47.0191712882
 11
148.8808836643
 21
47.0191712882
  0
LINE
  5
1036
100
AcDbEntity
  8
ASSEM_MEM
100
AcDbLine
 62
4
  6
CONTINUOUS
 10
143.6608836643
 20
47.0191712882
 11
141.5608836643
 21
47.0191712882
  0
LINE
  5
1037
100
AcDbEntity
  8
ASSEM_MEM
100
AcDbLine
 62
4
  6
CONTINUOUS
 10
119.1808836643
 20
47.0191712882
 11
121.2808836643
 21
47.0191712882
  0
LINE
  5
1038
100
AcDbEntity
  8
ASSEM_MEM
100
AcDbLine
 62
4
  6
CONTINUOUS
 10
121.7608836643
 20
47.0191712882
 11
123.8608836643
 21
47.0191712882
  0
LINE
  5
1039
100
AcDbEntity
  8
ASSEM_MEM
100
AcDbLine
 62
4
  6
CONTINUOUS
 10
129.0808836643
 20
47.0191712882
 11
131.1808836643
 21
47.0191712882
  0
LINE
  5
103A
100
AcDbEntity
  8
ASSEM_MEM
100
AcDbLine
 62
4
  6
CONTINUOUS
 10
131.1808836643
 20
47.6191712882
 11
129.0808836643
 21
47.6191712882
  0
LINE
  5
103B
100
AcDbEntity
  8
ASSEM_MEM
100
AcDbLine
 62
4
  6
CONTINUOUS
 10
123.8608836643
 20
47.6191712882
 11
121.7608836643
 21
47.6191712882
  0
LINE
  5
103C
100
AcDbEntity
  8
ASSEM_MEM
100
AcDbLine
 62
4
  6
CONTINUOUS
 10
121.2808836643
 20
47.6191712882
 11
119.1808836643
 21
47.6191712882
  0
LINE
  5
103D
100
AcDbEntity
  8
ASSEM_MEM
100
AcDbLine
 62
4
  6
CONTINUOUS
 10
141.5608836643
 20
47.6191712882
 11
143.6608836643
 21
47.6191712882
  0
LINE
  5
103E
100
AcDbEntity
  8
ASSEM_MEM
100
AcDbLine
 62
4
  6
CONTINUOUS
 10
148.8808836643
 20
47.6191712882
 11
150.9808836643
 21
47.6191712882
  0
LINE
  5
103F
100
AcDbEntity
  8
ASSEM_MEM
100
AcDbLine
 62
4
  6
CONTINUOUS
 10
151.4608836643
 20
47.6191712882
 11
153.5608836643
 21
47.6191712882
  0
LINE
  5
1040
100
AcDbEntity
  8
ASSEM_MEM
100
AcDbLine
 62
4
  6
CONTINUOUS
 10
181.1458836643
 20
47.7391712882
 11
179.0458836643
 21
47.7391712882
  0
LINE
  5
1041
100
AcDbEntity
  8
ASSEM_MEM
100
AcDbLine
 62
4
  6
CONTINUOUS
 10
173.8258836643
 20
47.7391712882
 11
171.7258836643
 21
47.7391712882
  0
LINE
  5
1042
100
AcDbEntity
  8
ASSEM_MEM
100
AcDbLine
 62
4
  6
CONTINUOUS
 10
171.2458836643
 20
47.7391712882
 11
169.1458836643
 21
47.7391712882
  0
LINE
  5
1043
100
AcDbEntity
  8
ASSEM_MEM
100
AcDbLine
 62
4
  6
CONTINUOUS
 10
191.5258836643
 20
47.7391712882
 11
193.6258836643
 21
47.7391712882
  0
LINE
  5
1044
100
AcDbEntity
  8
ASSEM_MEM
100
AcDbLine
 62
4
  6
CONTINUOUS
 10
198.8458836643
 20
47.7391712882
 11
200.9458836643
 21
47.7391712882
  0
LINE
  5
1045
100
AcDbEntity
  8
ASSEM_MEM
100
AcDbLine
 62
4
  6
CONTINUOUS
 10
201.4258836643
 20
47.7391712882
 11
201.6114940601
 21
47.7391712882
  0
LINE
  5
1046
100
AcDbEntity
  8
ASSEM_MEM
100
AcDbLine
 62
4
  6
CONTINUOUS
 10
201.765484691
 20
48.3391712882
 11
201.4258836643
 21
48.3391712882
  0
LINE
  5
1047
100
AcDbEntity
  8
ASSEM_MEM
100
AcDbLine
 62
4
  6
CONTINUOUS
 10
200.9458836643
 20
48.3391712882
 11
198.8458836643
 21
48.3391712882
  0
LINE
  5
1048
100
AcDbEntity
  8
ASSEM_MEM
100
AcDbLine
 62
4
  6
CONTINUOUS
 10
193.6258836643
 20
48.3391712882
 11
191.5258836643
 21
48.3391712882
  0
LINE
  5
1049
100
AcDbEntity
  8
ASSEM_MEM
100
AcDbLine
 62
4
  6
CONTINUOUS
 10
169.1458836643
 20
48.3391712882
 11
171.2458836643
 21
48.3391712882
  0
LINE
  5
104A
100
AcDbEntity
  8
ASSEM_MEM
100
AcDbLine
 62
4
  6
CONTINUOUS
 10
171.7258836643
 20
48.3391712882
 11
173.8258836643
 21
48.3391712882
  0
LINE
  5
104B
100
AcDbEntity
  8
ASSEM_MEM
100
AcDbLine
 62
4
  6
CONTINUOUS
 10
179.0458836643
 20
48.3391712882
 11
181.1458836643
 21
48.3391712882
  0
LINE
  5
104C
100
AcDbEntity
  8
ASSEM_MEM
100
AcDbLine
 62
4
  6
CONTINUOUS
 10
153.5608836643
 20
48.8191712882
 11
151.4608836643
 21
48.8191712882
  0
LINE
  5
104D
100
AcDbEntity
  8
ASSEM_MEM
100
AcDbLine
 62
4
  6
CONTINUOUS
 10
150.9808836643
 20
48.8191712882
 11
148.8808836643
 21
48.8191712882
  0
LINE
  5
104E
100
AcDbEntity
  8
ASSEM_MEM
100
AcDbLine
 62
4
  6
CONTINUOUS
 10
143.6608836643
 20
48.8191712882
 11
141.5608836643
 21
48.8191712882
  0
LINE
  5
104F
100
AcDbEntity
  8
ASSEM_MEM
100
AcDbLine
 62
4
  6
CONTINUOUS
 10
119.1808836643
 20
48.8191712882
 11
121.2808836643
 21
48.8191712882
  0
LINE
  5
1050
100
AcDbEntity
  8
ASSEM_MEM
100
AcDbLine
 62
4
  6
CONTINUOUS
 10
121.7608836643
 20
48.8191712882
 11
123.8608836643
 21
48.8191712882
  0
LINE
  5
1051
100
AcDbEntity
  8
ASSEM_MEM
100
AcDbLine
 62
4
  6
CONTINUOUS
 10
129.0808836643
 20
48.8191712882
 11
131.1808836643
 21
48.8191712882
  0
LINE
  5
1052
100
AcDbEntity
  8
ASSEM_MEM
100
AcDbLine
 62
4
  6
CONTINUOUS
 10
151.4608836643
 20
61.4191712882
 11
151.4608836643
 21
60.2191712882
  0
LINE
  5
1053
100
AcDbEntity
  8
ASSEM_MEM
100
AcDbLine
 62
4
  6
CONTINUOUS
 10
151.4608836643
 20
59.6191712882
 11
151.4608836643
 21
58.4191712882
  0
LINE
  5
1054
100
AcDbEntity
  8
ASSEM_MEM
100
AcDbLine
 62
4
  6
CONTINUOUS
 10
151.4608836643
 20
57.8191712882
 11
151.4608836643
 21
56.6191712882
  0
LINE
  5
1055
100
AcDbEntity
  8
ASSEM_MEM
100
AcDbLine
 62
4
  6
CONTINUOUS
 10
151.4608836643
 20
56.0191712882
 11
151.4608836643
 21
54.8191712882
  0
LINE
  5
1056
100
AcDbEntity
  8
ASSEM_MEM
100
AcDbLine
 62
4
  6
CONTINUOUS
 10
151.4608836643
 20
54.2191712882
 11
151.4608836643
 21
53.0191712882
  0
LINE
  5
1057
100
AcDbEntity
  8
ASSEM_MEM
100
AcDbLine
 62
4
  6
CONTINUOUS
 10
151.4608836643
 20
52.4191712882
 11
151.4608836643
 21
51.2191712882
  0
LINE
  5
1058
100
AcDbEntity
  8
ASSEM_MEM
100
AcDbLine
 62
4
  6
CONTINUOUS
 10
151.4608836643
 20
50.6191712882
 11
151.4608836643
 21
49.4191712882
  0
LINE
  5
1059
100
AcDbEntity
  8
ASSEM_MEM
100
AcDbLine
 62
4
  6
CONTINUOUS
 10
151.4608836643
 20
48.8191712882
 11
151.4608836643
 21
47.6191712882
  0
LINE
  5
105A
100
AcDbEntity
  8
ASSEM_MEM
100
AcDbLine
 62
4
  6
CONTINUOUS
 10
151.4608836643
 20
47.0191712882
 11
151.4608836643
 21
45.8191712882
  0
LINE
  5
105B
100
AcDbEntity
  8
ASSEM_MEM
100
AcDbLine
 62
4
  6
CONTINUOUS
 10
151.4608836643
 20
45.2191712882
 11
151.4608836643
 21
44.0191712882
  0
LINE
  5
105C
100
AcDbEntity
  8
ASSEM_MEM
100
AcDbLine
 62
4
  6
CONTINUOUS
 10
151.4608836643
 20
43.4191712882
 11
151.4608836643
 21
42.2191712882
  0
LINE
  5
105D
100
AcDbEntity
  8
ASSEM_MEM
100
AcDbLine
 62
4
  6
CONTINUOUS
 10
153.5608836643
 20
42.2191712882
 11
153.5608836643
 21
43.4191712882
  0
LINE
  5
105E
100
AcDbEntity
  8
ASSEM_MEM
100
AcDbLine
 62
4
  6
CONTINUOUS
 10
153.5608836643
 20
44.0191712882
 11
153.5608836643
 21
45.2191712882
  0
LINE
  5
105F
100
AcDbEntity
  8
ASSEM_MEM
100
AcDbLine
 62
4
  6
CONTINUOUS
 10
153.5608836643
 20
45.8191712882
 11
153.5608836643
 21
47.0191712882
  0
LINE
  5
1060
100
AcDbEntity
  8
ASSEM_MEM
100
AcDbLine
 62
4
  6
CONTINUOUS
 10
153.5608836643
 20
47.6191712882
 11
153.5608836643
 21
48.8191712882
  0
LINE
  5
1061
100
AcDbEntity
  8
ASSEM_MEM
100
AcDbLine
 62
4
  6
CONTINUOUS
 10
153.5608836643
 20
49.4191712882
 11
153.5608836643
 21
50.6191712882
  0
LINE
  5
1062
100
AcDbEntity
  8
ASSEM_MEM
100
AcDbLine
 62
4
  6
CONTINUOUS
 10
153.5608836643
 20
51.2191712882
 11
153.5608836643
 21
52.4191712882
  0
LINE
  5
1063
100
AcDbEntity
  8
ASSEM_MEM
100
AcDbLine
 62
4
  6
CONTINUOUS
 10
153.5608836643
 20
53.0191712882
 11
153.5608836643
 21
54.2191712882
  0
LINE
  5
1064
100
AcDbEntity
  8
ASSEM_MEM
100
AcDbLine
 62
4
  6
CONTINUOUS
 10
153.5608836643
 20
54.8191712882
 11
153.5608836643
 21
56.0191712882
  0
LINE
  5
1065
100
AcDbEntity
  8
ASSEM_MEM
100
AcDbLine
 62
4
  6
CONTINUOUS
 10
153.5608836643
 20
56.6191712882
 11
153.5608836643
 21
57.8191712882
  0
LINE
  5
1066
100
AcDbEntity
  8
ASSEM_MEM
100
AcDbLine
 62
4
  6
CONTINUOUS
 10
153.5608836643
 20
58.4191712882
 11
153.5608836643
 21
59.6191712882
  0
LINE
  5
1067
100
AcDbEntity
  8
ASSEM_MEM
100
AcDbLine
 62
4
  6
CONTINUOUS
 10
153.5608836643
 20
60.2191712882
 11
153.5608836643
 21
61.4191712882
  0
LINE
  5
1068
100
AcDbEntity
  8
ASSEM_MEM
100
AcDbLine
 62
2
  6
CONTINUOUS
 10
152.1552472589
 20
58.4191712882
 11
153.3552472589
 21
59.6191712882
  0
LINE
  5
1069
100
AcDbEntity
  8
ASSEM_MEM
100
AcDbLine
 62
2
  6
CONTINUOUS
 10
150.3733381703
 20
56.6191712882
 11
150.9808836643
 21
57.2267167822
  0
LINE
  5
106A
100
AcDbEntity
  8
ASSEM_MEM
100
AcDbLine
 62
2
  6
CONTINUOUS
 10
151.4608836643
 20
57.7067167822
 11
151.5733381703
 21
57.8191712882
  0
LINE
  5
106B
100
AcDbEntity
  8
ASSEM_MEM
100
AcDbLine
 62
2
  6
CONTINUOUS
 10
148.8808836643
 20
55.1086258708
 11
149.7914290817
 21
56.0191712882
  0
LINE
  5
106C
100
AcDbEntity
  8
ASSEM_MEM
100
AcDbLine
 62
2
  6
CONTINUOUS
 10
143.2457018159
 20
49.4191712882
 11
143.6608836643
 21
49.8343531365
  0
LINE
  5
106D
100
AcDbEntity
  8
ASSEM_MEM
100
AcDbLine
 62
2
  6
CONTINUOUS
 10
141.5608836643
 20
47.7162622251
 11
142.6637927274
 21
48.8191712882
  0
LINE
  5
106E
100
AcDbEntity
  8
ASSEM_MEM
100
AcDbLine
 62
2
  6
CONTINUOUS
 10
139.5257018159
 20
44.0191712882
 11
140.7257018159
 21
45.2191712882
  0
LINE
  5
106F
100
AcDbEntity
  8
ASSEM_MEM
100
AcDbLine
 62
2
  6
CONTINUOUS
 10
152.1552472589
 20
56.6191712882
 11
153.3552472589
 21
57.8191712882
  0
LINE
  5
1070
100
AcDbEntity
  8
ASSEM_MEM
100
AcDbLine
 62
2
  6
CONTINUOUS
 10
150.3733381703
 20
54.8191712882
 11
150.9808836643
 21
55.4267167822
  0
LINE
  5
1071
100
AcDbEntity
  8
ASSEM_MEM
100
AcDbLine
 62
2
  6
CONTINUOUS
 10
151.4608836643
 20
55.9067167822
 11
151.5733381703
 21
56.0191712882
  0
LINE
  5
1072
100
AcDbEntity
  8
ASSEM_MEM
100
AcDbLine
 62
2
  6
CONTINUOUS
 10
148.8808836643
 20
53.3086258708
 11
149.7914290817
 21
54.2191712882
  0
LINE
  5
1073
100
AcDbEntity
  8
ASSEM_MEM
100
AcDbLine
 62
2
  6
CONTINUOUS
 10
143.2457018159
 20
47.6191712882
 11
143.6608836643
 21
48.0343531365
  0
LINE
  5
1074
100
AcDbEntity
  8
ASSEM_MEM
100
AcDbLine
 62
2
  6
CONTINUOUS
 10
141.5608836643
 20
45.9162622251
 11
142.6637927274
 21
47.0191712882
  0
LINE
  5
1075
100
AcDbEntity
  8
ASSEM_MEM
100
AcDbLine
 62
2
  6
CONTINUOUS
 10
139.5076109045
 20
42.2191712882
 11
140.7076109045
 21
43.4191712882
  0
LINE
  5
1076
100
AcDbEntity
  8
ASSEM_MEM
100
AcDbLine
 62
2
  6
CONTINUOUS
 10
152.1552472589
 20
54.8191712882
 11
153.3552472589
 21
56.0191712882
  0
LINE
  5
1077
100
AcDbEntity
  8
ASSEM_MEM
100
AcDbLine
 62
2
  6
CONTINUOUS
 10
150.3733381703
 20
53.0191712882
 11
150.9808836643
 21
53.6267167822
  0
LINE
  5
1078
100
AcDbEntity
  8
ASSEM_MEM
100
AcDbLine
 62
2
  6
CONTINUOUS
 10
151.4608836643
 20
54.1067167822
 11
151.5733381703
 21
54.2191712882
  0
LINE
  5
1079
100
AcDbEntity
  8
ASSEM_MEM
100
AcDbLine
 62
2
  6
CONTINUOUS
 10
148.8808836643
 20
51.5086258708
 11
149.7914290817
 21
52.4191712882
  0
LINE
  5
107A
100
AcDbEntity
  8
ASSEM_MEM
100
AcDbLine
 62
2
  6
CONTINUOUS
 10
143.2457018159
 20
45.8191712882
 11
143.6608836643
 21
46.2343531365
  0
LINE
  5
107B
100
AcDbEntity
  8
ASSEM_MEM
100
AcDbLine
 62
2
  6
CONTINUOUS
 10
141.5608836643
 20
44.1162622251
 11
142.6637927274
 21
45.2191712882
  0
LINE
  5
107C
100
AcDbEntity
  8
ASSEM_MEM
100
AcDbLine
 62
4
  6
CONTINUOUS
 10
131.1808836643
 20
49.4191712882
 11
129.0808836643
 21
49.4191712882
  0
LINE
  5
107D
100
AcDbEntity
  8
ASSEM_MEM
100
AcDbLine
 62
4
  6
CONTINUOUS
 10
123.8608836643
 20
49.4191712882
 11
121.7608836643
 21
49.4191712882
  0
LINE
  5
107E
100
AcDbEntity
  8
ASSEM_MEM
100
AcDbLine
 62
4
  6
CONTINUOUS
 10
121.2808836643
 20
49.4191712882
 11
119.1808836643
 21
49.4191712882
  0
LINE
  5
107F
100
AcDbEntity
  8
ASSEM_MEM
100
AcDbLine
 62
4
  6
CONTINUOUS
 10
141.5608836643
 20
49.4191712882
 11
143.6608836643
 21
49.4191712882
  0
LINE
  5
1080
100
AcDbEntity
  8
ASSEM_MEM
100
AcDbLine
 62
4
  6
CONTINUOUS
 10
148.8808836643
 20
49.4191712882
 11
150.9808836643
 21
49.4191712882
  0
LINE
  5
1081
100
AcDbEntity
  8
ASSEM_MEM
100
AcDbLine
 62
4
  6
CONTINUOUS
 10
151.4608836643
 20
49.4191712882
 11
153.5608836643
 21
49.4191712882
  0
LINE
  5
1082
100
AcDbEntity
  8
ASSEM_MEM
100
AcDbLine
 62
4
  6
CONTINUOUS
 10
181.1458836643
 20
49.5391712882
 11
179.0458836643
 21
49.5391712882
  0
LINE
  5
1083
100
AcDbEntity
  8
ASSEM_MEM
100
AcDbLine
 62
4
  6
CONTINUOUS
 10
173.8258836643
 20
49.5391712882
 11
171.7258836643
 21
49.5391712882
  0
LINE
  5
1084
100
AcDbEntity
  8
ASSEM_MEM
100
AcDbLine
 62
4
  6
CONTINUOUS
 10
171.2458836643
 20
49.5391712882
 11
169.1458836643
 21
49.5391712882
  0
LINE
  5
1085
100
AcDbEntity
  8
ASSEM_MEM
100
AcDbLine
 62
4
  6
CONTINUOUS
 10
191.5258836643
 20
49.5391712882
 11
193.6258836643
 21
49.5391712882
  0
LINE
  5
1086
100
AcDbEntity
  8
ASSEM_MEM
100
AcDbLine
 62
4
  6
CONTINUOUS
 10
198.8458836643
 20
49.5391712882
 11
200.9458836643
 21
49.5391712882
  0
LINE
  5
1087
100
AcDbEntity
  8
ASSEM_MEM
100
AcDbLine
 62
4
  6
CONTINUOUS
 10
201.4258836643
 20
49.5391712882
 11
202.065492073
 21
49.5391712882
  0
LINE
  5
1088
100
AcDbEntity
  8
ASSEM_MEM
100
AcDbLine
 62
4
  6
CONTINUOUS
 10
202.0751111412
 20
50.1391712882
 11
201.4258836643
 21
50.1391712882
  0
LINE
  5
1089
100
AcDbEntity
  8
ASSEM_MEM
100
AcDbLine
 62
4
  6
CONTINUOUS
 10
200.9458836643
 20
50.1391712882
 11
198.8458836643
 21
50.1391712882
  0
LINE
  5
108A
100
AcDbEntity
  8
ASSEM_MEM
100
AcDbLine
 62
4
  6
CONTINUOUS
 10
193.6258836643
 20
50.1391712882
 11
191.5258836643
 21
50.1391712882
  0
LINE
  5
108B
100
AcDbEntity
  8
ASSEM_MEM
100
AcDbLine
 62
4
  6
CONTINUOUS
 10
169.1458836643
 20
50.1391712882
 11
171.2458836643
 21
50.1391712882
  0
LINE
  5
108C
100
AcDbEntity
  8
ASSEM_MEM
100
AcDbLine
 62
4
  6
CONTINUOUS
 10
171.7258836643
 20
50.1391712882
 11
173.8258836643
 21
50.1391712882
  0
LINE
  5
108D
100
AcDbEntity
  8
ASSEM_MEM
100
AcDbLine
 62
4
  6
CONTINUOUS
 10
179.0458836643
 20
50.1391712882
 11
181.1458836643
 21
50.1391712882
  0
LINE
  5
108E
100
AcDbEntity
  8
ASSEM_MEM
100
AcDbLine
 62
4
  6
CONTINUOUS
 10
153.5608836643
 20
50.6191712882
 11
151.4608836643
 21
50.6191712882
  0
LINE
  5
108F
100
AcDbEntity
  8
ASSEM_MEM
100
AcDbLine
 62
4
  6
CONTINUOUS
 10
150.9808836643
 20
50.6191712882
 11
148.8808836643
 21
50.6191712882
  0
LINE
  5
1090
100
AcDbEntity
  8
ASSEM_MEM
100
AcDbLine
 62
4
  6
CONTINUOUS
 10
143.6608836643
 20
50.6191712882
 11
141.5608836643
 21
50.6191712882
  0
LINE
  5
1091
100
AcDbEntity
  8
ASSEM_MEM
100
AcDbLine
 62
4
  6
CONTINUOUS
 10
119.1808836643
 20
50.6191712882
 11
121.2808836643
 21
50.6191712882
  0
LINE
  5
1092
100
AcDbEntity
  8
ASSEM_MEM
100
AcDbLine
 62
4
  6
CONTINUOUS
 10
121.7608836643
 20
50.6191712882
 11
123.8608836643
 21
50.6191712882
  0
LINE
  5
1093
100
AcDbEntity
  8
ASSEM_MEM
100
AcDbLine
 62
4
  6
CONTINUOUS
 10
129.0808836643
 20
50.6191712882
 11
131.1808836643
 21
50.6191712882
  0
LINE
  5
1094
100
AcDbEntity
  8
ASSEM_MEM
100
AcDbLine
 62
4
  6
CONTINUOUS
 10
131.1808836643
 20
51.2191712882
 11
129.0808836643
 21
51.2191712882
  0
LINE
  5
1095
100
AcDbEntity
  8
ASSEM_MEM
100
AcDbLine
 62
4
  6
CONTINUOUS
 10
123.8608836643
 20
51.2191712882
 11
121.7608836643
 21
51.2191712882
  0
LINE
  5
1096
100
AcDbEntity
  8
ASSEM_MEM
100
AcDbLine
 62
4
  6
CONTINUOUS
 10
121.2808836643
 20
51.2191712882
 11
119.1808836643
 21
51.2191712882
  0
LINE
  5
1097
100
AcDbEntity
  8
ASSEM_MEM
100
AcDbLine
 62
4
  6
CONTINUOUS
 10
141.5608836643
 20
51.2191712882
 11
143.6608836643
 21
51.2191712882
  0
LINE
  5
1098
100
AcDbEntity
  8
ASSEM_MEM
100
AcDbLine
 62
4
  6
CONTINUOUS
 10
148.8808836643
 20
51.2191712882
 11
150.9808836643
 21
51.2191712882
  0
LINE
  5
1099
100
AcDbEntity
  8
ASSEM_MEM
100
AcDbLine
 62
4
  6
CONTINUOUS
 10
151.4608836643
 20
51.2191712882
 11
153.5608836643
 21
51.2191712882
  0
LINE
  5
109A
100
AcDbEntity
  8
ASSEM_MEM
100
AcDbLine
 62
4
  6
CONTINUOUS
 10
181.1458836643
 20
51.3391712882
 11
179.0458836643
 21
51.3391712882
  0
LINE
  5
109B
100
AcDbEntity
  8
ASSEM_MEM
100
AcDbLine
 62
4
  6
CONTINUOUS
 10
173.8258836643
 20
51.3391712882
 11
171.7258836643
 21
51.3391712882
  0
LINE
  5
109C
100
AcDbEntity
  8
ASSEM_MEM
100
AcDbLine
 62
4
  6
CONTINUOUS
 10
171.2458836643
 20
51.3391712882
 11
169.1458836643
 21
51.3391712882
  0
LINE
  5
109D
100
AcDbEntity
  8
ASSEM_MEM
100
AcDbLine
 62
4
  6
CONTINUOUS
 10
191.5258836643
 20
51.3391712882
 11
193.6258836643
 21
51.3391712882
  0
LINE
  5
109E
100
AcDbEntity
  8
ASSEM_MEM
100
AcDbLine
 62
4
  6
CONTINUOUS
 10
198.8458836643
 20
51.3391712882
 11
200.9458836643
 21
51.3391712882
  0
LINE
  5
109F
100
AcDbEntity
  8
ASSEM_MEM
100
AcDbLine
 62
4
  6
CONTINUOUS
 10
201.4258836643
 20
51.3391712882
 11
202.0934021404
 21
51.3391712882
  0
LINE
  5
10A0
100
AcDbEntity
  8
ASSEM_MEM
100
AcDbLine
 62
4
  6
CONTINUOUS
 10
202.10254764
 20
51.9391712882
 11
201.4258836643
 21
51.9391712882
  0
LINE
  5
10A1
100
AcDbEntity
  8
ASSEM_MEM
100
AcDbLine
 62
4
  6
CONTINUOUS
 10
200.9458836643
 20
51.9391712882
 11
198.8458836643
 21
51.9391712882
  0
LINE
  5
10A2
100
AcDbEntity
  8
ASSEM_MEM
100
AcDbLine
 62
4
  6
CONTINUOUS
 10
193.6258836643
 20
51.9391712882
 11
191.5258836643
 21
51.9391712882
  0
LINE
  5
10A3
100
AcDbEntity
  8
ASSEM_MEM
100
AcDbLine
 62
4
  6
CONTINUOUS
 10
169.1458836643
 20
51.9391712882
 11
171.2458836643
 21
51.9391712882
  0
LINE
  5
10A4
100
AcDbEntity
  8
ASSEM_MEM
100
AcDbLine
 62
4
  6
CONTINUOUS
 10
171.7258836643
 20
51.9391712882
 11
173.8258836643
 21
51.9391712882
  0
LINE
  5
10A5
100
AcDbEntity
  8
ASSEM_MEM
100
AcDbLine
 62
4
  6
CONTINUOUS
 10
179.0458836643
 20
51.9391712882
 11
181.1458836643
 21
51.9391712882
  0
LINE
  5
10A6
100
AcDbEntity
  8
ASSEM_MEM
100
AcDbLine
 62
2
  6
CONTINUOUS
 10
152.1552472589
 20
53.0191712882
 11
153.3552472589
 21
54.2191712882
  0
LINE
  5
10A7
100
AcDbEntity
  8
ASSEM_MEM
100
AcDbLine
 62
2
  6
CONTINUOUS
 10
150.3733381703
 20
51.2191712882
 11
150.9808836643
 21
51.8267167822
  0
LINE
  5
10A8
100
AcDbEntity
  8
ASSEM_MEM
100
AcDbLine
 62
2
  6
CONTINUOUS
 10
151.4608836643
 20
52.3067167822
 11
151.5733381703
 21
52.4191712882
  0
LINE
  5
10A9
100
AcDbEntity
  8
ASSEM_MEM
100
AcDbLine
 62
2
  6
CONTINUOUS
 10
148.8808836643
 20
49.7086258708
 11
149.7914290817
 21
50.6191712882
  0
LINE
  5
10AA
100
AcDbEntity
  8
ASSEM_MEM
100
AcDbLine
 62
2
  6
CONTINUOUS
 10
143.2457018159
 20
44.0191712882
 11
143.6608836643
 21
44.4343531365
  0
LINE
  5
10AB
100
AcDbEntity
  8
ASSEM_MEM
100
AcDbLine
 62
2
  6
CONTINUOUS
 10
141.5608836643
 20
42.3162622251
 11
142.6637927274
 21
43.4191712882
  0
LINE
  5
10AC
100
AcDbEntity
  8
ASSEM_MEM
100
AcDbLine
 62
2
  6
CONTINUOUS
 10
152.1552472589
 20
51.2191712882
 11
153.3552472589
 21
52.4191712882
  0
LINE
  5
10AD
100
AcDbEntity
  8
ASSEM_MEM
100
AcDbLine
 62
2
  6
CONTINUOUS
 10
150.3733381703
 20
49.4191712882
 11
150.9808836643
 21
50.0267167822
  0
LINE
  5
10AE
100
AcDbEntity
  8
ASSEM_MEM
100
AcDbLine
 62
2
  6
CONTINUOUS
 10
151.4608836643
 20
50.5067167822
 11
151.5733381703
 21
50.6191712882
  0
LINE
  5
10AF
100
AcDbEntity
  8
ASSEM_MEM
100
AcDbLine
 62
2
  6
CONTINUOUS
 10
148.8808836643
 20
47.9086258708
 11
149.7914290817
 21
48.8191712882
  0
LINE
  5
10B0
100
AcDbEntity
  8
ASSEM_MEM
100
AcDbLine
 62
2
  6
CONTINUOUS
 10
143.2457018159
 20
42.2191712882
 11
143.6608836643
 21
42.6343531365
  0
LINE
  5
10B1
100
AcDbEntity
  8
ASSEM_MEM
100
AcDbLine
 62
4
  6
CONTINUOUS
 10
153.5608836643
 20
52.4191712882
 11
151.4608836643
 21
52.4191712882
  0
LINE
  5
10B2
100
AcDbEntity
  8
ASSEM_MEM
100
AcDbLine
 62
4
  6
CONTINUOUS
 10
150.9808836643
 20
52.4191712882
 11
148.8808836643
 21
52.4191712882
  0
LINE
  5
10B3
100
AcDbEntity
  8
ASSEM_MEM
100
AcDbLine
 62
4
  6
CONTINUOUS
 10
143.6608836643
 20
52.4191712882
 11
141.5608836643
 21
52.4191712882
  0
LINE
  5
10B4
100
AcDbEntity
  8
ASSEM_MEM
100
AcDbLine
 62
4
  6
CONTINUOUS
 10
119.1808836643
 20
52.4191712882
 11
121.2808836643
 21
52.4191712882
  0
LINE
  5
10B5
100
AcDbEntity
  8
ASSEM_MEM
100
AcDbLine
 62
4
  6
CONTINUOUS
 10
121.7608836643
 20
52.4191712882
 11
123.8608836643
 21
52.4191712882
  0
LINE
  5
10B6
100
AcDbEntity
  8
ASSEM_MEM
100
AcDbLine
 62
4
  6
CONTINUOUS
 10
129.0808836643
 20
52.4191712882
 11
131.1808836643
 21
52.4191712882
  0
LINE
  5
10B7
100
AcDbEntity
  8
ASSEM_MEM
100
AcDbLine
 62
4
  6
CONTINUOUS
 10
131.1808836643
 20
53.0191712882
 11
129.0808836643
 21
53.0191712882
  0
LINE
  5
10B8
100
AcDbEntity
  8
ASSEM_MEM
100
AcDbLine
 62
4
  6
CONTINUOUS
 10
123.8608836643
 20
53.0191712882
 11
121.7608836643
 21
53.0191712882
  0
LINE
  5
10B9
100
AcDbEntity
  8
ASSEM_MEM
100
AcDbLine
 62
4
  6
CONTINUOUS
 10
121.2808836643
 20
53.0191712882
 11
119.1808836643
 21
53.0191712882
  0
LINE
  5
10BA
100
AcDbEntity
  8
ASSEM_MEM
100
AcDbLine
 62
4
  6
CONTINUOUS
 10
141.5608836643
 20
53.0191712882
 11
143.6608836643
 21
53.0191712882
  0
LINE
  5
10BB
100
AcDbEntity
  8
ASSEM_MEM
100
AcDbLine
 62
4
  6
CONTINUOUS
 10
148.8808836643
 20
53.0191712882
 11
150.9808836643
 21
53.0191712882
  0
LINE
  5
10BC
100
AcDbEntity
  8
ASSEM_MEM
100
AcDbLine
 62
4
  6
CONTINUOUS
 10
151.4608836643
 20
53.0191712882
 11
153.5608836643
 21
53.0191712882
  0
LINE
  5
10BD
100
AcDbEntity
  8
ASSEM_MEM
100
AcDbLine
 62
4
  6
CONTINUOUS
 10
181.1458836643
 20
53.1391712882
 11
179.0458836643
 21
53.1391712882
  0
LINE
  5
10BE
100
AcDbEntity
  8
ASSEM_MEM
100
AcDbLine
 62
4
  6
CONTINUOUS
 10
173.8258836643
 20
53.1391712882
 11
171.7258836643
 21
53.1391712882
  0
LINE
  5
10BF
100
AcDbEntity
  8
ASSEM_MEM
100
AcDbLine
 62
4
  6
CONTINUOUS
 10
171.2458836643
 20
53.1391712882
 11
169.1458836643
 21
53.1391712882
  0
LINE
  5
10C0
100
AcDbEntity
  8
ASSEM_MEM
100
AcDbLine
 62
4
  6
CONTINUOUS
 10
191.5258836643
 20
53.1391712882
 11
193.6258836643
 21
53.1391712882
  0
LINE
  5
10C1
100
AcDbEntity
  8
ASSEM_MEM
100
AcDbLine
 62
4
  6
CONTINUOUS
 10
198.8458836643
 20
53.1391712882
 11
200.9458836643
 21
53.1391712882
  0
LINE
  5
10C2
100
AcDbEntity
  8
ASSEM_MEM
100
AcDbLine
 62
4
  6
CONTINUOUS
 10
201.4258836643
 20
53.1391712882
 11
202.1208386392
 21
53.1391712882
  0
LINE
  5
10C3
100
AcDbEntity
  8
ASSEM_MEM
100
AcDbLine
 62
4
  6
CONTINUOUS
 10
202.1299841388
 20
53.7391712882
 11
201.4258836643
 21
53.7391712882
  0
LINE
  5
10C4
100
AcDbEntity
  8
ASSEM_MEM
100
AcDbLine
 62
4
  6
CONTINUOUS
 10
200.9458836643
 20
53.7391712882
 11
198.8458836643
 21
53.7391712882
  0
LINE
  5
10C5
100
AcDbEntity
  8
ASSEM_MEM
100
AcDbLine
 62
4
  6
CONTINUOUS
 10
193.6258836643
 20
53.7391712882
 11
191.5258836643
 21
53.7391712882
  0
LINE
  5
10C6
100
AcDbEntity
  8
ASSEM_MEM
100
AcDbLine
 62
4
  6
CONTINUOUS
 10
169.1458836643
 20
53.7391712882
 11
171.2458836643
 21
53.7391712882
  0
LINE
  5
10C7
100
AcDbEntity
  8
ASSEM_MEM
100
AcDbLine
 62
4
  6
CONTINUOUS
 10
171.7258836643
 20
53.7391712882
 11
173.8258836643
 21
53.7391712882
  0
LINE
  5
10C8
100
AcDbEntity
  8
ASSEM_MEM
100
AcDbLine
 62
4
  6
CONTINUOUS
 10
179.0458836643
 20
53.7391712882
 11
181.1458836643
 21
53.7391712882
  0
LINE
  5
10C9
100
AcDbEntity
  8
ASSEM_MEM
100
AcDbLine
 62
4
  6
CONTINUOUS
 10
153.5608836643
 20
54.2191712882
 11
151.4608836643
 21
54.2191712882
  0
LINE
  5
10CA
100
AcDbEntity
  8
ASSEM_MEM
100
AcDbLine
 62
4
  6
CONTINUOUS
 10
150.9808836643
 20
54.2191712882
 11
148.8808836643
 21
54.2191712882
  0
LINE
  5
10CB
100
AcDbEntity
  8
ASSEM_MEM
100
AcDbLine
 62
4
  6
CONTINUOUS
 10
143.6608836643
 20
54.2191712882
 11
141.5608836643
 21
54.2191712882
  0
LINE
  5
10CC
100
AcDbEntity
  8
ASSEM_MEM
100
AcDbLine
 62
4
  6
CONTINUOUS
 10
119.1808836643
 20
54.2191712882
 11
121.2808836643
 21
54.2191712882
  0
LINE
  5
10CD
100
AcDbEntity
  8
ASSEM_MEM
100
AcDbLine
 62
4
  6
CONTINUOUS
 10
121.7608836643
 20
54.2191712882
 11
123.8608836643
 21
54.2191712882
  0
LINE
  5
10CE
100
AcDbEntity
  8
ASSEM_MEM
100
AcDbLine
 62
4
  6
CONTINUOUS
 10
129.0808836643
 20
54.2191712882
 11
131.1808836643
 21
54.2191712882
  0
LINE
  5
10CF
100
AcDbEntity
  8
ASSEM_MEM
100
AcDbLine
 62
4
  6
CONTINUOUS
 10
131.1808836643
 20
54.8191712882
 11
129.0808836643
 21
54.8191712882
  0
LINE
  5
10D0
100
AcDbEntity
  8
ASSEM_MEM
100
AcDbLine
 62
4
  6
CONTINUOUS
 10
123.8608836643
 20
54.8191712882
 11
121.7608836643
 21
54.8191712882
  0
LINE
  5
10D1
100
AcDbEntity
  8
ASSEM_MEM
100
AcDbLine
 62
4
  6
CONTINUOUS
 10
121.2808836643
 20
54.8191712882
 11
119.1808836643
 21
54.8191712882
  0
LINE
  5
10D2
100
AcDbEntity
  8
ASSEM_MEM
100
AcDbLine
 62
4
  6
CONTINUOUS
 10
141.5608836643
 20
54.8191712882
 11
143.6608836643
 21
54.8191712882
  0
LINE
  5
10D3
100
AcDbEntity
  8
ASSEM_MEM
100
AcDbLine
 62
4
  6
CONTINUOUS
 10
148.8808836643
 20
54.8191712882
 11
150.9808836643
 21
54.8191712882
  0
LINE
  5
10D4
100
AcDbEntity
  8
ASSEM_MEM
100
AcDbLine
 62
4
  6
CONTINUOUS
 10
151.4608836643
 20
54.8191712882
 11
153.5608836643
 21
54.8191712882
  0
LINE
  5
10D5
100
AcDbEntity
  8
ASSEM_MEM
100
AcDbLine
 62
4
  6
CONTINUOUS
 10
181.1458836643
 20
54.9391712882
 11
179.0458836643
 21
54.9391712882
  0
LINE
  5
10D6
100
AcDbEntity
  8
ASSEM_MEM
100
AcDbLine
 62
4
  6
CONTINUOUS
 10
173.8258836643
 20
54.9391712882
 11
171.7258836643
 21
54.9391712882
  0
LINE
  5
10D7
100
AcDbEntity
  8
ASSEM_MEM
100
AcDbLine
 62
4
  6
CONTINUOUS
 10
171.2458836643
 20
54.9391712882
 11
169.1458836643
 21
54.9391712882
  0
LINE
  5
10D8
100
AcDbEntity
  8
ASSEM_MEM
100
AcDbLine
 62
4
  6
CONTINUOUS
 10
191.5258836643
 20
54.9391712882
 11
193.6258836643
 21
54.9391712882
  0
LINE
  5
10D9
100
AcDbEntity
  8
ASSEM_MEM
100
AcDbLine
 62
4
  6
CONTINUOUS
 10
198.8458836643
 20
54.9391712882
 11
200.9458836643
 21
54.9391712882
  0
LINE
  5
10DA
100
AcDbEntity
  8
ASSEM_MEM
100
AcDbLine
 62
4
  6
CONTINUOUS
 10
201.4258836643
 20
54.9391712882
 11
202.148275138
 21
54.9391712882
  0
LINE
  5
10DB
100
AcDbEntity
  8
ASSEM_MEM
100
AcDbLine
 62
2
  6
CONTINUOUS
 10
152.1552472589
 20
49.4191712882
 11
153.3552472589
 21
50.6191712882
  0
LINE
  5
10DC
100
AcDbEntity
  8
ASSEM_MEM
100
AcDbLine
 62
2
  6
CONTINUOUS
 10
150.3733381703
 20
47.6191712882
 11
150.9808836643
 21
48.2267167822
  0
LINE
  5
10DD
100
AcDbEntity
  8
ASSEM_MEM
100
AcDbLine
 62
2
  6
CONTINUOUS
 10
151.4608836643
 20
48.7067167822
 11
151.5733381703
 21
48.8191712882
  0
LINE
  5
10DE
100
AcDbEntity
  8
ASSEM_MEM
100
AcDbLine
 62
2
  6
CONTINUOUS
 10
148.8808836643
 20
46.1086258708
 11
149.7914290817
 21
47.0191712882
  0
LINE
  5
10DF
100
AcDbEntity
  8
ASSEM_MEM
100
AcDbLine
 62
2
  6
CONTINUOUS
 10
152.1552472589
 20
47.6191712882
 11
153.3552472589
 21
48.8191712882
  0
LINE
  5
10E0
100
AcDbEntity
  8
ASSEM_MEM
100
AcDbLine
 62
2
  6
CONTINUOUS
 10
150.3733381703
 20
45.8191712882
 11
150.9808836643
 21
46.4267167822
  0
LINE
  5
10E1
100
AcDbEntity
  8
ASSEM_MEM
100
AcDbLine
 62
2
  6
CONTINUOUS
 10
151.4608836643
 20
46.9067167822
 11
151.5733381703
 21
47.0191712882
  0
LINE
  5
10E2
100
AcDbEntity
  8
ASSEM_MEM
100
AcDbLine
 62
2
  6
CONTINUOUS
 10
148.8808836643
 20
44.3086258708
 11
149.7914290817
 21
45.2191712882
  0
LINE
  5
10E3
100
AcDbEntity
  8
ASSEM_MEM
100
AcDbLine
 62
2
  6
CONTINUOUS
 10
152.1552472589
 20
45.8191712882
 11
153.3552472589
 21
47.0191712882
  0
LINE
  5
10E4
100
AcDbEntity
  8
ASSEM_MEM
100
AcDbLine
 62
2
  6
CONTINUOUS
 10
150.3733381703
 20
44.0191712882
 11
150.9808836643
 21
44.6267167822
  0
LINE
  5
10E5
100
AcDbEntity
  8
ASSEM_MEM
100
AcDbLine
 62
2
  6
CONTINUOUS
 10
151.4608836643
 20
45.1067167822
 11
151.5733381703
 21
45.2191712882
  0
LINE
  5
10E6
100
AcDbEntity
  8
ASSEM_MEM
100
AcDbLine
 62
2
  6
CONTINUOUS
 10
148.8808836643
 20
42.5086258708
 11
149.7914290817
 21
43.4191712882
  0
LINE
  5
10E7
100
AcDbEntity
  8
ASSEM_MEM
100
AcDbLine
 62
4
  6
CONTINUOUS
 10
202.1574206376
 20
55.5391712882
 11
201.4258836643
 21
55.5391712882
  0
LINE
  5
10E8
100
AcDbEntity
  8
ASSEM_MEM
100
AcDbLine
 62
4
  6
CONTINUOUS
 10
200.9458836643
 20
55.5391712882
 11
198.8458836643
 21
55.5391712882
  0
LINE
  5
10E9
100
AcDbEntity
  8
ASSEM_MEM
100
AcDbLine
 62
4
  6
CONTINUOUS
 10
193.6258836643
 20
55.5391712882
 11
191.5258836643
 21
55.5391712882
  0
LINE
  5
10EA
100
AcDbEntity
  8
ASSEM_MEM
100
AcDbLine
 62
4
  6
CONTINUOUS
 10
169.1458836643
 20
55.5391712882
 11
171.2458836643
 21
55.5391712882
  0
LINE
  5
10EB
100
AcDbEntity
  8
ASSEM_MEM
100
AcDbLine
 62
4
  6
CONTINUOUS
 10
171.7258836643
 20
55.5391712882
 11
173.8258836643
 21
55.5391712882
  0
LINE
  5
10EC
100
AcDbEntity
  8
ASSEM_MEM
100
AcDbLine
 62
4
  6
CONTINUOUS
 10
179.0458836643
 20
55.5391712882
 11
181.1458836643
 21
55.5391712882
  0
LINE
  5
10ED
100
AcDbEntity
  8
ASSEM_MEM
100
AcDbLine
 62
4
  6
CONTINUOUS
 10
153.5608836643
 20
56.0191712882
 11
151.4608836643
 21
56.0191712882
  0
LINE
  5
10EE
100
AcDbEntity
  8
ASSEM_MEM
100
AcDbLine
 62
4
  6
CONTINUOUS
 10
150.9808836643
 20
56.0191712882
 11
148.8808836643
 21
56.0191712882
  0
LINE
  5
10EF
100
AcDbEntity
  8
ASSEM_MEM
100
AcDbLine
 62
4
  6
CONTINUOUS
 10
143.6608836643
 20
56.0191712882
 11
141.5608836643
 21
56.0191712882
  0
LINE
  5
10F0
100
AcDbEntity
  8
ASSEM_MEM
100
AcDbLine
 62
4
  6
CONTINUOUS
 10
119.1808836643
 20
56.0191712882
 11
121.2808836643
 21
56.0191712882
  0
LINE
  5
10F1
100
AcDbEntity
  8
ASSEM_MEM
100
AcDbLine
 62
4
  6
CONTINUOUS
 10
121.7608836643
 20
56.0191712882
 11
123.8608836643
 21
56.0191712882
  0
LINE
  5
10F2
100
AcDbEntity
  8
ASSEM_MEM
100
AcDbLine
 62
4
  6
CONTINUOUS
 10
129.0808836643
 20
56.0191712882
 11
131.1808836643
 21
56.0191712882
  0
LINE
  5
10F3
100
AcDbEntity
  8
ASSEM_MEM
100
AcDbLine
 62
4
  6
CONTINUOUS
 10
131.1808836643
 20
56.6191712882
 11
129.0808836643
 21
56.6191712882
  0
LINE
  5
10F4
100
AcDbEntity
  8
ASSEM_MEM
100
AcDbLine
 62
4
  6
CONTINUOUS
 10
123.8608836643
 20
56.6191712882
 11
121.7608836643
 21
56.6191712882
  0
LINE
  5
10F5
100
AcDbEntity
  8
ASSEM_MEM
100
AcDbLine
 62
4
  6
CONTINUOUS
 10
121.2808836643
 20
56.6191712882
 11
119.1808836643
 21
56.6191712882
  0
LINE
  5
10F6
100
AcDbEntity
  8
ASSEM_MEM
100
AcDbLine
 62
4
  6
CONTINUOUS
 10
141.5608836643
 20
56.6191712882
 11
143.6608836643
 21
56.6191712882
  0
LINE
  5
10F7
100
AcDbEntity
  8
ASSEM_MEM
100
AcDbLine
 62
4
  6
CONTINUOUS
 10
148.8808836643
 20
56.6191712882
 11
150.9808836643
 21
56.6191712882
  0
LINE
  5
10F8
100
AcDbEntity
  8
ASSEM_MEM
100
AcDbLine
 62
4
  6
CONTINUOUS
 10
151.4608836643
 20
56.6191712882
 11
153.5608836643
 21
56.6191712882
  0
LINE
  5
10F9
100
AcDbEntity
  8
ASSEM_MEM
100
AcDbLine
 62
4
  6
CONTINUOUS
 10
181.1458836643
 20
56.7391712882
 11
179.0458836643
 21
56.7391712882
  0
LINE
  5
10FA
100
AcDbEntity
  8
ASSEM_MEM
100
AcDbLine
 62
4
  6
CONTINUOUS
 10
173.8258836643
 20
56.7391712882
 11
171.7258836643
 21
56.7391712882
  0
LINE
  5
10FB
100
AcDbEntity
  8
ASSEM_MEM
100
AcDbLine
 62
4
  6
CONTINUOUS
 10
171.2458836643
 20
56.7391712882
 11
169.1458836643
 21
56.7391712882
  0
LINE
  5
10FC
100
AcDbEntity
  8
ASSEM_MEM
100
AcDbLine
 62
4
  6
CONTINUOUS
 10
191.5258836643
 20
56.7391712882
 11
193.6258836643
 21
56.7391712882
  0
LINE
  5
10FD
100
AcDbEntity
  8
ASSEM_MEM
100
AcDbLine
 62
4
  6
CONTINUOUS
 10
198.8458836643
 20
56.7391712882
 11
200.9458836643
 21
56.7391712882
  0
LINE
  5
10FE
100
AcDbEntity
  8
ASSEM_MEM
100
AcDbLine
 62
4
  6
CONTINUOUS
 10
201.4258836643
 20
56.7391712882
 11
202.1757116369
 21
56.7391712882
  0
LINE
  5
10FF
100
AcDbEntity
  8
ASSEM_MEM
100
AcDbLine
 62
4
  6
CONTINUOUS
 10
202.1673876431
 20
57.3391712882
 11
201.4258836643
 21
57.3391712882
  0
LINE
  5
1100
100
AcDbEntity
  8
ASSEM_MEM
100
AcDbLine
 62
4
  6
CONTINUOUS
 10
200.9458836643
 20
57.3391712882
 11
198.8458836643
 21
57.3391712882
  0
LINE
  5
1101
100
AcDbEntity
  8
ASSEM_MEM
100
AcDbLine
 62
4
  6
CONTINUOUS
 10
193.6258836643
 20
57.3391712882
 11
191.5258836643
 21
57.3391712882
  0
LINE
  5
1102
100
AcDbEntity
  8
ASSEM_MEM
100
AcDbLine
 62
4
  6
CONTINUOUS
 10
169.1458836643
 20
57.3391712882
 11
171.2458836643
 21
57.3391712882
  0
LINE
  5
1103
100
AcDbEntity
  8
ASSEM_MEM
100
AcDbLine
 62
4
  6
CONTINUOUS
 10
171.7258836643
 20
57.3391712882
 11
173.8258836643
 21
57.3391712882
  0
LINE
  5
1104
100
AcDbEntity
  8
ASSEM_MEM
100
AcDbLine
 62
4
  6
CONTINUOUS
 10
179.0458836643
 20
57.3391712882
 11
181.1458836643
 21
57.3391712882
  0
LINE
  5
1105
100
AcDbEntity
  8
ASSEM_MEM
100
AcDbLine
 62
4
  6
CONTINUOUS
 10
153.5608836643
 20
57.8191712882
 11
151.4608836643
 21
57.8191712882
  0
LINE
  5
1106
100
AcDbEntity
  8
ASSEM_MEM
100
AcDbLine
 62
4
  6
CONTINUOUS
 10
150.9808836643
 20
57.8191712882
 11
148.8808836643
 21
57.8191712882
  0
LINE
  5
1107
100
AcDbEntity
  8
ASSEM_MEM
100
AcDbLine
 62
4
  6
CONTINUOUS
 10
143.6608836643
 20
57.8191712882
 11
141.5608836643
 21
57.8191712882
  0
LINE
  5
1108
100
AcDbEntity
  8
ASSEM_MEM
100
AcDbLine
 62
4
  6
CONTINUOUS
 10
119.1808836643
 20
57.8191712882
 11
121.2808836643
 21
57.8191712882
  0
LINE
  5
1109
100
AcDbEntity
  8
ASSEM_MEM
100
AcDbLine
 62
4
  6
CONTINUOUS
 10
121.7608836643
 20
57.8191712882
 11
123.8608836643
 21
57.8191712882
  0
LINE
  5
110A
100
AcDbEntity
  8
ASSEM_MEM
100
AcDbLine
 62
4
  6
CONTINUOUS
 10
129.0808836643
 20
57.8191712882
 11
131.1808836643
 21
57.8191712882
  0
LINE
  5
110B
100
AcDbEntity
  8
ASSEM_MEM
100
AcDbLine
 62
4
  6
CONTINUOUS
 10
133.7608836643
 20
58.4191712882
 11
131.6608836643
 21
58.4191712882
  0
LINE
  5
110C
100
AcDbEntity
  8
ASSEM_MEM
100
AcDbLine
 62
4
  6
CONTINUOUS
 10
131.1808836643
 20
58.4191712882
 11
129.0808836643
 21
58.4191712882
  0
LINE
  5
110D
100
AcDbEntity
  8
ASSEM_MEM
100
AcDbLine
 62
4
  6
CONTINUOUS
 10
123.8608836643
 20
58.4191712882
 11
121.7608836643
 21
58.4191712882
  0
LINE
  5
110E
100
AcDbEntity
  8
ASSEM_MEM
100
AcDbLine
 62
4
  6
CONTINUOUS
 10
121.2808836643
 20
58.4191712882
 11
119.1808836643
 21
58.4191712882
  0
LINE
  5
110F
100
AcDbEntity
  8
ASSEM_MEM
100
AcDbLine
 62
4
  6
CONTINUOUS
 10
138.9808836643
 20
58.4191712882
 11
141.0808836643
 21
58.4191712882
  0
LINE
  5
1110
100
AcDbEntity
  8
ASSEM_MEM
100
AcDbLine
 62
4
  6
CONTINUOUS
 10
141.5608836643
 20
58.4191712882
 11
143.6608836643
 21
58.4191712882
  0
LINE
  5
1111
100
AcDbEntity
  8
ASSEM_MEM
100
AcDbLine
 62
4
  6
CONTINUOUS
 10
148.8808836643
 20
58.4191712882
 11
150.9808836643
 21
58.4191712882
  0
LINE
  5
1112
100
AcDbEntity
  8
ASSEM_MEM
100
AcDbLine
 62
4
  6
CONTINUOUS
 10
151.4608836643
 20
58.4191712882
 11
153.5608836643
 21
58.4191712882
  0
LINE
  5
1113
100
AcDbEntity
  8
ASSEM_MEM
100
AcDbLine
 62
4
  6
CONTINUOUS
 10
181.1458836643
 20
58.5391712882
 11
179.0458836643
 21
58.5391712882
  0
LINE
  5
1114
100
AcDbEntity
  8
ASSEM_MEM
100
AcDbLine
 62
4
  6
CONTINUOUS
 10
173.8258836643
 20
58.5391712882
 11
171.7258836643
 21
58.5391712882
  0
LINE
  5
1115
100
AcDbEntity
  8
ASSEM_MEM
100
AcDbLine
 62
4
  6
CONTINUOUS
 10
171.2458836643
 20
58.5391712882
 11
169.1458836643
 21
58.5391712882
  0
LINE
  5
1116
100
AcDbEntity
  8
ASSEM_MEM
100
AcDbLine
 62
4
  6
CONTINUOUS
 10
191.5258836643
 20
58.5391712882
 11
193.6258836643
 21
58.5391712882
  0
LINE
  5
1117
100
AcDbEntity
  8
ASSEM_MEM
100
AcDbLine
 62
4
  6
CONTINUOUS
 10
198.8458836643
 20
58.5391712882
 11
200.9458836643
 21
58.5391712882
  0
LINE
  5
1118
100
AcDbEntity
  8
ASSEM_MEM
100
AcDbLine
 62
4
  6
CONTINUOUS
 10
201.4258836643
 20
58.5391712882
 11
201.9923922052
 21
58.5391712882
  0
LINE
  5
1119
100
AcDbEntity
  8
ASSEM_MEM
100
AcDbLine
 62
2
  6
CONTINUOUS
 10
169.1458836643
 20
61.1726258963
 11
170.1124290562
 21
62.1391712882
  0
LINE
  5
111A
100
AcDbEntity
  8
ASSEM_MEM
100
AcDbLine
 62
2
  6
CONTINUOUS
 10
152.1552472589
 20
44.0191712882
 11
153.3552472589
 21
45.2191712882
  0
LINE
  5
111B
100
AcDbEntity
  8
ASSEM_MEM
100
AcDbLine
 62
2
  6
CONTINUOUS
 10
150.3733381703
 20
42.2191712882
 11
150.9808836643
 21
42.8267167822
  0
LINE
  5
111C
100
AcDbEntity
  8
ASSEM_MEM
100
AcDbLine
 62
2
  6
CONTINUOUS
 10
151.4608836643
 20
43.3067167822
 11
151.5733381703
 21
43.4191712882
  0
LINE
  5
111D
100
AcDbEntity
  8
ASSEM_MEM
100
AcDbLine
 62
2
  6
CONTINUOUS
 10
170.6943381448
 20
60.9391712882
 11
171.2458836643
 21
61.4907168077
  0
LINE
  5
111E
100
AcDbEntity
  8
ASSEM_MEM
100
AcDbLine
 62
2
  6
CONTINUOUS
 10
171.7258836643
 20
61.9707168077
 11
171.8943381448
 21
62.1391712882
  0
LINE
  5
111F
100
AcDbEntity
  8
ASSEM_MEM
100
AcDbLine
 62
2
  6
CONTINUOUS
 10
169.1458836643
 20
59.3726258963
 11
170.1124290562
 21
60.3391712882
  0
LINE
  5
1120
100
AcDbEntity
  8
ASSEM_MEM
100
AcDbLine
 62
2
  6
CONTINUOUS
 10
152.1552472589
 20
42.2191712882
 11
153.3552472589
 21
43.4191712882
  0
LINE
  5
1121
100
AcDbEntity
  8
ASSEM_MEM
100
AcDbLine
 62
2
  6
CONTINUOUS
 10
172.4762472334
 20
60.9391712882
 11
173.6762472334
 21
62.1391712882
  0
LINE
  5
1122
100
AcDbEntity
  8
ASSEM_MEM
100
AcDbLine
 62
2
  6
CONTINUOUS
 10
170.6943381448
 20
59.1391712882
 11
171.2458836643
 21
59.6907168077
  0
LINE
  5
1123
100
AcDbEntity
  8
ASSEM_MEM
100
AcDbLine
 62
2
  6
CONTINUOUS
 10
171.7258836643
 20
60.1707168077
 11
171.8943381448
 21
60.3391712882
  0
LINE
  5
1124
100
AcDbEntity
  8
ASSEM_MEM
100
AcDbLine
 62
2
  6
CONTINUOUS
 10
169.1458836643
 20
57.5726258963
 11
170.1124290562
 21
58.5391712882
  0
LINE
  5
1125
100
AcDbEntity
  8
ASSEM_MEM
100
AcDbLine
 62
4
  6
CONTINUOUS
 10
201.9048944863
 20
59.1391712882
 11
201.4258836643
 21
59.1391712882
  0
LINE
  5
1126
100
AcDbEntity
  8
ASSEM_MEM
100
AcDbLine
 62
4
  6
CONTINUOUS
 10
200.9458836643
 20
59.1391712882
 11
198.8458836643
 21
59.1391712882
  0
LINE
  5
1127
100
AcDbEntity
  8
ASSEM_MEM
100
AcDbLine
 62
4
  6
CONTINUOUS
 10
193.6258836643
 20
59.1391712882
 11
191.5258836643
 21
59.1391712882
  0
LINE
  5
1128
100
AcDbEntity
  8
ASSEM_MEM
100
AcDbLine
 62
4
  6
CONTINUOUS
 10
191.0458836643
 20
59.1391712882
 11
188.9458836643
 21
59.1391712882
  0
LINE
  5
1129
100
AcDbEntity
  8
ASSEM_MEM
100
AcDbLine
 62
4
  6
CONTINUOUS
 10
169.1458836643
 20
59.1391712882
 11
171.2458836643
 21
59.1391712882
  0
LINE
  5
112A
100
AcDbEntity
  8
ASSEM_MEM
100
AcDbLine
 62
4
  6
CONTINUOUS
 10
171.7258836643
 20
59.1391712882
 11
173.8258836643
 21
59.1391712882
  0
LINE
  5
112B
100
AcDbEntity
  8
ASSEM_MEM
100
AcDbLine
 62
4
  6
CONTINUOUS
 10
179.0458836643
 20
59.1391712882
 11
181.1458836643
 21
59.1391712882
  0
LINE
  5
112C
100
AcDbEntity
  8
ASSEM_MEM
100
AcDbLine
 62
4
  6
CONTINUOUS
 10
181.6258836643
 20
59.1391712882
 11
183.7258836643
 21
59.1391712882
  0
LINE
  5
112D
100
AcDbEntity
  8
ASSEM_MEM
100
AcDbLine
 62
4
  6
CONTINUOUS
 10
153.5608836643
 20
59.6191712882
 11
151.4608836643
 21
59.6191712882
  0
LINE
  5
112E
100
AcDbEntity
  8
ASSEM_MEM
100
AcDbLine
 62
4
  6
CONTINUOUS
 10
150.9808836643
 20
59.6191712882
 11
148.8808836643
 21
59.6191712882
  0
LINE
  5
112F
100
AcDbEntity
  8
ASSEM_MEM
100
AcDbLine
 62
4
  6
CONTINUOUS
 10
143.6608836643
 20
59.6191712882
 11
141.5608836643
 21
59.6191712882
  0
LINE
  5
1130
100
AcDbEntity
  8
ASSEM_MEM
100
AcDbLine
 62
4
  6
CONTINUOUS
 10
141.0808836643
 20
59.6191712882
 11
138.9808836643
 21
59.6191712882
  0
LINE
  5
1131
100
AcDbEntity
  8
ASSEM_MEM
100
AcDbLine
 62
4
  6
CONTINUOUS
 10
119.1808836643
 20
59.6191712882
 11
121.2808836643
 21
59.6191712882
  0
LINE
  5
1132
100
AcDbEntity
  8
ASSEM_MEM
100
AcDbLine
 62
4
  6
CONTINUOUS
 10
121.7608836643
 20
59.6191712882
 11
123.8608836643
 21
59.6191712882
  0
LINE
  5
1133
100
AcDbEntity
  8
ASSEM_MEM
100
AcDbLine
 62
4
  6
CONTINUOUS
 10
129.0808836643
 20
59.6191712882
 11
131.1808836643
 21
59.6191712882
  0
LINE
  5
1134
100
AcDbEntity
  8
ASSEM_MEM
100
AcDbLine
 62
4
  6
CONTINUOUS
 10
131.6608836643
 20
59.6191712882
 11
133.7608836643
 21
59.6191712882
  0
LINE
  5
1135
100
AcDbEntity
  8
ASSEM_MEM
100
AcDbLine
 62
4
  6
CONTINUOUS
 10
133.7608836643
 20
60.2191712882
 11
131.6608836643
 21
60.2191712882
  0
LINE
  5
1136
100
AcDbEntity
  8
ASSEM_MEM
100
AcDbLine
 62
4
  6
CONTINUOUS
 10
131.1808836643
 20
60.2191712882
 11
129.0808836643
 21
60.2191712882
  0
LINE
  5
1137
100
AcDbEntity
  8
ASSEM_MEM
100
AcDbLine
 62
4
  6
CONTINUOUS
 10
123.8608836643
 20
60.2191712882
 11
121.7608836643
 21
60.2191712882
  0
LINE
  5
1138
100
AcDbEntity
  8
ASSEM_MEM
100
AcDbLine
 62
4
  6
CONTINUOUS
 10
121.2808836643
 20
60.2191712882
 11
119.1808836643
 21
60.2191712882
  0
LINE
  5
1139
100
AcDbEntity
  8
ASSEM_MEM
100
AcDbLine
 62
4
  6
CONTINUOUS
 10
138.9808836643
 20
60.2191712882
 11
141.0808836643
 21
60.2191712882
  0
LINE
  5
113A
100
AcDbEntity
  8
ASSEM_MEM
100
AcDbLine
 62
4
  6
CONTINUOUS
 10
141.5608836643
 20
60.2191712882
 11
143.6608836643
 21
60.2191712882
  0
LINE
  5
113B
100
AcDbEntity
  8
ASSEM_MEM
100
AcDbLine
 62
4
  6
CONTINUOUS
 10
148.8808836643
 20
60.2191712882
 11
150.9808836643
 21
60.2191712882
  0
LINE
  5
113C
100
AcDbEntity
  8
ASSEM_MEM
100
AcDbLine
 62
4
  6
CONTINUOUS
 10
151.4608836643
 20
60.2191712882
 11
153.5608836643
 21
60.2191712882
  0
LINE
  5
113D
100
AcDbEntity
  8
ASSEM_MEM
100
AcDbLine
 62
4
  6
CONTINUOUS
 10
183.7258836643
 20
60.3391712882
 11
181.6258836643
 21
60.3391712882
  0
LINE
  5
113E
100
AcDbEntity
  8
ASSEM_MEM
100
AcDbLine
 62
4
  6
CONTINUOUS
 10
181.1458836643
 20
60.3391712882
 11
179.0458836643
 21
60.3391712882
  0
LINE
  5
113F
100
AcDbEntity
  8
ASSEM_MEM
100
AcDbLine
 62
4
  6
CONTINUOUS
 10
173.8258836643
 20
60.3391712882
 11
171.7258836643
 21
60.3391712882
  0
LINE
  5
1140
100
AcDbEntity
  8
ASSEM_MEM
100
AcDbLine
 62
4
  6
CONTINUOUS
 10
171.2458836643
 20
60.3391712882
 11
169.1458836643
 21
60.3391712882
  0
LINE
  5
1141
100
AcDbEntity
  8
ASSEM_MEM
100
AcDbLine
 62
4
  6
CONTINUOUS
 10
188.9458836643
 20
60.3391712882
 11
191.0458836643
 21
60.3391712882
  0
LINE
  5
1142
100
AcDbEntity
  8
ASSEM_MEM
100
AcDbLine
 62
4
  6
CONTINUOUS
 10
191.5258836643
 20
60.3391712882
 11
193.6258836643
 21
60.3391712882
  0
LINE
  5
1143
100
AcDbEntity
  8
ASSEM_MEM
100
AcDbLine
 62
4
  6
CONTINUOUS
 10
198.8458836643
 20
60.3391712882
 11
200.9458836643
 21
60.3391712882
  0
LINE
  5
1144
100
AcDbEntity
  8
ASSEM_MEM
100
AcDbLine
 62
4
  6
CONTINUOUS
 10
201.4258836643
 20
60.3391712882
 11
201.7298990484
 21
60.3391712882
  0
LINE
  5
1145
100
AcDbEntity
  8
ASSEM_MEM
100
AcDbLine
 62
4
  6
CONTINUOUS
 10
201.6424013294
 20
60.9391712882
 11
201.4258836643
 21
60.9391712882
  0
LINE
  5
1146
100
AcDbEntity
  8
ASSEM_MEM
100
AcDbLine
 62
4
  6
CONTINUOUS
 10
200.9458836643
 20
60.9391712882
 11
198.8458836643
 21
60.9391712882
  0
LINE
  5
1147
100
AcDbEntity
  8
ASSEM_MEM
100
AcDbLine
 62
4
  6
CONTINUOUS
 10
193.6258836643
 20
60.9391712882
 11
191.5258836643
 21
60.9391712882
  0
LINE
  5
1148
100
AcDbEntity
  8
ASSEM_MEM
100
AcDbLine
 62
4
  6
CONTINUOUS
 10
191.0458836643
 20
60.9391712882
 11
188.9458836643
 21
60.9391712882
  0
LINE
  5
1149
100
AcDbEntity
  8
ASSEM_MEM
100
AcDbLine
 62
4
  6
CONTINUOUS
 10
169.1458836643
 20
60.9391712882
 11
171.2458836643
 21
60.9391712882
  0
LINE
  5
114A
100
AcDbEntity
  8
ASSEM_MEM
100
AcDbLine
 62
4
  6
CONTINUOUS
 10
171.7258836643
 20
60.9391712882
 11
173.8258836643
 21
60.9391712882
  0
LINE
  5
114B
100
AcDbEntity
  8
ASSEM_MEM
100
AcDbLine
 62
4
  6
CONTINUOUS
 10
179.0458836643
 20
60.9391712882
 11
181.1458836643
 21
60.9391712882
  0
LINE
  5
114C
100
AcDbEntity
  8
ASSEM_MEM
100
AcDbLine
 62
4
  6
CONTINUOUS
 10
181.6258836643
 20
60.9391712882
 11
183.7258836643
 21
60.9391712882
  0
LINE
  5
114D
100
AcDbEntity
  8
ASSEM_MEM
100
AcDbLine
 62
4
  6
CONTINUOUS
 10
153.5608836643
 20
61.4191712882
 11
151.4608836643
 21
61.4191712882
  0
LINE
  5
114E
100
AcDbEntity
  8
ASSEM_MEM
100
AcDbLine
 62
4
  6
CONTINUOUS
 10
150.9808836643
 20
61.4191712882
 11
148.8808836643
 21
61.4191712882
  0
LINE
  5
114F
100
AcDbEntity
  8
ASSEM_MEM
100
AcDbLine
 62
4
  6
CONTINUOUS
 10
143.6608836643
 20
61.4191712882
 11
141.5608836643
 21
61.4191712882
  0
LINE
  5
1150
100
AcDbEntity
  8
ASSEM_MEM
100
AcDbLine
 62
4
  6
CONTINUOUS
 10
141.0808836643
 20
61.4191712882
 11
138.9808836643
 21
61.4191712882
  0
LINE
  5
1151
100
AcDbEntity
  8
ASSEM_MEM
100
AcDbLine
 62
4
  6
CONTINUOUS
 10
119.1808836643
 20
61.4191712882
 11
121.2808836643
 21
61.4191712882
  0
LINE
  5
1152
100
AcDbEntity
  8
ASSEM_MEM
100
AcDbLine
 62
4
  6
CONTINUOUS
 10
121.7608836643
 20
61.4191712882
 11
123.8608836643
 21
61.4191712882
  0
LINE
  5
1153
100
AcDbEntity
  8
ASSEM_MEM
100
AcDbLine
 62
4
  6
CONTINUOUS
 10
129.0808836643
 20
61.4191712882
 11
131.1808836643
 21
61.4191712882
  0
LINE
  5
1154
100
AcDbEntity
  8
ASSEM_MEM
100
AcDbLine
 62
4
  6
CONTINUOUS
 10
131.6608836643
 20
61.4191712882
 11
133.7608836643
 21
61.4191712882
  0
LINE
  5
1155
100
AcDbEntity
  8
ASSEM_MEM
100
AcDbLine
 62
2
  6
CONTINUOUS
 10
172.4762472334
 20
59.1391712882
 11
173.6762472334
 21
60.3391712882
  0
LINE
  5
1156
100
AcDbEntity
  8
ASSEM_MEM
100
AcDbLine
 62
2
  6
CONTINUOUS
 10
170.6943381448
 20
57.3391712882
 11
171.2458836643
 21
57.8907168077
  0
LINE
  5
1157
100
AcDbEntity
  8
ASSEM_MEM
100
AcDbLine
 62
2
  6
CONTINUOUS
 10
171.7258836643
 20
58.3707168077
 11
171.8943381448
 21
58.5391712882
  0
LINE
  5
1158
100
AcDbEntity
  8
ASSEM_MEM
100
AcDbLine
 62
2
  6
CONTINUOUS
 10
169.1458836643
 20
55.7726258963
 11
170.1124290562
 21
56.7391712882
  0
LINE
  5
1159
100
AcDbEntity
  8
ASSEM_MEM
100
AcDbLine
 62
2
  6
CONTINUOUS
 10
172.4762472334
 20
57.3391712882
 11
173.6762472334
 21
58.5391712882
  0
LINE
  5
115A
100
AcDbEntity
  8
ASSEM_MEM
100
AcDbLine
 62
2
  6
CONTINUOUS
 10
170.6943381448
 20
55.5391712882
 11
171.2458836643
 21
56.0907168077
  0
LINE
  5
115B
100
AcDbEntity
  8
ASSEM_MEM
100
AcDbLine
 62
2
  6
CONTINUOUS
 10
171.7258836643
 20
56.5707168077
 11
171.8943381448
 21
56.7391712882
  0
LINE
  5
115C
100
AcDbEntity
  8
ASSEM_MEM
100
AcDbLine
 62
2
  6
CONTINUOUS
 10
169.1458836643
 20
53.9726258963
 11
170.1124290562
 21
54.9391712882
  0
LINE
  5
115D
100
AcDbEntity
  8
ASSEM_MEM
100
AcDbLine
 62
4
  6
CONTINUOUS
 10
183.7258836643
 20
62.1391712882
 11
181.6258836643
 21
62.1391712882
  0
LINE
  5
115E
100
AcDbEntity
  8
ASSEM_MEM
100
AcDbLine
 62
4
  6
CONTINUOUS
 10
181.1458836643
 20
62.1391712882
 11
179.0458836643
 21
62.1391712882
  0
LINE
  5
115F
100
AcDbEntity
  8
ASSEM_MEM
100
AcDbLine
 62
4
  6
CONTINUOUS
 10
173.8258836643
 20
62.1391712882
 11
171.7258836643
 21
62.1391712882
  0
LINE
  5
1160
100
AcDbEntity
  8
ASSEM_MEM
100
AcDbLine
 62
4
  6
CONTINUOUS
 10
171.2458836643
 20
62.1391712882
 11
169.1458836643
 21
62.1391712882
  0
LINE
  5
1161
100
AcDbEntity
  8
ASSEM_MEM
100
AcDbLine
 62
4
  6
CONTINUOUS
 10
188.9458836643
 20
62.1391712882
 11
191.0458836643
 21
62.1391712882
  0
LINE
  5
1162
100
AcDbEntity
  8
ASSEM_MEM
100
AcDbLine
 62
4
  6
CONTINUOUS
 10
191.5258836643
 20
62.1391712882
 11
193.6258836643
 21
62.1391712882
  0
LINE
  5
1163
100
AcDbEntity
  8
ASSEM_MEM
100
AcDbLine
 62
4
  6
CONTINUOUS
 10
198.8458836643
 20
62.1391712882
 11
200.9458836643
 21
62.1391712882
  0
LINE
  5
1164
100
AcDbEntity
  8
ASSEM_MEM
100
AcDbLine
 62
4
  6
CONTINUOUS
 10
201.4258836643
 20
62.1391712882
 11
201.4580232803
 21
62.1391712882
  0
LINE
  5
1165
100
AcDbEntity
  8
ASSEM_MEM
100
AcDbLine
 62
4
  6
CONTINUOUS
 10
169.1458836643
 20
62.1391712882
 11
169.1458836643
 21
60.9391712882
  0
LINE
  5
1166
100
AcDbEntity
  8
ASSEM_MEM
100
AcDbLine
 62
4
  6
CONTINUOUS
 10
169.1458836643
 20
60.3391712882
 11
169.1458836643
 21
59.1391712882
  0
LINE
  5
1167
100
AcDbEntity
  8
ASSEM_MEM
100
AcDbLine
 62
4
  6
CONTINUOUS
 10
169.1458836643
 20
58.5391712882
 11
169.1458836643
 21
57.3391712882
  0
LINE
  5
1168
100
AcDbEntity
  8
ASSEM_MEM
100
AcDbLine
 62
4
  6
CONTINUOUS
 10
169.1458836643
 20
56.7391712882
 11
169.1458836643
 21
55.5391712882
  0
LINE
  5
1169
100
AcDbEntity
  8
ASSEM_MEM
100
AcDbLine
 62
4
  6
CONTINUOUS
 10
169.1458836643
 20
54.9391712882
 11
169.1458836643
 21
53.7391712882
  0
LINE
  5
116A
100
AcDbEntity
  8
ASSEM_MEM
100
AcDbLine
 62
4
  6
CONTINUOUS
 10
169.1458836643
 20
53.1391712882
 11
169.1458836643
 21
51.9391712882
  0
LINE
  5
116B
100
AcDbEntity
  8
ASSEM_MEM
100
AcDbLine
 62
4
  6
CONTINUOUS
 10
169.1458836643
 20
51.3391712882
 11
169.1458836643
 21
50.1391712882
  0
LINE
  5
116C
100
AcDbEntity
  8
ASSEM_MEM
100
AcDbLine
 62
4
  6
CONTINUOUS
 10
169.1458836643
 20
49.5391712882
 11
169.1458836643
 21
48.3391712882
  0
LINE
  5
116D
100
AcDbEntity
  8
ASSEM_MEM
100
AcDbLine
 62
4
  6
CONTINUOUS
 10
169.1458836643
 20
47.7391712882
 11
169.1458836643
 21
46.5391712882
  0
LINE
  5
116E
100
AcDbEntity
  8
ASSEM_MEM
100
AcDbLine
 62
4
  6
CONTINUOUS
 10
169.1458836643
 20
45.9391712882
 11
169.1458836643
 21
44.7391712882
  0
LINE
  5
116F
100
AcDbEntity
  8
ASSEM_MEM
100
AcDbLine
 62
4
  6
CONTINUOUS
 10
169.1458836643
 20
44.1391712882
 11
169.1458836643
 21
42.9391712882
  0
LINE
  5
1170
100
AcDbEntity
  8
ASSEM_MEM
100
AcDbLine
 62
2
  6
CONTINUOUS
 10
172.4762472334
 20
55.5391712882
 11
173.6762472334
 21
56.7391712882
  0
LINE
  5
1171
100
AcDbEntity
  8
ASSEM_MEM
100
AcDbLine
 62
2
  6
CONTINUOUS
 10
170.6943381448
 20
53.7391712882
 11
171.2458836643
 21
54.2907168077
  0
LINE
  5
1172
100
AcDbEntity
  8
ASSEM_MEM
100
AcDbLine
 62
2
  6
CONTINUOUS
 10
171.7258836643
 20
54.7707168077
 11
171.8943381448
 21
54.9391712882
  0
LINE
  5
1173
100
AcDbEntity
  8
ASSEM_MEM
100
AcDbLine
 62
2
  6
CONTINUOUS
 10
169.1458836643
 20
52.1726258963
 11
170.1124290562
 21
53.1391712882
  0
LINE
  5
1174
100
AcDbEntity
  8
ASSEM_MEM
100
AcDbLine
 62
2
  6
CONTINUOUS
 10
179.6038835877
 20
60.9391712882
 11
180.8038835877
 21
62.1391712882
  0
LINE
  5
1175
100
AcDbEntity
  8
ASSEM_MEM
100
AcDbLine
 62
2
  6
CONTINUOUS
 10
172.4762472334
 20
53.7391712882
 11
173.6762472334
 21
54.9391712882
  0
LINE
  5
1176
100
AcDbEntity
  8
ASSEM_MEM
100
AcDbLine
 62
2
  6
CONTINUOUS
 10
170.6943381448
 20
51.9391712882
 11
171.2458836643
 21
52.4907168077
  0
LINE
  5
1177
100
AcDbEntity
  8
ASSEM_MEM
100
AcDbLine
 62
2
  6
CONTINUOUS
 10
171.7258836643
 20
52.9707168077
 11
171.8943381448
 21
53.1391712882
  0
LINE
  5
1178
100
AcDbEntity
  8
ASSEM_MEM
100
AcDbLine
 62
2
  6
CONTINUOUS
 10
169.1458836643
 20
50.3726258963
 11
170.1124290562
 21
51.3391712882
  0
LINE
  5
1179
100
AcDbEntity
  8
ASSEM_MEM
100
AcDbLine
 62
2
  6
CONTINUOUS
 10
181.6258836643
 20
61.1726258963
 11
182.5924290562
 21
62.1391712882
  0
LINE
  5
117A
100
AcDbEntity
  8
ASSEM_MEM
100
AcDbLine
 62
2
  6
CONTINUOUS
 10
179.6038835877
 20
59.1391712882
 11
180.8038835877
 21
60.3391712882
  0
LINE
  5
117B
100
AcDbEntity
  8
ASSEM_MEM
100
AcDbLine
 62
2
  6
CONTINUOUS
 10
172.4762472334
 20
51.9391712882
 11
173.6762472334
 21
53.1391712882
  0
LINE
  5
117C
100
AcDbEntity
  8
ASSEM_MEM
100
AcDbLine
 62
2
  6
CONTINUOUS
 10
170.6943381448
 20
50.1391712882
 11
171.2458836643
 21
50.6907168077
  0
LINE
  5
117D
100
AcDbEntity
  8
ASSEM_MEM
100
AcDbLine
 62
2
  6
CONTINUOUS
 10
171.7258836643
 20
51.1707168077
 11
171.8943381448
 21
51.3391712882
  0
LINE
  5
117E
100
AcDbEntity
  8
ASSEM_MEM
100
AcDbLine
 62
2
  6
CONTINUOUS
 10
169.1458836643
 20
48.5726258963
 11
170.1124290562
 21
49.5391712882
  0
LINE
  5
117F
100
AcDbEntity
  8
ASSEM_MEM
100
AcDbLine
 62
4
  6
CONTINUOUS
 10
171.2458836643
 20
42.9391712882
 11
171.2458836643
 21
44.1391712882
  0
LINE
  5
1180
100
AcDbEntity
  8
ASSEM_MEM
100
AcDbLine
 62
4
  6
CONTINUOUS
 10
171.2458836643
 20
44.7391712882
 11
171.2458836643
 21
45.9391712882
  0
LINE
  5
1181
100
AcDbEntity
  8
ASSEM_MEM
100
AcDbLine
 62
4
  6
CONTINUOUS
 10
171.2458836643
 20
46.5391712882
 11
171.2458836643
 21
47.7391712882
  0
LINE
  5
1182
100
AcDbEntity
  8
ASSEM_MEM
100
AcDbLine
 62
4
  6
CONTINUOUS
 10
171.2458836643
 20
48.3391712882
 11
171.2458836643
 21
49.5391712882
  0
LINE
  5
1183
100
AcDbEntity
  8
ASSEM_MEM
100
AcDbLine
 62
4
  6
CONTINUOUS
 10
171.2458836643
 20
50.1391712882
 11
171.2458836643
 21
51.3391712882
  0
LINE
  5
1184
100
AcDbEntity
  8
ASSEM_MEM
100
AcDbLine
 62
4
  6
CONTINUOUS
 10
171.2458836643
 20
51.9391712882
 11
171.2458836643
 21
53.1391712882
  0
LINE
  5
1185
100
AcDbEntity
  8
ASSEM_MEM
100
AcDbLine
 62
4
  6
CONTINUOUS
 10
171.2458836643
 20
53.7391712882
 11
171.2458836643
 21
54.9391712882
  0
LINE
  5
1186
100
AcDbEntity
  8
ASSEM_MEM
100
AcDbLine
 62
4
  6
CONTINUOUS
 10
171.2458836643
 20
55.5391712882
 11
171.2458836643
 21
56.7391712882
  0
LINE
  5
1187
100
AcDbEntity
  8
ASSEM_MEM
100
AcDbLine
 62
4
  6
CONTINUOUS
 10
171.2458836643
 20
57.3391712882
 11
171.2458836643
 21
58.5391712882
  0
LINE
  5
1188
100
AcDbEntity
  8
ASSEM_MEM
100
AcDbLine
 62
4
  6
CONTINUOUS
 10
171.2458836643
 20
59.1391712882
 11
171.2458836643
 21
60.3391712882
  0
LINE
  5
1189
100
AcDbEntity
  8
ASSEM_MEM
100
AcDbLine
 62
4
  6
CONTINUOUS
 10
171.2458836643
 20
60.9391712882
 11
171.2458836643
 21
62.1391712882
  0
LINE
  5
118A
100
AcDbEntity
  8
ASSEM_MEM
100
AcDbLine
 62
4
  6
CONTINUOUS
 10
171.7258836643
 20
62.1391712882
 11
171.7258836643
 21
60.9391712882
  0
LINE
  5
118B
100
AcDbEntity
  8
ASSEM_MEM
100
AcDbLine
 62
4
  6
CONTINUOUS
 10
171.7258836643
 20
60.3391712882
 11
171.7258836643
 21
59.1391712882
  0
LINE
  5
118C
100
AcDbEntity
  8
ASSEM_MEM
100
AcDbLine
 62
4
  6
CONTINUOUS
 10
171.7258836643
 20
58.5391712882
 11
171.7258836643
 21
57.3391712882
  0
LINE
  5
118D
100
AcDbEntity
  8
ASSEM_MEM
100
AcDbLine
 62
4
  6
CONTINUOUS
 10
171.7258836643
 20
56.7391712882
 11
171.7258836643
 21
55.5391712882
  0
LINE
  5
118E
100
AcDbEntity
  8
ASSEM_MEM
100
AcDbLine
 62
4
  6
CONTINUOUS
 10
171.7258836643
 20
54.9391712882
 11
171.7258836643
 21
53.7391712882
  0
LINE
  5
118F
100
AcDbEntity
  8
ASSEM_MEM
100
AcDbLine
 62
4
  6
CONTINUOUS
 10
171.7258836643
 20
53.1391712882
 11
171.7258836643
 21
51.9391712882
  0
LINE
  5
1190
100
AcDbEntity
  8
ASSEM_MEM
100
AcDbLine
 62
4
  6
CONTINUOUS
 10
171.7258836643
 20
51.3391712882
 11
171.7258836643
 21
50.1391712882
  0
LINE
  5
1191
100
AcDbEntity
  8
ASSEM_MEM
100
AcDbLine
 62
4
  6
CONTINUOUS
 10
171.7258836643
 20
49.5391712882
 11
171.7258836643
 21
48.3391712882
  0
LINE
  5
1192
100
AcDbEntity
  8
ASSEM_MEM
100
AcDbLine
 62
4
  6
CONTINUOUS
 10
171.7258836643
 20
47.7391712882
 11
171.7258836643
 21
46.5391712882
  0
LINE
  5
1193
100
AcDbEntity
  8
ASSEM_MEM
100
AcDbLine
 62
4
  6
CONTINUOUS
 10
171.7258836643
 20
45.9391712882
 11
171.7258836643
 21
44.7391712882
  0
LINE
  5
1194
100
AcDbEntity
  8
ASSEM_MEM
100
AcDbLine
 62
4
  6
CONTINUOUS
 10
171.7258836643
 20
44.1391712882
 11
171.7258836643
 21
42.9391712882
  0
LINE
  5
1195
100
AcDbEntity
  8
ASSEM_MEM
100
AcDbLine
 62
4
  6
CONTINUOUS
 10
173.8258836643
 20
42.9391712882
 11
173.8258836643
 21
44.1391712882
  0
LINE
  5
1196
100
AcDbEntity
  8
ASSEM_MEM
100
AcDbLine
 62
4
  6
CONTINUOUS
 10
173.8258836643
 20
44.7391712882
 11
173.8258836643
 21
45.9391712882
  0
LINE
  5
1197
100
AcDbEntity
  8
ASSEM_MEM
100
AcDbLine
 62
4
  6
CONTINUOUS
 10
173.8258836643
 20
46.5391712882
 11
173.8258836643
 21
47.7391712882
  0
LINE
  5
1198
100
AcDbEntity
  8
ASSEM_MEM
100
AcDbLine
 62
4
  6
CONTINUOUS
 10
173.8258836643
 20
48.3391712882
 11
173.8258836643
 21
49.5391712882
  0
LINE
  5
1199
100
AcDbEntity
  8
ASSEM_MEM
100
AcDbLine
 62
4
  6
CONTINUOUS
 10
173.8258836643
 20
50.1391712882
 11
173.8258836643
 21
51.3391712882
  0
LINE
  5
119A
100
AcDbEntity
  8
ASSEM_MEM
100
AcDbLine
 62
4
  6
CONTINUOUS
 10
173.8258836643
 20
51.9391712882
 11
173.8258836643
 21
53.1391712882
  0
LINE
  5
119B
100
AcDbEntity
  8
ASSEM_MEM
100
AcDbLine
 62
4
  6
CONTINUOUS
 10
173.8258836643
 20
53.7391712882
 11
173.8258836643
 21
54.9391712882
  0
LINE
  5
119C
100
AcDbEntity
  8
ASSEM_MEM
100
AcDbLine
 62
4
  6
CONTINUOUS
 10
173.8258836643
 20
55.5391712882
 11
173.8258836643
 21
56.7391712882
  0
LINE
  5
119D
100
AcDbEntity
  8
ASSEM_MEM
100
AcDbLine
 62
4
  6
CONTINUOUS
 10
173.8258836643
 20
57.3391712882
 11
173.8258836643
 21
58.5391712882
  0
LINE
  5
119E
100
AcDbEntity
  8
ASSEM_MEM
100
AcDbLine
 62
4
  6
CONTINUOUS
 10
173.8258836643
 20
59.1391712882
 11
173.8258836643
 21
60.3391712882
  0
LINE
  5
119F
100
AcDbEntity
  8
ASSEM_MEM
100
AcDbLine
 62
4
  6
CONTINUOUS
 10
173.8258836643
 20
60.9391712882
 11
173.8258836643
 21
62.1391712882
  0
LINE
  5
11A0
100
AcDbEntity
  8
ASSEM_MEM
100
AcDbLine
 62
2
  6
CONTINUOUS
 10
181.6258836643
 20
59.3907168077
 11
182.5743381448
 21
60.3391712882
  0
LINE
  5
11A1
100
AcDbEntity
  8
ASSEM_MEM
100
AcDbLine
 62
2
  6
CONTINUOUS
 10
183.1743381448
 20
60.9391712882
 11
183.7258836643
 21
61.4907168077
  0
LINE
  5
11A2
100
AcDbEntity
  8
ASSEM_MEM
100
AcDbLine
 62
2
  6
CONTINUOUS
 10
179.6038835877
 20
57.3391712882
 11
180.8038835877
 21
58.5391712882
  0
LINE
  5
11A3
100
AcDbEntity
  8
ASSEM_MEM
100
AcDbLine
 62
2
  6
CONTINUOUS
 10
172.4762472334
 20
50.1391712882
 11
173.6762472334
 21
51.3391712882
  0
LINE
  5
11A4
100
AcDbEntity
  8
ASSEM_MEM
100
AcDbLine
 62
2
  6
CONTINUOUS
 10
170.6943381448
 20
48.3391712882
 11
171.2458836643
 21
48.8907168077
  0
LINE
  5
11A5
100
AcDbEntity
  8
ASSEM_MEM
100
AcDbLine
 62
2
  6
CONTINUOUS
 10
171.7258836643
 20
49.3707168077
 11
171.8943381448
 21
49.5391712882
  0
LINE
  5
11A6
100
AcDbEntity
  8
ASSEM_MEM
100
AcDbLine
 62
2
  6
CONTINUOUS
 10
169.1458836643
 20
46.7726258963
 11
170.1124290562
 21
47.7391712882
  0
LINE
  5
11A7
100
AcDbEntity
  8
ASSEM_MEM
100
AcDbLine
 62
2
  6
CONTINUOUS
 10
183.1562472334
 20
59.1391712882
 11
183.7258836643
 21
59.7088077191
  0
LINE
  5
11A8
100
AcDbEntity
  8
ASSEM_MEM
100
AcDbLine
 62
2
  6
CONTINUOUS
 10
179.6038835877
 20
55.5391712882
 11
180.8038835877
 21
56.7391712882
  0
LINE
  5
11A9
100
AcDbEntity
  8
ASSEM_MEM
100
AcDbLine
 62
2
  6
CONTINUOUS
 10
172.4762472334
 20
48.3391712882
 11
173.6762472334
 21
49.5391712882
  0
LINE
  5
11AA
100
AcDbEntity
  8
ASSEM_MEM
100
AcDbLine
 62
2
  6
CONTINUOUS
 10
170.6943381448
 20
46.5391712882
 11
171.2458836643
 21
47.0907168077
  0
LINE
  5
11AB
100
AcDbEntity
  8
ASSEM_MEM
100
AcDbLine
 62
2
  6
CONTINUOUS
 10
171.7258836643
 20
47.5707168077
 11
171.8943381448
 21
47.7391712882
  0
LINE
  5
11AC
100
AcDbEntity
  8
ASSEM_MEM
100
AcDbLine
 62
2
  6
CONTINUOUS
 10
169.1458836643
 20
44.9726258963
 11
170.1124290562
 21
45.9391712882
  0
LINE
  5
11AD
100
AcDbEntity
  8
0
100
AcDbLine
 62
7
  6
CONTINUOUS
 10
163.8642453727
 20
70.8685374487
 11
177.4519386789
 21
72.3251482897
  0
LINE
  5
11AE
100
AcDbEntity
  8
0
100
AcDbLine
 62
7
  6
CONTINUOUS
 10
177.4519386789
 20
72.3251482897
 11
189.446110123
 21
73.315188061
  0
LINE
  5
11AF
100
AcDbEntity
  8
0
100
AcDbLine
 62
7
  6
CONTINUOUS
 10
145.6169334047
 20
72.6472121178
 11
163.8642453727
 21
70.8685374487
  0
LINE
  5
11B0
100
AcDbEntity
  8
0
100
AcDbLine
 62
7
  6
CONTINUOUS
 10
129.5360955338
 20
74.3190951899
 11
145.6169334047
 21
72.6472121178
  0
LINE
  5
11B1
100
AcDbEntity
  8
ASSEM_MEM
100
AcDbLine
 62
2
  6
CONTINUOUS
 10
179.6038835877
 20
53.7391712882
 11
180.8038835877
 21
54.9391712882
  0
LINE
  5
11B2
100
AcDbEntity
  8
ASSEM_MEM
100
AcDbLine
 62
2
  6
CONTINUOUS
 10
172.4762472334
 20
46.5391712882
 11
173.6762472334
 21
47.7391712882
  0
LINE
  5
11B3
100
AcDbEntity
  8
ASSEM_MEM
100
AcDbLine
 62
2
  6
CONTINUOUS
 10
170.6943381448
 20
44.7391712882
 11
171.2458836643
 21
45.2907168077
  0
LINE
  5
11B4
100
AcDbEntity
  8
ASSEM_MEM
100
AcDbLine
 62
2
  6
CONTINUOUS
 10
171.7258836643
 20
45.7707168077
 11
171.8943381448
 21
45.9391712882
  0
LINE
  5
11B5
100
AcDbEntity
  8
ASSEM_MEM
100
AcDbLine
 62
2
  6
CONTINUOUS
 10
169.1458836643
 20
43.1726258963
 11
170.1124290562
 21
44.1391712882
  0
LINE
  5
11B6
100
AcDbEntity
  8
ASSEM_MEM
100
AcDbLine
 62
2
  6
CONTINUOUS
 10
188.9458836643
 20
61.3649895419
 11
189.7200654106
 21
62.1391712882
  0
LINE
  5
11B7
100
AcDbEntity
  8
ASSEM_MEM
100
AcDbLine
 62
2
  6
CONTINUOUS
 10
179.6038835877
 20
51.9391712882
 11
180.8038835877
 21
53.1391712882
  0
LINE
  5
11B8
100
AcDbEntity
  8
ASSEM_MEM
100
AcDbLine
 62
2
  6
CONTINUOUS
 10
172.4762472334
 20
44.7391712882
 11
173.6762472334
 21
45.9391712882
  0
LINE
  5
11B9
100
AcDbEntity
  8
ASSEM_MEM
100
AcDbLine
 62
2
  6
CONTINUOUS
 10
170.6943381448
 20
42.9391712882
 11
171.2458836643
 21
43.4907168077
  0
LINE
  5
11BA
100
AcDbEntity
  8
ASSEM_MEM
100
AcDbLine
 62
2
  6
CONTINUOUS
 10
171.7258836643
 20
43.9707168077
 11
171.8943381448
 21
44.1391712882
  0
LINE
  5
11BB
100
AcDbEntity
  8
ASSEM_MEM
100
AcDbLine
 62
2
  6
CONTINUOUS
 10
188.9458836643
 20
59.5830804533
 11
189.7019744992
 21
60.3391712882
  0
LINE
  5
11BC
100
AcDbEntity
  8
ASSEM_MEM
100
AcDbLine
 62
2
  6
CONTINUOUS
 10
190.3019744992
 20
60.9391712882
 11
191.0458836643
 21
61.6830804533
  0
LINE
  5
11BD
100
AcDbEntity
  8
ASSEM_MEM
100
AcDbLine
 62
2
  6
CONTINUOUS
 10
179.6038835877
 20
50.1391712882
 11
180.8038835877
 21
51.3391712882
  0
LINE
  5
11BE
100
AcDbEntity
  8
ASSEM_MEM
100
AcDbLine
 62
2
  6
CONTINUOUS
 10
172.4762472334
 20
42.9391712882
 11
173.6762472334
 21
44.1391712882
  0
LINE
  5
11BF
100
AcDbEntity
  8
ASSEM_MEM
100
AcDbLine
 62
4
  6
CONTINUOUS
 10
179.0458836643
 20
62.1391712882
 11
179.0458836643
 21
60.9391712882
  0
LINE
  5
11C0
100
AcDbEntity
  8
ASSEM_MEM
100
AcDbLine
 62
4
  6
CONTINUOUS
 10
179.0458836643
 20
60.3391712882
 11
179.0458836643
 21
59.1391712882
  0
LINE
  5
11C1
100
AcDbEntity
  8
ASSEM_MEM
100
AcDbLine
 62
4
  6
CONTINUOUS
 10
179.0458836643
 20
58.5391712882
 11
179.0458836643
 21
57.3391712882
  0
LINE
  5
11C2
100
AcDbEntity
  8
ASSEM_MEM
100
AcDbLine
 62
4
  6
CONTINUOUS
 10
179.0458836643
 20
56.7391712882
 11
179.0458836643
 21
55.5391712882
  0
LINE
  5
11C3
100
AcDbEntity
  8
ASSEM_MEM
100
AcDbLine
 62
4
  6
CONTINUOUS
 10
179.0458836643
 20
54.9391712882
 11
179.0458836643
 21
53.7391712882
  0
LINE
  5
11C4
100
AcDbEntity
  8
ASSEM_MEM
100
AcDbLine
 62
4
  6
CONTINUOUS
 10
179.0458836643
 20
53.1391712882
 11
179.0458836643
 21
51.9391712882
  0
LINE
  5
11C5
100
AcDbEntity
  8
ASSEM_MEM
100
AcDbLine
 62
4
  6
CONTINUOUS
 10
179.0458836643
 20
51.3391712882
 11
179.0458836643
 21
50.1391712882
  0
LINE
  5
11C6
100
AcDbEntity
  8
ASSEM_MEM
100
AcDbLine
 62
4
  6
CONTINUOUS
 10
179.0458836643
 20
49.5391712882
 11
179.0458836643
 21
48.3391712882
  0
LINE
  5
11C7
100
AcDbEntity
  8
ASSEM_MEM
100
AcDbLine
 62
4
  6
CONTINUOUS
 10
179.0458836643
 20
47.7391712882
 11
179.0458836643
 21
46.5391712882
  0
LINE
  5
11C8
100
AcDbEntity
  8
ASSEM_MEM
100
AcDbLine
 62
4
  6
CONTINUOUS
 10
179.0458836643
 20
45.9391712882
 11
179.0458836643
 21
44.7391712882
  0
LINE
  5
11C9
100
AcDbEntity
  8
ASSEM_MEM
100
AcDbLine
 62
4
  6
CONTINUOUS
 10
179.0458836643
 20
44.1391712882
 11
179.0458836643
 21
42.9391712882
  0
LINE
  5
11CA
100
AcDbEntity
  8
ASSEM_MEM
100
AcDbLine
 62
2
  6
CONTINUOUS
 10
192.0772472079
 20
60.9391712882
 11
193.2772472079
 21
62.1391712882
  0
LINE
  5
11CB
100
AcDbEntity
  8
ASSEM_MEM
100
AcDbLine
 62
2
  6
CONTINUOUS
 10
190.2838835877
 20
59.1391712882
 11
191.0458836643
 21
59.9011713647
  0
LINE
  5
11CC
100
AcDbEntity
  8
ASSEM_MEM
100
AcDbLine
 62
2
  6
CONTINUOUS
 10
179.6038835877
 20
48.3391712882
 11
180.8038835877
 21
49.5391712882
  0
LINE
  5
11CD
100
AcDbEntity
  8
ASSEM_MEM
100
AcDbLine
 62
2
  6
CONTINUOUS
 10
192.0772472079
 20
59.1391712882
 11
193.2772472079
 21
60.3391712882
  0
LINE
  5
11CE
100
AcDbEntity
  8
ASSEM_MEM
100
AcDbLine
 62
2
  6
CONTINUOUS
 10
179.6038835877
 20
46.5391712882
 11
180.8038835877
 21
47.7391712882
  0
LINE
  5
11CF
100
AcDbEntity
  8
ASSEM_MEM
100
AcDbLine
 62
2
  6
CONTINUOUS
 10
192.0772472079
 20
57.3391712882
 11
193.2772472079
 21
58.5391712882
  0
LINE
  5
11D0
100
AcDbEntity
  8
ASSEM_MEM
100
AcDbLine
 62
2
  6
CONTINUOUS
 10
179.6038835877
 20
44.7391712882
 11
180.8038835877
 21
45.9391712882
  0
LINE
  5
11D1
100
AcDbEntity
  8
ASSEM_MEM
100
AcDbLine
 62
4
  6
CONTINUOUS
 10
181.1458836643
 20
42.9391712882
 11
181.1458836643
 21
44.1391712882
  0
LINE
  5
11D2
100
AcDbEntity
  8
ASSEM_MEM
100
AcDbLine
 62
4
  6
CONTINUOUS
 10
181.1458836643
 20
44.7391712882
 11
181.1458836643
 21
45.9391712882
  0
LINE
  5
11D3
100
AcDbEntity
  8
ASSEM_MEM
100
AcDbLine
 62
4
  6
CONTINUOUS
 10
181.1458836643
 20
46.5391712882
 11
181.1458836643
 21
47.7391712882
  0
LINE
  5
11D4
100
AcDbEntity
  8
ASSEM_MEM
100
AcDbLine
 62
4
  6
CONTINUOUS
 10
181.1458836643
 20
48.3391712882
 11
181.1458836643
 21
49.5391712882
  0
LINE
  5
11D5
100
AcDbEntity
  8
ASSEM_MEM
100
AcDbLine
 62
4
  6
CONTINUOUS
 10
181.1458836643
 20
50.1391712882
 11
181.1458836643
 21
51.3391712882
  0
LINE
  5
11D6
100
AcDbEntity
  8
ASSEM_MEM
100
AcDbLine
 62
4
  6
CONTINUOUS
 10
181.1458836643
 20
51.9391712882
 11
181.1458836643
 21
53.1391712882
  0
LINE
  5
11D7
100
AcDbEntity
  8
ASSEM_MEM
100
AcDbLine
 62
4
  6
CONTINUOUS
 10
181.1458836643
 20
53.7391712882
 11
181.1458836643
 21
54.9391712882
  0
LINE
  5
11D8
100
AcDbEntity
  8
ASSEM_MEM
100
AcDbLine
 62
4
  6
CONTINUOUS
 10
181.1458836643
 20
55.5391712882
 11
181.1458836643
 21
56.7391712882
  0
LINE
  5
11D9
100
AcDbEntity
  8
ASSEM_MEM
100
AcDbLine
 62
4
  6
CONTINUOUS
 10
181.1458836643
 20
57.3391712882
 11
181.1458836643
 21
58.5391712882
  0
LINE
  5
11DA
100
AcDbEntity
  8
ASSEM_MEM
100
AcDbLine
 62
4
  6
CONTINUOUS
 10
181.1458836643
 20
59.1391712882
 11
181.1458836643
 21
60.3391712882
  0
LINE
  5
11DB
100
AcDbEntity
  8
ASSEM_MEM
100
AcDbLine
 62
4
  6
CONTINUOUS
 10
181.1458836643
 20
60.9391712882
 11
181.1458836643
 21
62.1391712882
  0
LINE
  5
11DC
100
AcDbEntity
  8
ASSEM_MEM
100
AcDbLine
 62
4
  6
CONTINUOUS
 10
181.6258836643
 20
62.1391712882
 11
181.6258836643
 21
60.9391712882
  0
LINE
  5
11DD
100
AcDbEntity
  8
ASSEM_MEM
100
AcDbLine
 62
4
  6
CONTINUOUS
 10
181.6258836643
 20
60.3391712882
 11
181.6258836643
 21
59.1391712882
  0
LINE
  5
11DE
100
AcDbEntity
  8
ASSEM_MEM
100
AcDbLine
 62
4
  6
CONTINUOUS
 10
181.6258836643
 20
45.9391712882
 11
181.6258836643
 21
44.7391712882
  0
LINE
  5
11DF
100
AcDbEntity
  8
ASSEM_MEM
100
AcDbLine
 62
4
  6
CONTINUOUS
 10
181.6258836643
 20
44.1391712882
 11
181.6258836643
 21
42.9391712882
  0
LINE
  5
11E0
100
AcDbEntity
  8
ASSEM_MEM
100
AcDbLine
 62
2
  6
CONTINUOUS
 10
181.6258836643
 20
45.135444099
 11
182.4296108535
 21
45.9391712882
  0
LINE
  5
11E1
100
AcDbEntity
  8
ASSEM_MEM
100
AcDbLine
 62
2
  6
CONTINUOUS
 10
192.0772472079
 20
55.5391712882
 11
193.2772472079
 21
56.7391712882
  0
LINE
  5
11E2
100
AcDbEntity
  8
ASSEM_MEM
100
AcDbLine
 62
2
  6
CONTINUOUS
 10
179.6038835877
 20
42.9391712882
 11
180.8038835877
 21
44.1391712882
  0
LINE
  5
11E3
100
AcDbEntity
  8
ASSEM_MEM
100
AcDbLine
 62
2
  6
CONTINUOUS
 10
199.2048835622
 20
60.9391712882
 11
200.4048835622
 21
62.1391712882
  0
LINE
  5
11E4
100
AcDbEntity
  8
ASSEM_MEM
100
AcDbLine
 62
2
  6
CONTINUOUS
 10
181.6258836643
 20
43.3535350104
 11
182.4115199421
 21
44.1391712882
  0
LINE
  5
11E5
100
AcDbEntity
  8
ASSEM_MEM
100
AcDbLine
 62
2
  6
CONTINUOUS
 10
183.0115199421
 20
44.7391712882
 11
183.7258836643
 21
45.4535350104
  0
LINE
  5
11E6
100
AcDbEntity
  8
ASSEM_MEM
100
AcDbLine
 62
2
  6
CONTINUOUS
 10
192.0772472079
 20
53.7391712882
 11
193.2772472079
 21
54.9391712882
  0
LINE
  5
11E7
100
AcDbEntity
  8
ASSEM_MEM
100
AcDbLine
 62
4
  6
CONTINUOUS
 10
183.7258836643
 20
42.9391712882
 11
183.7258836643
 21
44.1391712882
  0
LINE
  5
11E8
100
AcDbEntity
  8
ASSEM_MEM
100
AcDbLine
 62
4
  6
CONTINUOUS
 10
183.7258836643
 20
44.7391712882
 11
183.7258836643
 21
45.9391712882
  0
LINE
  5
11E9
100
AcDbEntity
  8
ASSEM_MEM
100
AcDbLine
 62
4
  6
CONTINUOUS
 10
183.7258836643
 20
59.1391712882
 11
183.7258836643
 21
60.3391712882
  0
LINE
  5
11EA
100
AcDbEntity
  8
ASSEM_MEM
100
AcDbLine
 62
4
  6
CONTINUOUS
 10
183.7258836643
 20
60.9391712882
 11
183.7258836643
 21
62.1391712882
  0
LINE
  5
11EB
100
AcDbEntity
  8
ASSEM_MEM
100
AcDbLine
 62
2
  6
CONTINUOUS
 10
201.4258836643
 20
61.3782623016
 11
201.5589621233
 21
61.5113407606
  0
LINE
  5
11EC
100
AcDbEntity
  8
ASSEM_MEM
100
AcDbLine
 62
2
  6
CONTINUOUS
 10
182.9934290307
 20
42.9391712882
 11
183.7258836643
 21
43.6716259218
  0
LINE
  5
11ED
100
AcDbEntity
  8
ASSEM_MEM
100
AcDbLine
 62
2
  6
CONTINUOUS
 10
199.2048835622
 20
59.1391712882
 11
200.4048835622
 21
60.3391712882
  0
LINE
  5
11EE
100
AcDbEntity
  8
ASSEM_MEM
100
AcDbLine
 62
2
  6
CONTINUOUS
 10
192.0772472079
 20
51.9391712882
 11
193.2772472079
 21
53.1391712882
  0
LINE
  5
11EF
100
AcDbEntity
  8
ASSEM_MEM
100
AcDbLine
 62
2
  6
CONTINUOUS
 10
201.4258836643
 20
59.5782623016
 11
201.7880478202
 21
59.9404264576
  0
LINE
  5
11F0
100
AcDbEntity
  8
ASSEM_MEM
100
AcDbLine
 62
2
  6
CONTINUOUS
 10
199.2048835622
 20
57.3391712882
 11
200.4048835622
 21
58.5391712882
  0
LINE
  5
11F1
100
AcDbEntity
  8
ASSEM_MEM
100
AcDbLine
 62
2
  6
CONTINUOUS
 10
192.0772472079
 20
50.1391712882
 11
193.2772472079
 21
51.3391712882
  0
LINE
  5
11F2
100
AcDbEntity
  8
ASSEM_MEM
100
AcDbLine
 62
2
  6
CONTINUOUS
 10
188.9458836643
 20
45.3278077446
 11
189.5572472079
 21
45.9391712882
  0
LINE
  5
11F3
100
AcDbEntity
  8
ASSEM_MEM
100
AcDbLine
 62
2
  6
CONTINUOUS
 10
201.4258836643
 20
57.7782623016
 11
202.0171335172
 21
58.3695121546
  0
LINE
  5
11F4
100
AcDbEntity
  8
ASSEM_MEM
100
AcDbLine
 62
2
  6
CONTINUOUS
 10
199.2048835622
 20
55.5391712882
 11
200.4048835622
 21
56.7391712882
  0
LINE
  5
11F5
100
AcDbEntity
  8
ASSEM_MEM
100
AcDbLine
 62
2
  6
CONTINUOUS
 10
192.0772472079
 20
48.3391712882
 11
193.2772472079
 21
49.5391712882
  0
LINE
  5
11F6
100
AcDbEntity
  8
0
100
AcDbLine
 62
7
  6
CONTINUOUS
 10
196.5950225086
 20
37.8051304638
 11
190.477286952
 21
35.9260110873
  0
LINE
  5
11F7
100
AcDbEntity
  8
0
100
AcDbLine
 62
7
  6
CONTINUOUS
 10
189.446110123
 20
73.315188061
 11
198.058593844
 21
69.7375959623
  0
LINE
  5
11F8
100
AcDbEntity
  8
ASSEM_MEM
100
AcDbLine
 62
4
  6
CONTINUOUS
 10
188.9458836643
 20
42.9391712882
 11
188.9458836643
 21
44.1391712882
  0
LINE
  5
11F9
100
AcDbEntity
  8
ASSEM_MEM
100
AcDbLine
 62
4
  6
CONTINUOUS
 10
188.9458836643
 20
44.7391712882
 11
188.9458836643
 21
45.9391712882
  0
LINE
  5
11FA
100
AcDbEntity
  8
ASSEM_MEM
100
AcDbLine
 62
4
  6
CONTINUOUS
 10
188.9458836643
 20
59.1391712882
 11
188.9458836643
 21
60.3391712882
  0
LINE
  5
11FB
100
AcDbEntity
  8
ASSEM_MEM
100
AcDbLine
 62
4
  6
CONTINUOUS
 10
188.9458836643
 20
60.9391712882
 11
188.9458836643
 21
62.1391712882
  0
LINE
  5
11FC
100
AcDbEntity
  8
ASSEM_MEM
100
AcDbLine
 62
2
  6
CONTINUOUS
 10
188.9458836643
 20
43.545898656
 11
189.5391562965
 21
44.1391712882
  0
LINE
  5
11FD
100
AcDbEntity
  8
ASSEM_MEM
100
AcDbLine
 62
2
  6
CONTINUOUS
 10
190.1391562965
 20
44.7391712882
 11
191.0458836643
 21
45.645898656
  0
LINE
  5
11FE
100
AcDbEntity
  8
ASSEM_MEM
100
AcDbLine
 62
2
  6
CONTINUOUS
 10
201.4258836643
 20
55.9782623016
 11
202.1755401202
 21
56.7279187575
  0
LINE
  5
11FF
100
AcDbEntity
  8
ASSEM_MEM
100
AcDbLine
 62
2
  6
CONTINUOUS
 10
199.2048835622
 20
53.7391712882
 11
200.4048835622
 21
54.9391712882
  0
LINE
  5
1200
100
AcDbEntity
  8
ASSEM_MEM
100
AcDbLine
 62
2
  6
CONTINUOUS
 10
192.0772472079
 20
46.5391712882
 11
193.2772472079
 21
47.7391712882
  0
LINE
  5
1201
100
AcDbEntity
  8
ASSEM_MEM
100
AcDbLine
 62
2
  6
CONTINUOUS
 10
190.1210653851
 20
42.9391712882
 11
191.0458836643
 21
43.8639895674
  0
LINE
  5
1202
100
AcDbEntity
  8
ASSEM_MEM
100
AcDbLine
 62
2
  6
CONTINUOUS
 10
201.4258836643
 20
54.1782623016
 11
202.1476789474
 21
54.9000575848
  0
LINE
  5
1203
100
AcDbEntity
  8
ASSEM_MEM
100
AcDbLine
 62
2
  6
CONTINUOUS
 10
199.2048835622
 20
51.9391712882
 11
200.4048835622
 21
53.1391712882
  0
LINE
  5
1204
100
AcDbEntity
  8
ASSEM_MEM
100
AcDbLine
 62
2
  6
CONTINUOUS
 10
192.0772472079
 20
44.7391712882
 11
193.2772472079
 21
45.9391712882
  0
LINE
  5
1205
100
AcDbEntity
  8
ASSEM_MEM
100
AcDbLine
 62
4
  6
CONTINUOUS
 10
191.0458836643
 20
62.1391712882
 11
191.0458836643
 21
60.9391712882
  0
LINE
  5
1206
100
AcDbEntity
  8
ASSEM_MEM
100
AcDbLine
 62
4
  6
CONTINUOUS
 10
191.0458836643
 20
60.3391712882
 11
191.0458836643
 21
59.1391712882
  0
LINE
  5
1207
100
AcDbEntity
  8
ASSEM_MEM
100
AcDbLine
 62
4
  6
CONTINUOUS
 10
191.0458836643
 20
45.9391712882
 11
191.0458836643
 21
44.7391712882
  0
LINE
  5
1208
100
AcDbEntity
  8
ASSEM_MEM
100
AcDbLine
 62
4
  6
CONTINUOUS
 10
191.0458836643
 20
44.1391712882
 11
191.0458836643
 21
42.9391712882
  0
LINE
  5
1209
100
AcDbEntity
  8
ASSEM_MEM
100
AcDbLine
 62
4
  6
CONTINUOUS
 10
191.5258836643
 20
42.9391712882
 11
191.5258836643
 21
44.1391712882
  0
LINE
  5
120A
100
AcDbEntity
  8
ASSEM_MEM
100
AcDbLine
 62
4
  6
CONTINUOUS
 10
191.5258836643
 20
44.7391712882
 11
191.5258836643
 21
45.9391712882
  0
LINE
  5
120B
100
AcDbEntity
  8
ASSEM_MEM
100
AcDbLine
 62
4
  6
CONTINUOUS
 10
191.5258836643
 20
46.5391712882
 11
191.5258836643
 21
47.7391712882
  0
LINE
  5
120C
100
AcDbEntity
  8
ASSEM_MEM
100
AcDbLine
 62
4
  6
CONTINUOUS
 10
191.5258836643
 20
48.3391712882
 11
191.5258836643
 21
49.5391712882
  0
LINE
  5
120D
100
AcDbEntity
  8
ASSEM_MEM
100
AcDbLine
 62
4
  6
CONTINUOUS
 10
191.5258836643
 20
50.1391712882
 11
191.5258836643
 21
51.3391712882
  0
LINE
  5
120E
100
AcDbEntity
  8
ASSEM_MEM
100
AcDbLine
 62
4
  6
CONTINUOUS
 10
191.5258836643
 20
51.9391712882
 11
191.5258836643
 21
53.1391712882
  0
LINE
  5
120F
100
AcDbEntity
  8
ASSEM_MEM
100
AcDbLine
 62
4
  6
CONTINUOUS
 10
191.5258836643
 20
53.7391712882
 11
191.5258836643
 21
54.9391712882
  0
LINE
  5
1210
100
AcDbEntity
  8
ASSEM_MEM
100
AcDbLine
 62
4
  6
CONTINUOUS
 10
191.5258836643
 20
55.5391712882
 11
191.5258836643
 21
56.7391712882
  0
LINE
  5
1211
100
AcDbEntity
  8
ASSEM_MEM
100
AcDbLine
 62
4
  6
CONTINUOUS
 10
191.5258836643
 20
57.3391712882
 11
191.5258836643
 21
58.5391712882
  0
LINE
  5
1212
100
AcDbEntity
  8
ASSEM_MEM
100
AcDbLine
 62
4
  6
CONTINUOUS
 10
191.5258836643
 20
59.1391712882
 11
191.5258836643
 21
60.3391712882
  0
LINE
  5
1213
100
AcDbEntity
  8
ASSEM_MEM
100
AcDbLine
 62
4
  6
CONTINUOUS
 10
191.5258836643
 20
60.9391712882
 11
191.5258836643
 21
62.1391712882
  0
LINE
  5
1214
100
AcDbEntity
  8
ASSEM_MEM
100
AcDbLine
 62
2
  6
CONTINUOUS
 10
201.4258836643
 20
52.3782623016
 11
202.1198177747
 21
53.0721964121
  0
LINE
  5
1215
100
AcDbEntity
  8
ASSEM_MEM
100
AcDbLine
 62
2
  6
CONTINUOUS
 10
199.2048835622
 20
50.1391712882
 11
200.4048835622
 21
51.3391712882
  0
LINE
  5
1216
100
AcDbEntity
  8
ASSEM_MEM
100
AcDbLine
 62
2
  6
CONTINUOUS
 10
192.0772472079
 20
42.9391712882
 11
193.2772472079
 21
44.1391712882
  0
LINE
  5
1217
100
AcDbEntity
  8
ASSEM_MEM
100
AcDbLine
 62
2
  6
CONTINUOUS
 10
201.4258836643
 20
50.5782623016
 11
202.091956602
 21
51.2443352393
  0
LINE
  5
1218
100
AcDbEntity
  8
ASSEM_MEM
100
AcDbLine
 62
2
  6
CONTINUOUS
 10
199.2048835622
 20
48.3391712882
 11
200.4048835622
 21
49.5391712882
  0
LINE
  5
1219
100
AcDbEntity
  8
ASSEM_MEM
100
AcDbLine
 62
2
  6
CONTINUOUS
 10
201.4258836643
 20
48.7782623016
 11
202.0343384122
 21
49.3867170496
  0
LINE
  5
121A
100
AcDbEntity
  8
ASSEM_MEM
100
AcDbLine
 62
2
  6
CONTINUOUS
 10
199.2048835622
 20
46.5391712882
 11
200.4048835622
 21
47.7391712882
  0
LINE
  5
121B
100
AcDbEntity
  8
ASSEM_MEM
100
AcDbLine
 62
4
  6
CONTINUOUS
 10
193.6258836643
 20
62.1391712882
 11
193.6258836643
 21
60.9391712882
  0
LINE
  5
121C
100
AcDbEntity
  8
ASSEM_MEM
100
AcDbLine
 62
4
  6
CONTINUOUS
 10
193.6258836643
 20
60.3391712882
 11
193.6258836643
 21
59.1391712882
  0
LINE
  5
121D
100
AcDbEntity
  8
ASSEM_MEM
100
AcDbLine
 62
4
  6
CONTINUOUS
 10
193.6258836643
 20
58.5391712882
 11
193.6258836643
 21
57.3391712882
  0
LINE
  5
121E
100
AcDbEntity
  8
ASSEM_MEM
100
AcDbLine
 62
4
  6
CONTINUOUS
 10
193.6258836643
 20
56.7391712882
 11
193.6258836643
 21
55.5391712882
  0
LINE
  5
121F
100
AcDbEntity
  8
ASSEM_MEM
100
AcDbLine
 62
4
  6
CONTINUOUS
 10
193.6258836643
 20
54.9391712882
 11
193.6258836643
 21
53.7391712882
  0
LINE
  5
1220
100
AcDbEntity
  8
ASSEM_MEM
100
AcDbLine
 62
4
  6
CONTINUOUS
 10
193.6258836643
 20
53.1391712882
 11
193.6258836643
 21
51.9391712882
  0
LINE
  5
1221
100
AcDbEntity
  8
ASSEM_MEM
100
AcDbLine
 62
4
  6
CONTINUOUS
 10
193.6258836643
 20
51.3391712882
 11
193.6258836643
 21
50.1391712882
  0
LINE
  5
1222
100
AcDbEntity
  8
ASSEM_MEM
100
AcDbLine
 62
4
  6
CONTINUOUS
 10
193.6258836643
 20
49.5391712882
 11
193.6258836643
 21
48.3391712882
  0
LINE
  5
1223
100
AcDbEntity
  8
ASSEM_MEM
100
AcDbLine
 62
4
  6
CONTINUOUS
 10
193.6258836643
 20
47.7391712882
 11
193.6258836643
 21
46.5391712882
  0
LINE
  5
1224
100
AcDbEntity
  8
ASSEM_MEM
100
AcDbLine
 62
4
  6
CONTINUOUS
 10
193.6258836643
 20
45.9391712882
 11
193.6258836643
 21
44.7391712882
  0
LINE
  5
1225
100
AcDbEntity
  8
ASSEM_MEM
100
AcDbLine
 62
4
  6
CONTINUOUS
 10
193.6258836643
 20
44.1391712882
 11
193.6258836643
 21
42.9391712882
  0
LINE
  5
1226
100
AcDbEntity
  8
ASSEM_MEM
100
AcDbLine
 62
2
  6
CONTINUOUS
 10
199.2048835622
 20
44.7391712882
 11
200.4048835622
 21
45.9391712882
  0
LINE
  5
1227
100
AcDbEntity
  8
ASSEM_MEM
100
AcDbLine
 62
2
  6
CONTINUOUS
 10
199.2048835622
 20
42.9391712882
 11
200.4048835622
 21
44.1391712882
  0
LINE
  5
1228
100
AcDbEntity
  8
ASSEM_MEM
100
AcDbLine
 62
4
  6
CONTINUOUS
 10
198.8458836643
 20
42.9391712882
 11
198.8458836643
 21
44.1391712882
  0
LINE
  5
1229
100
AcDbEntity
  8
ASSEM_MEM
100
AcDbLine
 62
4
  6
CONTINUOUS
 10
198.8458836643
 20
44.7391712882
 11
198.8458836643
 21
45.9391712882
  0
LINE
  5
122A
100
AcDbEntity
  8
ASSEM_MEM
100
AcDbLine
 62
4
  6
CONTINUOUS
 10
198.8458836643
 20
46.5391712882
 11
198.8458836643
 21
47.7391712882
  0
LINE
  5
122B
100
AcDbEntity
  8
ASSEM_MEM
100
AcDbLine
 62
4
  6
CONTINUOUS
 10
198.8458836643
 20
48.3391712882
 11
198.8458836643
 21
49.5391712882
  0
LINE
  5
122C
100
AcDbEntity
  8
ASSEM_MEM
100
AcDbLine
 62
4
  6
CONTINUOUS
 10
198.8458836643
 20
50.1391712882
 11
198.8458836643
 21
51.3391712882
  0
LINE
  5
122D
100
AcDbEntity
  8
ASSEM_MEM
100
AcDbLine
 62
4
  6
CONTINUOUS
 10
198.8458836643
 20
51.9391712882
 11
198.8458836643
 21
53.1391712882
  0
LINE
  5
122E
100
AcDbEntity
  8
ASSEM_MEM
100
AcDbLine
 62
4
  6
CONTINUOUS
 10
198.8458836643
 20
53.7391712882
 11
198.8458836643
 21
54.9391712882
  0
LINE
  5
122F
100
AcDbEntity
  8
ASSEM_MEM
100
AcDbLine
 62
4
  6
CONTINUOUS
 10
198.8458836643
 20
55.5391712882
 11
198.8458836643
 21
56.7391712882
  0
LINE
  5
1230
100
AcDbEntity
  8
ASSEM_MEM
100
AcDbLine
 62
4
  6
CONTINUOUS
 10
198.8458836643
 20
57.3391712882
 11
198.8458836643
 21
58.5391712882
  0
LINE
  5
1231
100
AcDbEntity
  8
ASSEM_MEM
100
AcDbLine
 62
4
  6
CONTINUOUS
 10
198.8458836643
 20
59.1391712882
 11
198.8458836643
 21
60.3391712882
  0
LINE
  5
1232
100
AcDbEntity
  8
ASSEM_MEM
100
AcDbLine
 62
4
  6
CONTINUOUS
 10
198.8458836643
 20
60.9391712882
 11
198.8458836643
 21
62.1391712882
  0
LINE
  5
1233
100
AcDbEntity
  8
0
100
AcDbLine
 62
7
  6
CONTINUOUS
 10
200.2927099052
 20
42.6007385921
 11
196.5950225086
 21
37.8051304638
  0
LINE
  5
1234
100
AcDbEntity
  8
0
100
AcDbLine
 62
7
  6
CONTINUOUS
 10
198.058593844
 20
69.7375959623
 11
200.1203563962
 21
66.3729931022
  0
LINE
  5
1235
100
AcDbEntity
  8
ASSEM_MEM
100
AcDbLine
 62
4
  6
CONTINUOUS
 10
200.9458836643
 20
62.1391712882
 11
200.9458836643
 21
60.9391712882
  0
LINE
  5
1236
100
AcDbEntity
  8
ASSEM_MEM
100
AcDbLine
 62
4
  6
CONTINUOUS
 10
200.9458836643
 20
60.3391712882
 11
200.9458836643
 21
59.1391712882
  0
LINE
  5
1237
100
AcDbEntity
  8
ASSEM_MEM
100
AcDbLine
 62
4
  6
CONTINUOUS
 10
200.9458836643
 20
58.5391712882
 11
200.9458836643
 21
57.3391712882
  0
LINE
  5
1238
100
AcDbEntity
  8
ASSEM_MEM
100
AcDbLine
 62
4
  6
CONTINUOUS
 10
200.9458836643
 20
56.7391712882
 11
200.9458836643
 21
55.5391712882
  0
LINE
  5
1239
100
AcDbEntity
  8
ASSEM_MEM
100
AcDbLine
 62
4
  6
CONTINUOUS
 10
200.9458836643
 20
54.9391712882
 11
200.9458836643
 21
53.7391712882
  0
LINE
  5
123A
100
AcDbEntity
  8
ASSEM_MEM
100
AcDbLine
 62
4
  6
CONTINUOUS
 10
200.9458836643
 20
53.1391712882
 11
200.9458836643
 21
51.9391712882
  0
LINE
  5
123B
100
AcDbEntity
  8
ASSEM_MEM
100
AcDbLine
 62
4
  6
CONTINUOUS
 10
200.9458836643
 20
51.3391712882
 11
200.9458836643
 21
50.1391712882
  0
LINE
  5
123C
100
AcDbEntity
  8
ASSEM_MEM
100
AcDbLine
 62
4
  6
CONTINUOUS
 10
200.9458836643
 20
49.5391712882
 11
200.9458836643
 21
48.3391712882
  0
LINE
  5
123D
100
AcDbEntity
  8
ASSEM_MEM
100
AcDbLine
 62
4
  6
CONTINUOUS
 10
200.9458836643
 20
47.7391712882
 11
200.9458836643
 21
46.5391712882
  0
LINE
  5
123E
100
AcDbEntity
  8
ASSEM_MEM
100
AcDbLine
 62
4
  6
CONTINUOUS
 10
200.9458836643
 20
45.9391712882
 11
200.9458836643
 21
45.1457262518
  0
LINE
  5
123F
100
AcDbEntity
  8
ASSEM_MEM
100
AcDbLine
 62
4
  6
CONTINUOUS
 10
201.4258836643
 20
47.0159699039
 11
201.4258836643
 21
47.7391712882
  0
LINE
  5
1240
100
AcDbEntity
  8
ASSEM_MEM
100
AcDbLine
 62
4
  6
CONTINUOUS
 10
201.4258836643
 20
48.3391712882
 11
201.4258836643
 21
49.5391712882
  0
LINE
  5
1241
100
AcDbEntity
  8
ASSEM_MEM
100
AcDbLine
 62
4
  6
CONTINUOUS
 10
201.4258836643
 20
50.1391712882
 11
201.4258836643
 21
51.3391712882
  0
LINE
  5
1242
100
AcDbEntity
  8
ASSEM_MEM
100
AcDbLine
 62
4
  6
CONTINUOUS
 10
201.4258836643
 20
51.9391712882
 11
201.4258836643
 21
53.1391712882
  0
LINE
  5
1243
100
AcDbEntity
  8
ASSEM_MEM
100
AcDbLine
 62
4
  6
CONTINUOUS
 10
201.4258836643
 20
53.7391712882
 11
201.4258836643
 21
54.9391712882
  0
LINE
  5
1244
100
AcDbEntity
  8
ASSEM_MEM
100
AcDbLine
 62
4
  6
CONTINUOUS
 10
201.4258836643
 20
55.5391712882
 11
201.4258836643
 21
56.7391712882
  0
LINE
  5
1245
100
AcDbEntity
  8
ASSEM_MEM
100
AcDbLine
 62
4
  6
CONTINUOUS
 10
201.4258836643
 20
57.3391712882
 11
201.4258836643
 21
58.5391712882
  0
LINE
  5
1246
100
AcDbEntity
  8
ASSEM_MEM
100
AcDbLine
 62
4
  6
CONTINUOUS
 10
201.4258836643
 20
59.1391712882
 11
201.4258836643
 21
60.3391712882
  0
LINE
  5
1247
100
AcDbEntity
  8
ASSEM_MEM
100
AcDbLine
 62
4
  6
CONTINUOUS
 10
201.4258836643
 20
60.9391712882
 11
201.4258836643
 21
62.1391712882
  0
LINE
  5
1248
100
AcDbEntity
  8
0
100
AcDbLine
 62
7
  6
CONTINUOUS
 10
202.1832039709
 20
57.2307136421
 11
202.065492073
 21
49.5081023336
  0
LINE
  5
1249
100
AcDbEntity
  8
0
100
AcDbLine
 62
7
  6
CONTINUOUS
 10
202.065492073
 20
49.5081023336
 11
200.2927099052
 21
42.6007385921
  0
LINE
  5
124A
100
AcDbEntity
  8
0
100
AcDbLine
 62
7
  6
CONTINUOUS
 10
200.1203563962
 20
66.3729931022
 11
201.4754488927
 21
62.0840178424
  0
LINE
  5
124B
100
AcDbEntity
  8
0
100
AcDbLine
 62
7
  6
CONTINUOUS
 10
201.4754488927
 20
62.0840178424
 11
202.1832039709
 21
57.2307136421
  0
CIRCLE
  5
124C
100
AcDbEntity
  8
0
100
AcDbCircle
 62
7
  6
CONTINUOUS
 10
330.0036290022
 20
28.0469978559
 40
3.7814226897
  0
ARC
  5
124D
100
AcDbEntity
  8
0
100
AcDbCircle
 62
7
  6
CONTINUOUS
 10
338.4765277357
 20
54.6518939131
 40
3.2223704403
100
AcDbArc
 50
171.0982091237
 51
180.0254033426
  0
ARC
  5
124E
100
AcDbEntity
  8
0
100
AcDbCircle
 62
7
  6
CONTINUOUS
 10
338.461228989
 20
54.650111365
 40
3.2223057305
100
AcDbArc
 50
0.0062916147
 51
8.9340544095
  0
ARC
  5
124F
100
AcDbEntity
  8
0
100
AcDbCircle
 62
7
  6
CONTINUOUS
 10
338.4702145656
 20
54.6488262193
 40
3.2160573711
100
AcDbArc
 50
179.9708006042
 51
188.9105528707
  0
ARC
  5
1250
100
AcDbEntity
  8
0
100
AcDbCircle
 62
7
  6
CONTINUOUS
 10
338.4675605821
 20
54.6506047806
 40
3.215974121
100
AcDbArc
 50
351.0571392314
 51
359.9975133114
  0
ARC
  5
1251
100
AcDbEntity
  8
0
100
AcDbCircle
 62
7
  6
CONTINUOUS
 10
338.4712110761
 20
54.658898402
 40
3.2065252466
100
AcDbArc
 50
50.9823797456
 51
68.9200562911
  0
ARC
  5
1252
100
AcDbEntity
  8
0
100
AcDbCircle
 62
7
  6
CONTINUOUS
 10
338.4712138843
 20
54.6420313835
 40
3.2065230503
100
AcDbArc
 50
291.0799050596
 51
309.0175874707
  0
ARC
  5
1253
100
AcDbEntity
  8
0
100
AcDbCircle
 62
7
  6
CONTINUOUS
 10
338.4637840305
 20
54.6642081518
 40
3.2007019704
100
AcDbArc
 50
111.0737797655
 51
129.039945428
  0
ARC
  5
1254
100
AcDbEntity
  8
0
100
AcDbCircle
 62
7
  6
CONTINUOUS
 10
338.4637812287
 20
54.6367216385
 40
3.2006997812
100
AcDbArc
 50
230.9600873669
 51
248.9262588842
  0
CIRCLE
  5
1255
100
AcDbEntity
  8
0
100
AcDbCircle
 62
7
  6
CONTINUOUS
 10
330.0036290022
 20
28.0469978559
 40
2.0610816006
  0
ARC
  5
1256
100
AcDbEntity
  8
0
100
AcDbCircle
 62
7
  6
CONTINUOUS
 10
338.4690404722
 20
54.6506594485
 40
1.9315386698
100
AcDbArc
 50
180.0057619167
 51
269.9942359473
  0
ARC
  5
1257
100
AcDbEntity
  8
0
100
AcDbCircle
 62
7
  6
CONTINUOUS
 10
338.4690404568
 20
54.6502709037
 40
1.9315386545
100
AcDbArc
 50
90.005763597
 51
179.994236403
  0
ARC
  5
1258
100
AcDbEntity
  8
0
100
AcDbCircle
 62
7
  6
CONTINUOUS
 10
338.4686106278
 20
54.6504191989
 40
1.9312984248
100
AcDbArc
 50
270.0069874117
 51
0.0013648445
  0
ARC
  5
1259
100
AcDbEntity
  8
0
100
AcDbCircle
 62
7
  6
CONTINUOUS
 10
338.4686106432
 20
54.6505111533
 40
1.9312984095
100
AcDbArc
 50
359.9986368356
 51
89.9930130441
  0
ARC
  5
125A
100
AcDbEntity
  8
0
100
AcDbCircle
 62
7
  6
CONTINUOUS
 10
335.5889974276
 20
52.9879140367
 40
0.7201296772
100
AcDbArc
 50
0.0065387918
 51
59.9940500414
  0
ARC
  5
125B
100
AcDbEntity
  8
0
100
AcDbCircle
 62
7
  6
CONTINUOUS
 10
341.3484140006
 20
52.9879140437
 40
0.7201295932
100
AcDbArc
 50
120.0059394845
 51
179.9934617583
  0
ARC
  5
125C
100
AcDbEntity
  8
0
100
AcDbCircle
 62
7
  6
CONTINUOUS
 10
338.4687057921
 20
51.3255731394
 40
0.719883807
100
AcDbArc
 50
60.0075537225
 51
119.9924462775
  0
ARC
  5
125D
100
AcDbEntity
  8
0
100
AcDbCircle
 62
7
  6
CONTINUOUS
 10
335.5897913348
 20
56.3128386259
 40
0.7193357716
100
AcDbArc
 50
299.969451958
 51
0.0076059118
  0
ARC
  5
125E
100
AcDbEntity
  8
0
100
AcDbCircle
 62
7
  6
CONTINUOUS
 10
341.3476200936
 20
56.312838619
 40
0.7193356879
100
AcDbArc
 50
179.9923935393
 51
240.030558517
  0
ARC
  5
125F
100
AcDbEntity
  8
0
100
AcDbCircle
 62
7
  6
CONTINUOUS
 10
338.4687057921
 20
57.9740692027
 40
0.7185248923
100
AcDbArc
 50
239.9449907891
 51
300.0550092109
  0
ARC
  5
1260
100
AcDbEntity
  8
0
100
AcDbCircle
 62
7
  6
CONTINUOUS
 10
340.2572404608
 20
52.4397459021
 40
0.3710442478
100
AcDbArc
 50
308.8338604789
 51
359.9275741369
  0
ARC
  5
1261
100
AcDbEntity
  8
0
100
AcDbCircle
 62
7
  6
CONTINUOUS
 10
341.2782068025
 20
55.0942458505
 40
0.3705334261
100
AcDbArc
 50
8.7366934844
 51
59.9276556865
  0
ARC
  5
1262
100
AcDbEntity
  8
0
100
AcDbCircle
 62
7
  6
CONTINUOUS
 10
336.679564711
 20
52.4396808824
 40
0.3704378312
100
AcDbArc
 50
180.0624877991
 51
231.2667276562
  0
ARC
  5
1263
100
AcDbEntity
  8
ASSEM_MEM
100
AcDbCircle
 62
7
  6
CONTINUOUS
 10
75.5793320424
 20
135.6532410355
 40
1.0
100
AcDbArc
 50
180.0
 51
270.0
  0
ARC
  5
1264
100
AcDbEntity
  8
ASSEM_MEM
100
AcDbCircle
 62
7
  6
CONTINUOUS
 10
68.5793320424
 20
144.6532410355
 40
1.0
100
AcDbArc
 50
180.0
 51
270.0
  0
ARC
  5
1265
100
AcDbEntity
  8
ASSEM_MEM
100
AcDbCircle
 62
7
  6
CONTINUOUS
 10
73.5793320424
 20
142.6532410355
 40
1.0
100
AcDbArc
 50
0.0
 51
90.0
  0
CIRCLE
  5
1266
100
AcDbEntity
  8
ASSEM_MEM
100
AcDbCircle
 62
4
  6
CONTINUOUS
 10
67.5793320424
 20
143.4532410355
 40
0.05
  0
CIRCLE
  5
1267
100
AcDbEntity
  8
ASSEM_MEM
100
AcDbCircle
 62
4
  6
CONTINUOUS
 10
84.7793320424
 20
137.5532410355
 40
1.25
  0
CIRCLE
  5
1268
100
AcDbEntity
  8
ASSEM_MEM
100
AcDbCircle
 62
4
  6
CONTINUOUS
 10
84.7793320424
 20
137.5532410355
 40
1.2
  0
ARC
  5
1269
100
AcDbEntity
  8
ASSEM_MEM
100
AcDbCircle
 62
7
  6
CONTINUOUS
 10
89.6293320424
 20
136.7532410355
 40
1.2
100
AcDbArc
 50
90.0
 51
270.0
  0
ARC
  5
126A
100
AcDbEntity
  8
ASSEM_MEM
100
AcDbCircle
 62
7
  6
CONTINUOUS
 10
89.8293320424
 20
136.7532410355
 40
1.2
100
AcDbArc
 50
270.0
 51
90.0
  0
ARC
  5
126B
100
AcDbEntity
  8
ASSEM_MEM
100
AcDbCircle
 62
4
  6
CONTINUOUS
 10
104.7793320424
 20
137.5532410355
 40
3.0
100
AcDbArc
 50
150.0735651334
 51
180.0
  0
ARC
  5
126C
100
AcDbEntity
  8
ASSEM_MEM
100
AcDbCircle
 62
7
  6
CONTINUOUS
 10
104.7793320424
 20
137.5532410355
 40
3.0
100
AcDbArc
 50
0.0
 51
150.0735651334
  0
CIRCLE
  5
126D
100
AcDbEntity
  8
ASSEM_MEM
100
AcDbCircle
 62
7
  6
CONTINUOUS
 10
117.2793320424
 20
140.4032410355
 40
1.35
  0
ARC
  5
126E
100
AcDbEntity
  8
ASSEM_MEM
100
AcDbCircle
 62
4
  6
CONTINUOUS
 10
100.7793320424
 20
135.6532410355
 40
1.0
100
AcDbArc
 50
270.0
 51
360.0
  0
ARC
  5
126F
100
AcDbEntity
  8
ASSEM_MEM
100
AcDbCircle
 62
7
  6
CONTINUOUS
 10
108.7793320424
 20
135.6532410355
 40
1.0
100
AcDbArc
 50
180.0
 51
270.0
  0
CIRCLE
  5
1270
100
AcDbEntity
  8
ASSEM_MEM
100
AcDbCircle
 62
7
  6
CONTINUOUS
 10
110.9393320424
 20
136.0632410355
 40
0.75
  0
CIRCLE
  5
1271
100
AcDbEntity
  8
ASSEM_MEM
100
AcDbCircle
 62
7
  6
CONTINUOUS
 10
117.2793320424
 20
144.6032410355
 40
0.7
  0
ARC
  5
1272
100
AcDbEntity
  8
ASSEM_MEM
100
AcDbCircle
 62
7
  6
CONTINUOUS
 10
98.2693320424
 20
160.8732410355
 40
1.85
100
AcDbArc
 50
90.0
 51
270.0
  0
ARC
  5
1273
100
AcDbEntity
  8
ASSEM_MEM
100
AcDbCircle
 62
7
  6
CONTINUOUS
 10
98.5693320424
 20
160.8732410355
 40
1.85
100
AcDbArc
 50
270.0
 51
90.0
  0
ARC
  5
1274
100
AcDbEntity
  8
ASSEM_MEM
100
AcDbCircle
 62
7
  6
CONTINUOUS
 10
114.6193339642
 20
177.6865313688
 40
1.0000018611
100
AcDbArc
 50
180.0000190927
 51
224.9999381021
  0
ARC
  5
1275
100
AcDbEntity
  8
ASSEM_MEM
100
AcDbCircle
 62
7
  6
CONTINUOUS
 10
110.8193315194
 20
165.0732405126
 40
0.699999477
100
AcDbArc
 50
179.9999571945
 51
270.0000000011
  0
ARC
  5
1276
100
AcDbEntity
  8
ASSEM_MEM
100
AcDbCircle
 62
7
  6
CONTINUOUS
 10
114.619332042
 20
177.6865454265
 40
0.25
100
AcDbArc
 50
180.0000014347
 51
225.0000007207
  0
ARC
  5
1277
100
AcDbEntity
  8
ASSEM_MEM
100
AcDbCircle
 62
7
  6
CONTINUOUS
 10
68.5793320424
 20
226.6532410355
 40
1.0
100
AcDbArc
 50
90.0
 51
180.0
  0
CIRCLE
  5
1278
100
AcDbEntity
  8
ASSEM_MEM
100
AcDbCircle
 62
7
  6
CONTINUOUS
 10
112.5335455424
 20
196.5590275355
 40
1.95
  0
CIRCLE
  5
1279
100
AcDbEntity
  8
ASSEM_MEM
100
AcDbCircle
 62
7
  6
CONTINUOUS
 10
98.4193320424
 20
202.4732410355
 40
1.85
  0
ARC
  5
127A
100
AcDbEntity
  8
ASSEM_MEM
100
AcDbCircle
 62
7
  6
CONTINUOUS
 10
114.6193314773
 20
185.659937879
 40
0.9999993742
100
AcDbArc
 50
135.0000112809
 51
179.9999910292
  0
ARC
  5
127B
100
AcDbEntity
  8
ASSEM_MEM
100
AcDbCircle
 62
7
  6
CONTINUOUS
 10
112.409281605
 20
198.2732408691
 40
0.7000001664
100
AcDbArc
 50
90.0000460434
 51
134.9999650527
  0
ARC
  5
127C
100
AcDbEntity
  8
ASSEM_MEM
100
AcDbCircle
 62
7
  6
CONTINUOUS
 10
110.8193322087
 20
196.6832914729
 40
0.7000001664
100
AcDbArc
 50
135.0000349465
 51
179.9999539565
  0
ARC
  5
127D
100
AcDbEntity
  8
ASSEM_MEM
100
AcDbCircle
 62
7
  6
CONTINUOUS
 10
114.6193314773
 20
185.659937879
 40
0.2499994349
100
AcDbArc
 50
135.0000000034
 51
180.0000000031
  0
CIRCLE
  5
127E
100
AcDbEntity
  8
ASSEM_MEM
100
AcDbCircle
 62
4
  6
CONTINUOUS
 10
108.2793320424
 20
224.0532410355
 40
1.35
  0
ARC
  5
127F
100
AcDbEntity
  8
ASSEM_MEM
100
AcDbCircle
 62
7
  6
CONTINUOUS
 10
113.9149514914
 20
221.8388604845
 40
0.45
100
AcDbArc
 50
180.0
 51
270.0
  0
ARC
  5
1280
100
AcDbEntity
  8
ASSEM_MEM
100
AcDbCircle
 62
7
  6
CONTINUOUS
 10
113.9593320424
 20
221.6032410355
 40
0.3
100
AcDbArc
 50
215.5284512195
 51
313.4565931217
  0
ARC
  5
1281
100
AcDbEntity
  8
ASSEM_MEM
100
AcDbCircle
 62
7
  6
CONTINUOUS
 10
113.9593320424
 20
222.9032410355
 40
0.3
100
AcDbArc
 50
120.9924294076
 51
152.5331803811
  0
ARC
  5
1282
100
AcDbEntity
  8
ASSEM_MEM
100
AcDbCircle
 62
7
  6
CONTINUOUS
 10
113.9149514914
 20
221.8388604845
 40
0.15
100
AcDbArc
 50
180.0
 51
270.0
  0
ARC
  5
1283
100
AcDbEntity
  8
ASSEM_MEM
100
AcDbCircle
 62
7
  6
CONTINUOUS
 10
113.6593320424
 20
222.1032410355
 40
0.15
100
AcDbArc
 50
0.0
 51
45.0
  0
ARC
  5
1284
100
AcDbEntity
  8
ASSEM_MEM
100
AcDbCircle
 62
7
  6
CONTINUOUS
 10
113.9593320424
 20
226.6532410355
 40
0.35
100
AcDbArc
 50
180.0
 51
243.9226508895
  0
ARC
  5
1285
100
AcDbEntity
  8
ASSEM_MEM
100
AcDbCircle
 62
7
  6
CONTINUOUS
 10
113.9593320424
 20
227.9532410355
 40
0.35
100
AcDbArc
 50
116.0773491105
 51
180.0
  0
ARC
  5
1286
100
AcDbEntity
  8
ASSEM_MEM
100
AcDbCircle
 62
7
  6
CONTINUOUS
 10
113.0793320424
 20
228.6532410355
 40
0.3
100
AcDbArc
 50
90.0
 51
180.0
  0
ARC
  5
1287
100
AcDbEntity
  8
ASSEM_MEM
100
AcDbCircle
 62
7
  6
CONTINUOUS
 10
112.4793320424
 20
227.9532410355
 40
0.3
100
AcDbArc
 50
270.0
 51
360.0
  0
ARC
  5
1288
100
AcDbEntity
  8
ASSEM_MEM
100
AcDbCircle
 62
7
  6
CONTINUOUS
 10
115.5293320424
 20
222.2032410355
 40
0.15
100
AcDbArc
 50
0.0
 51
90.0
  0
ARC
  5
1289
100
AcDbEntity
  8
ASSEM_MEM
100
AcDbCircle
 62
7
  6
CONTINUOUS
 10
121.0293320424
 20
222.2032410355
 40
0.15
100
AcDbArc
 50
90.0
 51
180.0
  0
ARC
  5
128A
100
AcDbEntity
  8
ASSEM_MEM
100
AcDbCircle
 62
7
  6
CONTINUOUS
 10
119.8793320424
 20
222.0032410355
 40
0.15
100
AcDbArc
 50
0.0
 51
90.0
  0
ARC
  5
128B
100
AcDbEntity
  8
ASSEM_MEM
100
AcDbCircle
 62
7
  6
CONTINUOUS
 10
116.6793320424
 20
222.0032410355
 40
0.15
100
AcDbArc
 50
90.0
 51
180.0
  0
ARC
  5
128C
100
AcDbEntity
  8
ASSEM_MEM
100
AcDbCircle
 62
7
  6
CONTINUOUS
 10
115.9697653232
 20
227.949728018
 40
0.2070878513
100
AcDbArc
 50
175.000000001
 51
270.0
  0
ARC
  5
128D
100
AcDbEntity
  8
ASSEM_MEM
100
AcDbCircle
 62
7
  6
CONTINUOUS
 10
120.6078076343
 20
227.9497279947
 40
0.2070878513
100
AcDbArc
 50
270.0
 51
360.0
  0
ARC
  5
128E
100
AcDbEntity
  8
ASSEM_MEM
100
AcDbCircle
 62
7
  6
CONTINUOUS
 10
120.6078076343
 20
228.0078136115
 40
0.2070878513
100
AcDbArc
 50
0.0
 51
90.0
  0
ARC
  5
128F
100
AcDbEntity
  8
ASSEM_MEM
100
AcDbCircle
 62
7
  6
CONTINUOUS
 10
120.1734282389
 20
228.3538018167
 40
0.2070878513
100
AcDbArc
 50
89.9999999978
 51
180.0
  0
ARC
  5
1290
100
AcDbEntity
  8
ASSEM_MEM
100
AcDbCircle
 62
7
  6
CONTINUOUS
 10
120.1734282389
 20
228.2957161998
 40
0.2070878513
100
AcDbArc
 50
180.0
 51
270.0
  0
ARC
  5
1291
100
AcDbEntity
  8
ASSEM_MEM
100
AcDbCircle
 62
7
  6
CONTINUOUS
 10
119.1177852896
 20
228.3538018742
 40
0.2070878513
100
AcDbArc
 50
89.9999999989
 51
180.0
  0
ARC
  5
1292
100
AcDbEntity
  8
ASSEM_MEM
100
AcDbCircle
 62
7
  6
CONTINUOUS
 10
119.1177852896
 20
227.949728018
 40
0.2070878513
100
AcDbArc
 50
180.0
 51
270.0
  0
ARC
  5
1293
100
AcDbEntity
  8
ASSEM_MEM
100
AcDbCircle
 62
7
  6
CONTINUOUS
 10
117.4408787865
 20
227.949728018
 40
0.2070878513
100
AcDbArc
 50
270.0
 51
360.0
  0
ARC
  5
1294
100
AcDbEntity
  8
ASSEM_MEM
100
AcDbCircle
 62
7
  6
CONTINUOUS
 10
117.4408787865
 20
228.3538018742
 40
0.2070878513
100
AcDbArc
 50
0.0
 51
89.9999999999
  0
ARC
  5
1295
100
AcDbEntity
  8
ASSEM_MEM
100
AcDbCircle
 62
7
  6
CONTINUOUS
 10
117.0064993911
 20
228.3538018742
 40
0.2070878513
100
AcDbArc
 50
90.0
 51
180.0
  0
ARC
  5
1296
100
AcDbEntity
  8
ASSEM_MEM
100
AcDbCircle
 62
7
  6
CONTINUOUS
 10
117.0064993911
 20
227.949728018
 40
0.2070878513
100
AcDbArc
 50
180.0
 51
269.9999999999
  0
ARC
  5
1297
100
AcDbEntity
  8
ASSEM_MEM
100
AcDbCircle
 62
7
  6
CONTINUOUS
 10
117.4408787865
 20
228.3538018742
 40
0.0449177022
100
AcDbArc
 50
0.0
 51
89.9999999999
  0
ARC
  5
1298
100
AcDbEntity
  8
ASSEM_MEM
100
AcDbCircle
 62
7
  6
CONTINUOUS
 10
117.0064993911
 20
228.3538018742
 40
0.0449177022
100
AcDbArc
 50
90.0
 51
180.0
  0
ARC
  5
1299
100
AcDbEntity
  8
ASSEM_MEM
100
AcDbCircle
 62
7
  6
CONTINUOUS
 10
117.0064993911
 20
227.949728018
 40
0.0449177022
100
AcDbArc
 50
179.9999999998
 51
269.9999999997
  0
ARC
  5
129A
100
AcDbEntity
  8
ASSEM_MEM
100
AcDbCircle
 62
7
  6
CONTINUOUS
 10
117.4408787865
 20
227.949728018
 40
0.0449177022
100
AcDbArc
 50
269.9999999999
 51
360.0
  0
ARC
  5
129B
100
AcDbEntity
  8
ASSEM_MEM
100
AcDbCircle
 62
7
  6
CONTINUOUS
 10
116.0448345978
 20
227.949728018
 40
0.025254616
100
AcDbArc
 50
174.9999999918
 51
269.9999999999
  0
ARC
  5
129C
100
AcDbEntity
  8
ASSEM_MEM
100
AcDbCircle
 62
7
  6
CONTINUOUS
 10
118.1252788804
 20
228.35380192
 40
0.025254616
100
AcDbArc
 50
0.0
 51
90.000000003
  0
ARC
  5
129D
100
AcDbEntity
  8
ASSEM_MEM
100
AcDbCircle
 62
7
  6
CONTINUOUS
 10
118.4333851788
 20
228.35380192
 40
0.025254616
100
AcDbArc
 50
89.9999999998
 51
179.9999999999
  0
ARC
  5
129E
100
AcDbEntity
  8
ASSEM_MEM
100
AcDbCircle
 62
7
  6
CONTINUOUS
 10
120.5320437863
 20
227.9497279605
 40
0.025254616
100
AcDbArc
 50
269.9999999998
 51
360.0
  0
ARC
  5
129F
100
AcDbEntity
  8
ASSEM_MEM
100
AcDbCircle
 62
7
  6
CONTINUOUS
 10
120.2491920869
 20
228.2401560788
 40
0.025254616
100
AcDbArc
 50
180.0
 51
270.0000000002
  0
ARC
  5
12A0
100
AcDbEntity
  8
ASSEM_MEM
100
AcDbCircle
 62
7
  6
CONTINUOUS
 10
120.2491920869
 20
228.3538018509
 40
0.025254616
100
AcDbArc
 50
89.9999999998
 51
179.9999999998
  0
ARC
  5
12A1
100
AcDbEntity
  8
ASSEM_MEM
100
AcDbCircle
 62
7
  6
CONTINUOUS
 10
120.5320437863
 20
228.0633737325
 40
0.025254616
100
AcDbArc
 50
0.0
 51
90.0000000001
  0
ARC
  5
12A2
100
AcDbEntity
  8
ASSEM_MEM
100
AcDbCircle
 62
7
  6
CONTINUOUS
 10
119.1935491377
 20
227.9497279838
 40
0.025254616
100
AcDbArc
 50
179.9999999997
 51
269.9999999969
  0
ARC
  5
12A3
100
AcDbEntity
  8
ASSEM_MEM
100
AcDbCircle
 62
7
  6
CONTINUOUS
 10
119.1935491377
 20
228.0633737559
 40
0.025254616
100
AcDbArc
 50
89.9999999999
 51
180.0
  0
ARC
  5
12A4
100
AcDbEntity
  8
ASSEM_MEM
100
AcDbCircle
 62
7
  6
CONTINUOUS
 10
119.1935491377
 20
228.2401561596
 40
0.025254616
100
AcDbArc
 50
180.0
 51
270.0000000023
  0
ARC
  5
12A5
100
AcDbEntity
  8
ASSEM_MEM
100
AcDbCircle
 62
7
  6
CONTINUOUS
 10
119.1935491377
 20
228.3538019316
 40
0.025254616
100
AcDbArc
 50
89.9999999969
 51
180.0
  0
ARC
  5
12A6
100
AcDbEntity
  8
ASSEM_MEM
100
AcDbCircle
 62
4
  6
CONTINUOUS
 10
145.7793320424
 20
137.5532410355
 40
3.0
100
AcDbArc
 50
0.0
 51
29.9264348666
  0
ARC
  5
12A7
100
AcDbEntity
  8
ASSEM_MEM
100
AcDbCircle
 62
7
  6
CONTINUOUS
 10
145.7793320424
 20
137.5532410355
 40
3.0
100
AcDbArc
 50
29.9264348666
 51
180.0
  0
CIRCLE
  5
12A8
100
AcDbEntity
  8
ASSEM_MEM
100
AcDbCircle
 62
7
  6
CONTINUOUS
 10
133.9293320424
 20
140.4032410355
 40
1.35
  0
ARC
  5
12A9
100
AcDbEntity
  8
ASSEM_MEM
100
AcDbCircle
 62
7
  6
CONTINUOUS
 10
141.7793320424
 20
135.6532410355
 40
1.0
100
AcDbArc
 50
270.0
 51
360.0
  0
CIRCLE
  5
12AA
100
AcDbEntity
  8
ASSEM_MEM
100
AcDbCircle
 62
7
  6
CONTINUOUS
 10
123.6193320424
 20
136.0632410355
 40
0.75
  0
CIRCLE
  5
12AB
100
AcDbEntity
  8
ASSEM_MEM
100
AcDbCircle
 62
7
  6
CONTINUOUS
 10
127.5943320424
 20
144.7432410355
 40
0.75
  0
CIRCLE
  5
12AC
100
AcDbEntity
  8
ASSEM_MEM
100
AcDbCircle
 62
7
  6
CONTINUOUS
 10
140.2743320424
 20
144.7432410355
 40
0.75
  0
CIRCLE
  5
12AD
100
AcDbEntity
  8
ASSEM_MEM
100
AcDbCircle
 62
7
  6
CONTINUOUS
 10
133.9343320424
 20
136.2032410355
 40
0.7
  0
ARC
  5
12AE
100
AcDbEntity
  8
ASSEM_MEM
100
AcDbCircle
 62
7
  6
CONTINUOUS
 10
123.4326216989
 20
168.8732416776
 40
1.000000582
100
AcDbArc
 50
225.0000399276
 51
270.0000000002
  0
ARC
  5
12AF
100
AcDbEntity
  8
ASSEM_MEM
100
AcDbCircle
 62
7
  6
CONTINUOUS
 10
140.2193314003
 20
177.686530692
 40
1.000000582
100
AcDbArc
 50
315.0000399281
 51
0.0000196747
  0
ARC
  5
12B0
100
AcDbEntity
  8
ASSEM_MEM
100
AcDbCircle
 62
7
  6
CONTINUOUS
 10
131.4060423859
 20
168.8732416776
 40
1.000000582
100
AcDbArc
 50
269.9999999996
 51
314.9999600738
  0
ARC
  5
12B1
100
AcDbEntity
  8
ASSEM_MEM
100
AcDbCircle
 62
7
  6
CONTINUOUS
 10
144.0193325653
 20
165.0732405126
 40
0.699999477
100
AcDbArc
 50
269.9999999991
 51
0.0000428052
  0
ARC
  5
12B2
100
AcDbEntity
  8
ASSEM_MEM
100
AcDbCircle
 62
7
  6
CONTINUOUS
 10
140.2193314003
 20
177.686530692
 40
0.250000642
100
AcDbArc
 50
315.0000000103
 51
359.9999999878
  0
ARC
  5
12B3
100
AcDbEntity
  8
ASSEM_MEM
100
AcDbCircle
 62
7
  6
CONTINUOUS
 10
131.4060423859
 20
168.8732416776
 40
0.250000642
100
AcDbArc
 50
269.9999999973
 51
315.0000000015
  0
ARC
  5
12B4
100
AcDbEntity
  8
ASSEM_MEM
100
AcDbCircle
 62
7
  6
CONTINUOUS
 10
123.4326216989
 20
168.8732416776
 40
0.250000642
100
AcDbArc
 50
225.3580165943
 51
270.0000262387
  0
ARC
  5
12B5
100
AcDbEntity
  8
ASSEM_MEM
100
AcDbCircle
 62
4
  6
CONTINUOUS
 10
153.311587094
 20
138.6532410355
 40
4.0
100
AcDbArc
 50
0.0
 51
90.0
  0
ARC
  5
12B6
100
AcDbEntity
  8
ASSEM_MEM
100
AcDbCircle
 62
4
  6
CONTINUOUS
 10
158.1293320424
 20
136.7532410355
 40
1.2
100
AcDbArc
 50
132.9573781627
 51
227.0426218373
  0
ARC
  5
12B7
100
AcDbEntity
  8
ASSEM_MEM
100
AcDbCircle
 62
7
  6
CONTINUOUS
 10
158.1293320424
 20
136.7532410355
 40
1.2
100
AcDbArc
 50
227.0426218373
 51
132.9573781627
  0
ARC
  5
12B8
100
AcDbEntity
  8
ASSEM_MEM
100
AcDbCircle
 62
4
  6
CONTINUOUS
 10
149.7793320424
 20
135.6532410355
 40
1.0
100
AcDbArc
 50
180.0
 51
270.0
  0
ARC
  5
12B9
100
AcDbEntity
  8
ASSEM_MEM
100
AcDbCircle
 62
7
  6
CONTINUOUS
 10
165.4793320424
 20
135.6532410355
 40
1.0
100
AcDbArc
 50
270.0
 51
360.0
  0
CIRCLE
  5
12BA
100
AcDbEntity
  8
ASSEM_MEM
100
AcDbCircle
 62
4
  6
CONTINUOUS
 10
170.2793320424
 20
146.5532410355
 40
1.25
  0
CIRCLE
  5
12BB
100
AcDbEntity
  8
ASSEM_MEM
100
AcDbCircle
 62
4
  6
CONTINUOUS
 10
170.2793320424
 20
146.5532410355
 40
1.2
  0
ARC
  5
12BC
100
AcDbEntity
  8
ASSEM_MEM
100
AcDbCircle
 62
4
  6
CONTINUOUS
 10
167.4793320424
 20
142.0532410355
 40
1.0
100
AcDbArc
 50
90.0
 51
126.8701514494
  0
ARC
  5
12BD
100
AcDbEntity
  8
ASSEM_MEM
100
AcDbCircle
 62
4
  6
CONTINUOUS
 10
171.9995783586
 20
144.0530359781
 40
1.0
100
AcDbArc
 50
268.839666589
 51
11.5490460199
  0
ARC
  5
12BE
100
AcDbEntity
  8
ASSEM_MEM
100
AcDbCircle
 62
7
  6
CONTINUOUS
 10
171.9793320424
 20
144.0532410355
 40
1.0
100
AcDbArc
 50
270.0
 51
360.0
  0
ARC
  5
12BF
100
AcDbEntity
  8
ASSEM_MEM
100
AcDbCircle
 62
7
  6
CONTINUOUS
 10
167.4793320424
 20
142.0532410355
 40
1.0
100
AcDbArc
 50
126.8701514494
 51
180.0
  0
CIRCLE
  5
12C0
100
AcDbEntity
  8
ASSEM_MEM
100
AcDbCircle
 62
7
  6
CONTINUOUS
 10
156.4193320424
 20
160.8732410355
 40
2.0
  0
ARC
  5
12C1
100
AcDbEntity
  8
ASSEM_MEM
100
AcDbCircle
 62
7
  6
CONTINUOUS
 10
131.4060417091
 20
194.4732391137
 40
1.0000018611
100
AcDbArc
 50
45.0000618982
 51
90.0000000013
  0
ARC
  5
12C2
100
AcDbEntity
  8
ASSEM_MEM
100
AcDbCircle
 62
7
  6
CONTINUOUS
 10
140.2193314021
 20
185.6599513772
 40
1.0000005807
100
AcDbArc
 50
359.9983188467
 51
44.9999602114
  0
ARC
  5
12C3
100
AcDbEntity
  8
ASSEM_MEM
100
AcDbCircle
 62
7
  6
CONTINUOUS
 10
123.4326351989
 20
194.4732416006
 40
0.9999993742
100
AcDbArc
 50
89.9999999976
 51
134.9999887198
  0
ARC
  5
12C4
100
AcDbEntity
  8
ASSEM_MEM
100
AcDbCircle
 62
7
  6
CONTINUOUS
 10
144.0193325653
 20
198.2732415585
 40
0.699999477
100
AcDbArc
 50
359.9999571945
 51
90.0000000011
  0
ARC
  5
12C5
100
AcDbEntity
  8
ASSEM_MEM
100
AcDbCircle
 62
7
  6
CONTINUOUS
 10
140.2193314021
 20
185.6599513772
 40
0.250000642
100
AcDbArc
 50
359.9955179222
 51
44.641983403
  0
ARC
  5
12C6
100
AcDbEntity
  8
ASSEM_MEM
100
AcDbCircle
 62
7
  6
CONTINUOUS
 10
131.4751533238
 20
194.4041153635
 40
0.25
100
AcDbArc
 50
45.0000000033
 51
89.6774806634
  0
ARC
  5
12C7
100
AcDbEntity
  8
ASSEM_MEM
100
AcDbCircle
 62
7
  6
CONTINUOUS
 10
123.4326351989
 20
194.4732416006
 40
0.2499994349
100
AcDbArc
 50
90.000024648
 51
134.7091349853
  0
ARC
  5
12C8
100
AcDbEntity
  8
ASSEM_MEM
100
AcDbCircle
 62
4
  6
CONTINUOUS
 10
128.2793320424
 20
224.0532410355
 40
2.8
100
AcDbArc
 50
180.0
 51
360.0
  0
ARC
  5
12C9
100
AcDbEntity
  8
ASSEM_MEM
100
AcDbCircle
 62
7
  6
CONTINUOUS
 10
122.6437125934
 20
221.8388604845
 40
0.45
100
AcDbArc
 50
270.0
 51
360.0
  0
ARC
  5
12CA
100
AcDbEntity
  8
ASSEM_MEM
100
AcDbCircle
 62
4
  6
CONTINUOUS
 10
132.4793320424
 20
222.4532410355
 40
0.4
100
AcDbArc
 50
180.0
 51
360.0
  0
ARC
  5
12CB
100
AcDbEntity
  8
ASSEM_MEM
100
AcDbCircle
 62
7
  6
CONTINUOUS
 10
122.5993320424
 20
221.6032410355
 40
0.3
100
AcDbArc
 50
226.5434068783
 51
324.4715487805
  0
ARC
  5
12CC
100
AcDbEntity
  8
ASSEM_MEM
100
AcDbCircle
 62
7
  6
CONTINUOUS
 10
122.5993320424
 20
222.9032410355
 40
0.3
100
AcDbArc
 50
27.4668196189
 51
59.0075705924
  0
ARC
  5
12CD
100
AcDbEntity
  8
ASSEM_MEM
100
AcDbCircle
 62
7
  6
CONTINUOUS
 10
122.8993320424
 20
222.1032410355
 40
0.15
100
AcDbArc
 50
135.0
 51
180.0
  0
ARC
  5
12CE
100
AcDbEntity
  8
ASSEM_MEM
100
AcDbCircle
 62
7
  6
CONTINUOUS
 10
122.6437125934
 20
221.8388604845
 40
0.15
100
AcDbArc
 50
270.0
 51
360.0
  0
ARC
  5
12CF
100
AcDbEntity
  8
ASSEM_MEM
100
AcDbCircle
 62
4
  6
CONTINUOUS
 10
132.4793320424
 20
226.0032410355
 40
0.4
100
AcDbArc
 50
0.0
 51
180.0
  0
ARC
  5
12D0
100
AcDbEntity
  8
ASSEM_MEM
100
AcDbCircle
 62
7
  6
CONTINUOUS
 10
122.5993320424
 20
226.6532410355
 40
0.35
100
AcDbArc
 50
296.0773491105
 51
360.0
  0
ARC
  5
12D1
100
AcDbEntity
  8
ASSEM_MEM
100
AcDbCircle
 62
7
  6
CONTINUOUS
 10
122.5993320424
 20
227.9532410355
 40
0.35
100
AcDbArc
 50
0.0
 51
63.9226508895
  0
ARC
  5
12D2
100
AcDbEntity
  8
ASSEM_MEM
100
AcDbCircle
 62
7
  6
CONTINUOUS
 10
123.4793320424
 20
228.6532410355
 40
0.3
100
AcDbArc
 50
0.0
 51
90.0
  0
ARC
  5
12D3
100
AcDbEntity
  8
ASSEM_MEM
100
AcDbCircle
 62
7
  6
CONTINUOUS
 10
124.0793320424
 20
227.9532410355
 40
0.3
100
AcDbArc
 50
180.0
 51
270.0
  0
ARC
  5
12D4
100
AcDbEntity
  8
ASSEM_MEM
100
AcDbCircle
 62
7
  6
CONTINUOUS
 10
142.9793320424
 20
226.3532410355
 40
1.3
100
AcDbArc
 50
180.0
 51
360.0
  0
ARC
  5
12D5
100
AcDbEntity
  8
ASSEM_MEM
100
AcDbCircle
 62
7
  6
CONTINUOUS
 10
140.9722252612
 20
227.1532410355
 40
0.5
100
AcDbArc
 50
45.0
 51
90.0
  0
ARC
  5
12D6
100
AcDbEntity
  8
ASSEM_MEM
100
AcDbCircle
 62
7
  6
CONTINUOUS
 10
141.1793320424
 20
226.9461342543
 40
0.5
100
AcDbArc
 50
0.0
 51
45.0
  0
ARC
  5
12D7
100
AcDbEntity
  8
ASSEM_MEM
100
AcDbCircle
 62
7
  6
CONTINUOUS
 10
144.7793320424
 20
226.9461342543
 40
0.5
100
AcDbArc
 50
135.0
 51
180.0
  0
ARC
  5
12D8
100
AcDbEntity
  8
ASSEM_MEM
100
AcDbCircle
 62
7
  6
CONTINUOUS
 10
144.9864388236
 20
227.1532410355
 40
0.5
100
AcDbArc
 50
90.0
 51
135.0
  0
ARC
  5
12D9
100
AcDbEntity
  8
ASSEM_MEM
100
AcDbCircle
 62
7
  6
CONTINUOUS
 10
174.8793320424
 20
206.9532410355
 40
2.4
100
AcDbArc
 50
180.0
 51
211.4669762933
  0
ARC
  5
12DA
100
AcDbEntity
  8
ASSEM_MEM
100
AcDbCircle
 62
7
  6
CONTINUOUS
 10
156.4193320424
 20
202.6232410355
 40
1.85
100
AcDbArc
 50
0.0
 51
180.0
  0
ARC
  5
12DB
100
AcDbEntity
  8
ASSEM_MEM
100
AcDbCircle
 62
7
  6
CONTINUOUS
 10
156.4193320424
 20
202.3232410355
 40
1.85
100
AcDbArc
 50
180.0
 51
360.0
  0
ARC
  5
12DC
100
AcDbEntity
  8
ASSEM_MEM
100
AcDbCircle
 62
7
  6
CONTINUOUS
 10
171.9793320424
 20
205.1784171006
 40
1.0
100
AcDbArc
 50
0.0
 51
31.4669762933
  0
ARC
  5
12DD
100
AcDbEntity
  8
ASSEM_MEM
100
AcDbCircle
 62
7
  6
CONTINUOUS
 10
171.9793320424
 20
216.6155186957
 40
1.0
100
AcDbArc
 50
341.5650511771
 51
360.0
  0
ARC
  5
12DE
100
AcDbEntity
  8
ASSEM_MEM
100
AcDbCircle
 62
7
  6
CONTINUOUS
 10
173.4793320424
 20
214.7909633753
 40
1.0
100
AcDbArc
 50
161.5650511771
 51
180.0
  0
ARC
  5
12DF
100
AcDbEntity
  8
ASSEM_MEM
100
AcDbCircle
 62
7
  6
CONTINUOUS
 10
171.9793320424
 20
226.6532410355
 40
1.0
100
AcDbArc
 50
0.0
 51
90.0
  0
ARC
  5
12E0
100
AcDbEntity
  8
ASSEM_MEM
100
AcDbCircle
 62
4
  6
CONTINUOUS
 10
239.2198579623
 20
138.2468894332
 40
1.0
100
AcDbArc
 50
180.0
 51
270.0
  0
ARC
  5
12E1
100
AcDbEntity
  8
ASSEM_MEM
100
AcDbCircle
 62
4
  6
CONTINUOUS
 10
234.4198579623
 20
149.1468894332
 40
2.8
100
AcDbArc
 50
0.0
 51
90.0
  0
CIRCLE
  5
12E2
100
AcDbEntity
  8
ASSEM_MEM
100
AcDbCircle
 62
7
  6
CONTINUOUS
 10
234.4198579623
 20
149.1468894332
 40
1.25
  0
CIRCLE
  5
12E3
100
AcDbEntity
  8
ASSEM_MEM
100
AcDbCircle
 62
4
  6
CONTINUOUS
 10
234.4198579623
 20
149.1468894332
 40
1.2
  0
ARC
  5
12E4
100
AcDbEntity
  8
ASSEM_MEM
100
AcDbCircle
 62
4
  6
CONTINUOUS
 10
232.6996116461
 20
146.6466843758
 40
1.0
100
AcDbArc
 50
170.4648633807
 51
200.6735043898
  0
ARC
  5
12E5
100
AcDbEntity
  8
ASSEM_MEM
100
AcDbCircle
 62
7
  6
CONTINUOUS
 10
237.2198579623
 20
144.6468894332
 40
1.0
100
AcDbArc
 50
0.0
 51
90.0
  0
ARC
  5
12E6
100
AcDbEntity
  8
ASSEM_MEM
100
AcDbCircle
 62
4
  6
CONTINUOUS
 10
232.7198579623
 20
146.6468894332
 40
1.0
100
AcDbArc
 50
180.0
 51
270.0
  0
CIRCLE
  5
12E7
100
AcDbEntity
  8
ASSEM_MEM
100
AcDbCircle
 62
4
  6
CONTINUOUS
 10
246.5698579623
 20
139.3468894332
 40
1.2
  0
ARC
  5
12E8
100
AcDbEntity
  8
ASSEM_MEM
100
AcDbCircle
 62
7
  6
CONTINUOUS
 10
254.9198579623
 20
138.2468894332
 40
1.0
100
AcDbArc
 50
270.0
 51
360.0
  0
CIRCLE
  5
12E9
100
AcDbEntity
  8
ASSEM_MEM
100
AcDbCircle
 62
4
  6
CONTINUOUS
 10
248.2798579623
 20
163.4668894332
 40
3.0
  0
ARC
  5
12EA
100
AcDbEntity
  8
0
100
AcDbCircle
 62
2
  6
CONTINUOUS
 10
248.2798579623
 20
163.4668894332
 40
3.0
100
AcDbArc
 50
180.0
 51
236.796933766
  0
CIRCLE
  5
12EB
100
AcDbEntity
  8
ASSEM_MEM
100
AcDbCircle
 62
4
  6
CONTINUOUS
 10
248.2798579623
 20
163.4668894332
 40
2.0
  0
ARC
  5
12EC
100
AcDbEntity
  8
ASSEM_MEM
100
AcDbCircle
 62
7
  6
CONTINUOUS
 10
258.9198579623
 20
140.1468894332
 40
3.0
100
AcDbArc
 50
0.0
 51
180.0
  0
CIRCLE
  5
12ED
100
AcDbEntity
  8
ASSEM_MEM
100
AcDbCircle
 62
4
  6
CONTINUOUS
 10
270.7698579623
 20
142.9968894332
 40
2.5
  0
ARC
  5
12EE
100
AcDbEntity
  8
0
100
AcDbCircle
 62
2
  6
CONTINUOUS
 10
270.7698579623
 20
142.9968894332
 40
2.5
100
AcDbArc
 50
0.0
 51
80.4684269842
  0
CIRCLE
  5
12EF
100
AcDbEntity
  8
ASSEM_MEM
100
AcDbCircle
 62
4
  6
CONTINUOUS
 10
270.7698579623
 20
142.9968894332
 40
1.35
  0
ARC
  5
12F0
100
AcDbEntity
  8
ASSEM_MEM
100
AcDbCircle
 62
7
  6
CONTINUOUS
 10
262.9198579623
 20
138.2468894332
 40
1.0
100
AcDbArc
 50
180.0
 51
270.0
  0
CIRCLE
  5
12F1
100
AcDbEntity
  8
ASSEM_MEM
100
AcDbCircle
 62
7
  6
CONTINUOUS
 10
264.4248579623
 20
147.3368894332
 40
0.75
  0
CIRCLE
  5
12F2
100
AcDbEntity
  8
ASSEM_MEM
100
AcDbCircle
 62
7
  6
CONTINUOUS
 10
277.1048579623
 20
147.3368894332
 40
0.75
  0
CIRCLE
  5
12F3
100
AcDbEntity
  8
ASSEM_MEM
100
AcDbCircle
 62
7
  6
CONTINUOUS
 10
281.0798579623
 20
138.6568894332
 40
0.75
  0
CIRCLE
  5
12F4
100
AcDbEntity
  8
ASSEM_MEM
100
AcDbCircle
 62
7
  6
CONTINUOUS
 10
270.7648579623
 20
138.7968894332
 40
0.7
  0
CIRCLE
  5
12F5
100
AcDbEntity
  8
ASSEM_MEM
100
AcDbCircle
 62
4
  6
CONTINUOUS
 10
248.2798579623
 20
205.0668894332
 40
3.0
  0
ARC
  5
12F6
100
AcDbEntity
  8
0
100
AcDbCircle
 62
2
  6
CONTINUOUS
 10
248.2798579623
 20
205.0668894332
 40
3.0
100
AcDbArc
 50
180.0
 51
239.5011014581
  0
ARC
  5
12F7
100
AcDbEntity
  8
ASSEM_MEM
100
AcDbCircle
 62
7
  6
CONTINUOUS
 10
229.8198579623
 20
209.5468894332
 40
2.4
100
AcDbArc
 50
328.5330237067
 51
360.0
  0
ARC
  5
12F8
100
AcDbEntity
  8
ASSEM_MEM
100
AcDbCircle
 62
4
  6
CONTINUOUS
 10
248.2798579623
 20
204.9168894332
 40
1.85
100
AcDbArc
 50
180.0
 51
360.0
  0
ARC
  5
12F9
100
AcDbEntity
  8
ASSEM_MEM
100
AcDbCircle
 62
4
  6
CONTINUOUS
 10
248.2798579623
 20
205.2168894332
 40
1.85
100
AcDbArc
 50
0.0
 51
180.0
  0
ARC
  5
12FA
100
AcDbEntity
  8
ASSEM_MEM
100
AcDbCircle
 62
7
  6
CONTINUOUS
 10
231.2198579623
 20
217.384611773
 40
1.0
100
AcDbArc
 50
0.0
 51
18.4349488229
  0
ARC
  5
12FB
100
AcDbEntity
  8
ASSEM_MEM
100
AcDbCircle
 62
7
  6
CONTINUOUS
 10
232.7198579623
 20
207.7720654982
 40
1.0
100
AcDbArc
 50
148.5330237067
 51
180.0
  0
ARC
  5
12FC
100
AcDbEntity
  8
ASSEM_MEM
100
AcDbCircle
 62
7
  6
CONTINUOUS
 10
232.7198579623
 20
229.2468894332
 40
1.0
100
AcDbArc
 50
90.0
 51
180.0
  0
ARC
  5
12FD
100
AcDbEntity
  8
ASSEM_MEM
100
AcDbCircle
 62
7
  6
CONTINUOUS
 10
232.7198579623
 20
219.2091670933
 40
1.0
100
AcDbArc
 50
180.0
 51
198.4349488229
  0
ARC
  5
12FE
100
AcDbEntity
  8
ASSEM_MEM
100
AcDbCircle
 62
4
  6
CONTINUOUS
 10
261.7198579623
 20
228.9468894332
 40
2.25
100
AcDbArc
 50
180.0
 51
360.0
  0
ARC
  5
12FF
100
AcDbEntity
  8
0
100
AcDbCircle
 62
2
  6
CONTINUOUS
 10
261.7198579623
 20
228.9468894332
 40
2.25
100
AcDbArc
 50
0.0
 51
53.5935297416
  0
ARC
  5
1300
100
AcDbEntity
  8
ASSEM_MEM
100
AcDbCircle
 62
4
  6
CONTINUOUS
 10
261.7198579623
 20
228.9468894332
 40
1.3
100
AcDbArc
 50
180.0
 51
360.0
  0
ARC
  5
1301
100
AcDbEntity
  8
ASSEM_MEM
100
AcDbCircle
 62
4
  6
CONTINUOUS
 10
263.7269647435
 20
229.7468894332
 40
0.5
100
AcDbArc
 50
90.0
 51
135.0
  0
ARC
  5
1302
100
AcDbEntity
  8
ASSEM_MEM
100
AcDbCircle
 62
4
  6
CONTINUOUS
 10
263.5198579623
 20
229.539782652
 40
0.5
100
AcDbArc
 50
135.0
 51
180.0
  0
ARC
  5
1303
100
AcDbEntity
  8
ASSEM_MEM
100
AcDbCircle
 62
4
  6
CONTINUOUS
 10
259.9198579623
 20
229.539782652
 40
0.5
100
AcDbArc
 50
0.0
 51
45.0
  0
ARC
  5
1304
100
AcDbEntity
  8
ASSEM_MEM
100
AcDbCircle
 62
4
  6
CONTINUOUS
 10
259.7127511811
 20
229.7468894332
 40
0.5
100
AcDbArc
 50
45.0
 51
90.0
  0
ARC
  5
1305
100
AcDbEntity
  8
ASSEM_MEM
100
AcDbCircle
 62
4
  6
CONTINUOUS
 10
272.2198579623
 20
225.0468894332
 40
0.4
100
AcDbArc
 50
180.0
 51
360.0
  0
ARC
  5
1306
100
AcDbEntity
  8
ASSEM_MEM
100
AcDbCircle
 62
4
  6
CONTINUOUS
 10
276.4198579623
 20
226.6468894332
 40
2.8
100
AcDbArc
 50
180.0
 51
360.0
  0
ARC
  5
1307
100
AcDbEntity
  8
ASSEM_MEM
100
AcDbCircle
 62
7
  6
CONTINUOUS
 10
282.0554774114
 20
224.4325088822
 40
0.45
100
AcDbArc
 50
244.4518627624
 51
270.0
  0
ARC
  5
1308
100
AcDbEntity
  8
ASSEM_MEM
100
AcDbCircle
 62
7
  6
CONTINUOUS
 10
282.0998579623
 20
225.4968894332
 40
0.3
100
AcDbArc
 50
90.0
 51
180.0
  0
ARC
  5
1309
100
AcDbEntity
  8
ASSEM_MEM
100
AcDbCircle
 62
7
  6
CONTINUOUS
 10
282.7498579623
 20
225.4968894332
 40
0.3
100
AcDbArc
 50
0.0
 51
90.0
  0
ARC
  5
130A
100
AcDbEntity
  8
ASSEM_MEM
100
AcDbCircle
 62
7
  6
CONTINUOUS
 10
282.7498579623
 20
225.3968894332
 40
0.3
100
AcDbArc
 50
270.0
 51
360.0
  0
ARC
  5
130B
100
AcDbEntity
  8
ASSEM_MEM
100
AcDbCircle
 62
7
  6
CONTINUOUS
 10
282.0998579623
 20
224.1968894332
 40
0.3
100
AcDbArc
 50
180.0
 51
360.0
  0
ARC
  5
130C
100
AcDbEntity
  8
ASSEM_MEM
100
AcDbCircle
 62
7
  6
CONTINUOUS
 10
281.7998579623
 20
224.6968894332
 40
0.15
100
AcDbArc
 50
0.0
 51
45.0
  0
ARC
  5
130D
100
AcDbEntity
  8
ASSEM_MEM
100
AcDbCircle
 62
7
  6
CONTINUOUS
 10
282.0554774114
 20
224.4325088822
 40
0.15
100
AcDbArc
 50
180.0
 51
224.5341826785
  0
CIRCLE
  5
130E
100
AcDbEntity
  8
ASSEM_MEM
100
AcDbCircle
 62
7
  6
CONTINUOUS
 10
282.8198579623
 20
226.8468894332
 40
0.335
  0
CIRCLE
  5
130F
100
AcDbEntity
  8
ASSEM_MEM
100
AcDbCircle
 62
7
  6
CONTINUOUS
 10
282.8198579623
 20
226.8468894332
 40
0.25
  0
CIRCLE
  5
1310
100
AcDbEntity
  8
ASSEM_MEM
100
AcDbCircle
 62
9
  6
CONTINUOUS
 10
282.8198579623
 20
226.8468894332
 40
0.13
  0
ARC
  5
1311
100
AcDbEntity
  8
ASSEM_MEM
100
AcDbCircle
 62
4
  6
CONTINUOUS
 10
272.2198579623
 20
228.5968894332
 40
0.4
100
AcDbArc
 50
0.0
 51
180.0
  0
ARC
  5
1312
100
AcDbEntity
  8
ASSEM_MEM
100
AcDbCircle
 62
7
  6
CONTINUOUS
 10
282.0998579623
 20
230.5468894332
 40
0.35
100
AcDbArc
 50
0.0
 51
180.0
  0
ARC
  5
1313
100
AcDbEntity
  8
ASSEM_MEM
100
AcDbCircle
 62
7
  6
CONTINUOUS
 10
282.0998579623
 20
229.2468894332
 40
0.35
100
AcDbArc
 50
180.0
 51
360.0
  0
ARC
  5
1314
100
AcDbEntity
  8
ASSEM_MEM
100
AcDbCircle
 62
7
  6
CONTINUOUS
 10
280.6198579623
 20
230.5468894332
 40
0.3
100
AcDbArc
 50
270.0
 51
360.0
  0
ARC
  5
1315
100
AcDbEntity
  8
ASSEM_MEM
100
AcDbCircle
 62
7
  6
CONTINUOUS
 10
281.2198579623
 20
231.2468894332
 40
0.3
100
AcDbArc
 50
90.0
 51
180.0
  0
ARC
  5
1316
100
AcDbEntity
  8
ASSEM_MEM
100
AcDbCircle
 62
7
  6
CONTINUOUS
 10
299.9198579623
 20
140.1468894332
 40
3.0
100
AcDbArc
 50
0.0
 51
180.0
  0
CIRCLE
  5
1317
100
AcDbEntity
  8
ASSEM_MEM
100
AcDbCircle
 62
4
  6
CONTINUOUS
 10
287.4198579623
 20
142.9968894332
 40
2.5
  0
ARC
  5
1318
100
AcDbEntity
  8
0
100
AcDbCircle
 62
2
  6
CONTINUOUS
 10
287.4198579623
 20
142.9968894332
 40
2.5
100
AcDbArc
 50
89.5124164188
 51
180.0
  0
CIRCLE
  5
1319
100
AcDbEntity
  8
ASSEM_MEM
100
AcDbCircle
 62
4
  6
CONTINUOUS
 10
287.4198579623
 20
142.9968894332
 40
1.35
  0
ARC
  5
131A
100
AcDbEntity
  8
ASSEM_MEM
100
AcDbCircle
 62
7
  6
CONTINUOUS
 10
295.9198579623
 20
138.2468894332
 40
1.0
100
AcDbArc
 50
270.0
 51
360.0
  0
ARC
  5
131B
100
AcDbEntity
  8
ASSEM_MEM
100
AcDbCircle
 62
7
  6
CONTINUOUS
 10
303.9198579623
 20
138.2468894332
 40
1.0
100
AcDbArc
 50
180.0
 51
270.0
  0
CIRCLE
  5
131C
100
AcDbEntity
  8
ASSEM_MEM
100
AcDbCircle
 62
7
  6
CONTINUOUS
 10
293.7598579623
 20
138.6568894332
 40
0.75
  0
CIRCLE
  5
131D
100
AcDbEntity
  8
ASSEM_MEM
100
AcDbCircle
 62
7
  6
CONTINUOUS
 10
287.4198579623
 20
147.1968894332
 40
0.7
  0
CIRCLE
  5
131E
100
AcDbEntity
  8
ASSEM_MEM
100
AcDbCircle
 62
4
  6
CONTINUOUS
 10
306.2798579623
 20
163.4668894332
 40
3.0
  0
ARC
  5
131F
100
AcDbEntity
  8
0
100
AcDbCircle
 62
2
  6
CONTINUOUS
 10
306.2798579623
 20
163.4668894332
 40
3.0
100
AcDbArc
 50
180.0
 51
236.794535867
  0
ARC
  5
1320
100
AcDbEntity
  8
ASSEM_MEM
100
AcDbCircle
 62
4
  6
CONTINUOUS
 10
306.1298579623
 20
163.4668894332
 40
1.85
100
AcDbArc
 50
90.0
 51
270.0
  0
ARC
  5
1321
100
AcDbEntity
  8
ASSEM_MEM
100
AcDbCircle
 62
4
  6
CONTINUOUS
 10
306.4298579623
 20
163.4668894332
 40
1.85
100
AcDbArc
 50
270.0
 51
90.0
  0
CIRCLE
  5
1322
100
AcDbEntity
  8
ASSEM_MEM
100
AcDbCircle
 62
7
  6
CONTINUOUS
 10
319.9198579623
 20
140.1468894332
 40
1.25
  0
CIRCLE
  5
1323
100
AcDbEntity
  8
ASSEM_MEM
100
AcDbCircle
 62
4
  6
CONTINUOUS
 10
319.9198579623
 20
140.1468894332
 40
1.2
  0
ARC
  5
1324
100
AcDbEntity
  8
ASSEM_MEM
100
AcDbCircle
 62
4
  6
CONTINUOUS
 10
315.0698579623
 20
139.3468894332
 40
1.2
100
AcDbArc
 50
270.0
 51
90.0
  0
ARC
  5
1325
100
AcDbEntity
  8
ASSEM_MEM
100
AcDbCircle
 62
4
  6
CONTINUOUS
 10
314.8698579623
 20
139.3468894332
 40
1.2
100
AcDbArc
 50
90.0
 51
270.0
  0
ARC
  5
1326
100
AcDbEntity
  8
ASSEM_MEM
100
AcDbCircle
 62
4
  6
CONTINUOUS
 10
329.1198579623
 20
138.2468894332
 40
1.0
100
AcDbArc
 50
270.0
 51
360.0
  0
ARC
  5
1327
100
AcDbEntity
  8
ASSEM_MEM
100
AcDbCircle
 62
7
  6
CONTINUOUS
 10
331.1198579623
 20
145.2468894332
 40
1.0
100
AcDbArc
 50
90.0
 51
180.0
  0
ARC
  5
1328
100
AcDbEntity
  8
ASSEM_MEM
100
AcDbCircle
 62
7
  6
CONTINUOUS
 10
336.1198579623
 20
147.2468894332
 40
1.0
100
AcDbArc
 50
270.0
 51
360.0
  0
CIRCLE
  5
1329
100
AcDbEntity
  8
ASSEM_MEM
100
AcDbCircle
 62
4
  6
CONTINUOUS
 10
337.1198579623
 20
146.0468894332
 40
0.05
  0
CIRCLE
  5
132A
100
AcDbEntity
  8
ASSEM_MEM
100
AcDbCircle
 62
4
  6
CONTINUOUS
 10
306.2798579623
 20
205.0668894332
 40
3.0
  0
ARC
  5
132B
100
AcDbEntity
  8
0
100
AcDbCircle
 62
2
  6
CONTINUOUS
 10
306.2798579623
 20
205.0668894332
 40
3.0
100
AcDbArc
 50
180.0
 51
234.7014267207
  0
CIRCLE
  5
132C
100
AcDbEntity
  8
ASSEM_MEM
100
AcDbCircle
 62
4
  6
CONTINUOUS
 10
306.2798579623
 20
205.0668894332
 40
1.85
  0
ARC
  5
132D
100
AcDbEntity
  8
ASSEM_MEM
100
AcDbCircle
 62
7
  6
CONTINUOUS
 10
290.0898579623
 20
225.3968894332
 40
0.3
100
AcDbArc
 50
180.0
 51
270.0
  0
ARC
  5
132E
100
AcDbEntity
  8
ASSEM_MEM
100
AcDbCircle
 62
7
  6
CONTINUOUS
 10
290.0898579623
 20
225.4968894332
 40
0.3
100
AcDbArc
 50
90.0
 51
180.0
  0
ARC
  5
132F
100
AcDbEntity
  8
ASSEM_MEM
100
AcDbCircle
 62
9
  6
CONTINUOUS
 10
290.0198579623
 20
226.8468894332
 40
0.37
100
AcDbArc
 50
156.5075867815
 51
23.2984709089
  0
ARC
  5
1330
100
AcDbEntity
  8
ASSEM_MEM
100
AcDbCircle
 62
7
  6
CONTINUOUS
 10
290.0989967234
 20
226.7818894332
 40
0.335
100
AcDbArc
 50
270.0
 51
90.0
  0
ARC
  5
1331
100
AcDbEntity
  8
ASSEM_MEM
100
AcDbCircle
 62
7
  6
CONTINUOUS
 10
289.9407192012
 20
226.7818894332
 40
0.335
100
AcDbArc
 50
90.0
 51
270.0
  0
CIRCLE
  5
1332
100
AcDbEntity
  8
ASSEM_MEM
100
AcDbCircle
 62
7
  6
CONTINUOUS
 10
290.0198579623
 20
226.8468894332
 40
0.25
  0
CIRCLE
  5
1333
100
AcDbEntity
  8
ASSEM_MEM
100
AcDbCircle
 62
9
  6
CONTINUOUS
 10
290.0198579623
 20
226.8468894332
 40
0.13
  0
ARC
  5
1334
100
AcDbEntity
  8
ASSEM_MEM
100
AcDbCircle
 62
7
  6
CONTINUOUS
 10
290.7842385133
 20
224.4325088822
 40
0.45
100
AcDbArc
 50
270.0
 51
295.5481372376
  0
ARC
  5
1335
100
AcDbEntity
  8
ASSEM_MEM
100
AcDbCircle
 62
7
  6
CONTINUOUS
 10
290.7398579623
 20
225.4968894332
 40
0.3
100
AcDbArc
 50
0.0
 51
90.0
  0
ARC
  5
1336
100
AcDbEntity
  8
ASSEM_MEM
100
AcDbCircle
 62
7
  6
CONTINUOUS
 10
290.7398579623
 20
224.1968894332
 40
0.3
100
AcDbArc
 50
180.0
 51
360.0
  0
ARC
  5
1337
100
AcDbEntity
  8
ASSEM_MEM
100
AcDbCircle
 62
7
  6
CONTINUOUS
 10
290.7842385133
 20
224.4325088822
 40
0.15
100
AcDbArc
 50
315.4656645958
 51
360.0
  0
ARC
  5
1338
100
AcDbEntity
  8
ASSEM_MEM
100
AcDbCircle
 62
7
  6
CONTINUOUS
 10
291.0398579623
 20
224.6968894332
 40
0.15
100
AcDbArc
 50
135.0
 51
180.0
  0
ARC
  5
1339
100
AcDbEntity
  8
ASSEM_MEM
100
AcDbCircle
 62
7
  6
CONTINUOUS
 10
290.7398579623
 20
229.2468894332
 40
0.35
100
AcDbArc
 50
180.0
 51
360.0
  0
ARC
  5
133A
100
AcDbEntity
  8
ASSEM_MEM
100
AcDbCircle
 62
7
  6
CONTINUOUS
 10
290.7398579623
 20
230.5468894332
 40
0.35
100
AcDbArc
 50
0.0
 51
180.0
  0
ARC
  5
133B
100
AcDbEntity
  8
ASSEM_MEM
100
AcDbCircle
 62
7
  6
CONTINUOUS
 10
286.8198579623
 20
231.5968894332
 40
0.2
100
AcDbArc
 50
97.1807557815
 51
194.5586895613
  0
ARC
  5
133C
100
AcDbEntity
  8
ASSEM_MEM
100
AcDbCircle
 62
7
  6
CONTINUOUS
 10
286.8198579623
 20
231.5968894332
 40
0.2
100
AcDbArc
 50
345.4604181822
 51
82.8192442186
  0
ARC
  5
133D
100
AcDbEntity
  8
ASSEM_MEM
100
AcDbCircle
 62
7
  6
CONTINUOUS
 10
286.6448579623
 20
232.0468894332
 40
0.15
100
AcDbArc
 50
0.0
 51
90.0
  0
ARC
  5
133E
100
AcDbEntity
  8
ASSEM_MEM
100
AcDbCircle
 62
7
  6
CONTINUOUS
 10
286.9948579623
 20
232.0468894332
 40
0.15
100
AcDbArc
 50
90.0
 51
180.0
  0
CIRCLE
  5
133F
100
AcDbEntity
  8
ASSEM_MEM
100
AcDbCircle
 62
4
  6
CONTINUOUS
 10
296.4198579623
 20
226.6468894332
 40
2.5
  0
ARC
  5
1340
100
AcDbEntity
  8
0
100
AcDbCircle
 62
2
  6
CONTINUOUS
 10
296.4198579623
 20
226.6468894332
 40
2.5
100
AcDbArc
 50
180.0
 51
245.1122823056
  0
CIRCLE
  5
1341
100
AcDbEntity
  8
ASSEM_MEM
100
AcDbCircle
 62
4
  6
CONTINUOUS
 10
296.4198579623
 20
226.6468894332
 40
1.35
  0
ARC
  5
1342
100
AcDbEntity
  8
ASSEM_MEM
100
AcDbCircle
 62
7
  6
CONTINUOUS
 10
292.2198579623
 20
230.5468894332
 40
0.3
100
AcDbArc
 50
180.0
 51
270.0
  0
ARC
  5
1343
100
AcDbEntity
  8
ASSEM_MEM
100
AcDbCircle
 62
7
  6
CONTINUOUS
 10
291.6198579623
 20
231.2468894332
 40
0.3
100
AcDbArc
 50
0.0
 51
90.0
  0
ARC
  5
1344
100
AcDbEntity
  8
ASSEM_MEM
100
AcDbCircle
 62
7
  6
CONTINUOUS
 10
336.1198579623
 20
229.2468894332
 40
1.0
100
AcDbArc
 50
0.0
 51
90.0
  0
CIRCLE
  5
1345
100
AcDbEntity
  8
0
100
AcDbCircle
 62
2
  6
CONTINUOUS
 10
124.2943170456
 20
141.3290695836
 40
14.8412856987
  0
CIRCLE
  5
1346
100
AcDbEntity
  8
ASSEM_MEM
100
AcDbCircle
 62
7
  6
CONTINUOUS
 10
186.3208836643
 20
52.1791712882
 40
4.05
  0
CIRCLE
  5
1347
100
AcDbEntity
  8
ASSEM_MEM
100
AcDbCircle
 62
7
  6
CONTINUOUS
 10
136.3708836643
 20
52.1791712882
 40
4.05
  0
CIRCLE
  5
1348
100
AcDbEntity
  8
ASSEM_MEM
100
AcDbCircle
 62
7
  6
CONTINUOUS
 10
155.3908836643
 20
39.1591712882
 40
2.25
  0
CIRCLE
  5
1349
100
AcDbEntity
  8
ASSEM_MEM
100
AcDbCircle
 62
7
  6
CONTINUOUS
 10
167.3158836643
 20
65.1991712882
 40
2.25
  0
CIRCLE
  5
134A
100
AcDbEntity
  8
ASSEM_MEM
100
AcDbCircle
 62
7
  6
CONTINUOUS
 10
136.3708836643
 20
64.7791712882
 40
2.1
  0
CIRCLE
  5
134B
100
AcDbEntity
  8
ASSEM_MEM
100
AcDbCircle
 62
7
  6
CONTINUOUS
 10
186.3358836643
 20
39.5791712882
 40
2.1
  0
SPLINE
  5
134C
100
AcDbEntity
  8
0
100
AcDbSpline
 62
7
  6
CONTINUOUS
 70
0
 71
3
 72
8
 73
4
 74
0
 42
0.0000001
 43
0.0000001
 44
0.0000000001
 40
0.0
 40
0.0
 40
0.0
 40
0.0
 40
1.0
 40
1.0
 40
1.0
 40
1.0
 10
344.7128526241
 20
56.0516662744
 30
0.0
 10
344.7128526241
 20
56.4063232264
 30
0.0
 10
344.8796334961
 20
56.6009479384
 30
0.0
 10
345.2691650881
 20
56.6009479384
 30
0.0
  0
SPLINE
  5
134D
100
AcDbEntity
  8
0
100
AcDbSpline
 62
7
  6
CONTINUOUS
 70
0
 71
3
 72
8
 73
4
 74
0
 42
0.0000001
 43
0.0000001
 44
0.0000000001
 40
0.0
 40
0.0
 40
0.0
 40
0.0
 40
1.0
 40
1.0
 40
1.0
 40
1.0
 10
344.9980396561
 20
57.3102604024
 30
0.0
 10
344.1984456001
 20
57.3102604024
 30
0.0
 10
343.8229770481
 20
56.9069480104
 30
0.0
 10
343.8229770481
 20
56.2254793144
 30
0.0
  0
SPLINE
  5
134E
100
AcDbEntity
  8
0
100
AcDbSpline
 62
7
  6
CONTINUOUS
 70
0
 71
3
 72
8
 73
4
 74
0
 42
0.0000001
 43
0.0000001
 44
0.0000000001
 40
0.0
 40
0.0
 40
0.0
 40
0.0
 40
1.0
 40
1.0
 40
1.0
 40
1.0
 10
347.3768534161
 20
54.0424156984
 30
0.0
 10
347.3768534161
 20
54.5987288824
 30
0.0
 10
347.6479781281
 20
54.8490412744
 30
0.0
 10
348.3986344321
 20
54.8490412744
 30
0.0
  0
SPLINE
  5
134F
100
AcDbEntity
  8
0
100
AcDbSpline
 62
7
  6
CONTINUOUS
 70
0
 71
3
 72
8
 73
4
 74
0
 42
0.0000001
 43
0.0000001
 44
0.0000000001
 40
0.0
 40
0.0
 40
0.0
 40
0.0
 40
1.0
 40
1.0
 40
1.0
 40
1.0
 10
348.5170406641
 20
55.7318853304
 30
0.0
 10
347.7382596481
 20
55.7318853304
 30
0.0
 10
347.4671342161
 20
55.3218229384
 30
0.0
 10
347.3768534161
 20
55.1201659864
 30
0.0
  0
SPLINE
  5
1350
100
AcDbEntity
  8
0
100
AcDbSpline
 62
7
  6
CONTINUOUS
 70
0
 71
3
 72
8
 73
4
 74
0
 42
0.0000001
 43
0.0000001
 44
0.0000000001
 40
0.0
 40
0.0
 40
0.0
 40
0.0
 40
1.0
 40
1.0
 40
1.0
 40
1.0
 10
351.4892914561
 20
52.8951969304
 30
0.0
 10
350.8916351521
 20
52.8951969304
 30
0.0
 10
350.5021042081
 20
53.3541970024
 30
0.0
 10
350.5021042081
 20
53.9521348984
 30
0.0
  0
SPLINE
  5
1351
100
AcDbEntity
  8
0
100
AcDbSpline
 62
7
  6
CONTINUOUS
 70
0
 71
3
 72
8
 73
4
 74
0
 42
0.0000001
 43
0.0000001
 44
0.0000000001
 40
0.0
 40
0.0
 40
0.0
 40
0.0
 40
1.0
 40
1.0
 40
1.0
 40
1.0
 10
350.5021042081
 20
53.9521348984
 30
0.0
 10
350.5021042081
 20
54.5500727224
 30
0.0
 10
350.8916351521
 20
55.0087913464
 30
0.0
 10
351.4892914561
 20
55.0087913464
 30
0.0
  0
SPLINE
  5
1352
100
AcDbEntity
  8
0
100
AcDbSpline
 62
7
  6
CONTINUOUS
 70
0
 71
3
 72
8
 73
4
 74
0
 42
0.0000001
 43
0.0000001
 44
0.0000000001
 40
0.0
 40
0.0
 40
0.0
 40
0.0
 40
1.0
 40
1.0
 40
1.0
 40
1.0
 10
351.4892914561
 20
55.0087913464
 30
0.0
 10
352.0664169601
 20
55.0087913464
 30
0.0
 10
352.4489171041
 20
54.5500727224
 30
0.0
 10
352.4489171041
 20
53.9521348984
 30
0.0
  0
SPLINE
  5
1353
100
AcDbEntity
  8
0
100
AcDbSpline
 62
7
  6
CONTINUOUS
 70
0
 71
3
 72
8
 73
4
 74
0
 42
0.0000001
 43
0.0000001
 44
0.0000000001
 40
0.0
 40
0.0
 40
0.0
 40
0.0
 40
1.0
 40
1.0
 40
1.0
 40
1.0
 10
352.4489171041
 20
53.9521348984
 30
0.0
 10
352.4489171041
 20
53.3541970024
 30
0.0
 10
352.0664169601
 20
52.8951969304
 30
0.0
 10
351.4892914561
 20
52.8951969304
 30
0.0
  0
SPLINE
  5
1354
100
AcDbEntity
  8
0
100
AcDbSpline
 62
7
  6
CONTINUOUS
 70
0
 71
3
 72
8
 73
4
 74
0
 42
0.0000001
 43
0.0000001
 44
0.0000000001
 40
0.0
 40
0.0
 40
0.0
 40
0.0
 40
1.0
 40
1.0
 40
1.0
 40
1.0
 10
352.4351355841
 20
55.1826036664
 30
0.0
 10
352.3583547121
 20
55.3288537384
 30
0.0
 10
352.0039792801
 20
55.7875730824
 30
0.0
 10
351.2600729041
 20
55.7875730824
 30
0.0
  0
SPLINE
  5
1355
100
AcDbEntity
  8
0
100
AcDbSpline
 62
7
  6
CONTINUOUS
 70
0
 71
3
 72
8
 73
4
 74
0
 42
0.0000001
 43
0.0000001
 44
0.0000000001
 40
0.0
 40
0.0
 40
0.0
 40
0.0
 40
1.0
 40
1.0
 40
1.0
 40
1.0
 10
351.2600729041
 20
55.7875730824
 30
0.0
 10
350.3491042081
 20
55.7875730824
 30
0.0
 10
349.5984471121
 20
55.0923228664
 30
0.0
 10
349.5984471121
 20
53.9521348984
 30
0.0
  0
SPLINE
  5
1356
100
AcDbEntity
  8
0
100
AcDbSpline
 62
7
  6
CONTINUOUS
 70
0
 71
3
 72
8
 73
4
 74
0
 42
0.0000001
 43
0.0000001
 44
0.0000000001
 40
0.0
 40
0.0
 40
0.0
 40
0.0
 40
1.0
 40
1.0
 40
1.0
 40
1.0
 10
349.5984471121
 20
53.9521348984
 30
0.0
 10
349.5984471121
 20
52.7978845384
 30
0.0
 10
350.3491042081
 20
52.1166967144
 30
0.0
 10
351.2530413841
 20
52.1166967144
 30
0.0
  0
SPLINE
  5
1357
100
AcDbEntity
  8
0
100
AcDbSpline
 62
7
  6
CONTINUOUS
 70
0
 71
3
 72
8
 73
4
 74
0
 42
0.0000001
 43
0.0000001
 44
0.0000000001
 40
0.0
 40
0.0
 40
0.0
 40
0.0
 40
1.0
 40
1.0
 40
1.0
 40
1.0
 10
351.2530413841
 20
52.1166967144
 30
0.0
 10
352.0247916001
 20
52.1166967144
 30
0.0
 10
352.3724170321
 20
52.6032591784
 30
0.0
 10
352.4418855841
 20
52.7492283784
 30
0.0
  0
SPLINE
  5
1358
100
AcDbEntity
  8
0
100
AcDbSpline
 62
7
  6
CONTINUOUS
 70
0
 71
3
 72
8
 73
4
 74
0
 42
0.0000001
 43
0.0000001
 44
0.0000000001
 40
0.0
 40
0.0
 40
0.0
 40
0.0
 40
1.0
 40
1.0
 40
1.0
 40
1.0
 10
358.8403249921
 20
55.7875730824
 30
0.0
 10
358.0964186161
 20
55.7875730824
 30
0.0
 10
357.7071685441
 20
55.3218229384
 30
0.0
 10
357.5471369521
 20
55.0020413464
 30
0.0
  0
SPLINE
  5
1359
100
AcDbEntity
  8
0
100
AcDbSpline
 62
7
  6
CONTINUOUS
 70
0
 71
3
 72
8
 73
4
 74
0
 42
0.0000001
 43
0.0000001
 44
0.0000000001
 40
0.0
 40
0.0
 40
0.0
 40
0.0
 40
1.0
 40
1.0
 40
1.0
 40
1.0
 10
357.5471369521
 20
55.0020413464
 30
0.0
 10
357.3246684001
 20
55.4815729384
 30
0.0
 10
356.8659491281
 20
55.7875730824
 30
0.0
 10
356.2680119521
 20
55.7875730824
 30
0.0
  0
SPLINE
  5
135A
100
AcDbEntity
  8
0
100
AcDbSpline
 62
7
  6
CONTINUOUS
 70
0
 71
3
 72
8
 73
4
 74
0
 42
0.0000001
 43
0.0000001
 44
0.0000000001
 40
0.0
 40
0.0
 40
0.0
 40
0.0
 40
1.0
 40
1.0
 40
1.0
 40
1.0
 10
356.2680119521
 20
55.7875730824
 30
0.0
 10
355.6351987681
 20
55.7875730824
 30
0.0
 10
355.2459486241
 20
55.3775098984
 30
0.0
 10
355.1137616641
 20
55.1201659864
 30
0.0
  0
SPLINE
  5
135B
100
AcDbEntity
  8
0
100
AcDbSpline
 62
7
  6
CONTINUOUS
 70
0
 71
3
 72
8
 73
4
 74
0
 42
0.0000001
 43
0.0000001
 44
0.0000000001
 40
0.0
 40
0.0
 40
0.0
 40
0.0
 40
1.0
 40
1.0
 40
1.0
 40
1.0
 10
355.1137616641
 20
54.0702595384
 30
0.0
 10
355.1137616641
 20
54.6125096824
 30
0.0
 10
355.4546363761
 20
54.9950098264
 30
0.0
 10
355.9828242001
 20
54.9950098264
 30
0.0
  0
SPLINE
  5
135C
100
AcDbEntity
  8
0
100
AcDbSpline
 62
7
  6
CONTINUOUS
 70
0
 71
3
 72
8
 73
4
 74
0
 42
0.0000001
 43
0.0000001
 44
0.0000000001
 40
0.0
 40
0.0
 40
0.0
 40
0.0
 40
1.0
 40
1.0
 40
1.0
 40
1.0
 10
355.9828242001
 20
54.9950098264
 30
0.0
 10
356.4975120241
 20
54.9950098264
 30
0.0
 10
356.8172928961
 20
54.6265727224
 30
0.0
 10
356.8172928961
 20
54.0702595384
 30
0.0
  0
SPLINE
  5
135D
100
AcDbEntity
  8
0
100
AcDbSpline
 62
7
  6
CONTINUOUS
 70
0
 71
3
 72
8
 73
4
 74
0
 42
0.0000001
 43
0.0000001
 44
0.0000000001
 40
0.0
 40
0.0
 40
0.0
 40
0.0
 40
1.0
 40
1.0
 40
1.0
 40
1.0
 10
357.7071685441
 20
54.0702595384
 30
0.0
 10
357.7071685441
 20
54.6125096824
 30
0.0
 10
358.0477624561
 20
54.9950098264
 30
0.0
 10
358.5762310801
 20
54.9950098264
 30
0.0
  0
SPLINE
  5
135E
100
AcDbEntity
  8
0
100
AcDbSpline
 62
7
  6
CONTINUOUS
 70
0
 71
3
 72
8
 73
4
 74
0
 42
0.0000001
 43
0.0000001
 44
0.0000000001
 40
0.0
 40
0.0
 40
0.0
 40
0.0
 40
1.0
 40
1.0
 40
1.0
 40
1.0
 10
358.5762310801
 20
54.9950098264
 30
0.0
 10
359.0906373841
 20
54.9950098264
 30
0.0
 10
359.4104189761
 20
54.6265727224
 30
0.0
 10
359.4104189761
 20
54.0702595384
 30
0.0
  0
SPLINE
  5
135F
100
AcDbEntity
  8
0
100
AcDbSpline
 62
7
  6
CONTINUOUS
 70
0
 71
3
 72
8
 73
4
 74
0
 42
0.0000001
 43
0.0000001
 44
0.0000000001
 40
0.0
 40
0.0
 40
0.0
 40
0.0
 40
1.0
 40
1.0
 40
1.0
 40
1.0
 10
360.3002939041
 20
54.2440726504
 30
0.0
 10
360.3002939041
 20
55.1409790264
 30
0.0
 10
359.7301998481
 20
55.7875730824
 30
0.0
 10
358.8403249921
 20
55.7875730824
 30
0.0
  0
SPLINE
  5
1360
100
AcDbEntity
  8
0
100
AcDbSpline
 62
7
  6
CONTINUOUS
 70
0
 71
3
 72
8
 73
4
 74
0
 42
0.0000001
 43
0.0000001
 44
0.0000000001
 40
0.0
 40
0.0
 40
0.0
 40
0.0
 40
1.0
 40
1.0
 40
1.0
 40
1.0
 10
361.8359181841
 20
54.4178849704
 30
0.0
 10
361.9470142561
 20
54.8490412744
 30
0.0
 10
362.2808567281
 20
55.1131351864
 30
0.0
 10
362.7606720721
 20
55.1131351864
 30
0.0
  0
SPLINE
  5
1361
100
AcDbEntity
  8
0
100
AcDbSpline
 62
7
  6
CONTINUOUS
 70
0
 71
3
 72
8
 73
4
 74
0
 42
0.0000001
 43
0.0000001
 44
0.0000000001
 40
0.0
 40
0.0
 40
0.0
 40
0.0
 40
1.0
 40
1.0
 40
1.0
 40
1.0
 10
362.7606720721
 20
55.1131351864
 30
0.0
 10
363.2123570161
 20
55.1131351864
 30
0.0
 10
363.5461994881
 20
54.8628227944
 30
0.0
 10
363.6710762881
 20
54.4178849704
 30
0.0
  0
SPLINE
  5
1362
100
AcDbEntity
  8
0
100
AcDbSpline
 62
7
  6
CONTINUOUS
 70
0
 71
3
 72
8
 73
4
 74
0
 42
0.0000001
 43
0.0000001
 44
0.0000000001
 40
0.0
 40
0.0
 40
0.0
 40
0.0
 40
1.0
 40
1.0
 40
1.0
 40
1.0
 10
362.7606720721
 20
55.8013538824
 30
0.0
 10
361.6829181841
 20
55.8013538824
 30
0.0
 10
360.9182002081
 20
55.0436659864
 30
0.0
 10
360.9182002081
 20
53.9521348984
 30
0.0
  0
SPLINE
  5
1363
100
AcDbEntity
  8
0
100
AcDbSpline
 62
7
  6
CONTINUOUS
 70
0
 71
3
 72
8
 73
4
 74
0
 42
0.0000001
 43
0.0000001
 44
0.0000000001
 40
0.0
 40
0.0
 40
0.0
 40
0.0
 40
1.0
 40
1.0
 40
1.0
 40
1.0
 10
360.9182002081
 20
53.9521348984
 30
0.0
 10
360.9182002081
 20
52.8954784504
 30
0.0
 10
361.6829181841
 20
52.1029151944
 30
0.0
 10
362.8301376721
 20
52.1029151944
 30
0.0
  0
SPLINE
  5
1364
100
AcDbEntity
  8
0
100
AcDbSpline
 62
7
  6
CONTINUOUS
 70
0
 71
3
 72
8
 73
4
 74
0
 42
0.0000001
 43
0.0000001
 44
0.0000000001
 40
0.0
 40
0.0
 40
0.0
 40
0.0
 40
1.0
 40
1.0
 40
1.0
 40
1.0
 10
362.8301376721
 20
52.1029151944
 30
0.0
 10
364.0257340321
 20
52.1029151944
 30
0.0
 10
364.5055421761
 20
52.8606030184
 30
0.0
 10
364.5612341761
 20
53.2220093224
 30
0.0
  0
SPLINE
  5
1365
100
AcDbEntity
  8
0
100
AcDbSpline
 62
7
  6
CONTINUOUS
 70
0
 71
3
 72
8
 73
4
 74
0
 42
0.0000001
 43
0.0000001
 44
0.0000000001
 40
0.0
 40
0.0
 40
0.0
 40
0.0
 40
1.0
 40
1.0
 40
1.0
 40
1.0
 10
363.6851378881
 20
53.2220093224
 30
0.0
 10
363.6224186881
 20
53.1246969304
 30
0.0
 10
363.3931994161
 20
52.8397906984
 30
0.0
 10
362.8301376721
 20
52.8397906984
 30
0.0
  0
SPLINE
  5
1366
100
AcDbEntity
  8
0
100
AcDbSpline
 62
7
  6
CONTINUOUS
 70
0
 71
3
 72
8
 73
4
 74
0
 42
0.0000001
 43
0.0000001
 44
0.0000000001
 40
0.0
 40
0.0
 40
0.0
 40
0.0
 40
1.0
 40
1.0
 40
1.0
 40
1.0
 10
362.8301376721
 20
52.8397906984
 30
0.0
 10
362.2459799281
 20
52.8397906984
 30
0.0
 10
361.8496990561
 20
53.2568846824
 30
0.0
 10
361.8080757841
 20
53.8061656264
 30
0.0
  0
SPLINE
  5
1367
100
AcDbEntity
  8
0
100
AcDbSpline
 62
7
  6
CONTINUOUS
 70
0
 71
3
 72
8
 73
4
 74
0
 42
0.0000001
 43
0.0000001
 44
0.0000000001
 40
0.0
 40
0.0
 40
0.0
 40
0.0
 40
1.0
 40
1.0
 40
1.0
 40
1.0
 10
364.6028573761
 20
53.9034786664
 30
0.0
 10
364.6028573761
 20
55.0577290264
 30
0.0
 10
363.8448915601
 20
55.8013538824
 30
0.0
 10
362.7606720721
 20
55.8013538824
 30
0.0
  0
SPLINE
  5
1368
100
AcDbEntity
  8
0
100
AcDbSpline
 62
7
  6
CONTINUOUS
 70
0
 71
3
 72
8
 73
4
 74
0
 42
0.0000001
 43
0.0000001
 44
0.0000000001
 40
0.0
 40
0.0
 40
0.0
 40
0.0
 40
1.0
 40
1.0
 40
1.0
 40
1.0
 10
372.7681132081
 20
52.8951969304
 30
0.0
 10
372.1701746641
 20
52.8951969304
 30
0.0
 10
371.7671401201
 20
53.3612285224
 30
0.0
 10
371.7671401201
 20
53.9521348984
 30
0.0
  0
SPLINE
  5
1369
100
AcDbEntity
  8
0
100
AcDbSpline
 62
7
  6
CONTINUOUS
 70
0
 71
3
 72
8
 73
4
 74
0
 42
0.0000001
 43
0.0000001
 44
0.0000000001
 40
0.0
 40
0.0
 40
0.0
 40
0.0
 40
1.0
 40
1.0
 40
1.0
 40
1.0
 10
371.7671401201
 20
53.9521348984
 30
0.0
 10
371.7671401201
 20
54.5430412024
 30
0.0
 10
372.1701746641
 20
55.0087913464
 30
0.0
 10
372.7681132081
 20
55.0087913464
 30
0.0
  0
SPLINE
  5
136A
100
AcDbEntity
  8
0
100
AcDbSpline
 62
7
  6
CONTINUOUS
 70
0
 71
3
 72
8
 73
4
 74
0
 42
0.0000001
 43
0.0000001
 44
0.0000000001
 40
0.0
 40
0.0
 40
0.0
 40
0.0
 40
1.0
 40
1.0
 40
1.0
 40
1.0
 10
372.7681132081
 20
55.0087913464
 30
0.0
 10
373.3592981521
 20
55.0087913464
 30
0.0
 10
373.7623326961
 20
54.5500727224
 30
0.0
 10
373.7623326961
 20
53.9521348984
 30
0.0
  0
SPLINE
  5
136B
100
AcDbEntity
  8
0
100
AcDbSpline
 62
7
  6
CONTINUOUS
 70
0
 71
3
 72
8
 73
4
 74
0
 42
0.0000001
 43
0.0000001
 44
0.0000000001
 40
0.0
 40
0.0
 40
0.0
 40
0.0
 40
1.0
 40
1.0
 40
1.0
 40
1.0
 10
373.7623326961
 20
53.9521348984
 30
0.0
 10
373.7623326961
 20
53.3541970024
 30
0.0
 10
373.3592981521
 20
52.8951969304
 30
0.0
 10
372.7681132081
 20
52.8951969304
 30
0.0
  0
SPLINE
  5
136C
100
AcDbEntity
  8
0
100
AcDbSpline
 62
7
  6
CONTINUOUS
 70
0
 71
3
 72
8
 73
4
 74
0
 42
0.0000001
 43
0.0000001
 44
0.0000000001
 40
0.0
 40
0.0
 40
0.0
 40
0.0
 40
1.0
 40
1.0
 40
1.0
 40
1.0
 10
372.7681132081
 20
55.8013538824
 30
0.0
 10
371.6836129201
 20
55.8013538824
 30
0.0
 10
370.8702359041
 20
55.0228536664
 30
0.0
 10
370.8702359041
 20
53.9521348984
 30
0.0
  0
SPLINE
  5
136D
100
AcDbEntity
  8
0
100
AcDbSpline
 62
7
  6
CONTINUOUS
 70
0
 71
3
 72
8
 73
4
 74
0
 42
0.0000001
 43
0.0000001
 44
0.0000000001
 40
0.0
 40
0.0
 40
0.0
 40
0.0
 40
1.0
 40
1.0
 40
1.0
 40
1.0
 10
370.8702359041
 20
53.9521348984
 30
0.0
 10
370.8702359041
 20
52.8814154104
 30
0.0
 10
371.6836129201
 20
52.1026343944
 30
0.0
 10
372.7681132081
 20
52.1026343944
 30
0.0
  0
SPLINE
  5
136E
100
AcDbEntity
  8
0
100
AcDbSpline
 62
7
  6
CONTINUOUS
 70
0
 71
3
 72
8
 73
4
 74
0
 42
0.0000001
 43
0.0000001
 44
0.0000000001
 40
0.0
 40
0.0
 40
0.0
 40
0.0
 40
1.0
 40
1.0
 40
1.0
 40
1.0
 10
372.7681132081
 20
52.1026343944
 30
0.0
 10
373.8388326961
 20
52.1026343944
 30
0.0
 10
374.6592369121
 20
52.8814154104
 30
0.0
 10
374.6592369121
 20
53.9521348984
 30
0.0
  0
SPLINE
  5
136F
100
AcDbEntity
  8
0
100
AcDbSpline
 62
7
  6
CONTINUOUS
 70
0
 71
3
 72
8
 73
4
 74
0
 42
0.0000001
 43
0.0000001
 44
0.0000000001
 40
0.0
 40
0.0
 40
0.0
 40
0.0
 40
1.0
 40
1.0
 40
1.0
 40
1.0
 10
374.6592369121
 20
53.9521348984
 30
0.0
 10
374.6592369121
 20
55.0228536664
 30
0.0
 10
373.8388326961
 20
55.8013538824
 30
0.0
 10
372.7681132081
 20
55.8013538824
 30
0.0
  0
SPLINE
  5
1370
100
AcDbEntity
  8
0
100
AcDbSpline
 62
7
  6
CONTINUOUS
 70
0
 71
3
 72
8
 73
4
 74
0
 42
0.0000001
 43
0.0000001
 44
0.0000000001
 40
0.0
 40
0.0
 40
0.0
 40
0.0
 40
1.0
 40
1.0
 40
1.0
 40
1.0
 10
376.1599837441
 20
54.0424156984
 30
0.0
 10
376.1599837441
 20
54.5987288824
 30
0.0
 10
376.4311142161
 20
54.8490412744
 30
0.0
 10
377.1817648321
 20
54.8490412744
 30
0.0
  0
SPLINE
  5
1371
100
AcDbEntity
  8
0
100
AcDbSpline
 62
7
  6
CONTINUOUS
 70
0
 71
3
 72
8
 73
4
 74
0
 42
0.0000001
 43
0.0000001
 44
0.0000000001
 40
0.0
 40
0.0
 40
0.0
 40
0.0
 40
1.0
 40
1.0
 40
1.0
 40
1.0
 10
377.3001760321
 20
55.7318853304
 30
0.0
 10
376.5213950161
 20
55.7318853304
 30
0.0
 10
376.2502645441
 20
55.3218229384
 30
0.0
 10
376.1599837441
 20
55.1201659864
 30
0.0
  0
SPLINE
  5
1372
100
AcDbEntity
  8
0
100
AcDbSpline
 62
7
  6
CONTINUOUS
 70
0
 71
3
 72
8
 73
4
 74
0
 42
0.0000001
 43
0.0000001
 44
0.0000000001
 40
0.0
 40
0.0
 40
0.0
 40
0.0
 40
1.0
 40
1.0
 40
1.0
 40
1.0
 10
340.6282844121
 20
56.8616534604
 30
0.0
 10
340.6282844121
 20
56.9741534604
 30
0.0
 10
340.5770967321
 20
57.0799035324
 30
0.0
 10
340.4899090521
 20
57.1502158524
 30
0.0
  0
SPLINE
  5
1373
100
AcDbEntity
  8
0
100
AcDbSpline
 62
7
  6
CONTINUOUS
 70
0
 71
3
 72
8
 73
4
 74
0
 42
0.0000001
 43
0.0000001
 44
0.0000000001
 40
0.0
 40
0.0
 40
0.0
 40
0.0
 40
1.0
 40
1.0
 40
1.0
 40
1.0
 10
339.6245026761
 20
57.6508413564
 30
0.0
 10
339.5195964441
 20
57.6913413564
 30
0.0
 10
339.4020341241
 20
57.6829036764
 30
0.0
 10
339.3047217321
 20
57.6266536764
 30
0.0
  0
SPLINE
  5
1374
100
AcDbEntity
  8
0
100
AcDbSpline
 62
7
  6
CONTINUOUS
 70
0
 71
3
 72
8
 73
4
 74
0
 42
0.0000001
 43
0.0000001
 44
0.0000000001
 40
0.0
 40
0.0
 40
0.0
 40
0.0
 40
1.0
 40
1.0
 40
1.0
 40
1.0
 10
337.6329713001
 20
57.6266536764
 30
0.0
 10
337.5353774601
 20
57.6829036764
 30
0.0
 10
337.4178150681
 20
57.6913413564
 30
0.0
 10
337.3129081881
 20
57.6508413564
 30
0.0
  0
SPLINE
  5
1375
100
AcDbEntity
  8
0
100
AcDbSpline
 62
7
  6
CONTINUOUS
 70
0
 71
3
 72
8
 73
4
 74
0
 42
0.0000001
 43
0.0000001
 44
0.0000000001
 40
0.0
 40
0.0
 40
0.0
 40
0.0
 40
1.0
 40
1.0
 40
1.0
 40
1.0
 10
336.4477833321
 20
57.1502158524
 30
0.0
 10
336.3603147801
 20
57.0799035324
 30
0.0
 10
336.3091271001
 20
56.9741534604
 30
0.0
 10
336.3091271001
 20
56.8616534604
 30
0.0
  0
SPLINE
  5
1376
100
AcDbEntity
  8
0
100
AcDbSpline
 62
7
  6
CONTINUOUS
 70
0
 71
3
 72
8
 73
4
 74
0
 42
0.0000001
 43
0.0000001
 44
0.0000000001
 40
0.0
 40
0.0
 40
0.0
 40
0.0
 40
1.0
 40
1.0
 40
1.0
 40
1.0
 10
335.4738145641
 20
55.4149030284
 30
0.0
 10
335.3765014521
 20
55.3586530284
 30
0.0
 10
335.3104076121
 20
55.2613407084
 30
0.0
 10
335.2929706521
 20
55.1505275964
 30
0.0
  0
SPLINE
  5
1377
100
AcDbEntity
  8
0
100
AcDbSpline
 62
7
  6
CONTINUOUS
 70
0
 71
3
 72
8
 73
4
 74
0
 42
0.0000001
 43
0.0000001
 44
0.0000000001
 40
0.0
 40
0.0
 40
0.0
 40
0.0
 40
1.0
 40
1.0
 40
1.0
 40
1.0
 10
335.2929706521
 20
54.1506835404
 30
0.0
 10
335.3104076121
 20
54.0395903484
 30
0.0
 10
335.3765014521
 20
53.9419965084
 30
0.0
 10
335.4738145641
 20
53.8860273084
 30
0.0
  0
SPLINE
  5
1378
100
AcDbEntity
  8
0
100
AcDbSpline
 62
7
  6
CONTINUOUS
 70
0
 71
3
 72
8
 73
4
 74
0
 42
0.0000001
 43
0.0000001
 44
0.0000000001
 40
0.0
 40
0.0
 40
0.0
 40
0.0
 40
1.0
 40
1.0
 40
1.0
 40
1.0
 10
337.3129081881
 20
51.6500897004
 30
0.0
 10
337.4178150681
 20
51.6095897004
 30
0.0
 10
337.5353774601
 20
51.6177458604
 30
0.0
 10
337.6329713001
 20
51.6739958604
 30
0.0
  0
SPLINE
  5
1379
100
AcDbEntity
  8
0
100
AcDbSpline
 62
7
  6
CONTINUOUS
 70
0
 71
3
 72
8
 73
4
 74
0
 42
0.0000001
 43
0.0000001
 44
0.0000000001
 40
0.0
 40
0.0
 40
0.0
 40
0.0
 40
1.0
 40
1.0
 40
1.0
 40
1.0
 10
339.3047217321
 20
51.6739958604
 30
0.0
 10
339.4020341241
 20
51.6177458604
 30
0.0
 10
339.5195964441
 20
51.6095897004
 30
0.0
 10
339.6245026761
 20
51.6500897004
 30
0.0
  0
SPLINE
  5
137A
100
AcDbEntity
  8
0
100
AcDbSpline
 62
7
  6
CONTINUOUS
 70
0
 71
3
 72
8
 73
4
 74
0
 42
0.0000001
 43
0.0000001
 44
0.0000000001
 40
0.0
 40
0.0
 40
0.0
 40
0.0
 40
1.0
 40
1.0
 40
1.0
 40
1.0
 10
341.4638785401
 20
53.8860273084
 30
0.0
 10
341.5611908601
 20
53.9419965084
 30
0.0
 10
341.6272847001
 20
54.0395903484
 30
0.0
 10
341.6444408601
 20
54.1506835404
 30
0.0
  0
SPLINE
  5
137B
100
AcDbEntity
  8
ASSEM_MEM
100
AcDbSpline
 62
7
  6
CONTINUOUS
 70
0
 71
3
 72
14
 73
10
 74
0
 42
0.0000001
 43
0.0000001
 44
0.0000000001
 40
0.0
 40
0.0
 40
0.0
 40
0.0
 40
0.026560131
 40
0.080659342
 40
0.1647433229
 40
0.2784674973
 40
0.4206405732
 40
0.5898568202
 40
1.0
 40
1.0
 40
1.0
 40
1.0
 10
113.8125612126
 20
222.6032410355
 30
0.0
 10
113.8132186284
 20
222.6032410355
 30
0.0
 10
113.8147176444
 20
222.6013990745
 30
0.0
 10
113.8162893221
 20
222.5978919577
 30
0.0
 10
113.8183852697
 20
222.5918836986
 30
0.0
 10
113.8205925113
 20
222.5838119347
 30
0.0
 10
113.8229936197
 20
222.5735460362
 30
0.0
 10
113.8265008231
 20
222.5560410019
 30
0.0
 10
113.8287548529
 20
222.5418676997
 30
0.0
 10
113.8301521417
 20
222.5318124641
 30
0.0
  0
SPLINE
  5
137C
100
AcDbEntity
  8
ASSEM_MEM
100
AcDbSpline
 62
7
  6
CONTINUOUS
 70
0
 71
3
 72
14
 73
10
 74
0
 42
0.0000001
 43
0.0000001
 44
0.0000000001
 40
0.0
 40
0.0
 40
0.0
 40
0.0
 40
0.4101442563
 40
0.5793611027
 40
0.7215340586
 40
0.8352576201
 40
0.9193409702
 40
0.9734398916
 40
1.0
 40
1.0
 40
1.0
 40
1.0
 10
122.728511943
 20
222.5318124641
 30
0.0
 10
122.7299092358
 20
222.5418677277
 30
0.0
 10
122.7321632645
 20
222.5560410741
 30
0.0
 10
122.7356704619
 20
222.5735461519
 30
0.0
 10
122.738071567
 20
222.5838120493
 30
0.0
 10
122.7402788052
 20
222.5918837818
 30
0.0
 10
122.7423747519
 20
222.5978919992
 30
0.0
 10
122.743946438
 20
222.6013990936
 30
0.0
 10
122.7454454568
 20
222.6032410355
 30
0.0
 10
122.7461028722
 20
222.6032410355
 30
0.0
  0
SPLINE
  5
137D
100
AcDbEntity
  8
ASSEM_MEM
100
AcDbSpline
 62
7
  6
CONTINUOUS
 70
0
 71
3
 72
14
 73
10
 74
0
 42
0.0000001
 43
0.0000001
 44
0.0000000001
 40
0.0
 40
0.0
 40
0.0
 40
0.0
 40
0.0964038235
 40
0.1902289517
 40
0.2880840166
 40
0.3964203059
 40
0.5199685575
 40
0.6614075069
 40
1.0
 40
1.0
 40
1.0
 40
1.0
 10
122.6127541121
 20
222.3532410355
 30
0.0
 10
122.6202289649
 20
222.3532410355
 30
0.0
 10
122.6350705428
 20
222.3549015232
 30
0.0
 10
122.6560317182
 20
222.3634484217
 30
0.0
 10
122.6744161303
 20
222.3781646252
 30
0.0
 10
122.6900479211
 20
222.3986394
 30
0.0
 10
122.7030923398
 20
222.4246166629
 30
0.0
 10
122.7182698907
 20
222.4689874416
 30
0.0
 10
122.7248984564
 20
222.5058089214
 30
0.0
 10
122.728511943
 20
222.5318124641
 30
0.0
  0
SPLINE
  5
137E
100
AcDbEntity
  8
ASSEM_MEM
100
AcDbSpline
 62
7
  6
CONTINUOUS
 70
0
 71
3
 72
14
 73
10
 74
0
 42
0.0000001
 43
0.0000001
 44
0.0000000001
 40
0.0
 40
0.0
 40
0.0
 40
0.0
 40
0.3385922002
 40
0.4800327204
 40
0.6035816799
 40
0.7119167163
 40
0.8097709116
 40
0.9035961485
 40
1.0
 40
1.0
 40
1.0
 40
1.0
 10
113.8301521417
 20
222.5318124641
 30
0.0
 10
113.833765624
 20
222.5058089533
 30
0.0
 10
113.8403943812
 20
222.4689874291
 30
0.0
 10
113.8555717587
 20
222.4246164672
 30
0.0
 10
113.868615994
 20
222.3986390146
 30
0.0
 10
113.8842480266
 20
222.3781645228
 30
0.0
 10
113.9026325617
 20
222.3634488053
 30
0.0
 10
113.9235935333
 20
222.3549017045
 30
0.0
 10
113.9384351204
 20
222.3532410355
 30
0.0
 10
113.9459099727
 20
222.3532410355
 30
0.0
  0
SPLINE
  5
137F
100
AcDbEntity
  8
ASSEM_MEM
100
AcDbSpline
 62
7
  6
CONTINUOUS
 70
0
 71
3
 72
11
 73
7
 74
0
 42
0.0000001
 43
0.0000001
 44
0.0000000001
 40
0.0
 40
0.0
 40
0.0
 40
0.0
 40
0.0819710076
 40
0.2713054433
 40
0.5783966768
 40
1.0
 40
1.0
 40
1.0
 40
1.0
 10
122.7461028722
 20
222.6032410355
 30
0.0
 10
122.7468531138
 20
222.6032410355
 30
0.0
 10
122.7482065285
 20
222.6003073121
 30
0.0
 10
122.7486894546
 20
222.5955539067
 30
0.0
 10
122.7493191195
 20
222.5868871255
 30
0.0
 10
122.7493320424
 20
222.5803048508
 30
0.0
 10
122.7493320424
 20
222.5764461163
 30
0.0
  0
SPLINE
  5
1380
100
AcDbEntity
  8
ASSEM_MEM
100
AcDbSpline
 62
7
  6
CONTINUOUS
 70
0
 71
3
 72
11
 73
7
 74
0
 42
0.0000001
 43
0.0000001
 44
0.0000000001
 40
0.0
 40
0.0
 40
0.0
 40
0.0
 40
0.4216034085
 40
0.7286947028
 40
0.9180290504
 40
1.0
 40
1.0
 40
1.0
 40
1.0
 10
113.8093320424
 20
222.5764461163
 30
0.0
 10
113.8093320424
 20
222.5803048517
 30
0.0
 10
113.8093449653
 20
222.5868871281
 30
0.0
 10
113.8099746302
 20
222.5955539093
 30
0.0
 10
113.8104575555
 20
222.6003073155
 30
0.0
 10
113.8118109715
 20
222.6032410355
 30
0.0
 10
113.8125612126
 20
222.6032410355
 30
0.0
  0
SPLINE
  5
1381
100
AcDbEntity
  8
ASSEM_MEM
100
AcDbSpline
 62
7
  6
CONTINUOUS
 70
0
 71
3
 72
13
 73
9
 74
0
 42
0.0000001
 43
0.0000001
 44
0.0000000001
 40
0.0
 40
0.0
 40
0.0
 40
0.0
 40
0.088753267
 40
0.1726234059
 40
0.2856242839
 40
0.4270385997
 40
0.5950662418
 40
1.0
 40
1.0
 40
1.0
 40
1.0
 10
282.2614719159
 20
230.7968894332
 30
0.0
 10
282.2585916198
 20
230.7968894332
 30
0.0
 10
282.2550838766
 20
230.7903222784
 30
0.0
 10
282.2532986744
 20
230.7818916695
 30
0.0
 10
282.2517335581
 20
230.770771339
 30
0.0
 10
282.250797585
 20
230.7571770025
 30
0.0
 10
282.2499236309
 20
230.7339679135
 30
0.0
 10
282.2498579623
 20
230.7153872238
 30
0.0
 10
282.2498579623
 20
230.7022459707
 30
0.0
  0
SPLINE
  5
1382
100
AcDbEntity
  8
ASSEM_MEM
100
AcDbSpline
 62
7
  6
CONTINUOUS
 70
0
 71
3
 72
13
 73
9
 74
0
 42
0.0000001
 43
0.0000001
 44
0.0000000001
 40
0.0
 40
0.0
 40
0.0
 40
0.0
 40
0.4049337592
 40
0.5729614005
 40
0.7143757149
 40
0.8273765922
 40
0.9112467318
 40
1.0
 40
1.0
 40
1.0
 40
1.0
 10
282.2498579623
 20
229.0915328956
 30
0.0
 10
282.2498579623
 20
229.0783916425
 30
0.0
 10
282.2499236309
 20
229.0598109528
 30
0.0
 10
282.250797585
 20
229.0366018639
 30
0.0
 10
282.2517335581
 20
229.0230075275
 30
0.0
 10
282.2532986744
 20
229.011887197
 30
0.0
 10
282.2550838767
 20
229.0034565881
 30
0.0
 10
282.2585916197
 20
228.9968894332
 30
0.0
 10
282.2614719159
 20
228.9968894332
 30
0.0
  0
SPLINE
  5
1383
100
AcDbEntity
  8
ASSEM_MEM
100
AcDbSpline
 62
7
  6
CONTINUOUS
 70
0
 71
3
 72
12
 73
8
 74
0
 42
0.0000001
 43
0.0000001
 44
0.0000000001
 40
0.0
 40
0.0
 40
0.0
 40
0.0
 40
0.0897609292
 40
0.1703831416
 40
0.2791456055
 40
0.5830982462
 40
1.0
 40
1.0
 40
1.0
 40
1.0
 10
282.2538643829
 20
225.1968894332
 30
0.0
 10
282.2530332783
 20
225.1968894332
 30
0.0
 10
282.2519011798
 20
225.1952058482
 30
0.0
 10
282.2512641355
 20
225.1928442259
 30
0.0
 10
282.2504271169
 20
225.1882770976
 30
0.0
 10
282.2499624646
 20
225.1806434516
 30
0.0
 10
282.2498579623
 20
225.1739546451
 30
0.0
 10
282.2498579623
 20
225.1700945139
 30
0.0
  0
SPLINE
  5
1384
100
AcDbEntity
  8
ASSEM_MEM
100
AcDbSpline
 62
7
  6
CONTINUOUS
 70
0
 71
3
 72
13
 73
9
 74
0
 42
0.0000001
 43
0.0000001
 44
0.0000000001
 40
0.0
 40
0.0
 40
0.0
 40
0.0
 40
0.088753267
 40
0.1726234059
 40
0.2856242839
 40
0.4270385997
 40
0.5950662418
 40
1.0
 40
1.0
 40
1.0
 40
1.0
 10
290.5782440088
 20
228.9968894332
 30
0.0
 10
290.5811243049
 20
228.9968894332
 30
0.0
 10
290.584632048
 20
229.0034565879
 30
0.0
 10
290.5864172503
 20
229.0118871968
 30
0.0
 10
290.5879823666
 20
229.0230075274
 30
0.0
 10
290.5889183397
 20
229.0366018638
 30
0.0
 10
290.5897922938
 20
229.0598109529
 30
0.0
 10
290.5898579623
 20
229.0783916426
 30
0.0
 10
290.5898579623
 20
229.0915328956
 30
0.0
  0
SPLINE
  5
1385
100
AcDbEntity
  8
ASSEM_MEM
100
AcDbSpline
 62
7
  6
CONTINUOUS
 70
0
 71
3
 72
13
 73
9
 74
0
 42
0.0000001
 43
0.0000001
 44
0.0000000001
 40
0.0
 40
0.0
 40
0.0
 40
0.0
 40
0.4049337592
 40
0.5729614005
 40
0.7143757149
 40
0.8273765922
 40
0.9112467318
 40
1.0
 40
1.0
 40
1.0
 40
1.0
 10
290.5898579623
 20
230.7022459707
 30
0.0
 10
290.5898579623
 20
230.7153872238
 30
0.0
 10
290.5897922938
 20
230.7339679135
 30
0.0
 10
290.5889183397
 20
230.7571770025
 30
0.0
 10
290.5879823666
 20
230.7707713388
 30
0.0
 10
290.5864172502
 20
230.7818916693
 30
0.0
 10
290.5846320479
 20
230.7903222782
 30
0.0
 10
290.5811243049
 20
230.7968894332
 30
0.0
 10
290.5782440088
 20
230.7968894332
 30
0.0
  0
SPLINE
  5
1386
100
AcDbEntity
  8
ASSEM_MEM
100
AcDbSpline
 62
7
  6
CONTINUOUS
 70
0
 71
3
 72
15
 73
11
 74
0
 42
0.0000001
 43
0.0000001
 44
0.0000000001
 40
0.0
 40
0.0
 40
0.0
 40
0.0
 40
0.4068277134
 40
0.5756512646
 40
0.7176840715
 40
0.830973427
 40
0.9144447382
 40
0.9450509149
 40
0.9687018546
 40
1.0
 40
1.0
 40
1.0
 40
1.0
 10
290.8898579623
 20
229.0915328956
 30
0.0
 10
290.8898579623
 20
229.0784018875
 30
0.0
 10
290.889798785
 20
229.0598193963
 30
0.0
 10
290.8891098659
 20
229.0366640168
 30
0.0
 10
290.8883262055
 20
229.0229928274
 30
0.0
 10
290.8871530508
 20
229.0121153275
 30
0.0
 10
290.8858293488
 20
229.0048848708
 30
0.0
 10
290.8843365912
 20
229.0006591822
 30
0.0
 10
290.8831255795
 20
228.9982353259
 30
0.0
 10
290.8815173733
 20
228.9968894332
 30
0.0
 10
290.8805071761
 20
228.9968894332
 30
0.0
  0
SPLINE
  5
1387
100
AcDbEntity
  8
ASSEM_MEM
100
AcDbSpline
 62
7
  6
CONTINUOUS
 70
0
 71
3
 72
15
 73
11
 74
0
 42
0.0000001
 43
0.0000001
 44
0.0000000001
 40
0.0
 40
0.0
 40
0.0
 40
0.0
 40
0.4068277134
 40
0.5756512646
 40
0.7176840715
 40
0.830973427
 40
0.9144447382
 40
0.9450509149
 40
0.9687018546
 40
1.0
 40
1.0
 40
1.0
 40
1.0
 10
281.9498579623
 20
230.7022459707
 30
0.0
 10
281.9498579623
 20
230.7153769788
 30
0.0
 10
281.9499171397
 20
230.73395947
 30
0.0
 10
281.9506060587
 20
230.7571148495
 30
0.0
 10
281.9513897192
 20
230.7707860389
 30
0.0
 10
281.9525628739
 20
230.7816635388
 30
0.0
 10
281.9538865758
 20
230.7888939956
 30
0.0
 10
281.9553793335
 20
230.7931196842
 30
0.0
 10
281.9565903451
 20
230.7955435404
 30
0.0
 10
281.9581985514
 20
230.7968894332
 30
0.0
 10
281.9592087485
 20
230.7968894332
 30
0.0
  0
SPLINE
  5
1388
100
AcDbEntity
  8
ASSEM_MEM
100
AcDbSpline
 62
7
  6
CONTINUOUS
 70
0
 71
3
 72
9
 73
5
 74
0
 42
0.0000001
 43
0.0000001
 44
0.0000000001
 40
0.0
 40
0.0
 40
0.0
 40
0.0
 40
0.6025936505
 40
1.0
 40
1.0
 40
1.0
 40
1.0
 10
282.27490456
 20
225.1303281976
 30
0.0
 10
282.2727390586
 20
225.1422200907
 30
0.0
 10
282.2685179233
 20
225.1618209525
 30
0.0
 10
282.2629098014
 20
225.1811698577
 30
0.0
 10
282.2597935153
 20
225.1885070939
 30
0.0
  0
SPLINE
  5
1389
100
AcDbEntity
  8
ASSEM_MEM
100
AcDbSpline
 62
7
  6
CONTINUOUS
 70
0
 71
3
 72
9
 73
5
 74
0
 42
0.0000001
 43
0.0000001
 44
0.0000000001
 40
0.0
 40
0.0
 40
0.0
 40
0.0
 40
0.6748729667
 40
1.0
 40
1.0
 40
1.0
 40
1.0
 10
282.2597935153
 20
225.1885070939
 30
0.0
 10
282.258872907
 20
225.1906746484
 30
0.0
 10
282.2575543822
 20
225.1935635193
 30
0.0
 10
282.2549989067
 20
225.1968894332
 30
0.0
 10
282.2538643829
 20
225.1968894332
 30
0.0
  0
SPLINE
  5
138A
100
AcDbEntity
  8
ASSEM_MEM
100
AcDbSpline
 62
7
  6
CONTINUOUS
 70
0
 71
3
 72
15
 73
11
 74
0
 42
0.0000001
 43
0.0000001
 44
0.0000000001
 40
0.0
 40
0.0
 40
0.0
 40
0.0
 40
0.0312981452
 40
0.0549490847
 40
0.085555261
 40
0.169026572
 40
0.2823159278
 40
0.4243487354
 40
0.593172287
 40
1.0
 40
1.0
 40
1.0
 40
1.0
 10
281.9592087485
 20
228.9968894332
 30
0.0
 10
281.9581985514
 20
228.9968894332
 30
0.0
 10
281.9565903451
 20
228.9982353259
 30
0.0
 10
281.9553793335
 20
229.0006591821
 30
0.0
 10
281.9538865758
 20
229.0048848707
 30
0.0
 10
281.9525628738
 20
229.0121153274
 30
0.0
 10
281.9513897192
 20
229.0229928274
 30
0.0
 10
281.9506060587
 20
229.0366640168
 30
0.0
 10
281.9499171397
 20
229.0598193963
 30
0.0
 10
281.9498579623
 20
229.0784018875
 30
0.0
 10
281.9498579623
 20
229.0915328956
 30
0.0
  0
SPLINE
  5
138B
100
AcDbEntity
  8
ASSEM_MEM
100
AcDbSpline
 62
7
  6
CONTINUOUS
 70
0
 71
3
 72
9
 73
5
 74
0
 42
0.0000001
 43
0.0000001
 44
0.0000000001
 40
0.0
 40
0.0
 40
0.0
 40
0.0
 40
0.3251549592
 40
1.0
 40
1.0
 40
1.0
 40
1.0
 10
290.5858515418
 20
225.1968894332
 30
0.0
 10
290.584717634
 20
225.1968894332
 30
0.0
 10
290.5821631595
 20
225.1935664309
 30
0.0
 10
290.5808451873
 20
225.1906792624
 30
0.0
 10
290.5799249997
 20
225.188513244
 30
0.0
  0
SPLINE
  5
138C
100
AcDbEntity
  8
ASSEM_MEM
100
AcDbSpline
 62
7
  6
CONTINUOUS
 70
0
 71
3
 72
9
 73
5
 74
0
 42
0.0000001
 43
0.0000001
 44
0.0000000001
 40
0.0
 40
0.0
 40
0.0
 40
0.0
 40
0.3973762768
 40
1.0
 40
1.0
 40
1.0
 40
1.0
 10
290.5799249997
 20
225.188513244
 30
0.0
 10
290.5768079426
 20
225.1811760418
 30
0.0
 10
290.5711990524
 20
225.1618249596
 30
0.0
 10
290.5669772284
 20
225.1422220399
 30
0.0
 10
290.5648113755
 20
225.1303282513
 30
0.0
  0
SPLINE
  5
138D
100
AcDbEntity
  8
ASSEM_MEM
100
AcDbSpline
 62
7
  6
CONTINUOUS
 70
0
 71
3
 72
15
 73
11
 74
0
 42
0.0000001
 43
0.0000001
 44
0.0000000001
 40
0.0
 40
0.0
 40
0.0
 40
0.0
 40
0.0312981452
 40
0.0549490847
 40
0.085555261
 40
0.169026572
 40
0.2823159278
 40
0.4243487354
 40
0.593172287
 40
1.0
 40
1.0
 40
1.0
 40
1.0
 10
290.8805071761
 20
230.7968894332
 30
0.0
 10
290.8815173733
 20
230.7968894332
 30
0.0
 10
290.8831255795
 20
230.7955435405
 30
0.0
 10
290.8843365912
 20
230.7931196842
 30
0.0
 10
290.8858293488
 20
230.7888939957
 30
0.0
 10
290.8871530508
 20
230.7816635389
 30
0.0
 10
290.8883262055
 20
230.770786039
 30
0.0
 10
290.8891098659
 20
230.7571148496
 30
0.0
 10
290.889798785
 20
230.73395947
 30
0.0
 10
290.8898579623
 20
230.7153769788
 30
0.0
 10
290.8898579623
 20
230.7022459707
 30
0.0
  0
ENDSEC
  0
SECTION
  2
OBJECTS
  0
DICTIONARY
  5
C
100
AcDbDictionary
280
0
281
1
  3
ACAD_GROUP
350
D
  3
ACAD_MLINESTYLE
350
17
  3
ACAD_LAYOUT
350
1A
  3
ACAD_PLOTSETTINGS
350
19
  3
ACAD_PLOTSTYLENAME
350
E
  3
ACAD_TABLESTYLE
350
      138E
  0
DICTIONARY
  5
D
102
{ACAD_REACTORS
330
C
102
}
100
AcDbDictionary
280
0
281
1
  0
ACDBDICTIONARYWDFLT
  5
E
102
{ACAD_REACTORS
330
C
102
}
100
AcDbDictionary
281
1
  3
Normal
350
F
100
AcDbDictionaryWithDefault
340
F
  0
DICTIONARY
  5
17
102
{ACAD_REACTORS
330
C
102
}
100
AcDbDictionary
280
0
281
1
  3
Standard
350
18
  0
DICTIONARY
  5
138E
330
C
100
AcDbDictionary
281
1
  3
Standard
350
      1391
  3
Standard1
350
      1392
  0
DICTIONARY
  5
19
102
{ACAD_REACTORS
330
C
102
}
100
AcDbDictionary
281
1
  0
DICTIONARY
  5
1A
102
{ACAD_REACTORS
330
C
102
}
100
AcDbDictionary
281
1
  3
Model
350
138F
  3
Layout1
350
1390
  0
ACDBPLACEHOLDER
  5
F
102
{ACAD_REACTORS
330
E
102
}
  0
MLINESTYLE
  5
18
102
{ACAD_REACTORS
330
17
102
}
100
AcDbMlineStyle
  2
STANDARD
 70
0
  3

 62
256
 51
90.0
 52
90.0
 71
2
 49
0.5
 62
256
  6
BYLAYER
 49
-0.5
 62
256
  6
BYLAYER
  0
LAYOUT
  5
138F
102
{ACAD_REACTORS
330
1A
102
}
100
AcDbPlotSettings
  1

  2
none_device
  4
ISO_A3_(420.00_x_297.00_MM)
  6

 40
0.0
 41
0.0
 42
0.0
 43
0.0
 44
420.0
 45
297.0
 46
0.0
 47
0.0
 48
0.0
 49
0.0
140
0.0
141
0.0
142
1.0
143
1.0
 70
1024
 72
1
 73
0
 74
0
  7

 75
0
147
1.0
148
0.0
149
0.0
100
AcDbLayout
  1
Model
 70
0
 71
0
 10
0.0
 20
0.0
 11
420.0
 21
297.0
 12
0.0
 22
0.0
 32
0.0
 14
0.0
 24
0.0
 34
0.0
 15
0.0
 25
0.0
 35
0.0
146
0.0
 13
0.0
 23
0.0
 33
0.0
 16
1.0
 26
0.0
 36
0.0
 17
0.0
 27
1.0
 37
0.0
 76
0
330
232
345
0
346
0
  0
LAYOUT
  5
1390
102
{ACAD_REACTORS
330
1A
102
}
100
AcDbPlotSettings
  1

  2
none_device
  4
ISO_A3_(420.00_x_297.00_MM)
  6

 40
0.0
 41
0.0
 42
0.0
 43
0.0
 44
420.0
 45
297.0
 46
0.0
 47
0.0
 48
0.0
 49
0.0
140
0.0
141
0.0
142
1.0
143
1.0
 70
0
 72
1
 73
0
 74
0
  7

 75
0
147
1.0
148
0.0
149
0.0
100
AcDbLayout
  1
Layout1
 70
0
 71
1
 10
0.0
 20
0.0
 11
420.0
 21
297.0
 12
0.0
 22
0.0
 32
0.0
 14
0.0
 24
0.0
 34
0.0
 15
0.0
 25
0.0
 35
0.0
146
0.0
 13
0.0
 23
0.0
 33
0.0
 16
1.0
 26
0.0
 36
0.0
 17
0.0
 27
1.0
 37
0.0
 76
0
330
233
345
0
346
0
  0
TABLESTYLE
  5
1391
102
{ACAD_REACTORS
330
138E
330
583
330
584
330
585
102
}
330
138E
100
AcDbTableStyle
  3
Standard
 70
0
 71
0
 40
1.0
 41
1.0
280
1
281
1
  7
Standard
140
0.18
170
1
 62
0
 63
7
283
0
  7
Standard
140
0.18
170
1
 62
0
 63
7
283
0
  7
Standard
140
0.18
170
1
 62
0
 63
7
283
0
  0
TABLESTYLE
  5
1392
102
{ACAD_REACTORS
330
138E
102
}
330
138E
100
AcDbTableStyle
  3
Standard1
 70
1
 71
0
 40
1.0
 41
1.0
280
1
281
1
  7
Standard
140
0.18
170
1
 62
0
 63
7
283
0
  7
Standard
140
0.18
170
1
 62
0
 63
7
283
0
  7
Standard
140
0.18
170
1
 62
0
 63
7
283
0
  0
ENDSEC
  0
EOF
