999
DXF file: nv_gpu_board_5.dxf
999
Pro/ENGINEER 2022484 by Parametric Technology Corporation
  0
SECTION
  2
HEADER
  9
$ACADVER
  1
AC1032
  9
$DWGCODEPAGE
  3
ANSI_1252
  9
$EXTMAX
 10
420.0
 20
297.0
 30
0.0
  9
$EXTMIN
 10
0.0
 20
0.0
 30
0.0
  9
$LIMMIN
 10
0.0
 20
0.0
  9
$LIMMAX
 10
420.0
 20
297.0
  9
$VIEWCTR
 10
210.0
 20
148.5
  9
$VIEWSIZE
 40
297.0
  9
$CLAYER
  8
0
  9
$LTSCALE
 40
23.1
  9
$CELTYPE
  6
BYLAYER
  9
$DIMSCALE
 40
1.0
  9
$DIMASZ
 40
2.1
  9
$DIMEXO
 40
1.0
  9
$DIMDLI
 40
15.96
  9
$DIMEXE
 40
2.0
  9
$DIMCEN
 40
3.78
  9
$DIMLFAC
 40
1.0
  9
$DIMBLK
  1
_FILLED
  9
$DIMALT
 70
0
  9
$DIMALTF
 40
0.0393700787
  9
$DIMTXT
 40
3.0
  9
$DIMTOL
 70
1
  9
$DIMLIM
 70
0
  9
$DIMTFAC
 40
1.0
  9
$DIMTP
 40
0.01
  9
$DIMTM
 40
0.01
  9
$DIMGAP
 40
0.625
  9
$DIMDSEP
 70
46
  9
$AUNITS
 70
0
  9
$PDMODE
 70
3
  9
$PDSIZE
 40
0.3125
  9
$HANDSEED
  5
8C7
  9
$TILEMODE
 70
1
  9
$MEASUREMENT
 70
1
  9
$INSUNITS
 70
4
  0
ENDSEC
  0
SECTION
  2
CLASSES
  0
CLASS
  1
ACDBDICTIONARYWDFLT
  2
AcDbDictionaryWithDefault
  3
AutoCAD 2000
 90
0
 91
1
280
0
281
0
  0
CLASS
  1
ACDBPLACEHOLDER
  2
AcDbPlaceHolder
  3
AutoCAD 2000
 90
0
 91
1
280
0
281
0
  0
CLASS
  1
LAYOUT
  2
AcDbLayout
  3
AutoCAD 2000
 90
0
 91
0
280
0
281
0
  0
CLASS
  1
TABLESTYLE
  2
AcDbTableStyle
  3
ObjectDBX Classes
 90
2047
 91
1
280
0
281
0
  0
CLASS
  1
ACAD_TABLE
  2
AcDbTable
  3
ObjectDBX Classes
 90
1025
 91
3
280
0
281
1
  0
ENDSEC
  0
SECTION
  2
TABLES
  0
TABLE
  2
VPORT
  5
8
100
AcDbSymbolTable
 70
2
  0
VPORT
  5
1F4
100
AcDbSymbolTableRecord
100
AcDbViewportTableRecord
  2
*ACTIVE
 70
0
 10
0.0
 20
0.0
 11
1.0
 21
1.0
 12
210.0
 22
148.5
 13
0.0
 23
0.0
 14
1.0
 24
1.0
 15
0.0
 25
0.0
 16
0.0
 26
0.0
 36
1.0
 17
0.0
 27
0.0
 37
0.0
 40
297.0
 41
1.4141414141
 42
50.0
 43
0.0
 44
0.0
 50
0.0
 51
0.0
 71
0
 72
100
 73
1
 74
1
 75
0
 76
0
 77
0
 78
0
  0
ENDTAB
  0
TABLE
  2
LTYPE
  5
5
100
AcDbSymbolTable
 70
6
  0
LTYPE
  5
14
100
AcDbSymbolTableRecord
100
AcDbLinetypeTableRecord
  2
BYBLOCK
 70
0
  3

 72
65
 73
0
 40
0.0
  0
LTYPE
  5
15
100
AcDbSymbolTableRecord
100
AcDbLinetypeTableRecord
  2
BYLAYER
 70
0
  3

 72
65
 73
0
 40
0.0
  0
LTYPE
  5
16
100
AcDbSymbolTableRecord
100
AcDbLinetypeTableRecord
  2
CONTINUOUS
 70
64
  3
Solid line
 72
65
 73
0
 40
0.0
  0
LTYPE
  5
1F5
100
AcDbSymbolTableRecord
100
AcDbLinetypeTableRecord
  2
CENTER
 70
64
  3
____ _ ____ _ ____ _ ____ _ ____ _ ____ _ ____
 72
65
 73
4
 40
0.6
 49
0.375
 74
0
 49
-0.075
 74
0
 49
0.075
 74
0
 49
-0.075
 74
0
  0
LTYPE
  5
1F6
100
AcDbSymbolTableRecord
100
AcDbLinetypeTableRecord
  2
HIDDEN
 70
64
  3
- - - - - - - - - - - - - - - - - - - -
 72
65
 73
2
 40
0.2
 49
0.1
 74
0
 49
-0.1
 74
0
  0
LTYPE
  5
1F7
100
AcDbSymbolTableRecord
100
AcDbLinetypeTableRecord
  2
PHANTOM
 70
64
  3
_____ _ _ _____ _ _ _____ _ _ _____
 72
65
 73
6
 40
0.8
 49
0.45
 74
0
 49
-0.05
 74
0
 49
0.1
 74
0
 49
-0.05
 74
0
 49
0.1
 74
0
 49
-0.05
 74
0
  0
LTYPE
  5
1F8
100
AcDbSymbolTableRecord
100
AcDbLinetypeTableRecord
  2
DOT
 70
64
  3
. . . . . . . . . . . . . . . . . . . .
 72
65
 73
2
 40
0.2
 49
0.1
 74
0
 49
-0.1
 74
0
  0
LTYPE
  5
1F9
100
AcDbSymbolTableRecord
100
AcDbLinetypeTableRecord
  2
DASHED
 70
64
  3
- - - - - - - - - - - - - - - - - - - -
 72
65
 73
2
 40
0.2
 49
0.1
 74
0
 49
-0.1
 74
0
  0
ENDTAB
  0
TABLE
  2
LAYER
  5
2
100
AcDbSymbolTable
 70
36
  0
LAYER
  5
10
100
AcDbSymbolTableRecord
100
AcDbLayerTableRecord
  2
0
 70
0
 62
7
  6
CONTINUOUS
370
-3
390
F
  0
LAYER
  5
1FA
100
AcDbSymbolTableRecord
100
AcDbLayerTableRecord
  2
DEFAULT_1
 70
0
 62
7
  6
CENTER
370
-3
390
F
  0
LAYER
  5
1FB
100
AcDbSymbolTableRecord
100
AcDbLayerTableRecord
  2
DEFAULT_2
 70
0
 62
8
  6
HIDDEN
370
-3
390
F
  0
LAYER
  5
1FC
100
AcDbSymbolTableRecord
100
AcDbLayerTableRecord
  2
DEFAULT_3
 70
0
 62
7
  6
PHANTOM
370
-3
390
F
  0
LAYER
  5
1FD
100
AcDbSymbolTableRecord
100
AcDbLayerTableRecord
  2
01_ALL_DTM_PLN
 70
0
 62
7
  6
CONTINUOUS
370
-3
390
F
  0
LAYER
  5
1FE
100
AcDbSymbolTableRecord
100
AcDbLayerTableRecord
  2
01__ASM_ALL_DTM_PLN
 70
0
 62
7
  6
CONTINUOUS
370
-3
390
F
  0
LAYER
  5
1FF
100
AcDbSymbolTableRecord
100
AcDbLayerTableRecord
  2
01__ASM_DEF_DTM_PLN
 70
0
 62
7
  6
CONTINUOUS
370
-3
390
F
  0
LAYER
  5
200
100
AcDbSymbolTableRecord
100
AcDbLayerTableRecord
  2
01___PRT_ALL_DTM_PLN
 70
0
 62
7
  6
CONTINUOUS
370
-3
390
F
  0
LAYER
  5
201
100
AcDbSymbolTableRecord
100
AcDbLayerTableRecord
  2
01___PRT_DEF_DTM_PLN
 70
0
 62
7
  6
CONTINUOUS
370
-3
390
F
  0
LAYER
  5
202
100
AcDbSymbolTableRecord
100
AcDbLayerTableRecord
  2
02_ALL_AXES
 70
0
 62
7
  6
CONTINUOUS
370
-3
390
F
  0
LAYER
  5
203
100
AcDbSymbolTableRecord
100
AcDbLayerTableRecord
  2
02__ASM_ALL_AXES
 70
0
 62
7
  6
CONTINUOUS
370
-3
390
F
  0
LAYER
  5
204
100
AcDbSymbolTableRecord
100
AcDbLayerTableRecord
  2
02___PRT_ALL_AXES
 70
0
 62
7
  6
CONTINUOUS
370
-3
390
F
  0
LAYER
  5
205
100
AcDbSymbolTableRecord
100
AcDbLayerTableRecord
  2
03_ALL_CURVES
 70
0
 62
7
  6
CONTINUOUS
370
-3
390
F
  0
LAYER
  5
206
100
AcDbSymbolTableRecord
100
AcDbLayerTableRecord
  2
03__ASM_ALL_CURVES
 70
0
 62
7
  6
CONTINUOUS
370
-3
390
F
  0
LAYER
  5
207
100
AcDbSymbolTableRecord
100
AcDbLayerTableRecord
  2
03___PRT_ALL_CURVES
 70
0
 62
7
  6
CONTINUOUS
370
-3
390
F
  0
LAYER
  5
208
100
AcDbSymbolTableRecord
100
AcDbLayerTableRecord
  2
04_ALL_DTM_PNT
 70
0
 62
7
  6
CONTINUOUS
370
-3
390
F
  0
LAYER
  5
209
100
AcDbSymbolTableRecord
100
AcDbLayerTableRecord
  2
04__ASM_ALL_DTM_PNT
 70
0
 62
7
  6
CONTINUOUS
370
-3
390
F
  0
LAYER
  5
20A
100
AcDbSymbolTableRecord
100
AcDbLayerTableRecord
  2
04___PRT_ALL_DTM_PNT
 70
0
 62
7
  6
CONTINUOUS
370
-3
390
F
  0
LAYER
  5
20B
100
AcDbSymbolTableRecord
100
AcDbLayerTableRecord
  2
05_ALL_DTM_CSYS
 70
0
 62
7
  6
CONTINUOUS
370
-3
390
F
  0
LAYER
  5
20C
100
AcDbSymbolTableRecord
100
AcDbLayerTableRecord
  2
05__ASM_ALL_DTM_CSYS
 70
0
 62
7
  6
CONTINUOUS
370
-3
390
F
  0
LAYER
  5
20D
100
AcDbSymbolTableRecord
100
AcDbLayerTableRecord
  2
05__ASM_DEF_DTM_CSYS
 70
0
 62
7
  6
CONTINUOUS
370
-3
390
F
  0
LAYER
  5
20E
100
AcDbSymbolTableRecord
100
AcDbLayerTableRecord
  2
05___PRT_ALL_DTM_CSYS
 70
0
 62
7
  6
CONTINUOUS
370
-3
390
F
  0
LAYER
  5
20F
100
AcDbSymbolTableRecord
100
AcDbLayerTableRecord
  2
05___PRT_DEF_DTM_CSYS
 70
0
 62
7
  6
CONTINUOUS
370
-3
390
F
  0
LAYER
  5
210
100
AcDbSymbolTableRecord
100
AcDbLayerTableRecord
  2
06_ALL_SURFS
 70
0
 62
7
  6
CONTINUOUS
370
-3
390
F
  0
LAYER
  5
211
100
AcDbSymbolTableRecord
100
AcDbLayerTableRecord
  2
06__ASM_ALL_SURFS
 70
0
 62
7
  6
CONTINUOUS
370
-3
390
F
  0
LAYER
  5
212
100
AcDbSymbolTableRecord
100
AcDbLayerTableRecord
  2
06___PRT_ALL_SURFS
 70
0
 62
7
  6
CONTINUOUS
370
-3
390
F
  0
LAYER
  5
213
100
AcDbSymbolTableRecord
100
AcDbLayerTableRecord
  2
07__ASM_ALL_SKELETONS
 70
0
 62
7
  6
CONTINUOUS
370
-3
390
F
  0
LAYER
  5
214
100
AcDbSymbolTableRecord
100
AcDbLayerTableRecord
  2
ASSEM_MEM
 70
0
 62
7
  6
CONTINUOUS
370
-3
390
F
  0
LAYER
  5
215
100
AcDbSymbolTableRecord
100
AcDbLayerTableRecord
  2
AXIS
 70
0
 62
7
  6
CONTINUOUS
370
-3
390
F
  0
LAYER
  5
216
100
AcDbSymbolTableRecord
100
AcDbLayerTableRecord
  2
CSYS
 70
0
 62
7
  6
CONTINUOUS
370
-3
390
F
  0
LAYER
  5
217
100
AcDbSymbolTableRecord
100
AcDbLayerTableRecord
  2
CURVE
 70
0
 62
7
  6
CONTINUOUS
370
-3
390
F
  0
LAYER
  5
218
100
AcDbSymbolTableRecord
100
AcDbLayerTableRecord
  2
DATUM
 70
0
 62
7
  6
CONTINUOUS
370
-3
390
F
  0
LAYER
  5
219
100
AcDbSymbolTableRecord
100
AcDbLayerTableRecord
  2
DETAIL
 70
0
 62
7
  6
CONTINUOUS
370
-3
390
F
  0
LAYER
  5
21A
100
AcDbSymbolTableRecord
100
AcDbLayerTableRecord
  2
FEATURE
 70
0
 62
7
  6
CONTINUOUS
370
-3
390
F
  0
LAYER
  5
21B
100
AcDbSymbolTableRecord
100
AcDbLayerTableRecord
  2
GEOM_FEAT
 70
0
 62
7
  6
CONTINUOUS
370
-3
390
F
  0
ENDTAB
  0
TABLE
  2
STYLE
  5
3
100
AcDbSymbolTable
 70
1
  0
STYLE
  5
11
100
AcDbSymbolTableRecord
100
AcDbTextStyleTableRecord
  2
STANDARD
 70
0
 40
0.0
 41
0.8
 50
0.0
 71
0
 42
0.2
  3
txt
  4

  0
STYLE
  5
21C
100
AcDbSymbolTableRecord
100
AcDbTextStyleTableRecord
  2
TEXTSTYLE_1
 70
0
 40
0.0
 41
0.8
 50
0.0
 71
0
 42
0.2
  3
gdt
  4

  0
STYLE
  5
21D
100
AcDbSymbolTableRecord
100
AcDbTextStyleTableRecord
  2
TEXTSTYLE_2
 70
0
 40
0.0
 41
1.0
 50
0.0
 71
0
 42
0.2
  3
txt
  4

  0
STYLE
  5
21E
100
AcDbSymbolTableRecord
100
AcDbTextStyleTableRecord
  2
TEXTSTYLE_3
 70
0
 40
0.0
 41
1.0
 50
0.0
 71
0
 42
0.2
  3
symbol_asme.ttf
  4

1001
ACAD
1000
Symbol_ASME
1071
34
  0
STYLE
  5
21F
100
AcDbSymbolTableRecord
100
AcDbTextStyleTableRecord
  2
TEXTSTYLE_4
 70
0
 40
0.0
 41
0.9
 50
0.0
 71
0
 42
0.2
  3
txt
  4

  0
STYLE
  5
220
100
AcDbSymbolTableRecord
100
AcDbTextStyleTableRecord
  2
TEXTSTYLE_5
 70
0
 40
0.0
 41
0.8
 50
0.0
 71
0
 42
0.2
  3
txt
  4

  0
STYLE
  5
221
100
AcDbSymbolTableRecord
100
AcDbTextStyleTableRecord
  2
TEXTSTYLE_6
 70
0
 40
0.0
 41
0.9
 50
0.0
 71
0
 42
0.2
  3
txt
  4

  0
STYLE
  5
222
100
AcDbSymbolTableRecord
100
AcDbTextStyleTableRecord
  2
TEXTSTYLE_7
 70
0
 40
0.0
 41
1.0
 50
0.0
 71
0
 42
0.2
  3
txt
  4

  0
STYLE
  5
223
100
AcDbSymbolTableRecord
100
AcDbTextStyleTableRecord
  2
TEXTSTYLE_8
 70
0
 40
0.0
 41
1.0
 50
0.0
 71
0
 42
0.2
  3
gdt
  4

  0
STYLE
  5
224
100
AcDbSymbolTableRecord
100
AcDbTextStyleTableRecord
  2
TEXTSTYLE_9
 70
0
 40
0.0
 41
0.75
 50
0.0
 71
0
 42
0.2
  3
txt
  4

  0
ENDTAB
  0
TABLE
  2
VIEW
  5
6
100
AcDbSymbolTable
 70
0
  0
ENDTAB
  0
TABLE
  2
UCS
  5
7
100
AcDbSymbolTable
 70
0
  0
ENDTAB
  0
TABLE
  2
APPID
  5
9
100
AcDbSymbolTable
 70
1
  0
APPID
  5
225
100
AcDbSymbolTableRecord
100
AcDbRegAppTableRecord
  2
ACAD
 70
0
  0
ENDTAB
  0
TABLE
  2
BLOCK_RECORD
  5
1
100
AcDbSymbolTable
 70
0
  0
BLOCK_RECORD
  5
226
100
AcDbSymbolTableRecord
100
AcDbBlockTableRecord
  2
*Model_Space
  0
BLOCK_RECORD
  5
227
100
AcDbSymbolTableRecord
100
AcDbBlockTableRecord
  2
*Paper_Space
  0
BLOCK_RECORD
  5
228
100
AcDbSymbolTableRecord
100
AcDbBlockTableRecord
  2
_FILLED
  0
BLOCK_RECORD
  5
229
100
AcDbSymbolTableRecord
100
AcDbBlockTableRecord
  2
*D0
  0
BLOCK_RECORD
  5
22A
100
AcDbSymbolTableRecord
100
AcDbBlockTableRecord
  2
*D1
  0
BLOCK_RECORD
  5
22B
100
AcDbSymbolTableRecord
100
AcDbBlockTableRecord
  2
*D2
  0
BLOCK_RECORD
  5
22C
100
AcDbSymbolTableRecord
100
AcDbBlockTableRecord
  2
*D3
  0
BLOCK_RECORD
  5
22D
100
AcDbSymbolTableRecord
100
AcDbBlockTableRecord
  2
*D4
  0
BLOCK_RECORD
  5
22E
100
AcDbSymbolTableRecord
100
AcDbBlockTableRecord
  2
*D5
  0
BLOCK_RECORD
  5
22F
100
AcDbSymbolTableRecord
100
AcDbBlockTableRecord
  2
*D6
  0
BLOCK_RECORD
  5
230
100
AcDbSymbolTableRecord
100
AcDbBlockTableRecord
  2
*D7
  0
BLOCK_RECORD
  5
231
100
AcDbSymbolTableRecord
100
AcDbBlockTableRecord
  2
*D8
  0
BLOCK_RECORD
  5
232
100
AcDbSymbolTableRecord
100
AcDbBlockTableRecord
  2
*D9
  0
BLOCK_RECORD
  5
233
100
AcDbSymbolTableRecord
100
AcDbBlockTableRecord
  2
*D10
  0
BLOCK_RECORD
  5
234
100
AcDbSymbolTableRecord
100
AcDbBlockTableRecord
  2
*D11
  0
BLOCK_RECORD
  5
235
100
AcDbSymbolTableRecord
100
AcDbBlockTableRecord
  2
*D12
  0
BLOCK_RECORD
  5
236
100
AcDbSymbolTableRecord
100
AcDbBlockTableRecord
  2
*D13
  0
BLOCK_RECORD
  5
237
100
AcDbSymbolTableRecord
100
AcDbBlockTableRecord
  2
*D14
  0
BLOCK_RECORD
  5
238
100
AcDbSymbolTableRecord
100
AcDbBlockTableRecord
  2
*D15
  0
BLOCK_RECORD
  5
239
100
AcDbSymbolTableRecord
100
AcDbBlockTableRecord
  2
*D16
  0
BLOCK_RECORD
  5
23A
100
AcDbSymbolTableRecord
100
AcDbBlockTableRecord
  2
*D17
  0
BLOCK_RECORD
  5
23B
100
AcDbSymbolTableRecord
100
AcDbBlockTableRecord
  2
*D18
  0
BLOCK_RECORD
  5
23C
100
AcDbSymbolTableRecord
100
AcDbBlockTableRecord
  2
*D19
  0
BLOCK_RECORD
  5
23D
100
AcDbSymbolTableRecord
100
AcDbBlockTableRecord
  2
*D20
  0
BLOCK_RECORD
  5
23E
100
AcDbSymbolTableRecord
100
AcDbBlockTableRecord
  2
*D21
  0
BLOCK_RECORD
  5
23F
100
AcDbSymbolTableRecord
100
AcDbBlockTableRecord
  2
*D22
  0
BLOCK_RECORD
  5
240
100
AcDbSymbolTableRecord
100
AcDbBlockTableRecord
  2
*D23
  0
BLOCK_RECORD
  5
241
100
AcDbSymbolTableRecord
100
AcDbBlockTableRecord
  2
*D24
  0
BLOCK_RECORD
  5
242
100
AcDbSymbolTableRecord
100
AcDbBlockTableRecord
  2
*D25
  0
BLOCK_RECORD
  5
243
100
AcDbSymbolTableRecord
100
AcDbBlockTableRecord
  2
*D26
  0
BLOCK_RECORD
  5
244
100
AcDbSymbolTableRecord
100
AcDbBlockTableRecord
  2
*D27
  0
BLOCK_RECORD
  5
245
100
AcDbSymbolTableRecord
100
AcDbBlockTableRecord
  2
*D28
  0
BLOCK_RECORD
  5
246
100
AcDbSymbolTableRecord
100
AcDbBlockTableRecord
  2
*D29
  0
BLOCK_RECORD
  5
247
100
AcDbSymbolTableRecord
100
AcDbBlockTableRecord
  2
*D30
  0
BLOCK_RECORD
  5
248
100
AcDbSymbolTableRecord
100
AcDbBlockTableRecord
  2
*D31
  0
BLOCK_RECORD
  5
249
100
AcDbSymbolTableRecord
100
AcDbBlockTableRecord
  2
*D32
  0
BLOCK_RECORD
  5
24A
100
AcDbSymbolTableRecord
100
AcDbBlockTableRecord
  2
*D33
  0
BLOCK_RECORD
  5
24B
100
AcDbSymbolTableRecord
100
AcDbBlockTableRecord
  2
*D34
  0
BLOCK_RECORD
  5
24C
100
AcDbSymbolTableRecord
100
AcDbBlockTableRecord
  2
*D35
  0
BLOCK_RECORD
  5
24D
100
AcDbSymbolTableRecord
100
AcDbBlockTableRecord
  2
*D36
  0
BLOCK_RECORD
  5
24E
100
AcDbSymbolTableRecord
100
AcDbBlockTableRecord
  2
*D37
  0
BLOCK_RECORD
  5
24F
100
AcDbSymbolTableRecord
100
AcDbBlockTableRecord
  2
*D38
  0
BLOCK_RECORD
  5
250
100
AcDbSymbolTableRecord
100
AcDbBlockTableRecord
  2
*D39
  0
BLOCK_RECORD
  5
251
100
AcDbSymbolTableRecord
100
AcDbBlockTableRecord
  2
*D40
  0
BLOCK_RECORD
  5
252
100
AcDbSymbolTableRecord
100
AcDbBlockTableRecord
  2
*D41
  0
BLOCK_RECORD
  5
253
100
AcDbSymbolTableRecord
100
AcDbBlockTableRecord
  2
*D42
  0
BLOCK_RECORD
  5
254
100
AcDbSymbolTableRecord
100
AcDbBlockTableRecord
  2
*D43
  0
BLOCK_RECORD
  5
255
100
AcDbSymbolTableRecord
100
AcDbBlockTableRecord
  2
*D44
  0
BLOCK_RECORD
  5
256
100
AcDbSymbolTableRecord
100
AcDbBlockTableRecord
  2
*D45
  0
BLOCK_RECORD
  5
257
100
AcDbSymbolTableRecord
100
AcDbBlockTableRecord
  2
*D46
  0
BLOCK_RECORD
  5
258
100
AcDbSymbolTableRecord
100
AcDbBlockTableRecord
  2
*D47
  0
BLOCK_RECORD
  5
259
100
AcDbSymbolTableRecord
100
AcDbBlockTableRecord
  2
*D48
  0
BLOCK_RECORD
  5
25A
100
AcDbSymbolTableRecord
100
AcDbBlockTableRecord
  2
*D49
  0
BLOCK_RECORD
  5
25B
100
AcDbSymbolTableRecord
100
AcDbBlockTableRecord
  2
*D50
  0
BLOCK_RECORD
  5
25C
100
AcDbSymbolTableRecord
100
AcDbBlockTableRecord
  2
*D51
  0
BLOCK_RECORD
  5
25D
100
AcDbSymbolTableRecord
100
AcDbBlockTableRecord
  2
*D52
  0
BLOCK_RECORD
  5
25E
100
AcDbSymbolTableRecord
100
AcDbBlockTableRecord
  2
*D53
  0
BLOCK_RECORD
  5
25F
100
AcDbSymbolTableRecord
100
AcDbBlockTableRecord
  2
*D54
  0
BLOCK_RECORD
  5
260
100
AcDbSymbolTableRecord
100
AcDbBlockTableRecord
  2
*D55
  0
BLOCK_RECORD
  5
261
100
AcDbSymbolTableRecord
100
AcDbBlockTableRecord
  2
*D56
  0
BLOCK_RECORD
  5
262
100
AcDbSymbolTableRecord
100
AcDbBlockTableRecord
  2
*D57
  0
BLOCK_RECORD
  5
263
100
AcDbSymbolTableRecord
100
AcDbBlockTableRecord
  2
*D58
  0
BLOCK_RECORD
  5
264
100
AcDbSymbolTableRecord
100
AcDbBlockTableRecord
  2
*D59
  0
BLOCK_RECORD
  5
265
100
AcDbSymbolTableRecord
100
AcDbBlockTableRecord
  2
*D60
  0
BLOCK_RECORD
  5
266
100
AcDbSymbolTableRecord
100
AcDbBlockTableRecord
  2
*D61
  0
BLOCK_RECORD
  5
267
100
AcDbSymbolTableRecord
100
AcDbBlockTableRecord
  2
*D62
  0
BLOCK_RECORD
  5
268
100
AcDbSymbolTableRecord
100
AcDbBlockTableRecord
  2
*D63
  0
BLOCK_RECORD
  5
269
100
AcDbSymbolTableRecord
100
AcDbBlockTableRecord
  2
*D64
  0
BLOCK_RECORD
  5
26A
100
AcDbSymbolTableRecord
100
AcDbBlockTableRecord
  2
*D65
  0
BLOCK_RECORD
  5
26B
100
AcDbSymbolTableRecord
100
AcDbBlockTableRecord
  2
*D66
  0
BLOCK_RECORD
  5
26C
100
AcDbSymbolTableRecord
100
AcDbBlockTableRecord
  2
*D67
  0
BLOCK_RECORD
  5
26D
100
AcDbSymbolTableRecord
100
AcDbBlockTableRecord
  2
*D68
  0
BLOCK_RECORD
  5
26E
100
AcDbSymbolTableRecord
100
AcDbBlockTableRecord
  2
*D69
  0
BLOCK_RECORD
  5
26F
100
AcDbSymbolTableRecord
100
AcDbBlockTableRecord
  2
*D70
  0
BLOCK_RECORD
  5
270
100
AcDbSymbolTableRecord
100
AcDbBlockTableRecord
  2
*D71
  0
BLOCK_RECORD
  5
271
100
AcDbSymbolTableRecord
100
AcDbBlockTableRecord
  2
*D72
  0
BLOCK_RECORD
  5
272
100
AcDbSymbolTableRecord
100
AcDbBlockTableRecord
  2
*D73
  0
BLOCK_RECORD
  5
273
100
AcDbSymbolTableRecord
100
AcDbBlockTableRecord
  2
*D74
  0
BLOCK_RECORD
  5
274
100
AcDbSymbolTableRecord
100
AcDbBlockTableRecord
  2
*D75
  0
BLOCK_RECORD
  5
275
100
AcDbSymbolTableRecord
100
AcDbBlockTableRecord
  2
*D76
  0
BLOCK_RECORD
  5
276
100
AcDbSymbolTableRecord
100
AcDbBlockTableRecord
  2
*D77
  0
BLOCK_RECORD
  5
277
100
AcDbSymbolTableRecord
100
AcDbBlockTableRecord
  2
*D78
  0
BLOCK_RECORD
  5
278
100
AcDbSymbolTableRecord
100
AcDbBlockTableRecord
  2
*D79
  0
BLOCK_RECORD
  5
279
100
AcDbSymbolTableRecord
100
AcDbBlockTableRecord
  2
*D80
  0
BLOCK_RECORD
  5
27A
100
AcDbSymbolTableRecord
100
AcDbBlockTableRecord
  2
*D81
  0
BLOCK_RECORD
  5
27B
100
AcDbSymbolTableRecord
100
AcDbBlockTableRecord
  2
*D82
  0
BLOCK_RECORD
  5
27C
100
AcDbSymbolTableRecord
100
AcDbBlockTableRecord
  2
*D83
  0
BLOCK_RECORD
  5
27D
100
AcDbSymbolTableRecord
100
AcDbBlockTableRecord
  2
SYM301_BL5
  0
BLOCK_RECORD
  5
27E
100
AcDbSymbolTableRecord
100
AcDbBlockTableRecord
  2
SYM001_BL4
  0
BLOCK_RECORD
  5
27F
100
AcDbSymbolTableRecord
100
AcDbBlockTableRecord
  2
SYM001_BL3
  0
BLOCK_RECORD
  5
280
100
AcDbSymbolTableRecord
100
AcDbBlockTableRecord
  2
SYM301_BL2
  0
BLOCK_RECORD
  5
281
100
AcDbSymbolTableRecord
100
AcDbBlockTableRecord
  2
SYM301_BL1
  0
BLOCK_RECORD
  5
282
100
AcDbSymbolTableRecord
100
AcDbBlockTableRecord
  2
SYM301_BL0
  0
BLOCK_RECORD
  5
283
100
AcDbSymbolTableRecord
100
AcDbBlockTableRecord
  2
*T1
  0
BLOCK_RECORD
  5
284
100
AcDbSymbolTableRecord
100
AcDbBlockTableRecord
  2
*T2
  0
BLOCK_RECORD
  5
285
100
AcDbSymbolTableRecord
100
AcDbBlockTableRecord
  2
*T3
  0
ENDTAB
  0
TABLE
  2
DIMSTYLE
  5
A
100
AcDbSymbolTable
 70
1
100
AcDbDimStyleTable
 71
0
  0
DIMSTYLE
105
286
100
AcDbSymbolTableRecord
100
AcDbDimStyleTableRecord
  2
STANDARD
 70
0
  3

  4

 40
1.0
 41
2.1
 42
1.0
 43
0.38
 44
2.0
 45
0.0
 46
0.0
 47
0.01
 48
0.01
140
3.0
141
0.09
142
0.0
143
25.4
144
1.0
145
0.0
146
1.0
147
0.625
 71
1
 72
0
 73
0
 74
0
 75
0
 76
0
 77
1
 78
0
 79
0
170
0
171
1
172
0
173
0
174
0
175
0
176
0
177
0
178
0
270
2
179
2
271
2
272
2
273
2
274
2
275
0
280
0
281
0
282
0
283
1
284
0
285
0
286
0
287
3
288
0
340
11
278
46
341
228
342
228
343
228
344
228
  0
DIMSTYLE
105
287
100
AcDbSymbolTableRecord
100
AcDbDimStyleTableRecord
  2
DIMSTYLE_1
 70
0
  3

  4

 40
1.0
 41
2.1
 42
1.0
 43
0.38
 44
2.0
 45
0.0
 46
0.0
 47
0.01
 48
0.01
140
3.0
141
0.09
142
0.0
143
25.4
144
1.0
145
0.0
146
1.0
147
0.75
 71
0
 72
0
 73
0
 74
0
 75
0
 76
0
 77
1
 78
0
 79
0
170
0
171
1
172
0
173
0
174
0
175
0
176
0
177
0
178
0
270
2
179
2
271
2
272
2
273
2
274
2
275
0
280
0
281
0
282
0
283
1
284
0
285
0
286
0
287
3
288
0
340
11
278
46
341
228
342
228
343
228
344
228
  0
DIMSTYLE
105
288
100
AcDbSymbolTableRecord
100
AcDbDimStyleTableRecord
  2
DIMSTYLE_2
 70
0
  3

  4

 40
1.0
 41
2.1
 42
1.0
 43
0.38
 44
2.0
 45
0.0
 46
0.0
 47
0.01
 48
0.01
140
3.0
141
0.09
142
0.0
143
25.4
144
1.0
145
0.0
146
1.0
147
0.75
 71
0
 72
0
 73
1
 74
1
 75
0
 76
0
 77
0
 78
0
 79
0
170
0
171
1
172
0
173
0
174
0
175
0
176
0
177
0
178
0
270
2
179
2
271
2
272
2
273
2
274
2
275
0
280
0
281
0
282
0
283
1
284
0
285
0
286
0
287
3
288
0
340
11
278
46
341
228
342
228
343
228
344
228
  0
DIMSTYLE
105
289
100
AcDbSymbolTableRecord
100
AcDbDimStyleTableRecord
  2
DIMSTYLE_3
 70
0
  3
<>
  4

 40
1.0
 41
2.1
 42
1.0
 43
0.38
 44
2.0
 45
0.0
 46
0.0
 47
0.01
 48
0.01
140
3.0
141
0.09
142
0.0
143
25.4
144
1.0
145
0.0
146
1.0
147
0.625
 71
0
 72
0
 73
0
 74
0
 75
0
 76
0
 77
1
 78
0
 79
0
170
0
171
1
172
1
173
0
174
0
175
0
176
0
177
0
178
0
270
2
179
2
271
2
272
2
273
2
274
2
275
0
280
0
281
0
282
0
283
1
284
0
285
0
286
0
287
3
288
1
340
11
278
46
289
2
341
228
342
228
343
228
344
228
  0
DIMSTYLE
105
28A
100
AcDbSymbolTableRecord
100
AcDbDimStyleTableRecord
  2
DIMSTYLE_4
 70
0
  3
<>
  4

 40
1.0
 41
2.1
 42
1.0
 43
0.38
 44
2.0
 45
0.0
 46
0.0
 47
0.01
 48
0.01
140
3.0
141
0.09
142
0.0
143
25.4
144
0.3333333333
145
0.0
146
1.0
147
0.625
 71
0
 72
0
 73
0
 74
0
 75
0
 76
0
 77
1
 78
0
 79
0
170
0
171
1
172
1
173
0
174
0
175
0
176
0
177
0
178
0
270
2
179
2
271
2
272
2
273
2
274
2
275
0
280
0
281
0
282
0
283
1
284
0
285
0
286
0
287
3
288
1
340
11
278
46
289
2
341
228
342
228
343
228
344
228
  0
DIMSTYLE
105
28B
100
AcDbSymbolTableRecord
100
AcDbDimStyleTableRecord
  2
DIMSTYLE_5
 70
0
  3

  4

 40
1.0
 41
2.1
 42
1.0
 43
0.38
 44
2.0
 45
0.0
 46
0.0
 47
0.01
 48
0.01
140
3.0
141
0.09
142
0.0
143
25.4
144
0.3333333333
145
0.0
146
1.0
147
0.75
 71
0
 72
0
 73
0
 74
0
 75
0
 76
0
 77
1
 78
0
 79
0
170
0
171
1
172
0
173
0
174
0
175
0
176
0
177
0
178
0
270
2
179
2
271
2
272
2
273
2
274
2
275
0
280
0
281
0
282
0
283
1
284
0
285
0
286
0
287
3
288
0
340
11
278
46
341
228
342
228
343
228
344
228
  0
ENDTAB
  0
ENDSEC
  0
SECTION
  2
BLOCKS
  0
BLOCK
  5
20
100
AcDbEntity
  8
0
100
AcDbBlockBegin
  2
*Model_Space
 70
0
 10
0.0
 20
0.0
 30
0.0
  3
*Model_Space
  1

  0
ENDBLK
  5
21
100
AcDbEntity
  8
0
100
AcDbBlockEnd
  0
BLOCK
  5
1C
100
AcDbEntity
  8
0
100
AcDbBlockBegin
  2
*Paper_Space
 70
0
 10
0.0
 20
0.0
 30
0.0
  3
*Paper_Space
  1

  0
ENDBLK
  5
1D
100
AcDbEntity
  8
0
100
AcDbBlockEnd
  0
BLOCK
  5
28C
100
AcDbEntity
  8
0
100
AcDbBlockBegin
 62
2
  6
CONTINUOUS
  2
SYM301_BL5
 70
64
 10
306.0943526642
 20
40.5623453798
  3
SYM301_BL5
  1

  0
LINE
  5
28D
100
AcDbEntity
  8
0
100
AcDbLine
 62
2
  6
CONTINUOUS
 10
305.4746715039
 20
39.9912666635
 11
306.6654313805
 21
39.9912666635
  0
LINE
  5
28E
100
AcDbEntity
  8
0
100
AcDbLine
 62
2
  6
CONTINUOUS
 10
306.6897326024
 20
40.6717008786
 11
305.4746715039
 21
40.355784993
  0
LINE
  5
28F
100
AcDbEntity
  8
0
100
AcDbLine
 62
2
  6
CONTINUOUS
 10
305.4746715039
 20
41.1334240961
 11
306.7140338244
 21
40.6717008786
  0
ENDBLK
  5
290
100
AcDbEntity
  8
0
  6
BYBLOCK
 62
0
100
AcDbBlockEnd
  0
BLOCK
  5
291
100
AcDbEntity
  8
0
100
AcDbBlockBegin
 62
2
  6
CONTINUOUS
  2
SYM001_BL4
 70
64
 10
306.314597998
 20
37.4827628938
  3
SYM001_BL4
  1

  0
LINE
  5
292
100
AcDbEntity
  8
0
100
AcDbLine
 62
2
  6
CONTINUOUS
 10
305.7192180597
 20
37.8715824453
 11
306.9342791582
 21
37.5556665597
  0
LINE
  5
293
100
AcDbEntity
  8
0
100
AcDbLine
 62
2
  6
CONTINUOUS
 10
306.9342791582
 20
37.5556665597
 11
305.6949168377
 21
37.0939433423
  0
ENDBLK
  5
294
100
AcDbEntity
  8
0
  6
BYBLOCK
 62
0
100
AcDbBlockEnd
  0
BLOCK
  5
295
100
AcDbEntity
  8
0
100
AcDbBlockBegin
 62
2
  6
CONTINUOUS
  2
SYM001_BL3
 70
64
 10
306.3060295647
 20
34.5212028383
  3
SYM001_BL3
  1

  0
LINE
  5
296
100
AcDbEntity
  8
0
100
AcDbLine
 62
2
  6
CONTINUOUS
 10
305.7106496264
 20
34.9100223898
 11
306.9257107249
 21
34.5941065042
  0
LINE
  5
297
100
AcDbEntity
  8
0
100
AcDbLine
 62
2
  6
CONTINUOUS
 10
306.9257107249
 20
34.5941065042
 11
305.6863484045
 21
34.1323832868
  0
ENDBLK
  5
298
100
AcDbEntity
  8
0
  6
BYBLOCK
 62
0
100
AcDbBlockEnd
  0
BLOCK
  5
299
100
AcDbEntity
  8
0
100
AcDbBlockBegin
 62
2
  6
CONTINUOUS
  2
SYM301_BL2
 70
64
 10
310.1239413542
 20
40.4607489579
  3
SYM301_BL2
  1

  0
LINE
  5
29A
100
AcDbEntity
  8
0
100
AcDbLine
 62
2
  6
CONTINUOUS
 10
309.504260194
 20
39.8896702416
 11
310.6950200705
 21
39.8896702416
  0
LINE
  5
29B
100
AcDbEntity
  8
0
100
AcDbLine
 62
2
  6
CONTINUOUS
 10
310.7193212925
 20
40.5701044568
 11
309.504260194
 21
40.2541885712
  0
LINE
  5
29C
100
AcDbEntity
  8
0
100
AcDbLine
 62
2
  6
CONTINUOUS
 10
309.504260194
 20
41.0318276742
 11
310.7436225144
 21
40.5701044568
  0
ENDBLK
  5
29D
100
AcDbEntity
  8
0
  6
BYBLOCK
 62
0
100
AcDbBlockEnd
  0
BLOCK
  5
29E
100
AcDbEntity
  8
0
100
AcDbBlockBegin
 62
2
  6
CONTINUOUS
  2
SYM301_BL1
 70
64
 10
310.6692604679
 20
37.5110682975
  3
SYM301_BL1
  1

  0
LINE
  5
29F
100
AcDbEntity
  8
0
100
AcDbLine
 62
2
  6
CONTINUOUS
 10
310.0495793076
 20
36.9399895812
 11
311.2403391842
 21
36.9399895812
  0
LINE
  5
2A0
100
AcDbEntity
  8
0
100
AcDbLine
 62
2
  6
CONTINUOUS
 10
311.2646404061
 20
37.6204237964
 11
310.0495793076
 21
37.3045079108
  0
LINE
  5
2A1
100
AcDbEntity
  8
0
100
AcDbLine
 62
2
  6
CONTINUOUS
 10
310.0495793076
 20
38.0821470138
 11
311.2889416281
 21
37.6204237964
  0
ENDBLK
  5
2A2
100
AcDbEntity
  8
0
  6
BYBLOCK
 62
0
100
AcDbBlockEnd
  0
BLOCK
  5
2A3
100
AcDbEntity
  8
0
100
AcDbBlockBegin
 62
2
  6
CONTINUOUS
  2
SYM301_BL0
 70
64
 10
310.5289843344
 20
34.4962659381
  3
SYM301_BL0
  1

  0
LINE
  5
2A4
100
AcDbEntity
  8
0
100
AcDbLine
 62
2
  6
CONTINUOUS
 10
309.9093031742
 20
33.9251872218
 11
311.1000630507
 21
33.9251872218
  0
LINE
  5
2A5
100
AcDbEntity
  8
0
100
AcDbLine
 62
2
  6
CONTINUOUS
 10
311.1243642727
 20
34.6056214369
 11
309.9093031742
 21
34.2897055513
  0
LINE
  5
2A6
100
AcDbEntity
  8
0
100
AcDbLine
 62
2
  6
CONTINUOUS
 10
309.9093031742
 20
35.0673446544
 11
311.1486654946
 21
34.6056214369
  0
ENDBLK
  5
2A7
100
AcDbEntity
  8
0
  6
BYBLOCK
 62
0
100
AcDbBlockEnd
  0
BLOCK
  5
2A8
100
AcDbEntity
  8
0
100
AcDbBlockBegin
  2
_FILLED
 70
64
 10
0.0
 20
0.0
  3
_FILLED
  1

  0
SOLID
  5
2A9
100
AcDbEntity
  8
0
  6
BYBLOCK
 62
0
100
AcDbTrace
 10
0.0
 20
0.0
 11
-1.0
 21
0.1666666667
 12
-1.0
 22
-0.1666666667
 13
-1.0
 23
-0.1666666667
  0
ENDBLK
  5
2AA
100
AcDbEntity
  8
0
  6
BYBLOCK
 62
0
100
AcDbBlockEnd
  0
BLOCK
  5
2AB
100
AcDbEntity
  8
0
100
AcDbBlockBegin
 62
2
  6
CONTINUOUS
  2
*D0
 70
65
 10
0.0
 20
0.0
  3
*D0
  1

  0
MTEXT
  5
2AC
100
AcDbEntity
  8
0
100
AcDbMText
 62
2
  6
CONTINUOUS
  7
STANDARD
 71
3
 72
1
 10
221.8723417206
 20
245.7966590828
 30
0.0
 11
1.0
 21
0.0
 31
0.0
 73
2
 44
0.9
  1
1.20
 40
3.0
 41
9.6
  0
LINE
  5
2AD
100
AcDbEntity
  8
0
100
AcDbLine
 62
2
  6
CONTINUOUS
 10
228.7159241861
 20
231.7180225078
 11
228.7159241861
 21
244.0466590828
  0
LINE
  5
2AE
100
AcDbEntity
  8
0
100
AcDbLine
 62
2
  6
CONTINUOUS
 10
227.5159241861
 20
231.7180225078
 11
227.5159241861
 21
244.0466590828
  0
LINE
  5
2AF
100
AcDbEntity
  8
0
100
AcDbLine
 62
2
  6
CONTINUOUS
 10
228.7159241861
 20
242.0466590828
 11
232.7159241861
 21
242.0466590828
  0
LINE
  5
2B0
100
AcDbEntity
  8
0
100
AcDbLine
 62
2
  6
CONTINUOUS
 10
232.7159241861
 20
242.0466590828
 11
228.1159241861
 21
242.0466590828
  0
LINE
  5
2B1
100
AcDbEntity
  8
0
100
AcDbLine
 62
2
  6
CONTINUOUS
 10
227.5159241861
 20
242.0466590828
 11
212.2723417206
 21
242.0466590828
  0
LINE
  5
2B2
100
AcDbEntity
  8
0
100
AcDbLine
 62
2
  6
CONTINUOUS
 10
212.2723417206
 20
242.0466590828
 11
228.1159241861
 21
242.0466590828
  0
INSERT
  5
2B3
100
AcDbEntity
  8
0
100
AcDbBlockReference
 62
2
  6
CONTINUOUS
  2
_FILLED
 10
228.7159241861
 20
242.0466590828
 41
2.1
 42
2.1
 43
2.1
 50
180.0
  0
INSERT
  5
2B4
100
AcDbEntity
  8
0
100
AcDbBlockReference
 62
2
  6
CONTINUOUS
  2
_FILLED
 10
227.5159241861
 20
242.0466590828
 41
2.1
 42
2.1
 43
2.1
  0
ENDBLK
  5
2B5
100
AcDbEntity
  8
0
  6
BYBLOCK
 62
0
100
AcDbBlockEnd
  0
BLOCK
  5
2B6
100
AcDbEntity
  8
0
100
AcDbBlockBegin
 62
2
  6
CONTINUOUS
  2
*D1
 70
65
 10
0.0
 20
0.0
  3
*D1
  1

  0
MTEXT
  5
2B7
100
AcDbEntity
  8
0
100
AcDbMText
 62
2
  6
CONTINUOUS
  7
STANDARD
 71
1
 72
1
 10
108.2008601281
 20
242.8617835752
 30
0.0
 11
0.0
 21
1.0
 31
0.0
 73
2
 44
0.9
  1
0.00
 40
3.0
 41
9.6
  0
LINE
  5
2B8
100
AcDbEntity
  8
0
100
AcDbLine
 62
2
  6
CONTINUOUS
 10
111.9508601281
 20
162.3180225078
 11
111.9508601281
 21
241.3617835752
  0
ENDBLK
  5
2B9
100
AcDbEntity
  8
0
  6
BYBLOCK
 62
0
100
AcDbBlockEnd
  0
BLOCK
  5
2BA
100
AcDbEntity
  8
0
100
AcDbBlockBegin
 62
2
  6
CONTINUOUS
  2
*D2
 70
65
 10
0.0
 20
0.0
  3
*D2
  1

  0
MTEXT
  5
2BB
100
AcDbEntity
  8
0
100
AcDbMText
 62
2
  6
CONTINUOUS
  7
STANDARD
 71
1
 72
1
 10
115.4008601281
 20
242.8617835752
 30
0.0
 11
0.0
 21
1.0
 31
0.0
 73
2
 44
0.9
  1
7.20
 40
3.0
 41
9.6
  0
LINE
  5
2BC
100
AcDbEntity
  8
0
100
AcDbLine
 62
2
  6
CONTINUOUS
 10
119.1508601281
 20
235.3180225078
 11
119.1508601281
 21
241.3617835752
  0
ENDBLK
  5
2BD
100
AcDbEntity
  8
0
  6
BYBLOCK
 62
0
100
AcDbBlockEnd
  0
BLOCK
  5
2BE
100
AcDbEntity
  8
0
100
AcDbBlockBegin
 62
2
  6
CONTINUOUS
  2
*D3
 70
65
 10
0.0
 20
0.0
  3
*D3
  1

  0
MTEXT
  5
2BF
100
AcDbEntity
  8
0
100
AcDbMText
 62
2
  6
CONTINUOUS
  7
STANDARD
 71
1
 72
1
 10
121.0008601281
 20
242.8617835752
 30
0.0
 11
0.0
 21
1.0
 31
0.0
 73
2
 44
0.9
  1
12.80
 40
3.0
 41
12.0
  0
LINE
  5
2C0
100
AcDbEntity
  8
0
100
AcDbLine
 62
2
  6
CONTINUOUS
 10
124.7508601281
 20
235.3180225078
 11
124.7508601281
 21
241.3617835752
  0
ENDBLK
  5
2C1
100
AcDbEntity
  8
0
  6
BYBLOCK
 62
0
100
AcDbBlockEnd
  0
BLOCK
  5
2C2
100
AcDbEntity
  8
0
100
AcDbBlockBegin
 62
2
  6
CONTINUOUS
  2
*D4
 70
65
 10
0.0
 20
0.0
  3
*D4
  1

  0
MTEXT
  5
2C3
100
AcDbEntity
  8
0
100
AcDbMText
 62
2
  6
CONTINUOUS
  7
STANDARD
 71
1
 72
1
 10
131.6008601281
 20
239.4454759455
 30
0.0
 11
0.0
 21
1.0
 31
0.0
 73
2
 44
0.9
  1
23.40
 40
3.0
 41
12.0
  0
LINE
  5
2C4
100
AcDbEntity
  8
0
100
AcDbLine
 62
2
  6
CONTINUOUS
 10
135.3508601281
 20
234.6109157266
 11
135.3508601281
 21
237.9454759455
  0
ENDBLK
  5
2C5
100
AcDbEntity
  8
0
  6
BYBLOCK
 62
0
100
AcDbBlockEnd
  0
BLOCK
  5
2C6
100
AcDbEntity
  8
0
100
AcDbBlockBegin
 62
2
  6
CONTINUOUS
  2
*D5
 70
65
 10
0.0
 20
0.0
  3
*D5
  1

  0
MTEXT
  5
2C7
100
AcDbEntity
  8
0
100
AcDbMText
 62
2
  6
CONTINUOUS
  7
STANDARD
 71
1
 72
1
 10
134.2008601281
 20
252.5142083065
 30
0.0
 11
0.0
 21
1.0
 31
0.0
 73
2
 44
0.9
  1
26.00
 40
3.0
 41
12.0
  0
LINE
  5
2C8
100
AcDbEntity
  8
0
100
AcDbLine
 62
2
  6
CONTINUOUS
 10
137.9508601281
 20
234.6109157266
 11
137.9508601281
 21
251.0142083065
  0
ENDBLK
  5
2C9
100
AcDbEntity
  8
0
  6
BYBLOCK
 62
0
100
AcDbBlockEnd
  0
BLOCK
  5
2CA
100
AcDbEntity
  8
0
100
AcDbBlockBegin
 62
2
  6
CONTINUOUS
  2
*D6
 70
65
 10
0.0
 20
0.0
  3
*D6
  1

  0
MTEXT
  5
2CB
100
AcDbEntity
  8
0
100
AcDbMText
 62
2
  6
CONTINUOUS
  7
STANDARD
 71
1
 72
1
 10
98.2008601281
 20
242.8617835752
 30
0.0
 11
0.0
 21
1.0
 31
0.0
 73
2
 44
0.9
  1
10.00
 40
3.0
 41
12.0
  0
LINE
  5
2CC
100
AcDbEntity
  8
0
100
AcDbLine
 62
2
  6
CONTINUOUS
 10
101.9508601281
 20
231.7180225078
 11
101.9508601281
 21
241.3617835752
  0
ENDBLK
  5
2CD
100
AcDbEntity
  8
0
  6
BYBLOCK
 62
0
100
AcDbBlockEnd
  0
BLOCK
  5
2CE
100
AcDbEntity
  8
0
100
AcDbBlockBegin
 62
2
  6
CONTINUOUS
  2
*D7
 70
65
 10
0.0
 20
0.0
  3
*D7
  1

  0
MTEXT
  5
2CF
100
AcDbEntity
  8
0
100
AcDbMText
 62
2
  6
CONTINUOUS
  7
STANDARD
 71
1
 72
1
 10
89.3007611309
 20
242.8617835752
 30
0.0
 11
0.0
 21
1.0
 31
0.0
 73
2
 44
0.9
  1
18.90
 40
3.0
 41
12.0
  0
LINE
  5
2D0
100
AcDbEntity
  8
0
100
AcDbLine
 62
2
  6
CONTINUOUS
 10
93.0507611309
 20
210.1779400068
 11
93.0507611309
 21
241.3617835752
  0
ENDBLK
  5
2D1
100
AcDbEntity
  8
0
  6
BYBLOCK
 62
0
100
AcDbBlockEnd
  0
BLOCK
  5
2D2
100
AcDbEntity
  8
0
100
AcDbBlockBegin
 62
2
  6
CONTINUOUS
  2
*D8
 70
65
 10
0.0
 20
0.0
  3
*D8
  1

  0
MTEXT
  5
2D3
100
AcDbEntity
  8
0
100
AcDbMText
 62
2
  6
CONTINUOUS
  7
STANDARD
 71
1
 72
1
 10
140.3007611309
 20
242.8617835752
 30
0.0
 11
0.0
 21
1.0
 31
0.0
 73
2
 44
0.9
  1
32.10
 40
3.0
 41
12.0
  0
LINE
  5
2D4
100
AcDbEntity
  8
0
100
AcDbLine
 62
2
  6
CONTINUOUS
 10
144.0507611309
 20
210.3279400068
 11
144.0507611309
 21
241.3617835752
  0
ENDBLK
  5
2D5
100
AcDbEntity
  8
0
  6
BYBLOCK
 62
0
100
AcDbBlockEnd
  0
BLOCK
  5
2D6
100
AcDbEntity
  8
0
100
AcDbBlockBegin
 62
2
  6
CONTINUOUS
  2
*D9
 70
65
 10
0.0
 20
0.0
  3
*D9
  1

  0
MTEXT
  5
2D7
100
AcDbEntity
  8
0
100
AcDbMText
 62
2
  6
CONTINUOUS
  7
STANDARD
 71
1
 72
1
 10
140.3007611309
 20
173.802717763
 30
0.0
 11
0.0
 21
1.0
 31
0.0
 73
2
 44
0.9
  1
32.10
 40
3.0
 41
12.0
  0
LINE
  5
2D8
100
AcDbEntity
  8
0
100
AcDbLine
 62
2
  6
CONTINUOUS
 10
144.0507611309
 20
162.1779400068
 11
144.0507611309
 21
172.302717763
  0
ENDBLK
  5
2D9
100
AcDbEntity
  8
0
  6
BYBLOCK
 62
0
100
AcDbBlockEnd
  0
BLOCK
  5
2DA
100
AcDbEntity
  8
0
100
AcDbBlockBegin
 62
2
  6
CONTINUOUS
  2
*D10
 70
65
 10
0.0
 20
0.0
  3
*D10
  1

  0
MTEXT
  5
2DB
100
AcDbEntity
  8
0
100
AcDbMText
 62
2
  6
CONTINUOUS
  7
STANDARD
 71
1
 72
1
 10
89.3007611309
 20
178.6436166364
 30
0.0
 11
0.0
 21
1.0
 31
0.0
 73
2
 44
0.9
  1
18.90
 40
3.0
 41
12.0
  0
LINE
  5
2DC
100
AcDbEntity
  8
0
100
AcDbLine
 62
2
  6
CONTINUOUS
 10
93.0507611309
 20
164.0279400068
 11
93.0507611309
 21
177.1436166364
  0
ENDBLK
  5
2DD
100
AcDbEntity
  8
0
  6
BYBLOCK
 62
0
100
AcDbBlockEnd
  0
BLOCK
  5
2DE
100
AcDbEntity
  8
0
100
AcDbBlockBegin
 62
2
  6
CONTINUOUS
  2
*D11
 70
65
 10
0.0
 20
0.0
  3
*D11
  1

  0
MTEXT
  5
2DF
100
AcDbEntity
  8
0
100
AcDbMText
 62
2
  6
CONTINUOUS
  7
STANDARD
 71
3
 72
1
 10
64.5008601281
 20
129.0060450498
 30
0.0
 11
0.0
 21
1.0
 31
0.0
 73
2
 44
0.9
  1
43.70
 40
3.0
 41
12.0
  0
LINE
  5
2E0
100
AcDbEntity
  8
0
100
AcDbLine
 62
2
  6
CONTINUOUS
 10
68.2508601281
 20
141.3180225078
 11
68.2508601281
 21
130.5060450498
  0
ENDBLK
  5
2E1
100
AcDbEntity
  8
0
  6
BYBLOCK
 62
0
100
AcDbBlockEnd
  0
BLOCK
  5
2E2
100
AcDbEntity
  8
0
100
AcDbBlockBegin
 62
2
  6
CONTINUOUS
  2
*D12
 70
65
 10
0.0
 20
0.0
  3
*D12
  1

  0
MTEXT
  5
2E3
100
AcDbEntity
  8
0
100
AcDbMText
 62
2
  6
CONTINUOUS
  7
STANDARD
 71
3
 72
1
 10
91.7008601281
 20
129.0695924388
 30
0.0
 11
0.0
 21
1.0
 31
0.0
 73
2
 44
0.9
  1
16.50
 40
3.0
 41
12.0
  0
LINE
  5
2E4
100
AcDbEntity
  8
0
100
AcDbLine
 62
2
  6
CONTINUOUS
 10
95.4508601281
 20
141.3180225078
 11
95.4508601281
 21
130.5695924388
  0
ENDBLK
  5
2E5
100
AcDbEntity
  8
0
  6
BYBLOCK
 62
0
100
AcDbBlockEnd
  0
BLOCK
  5
2E6
100
AcDbEntity
  8
0
100
AcDbBlockBegin
 62
2
  6
CONTINUOUS
  2
*D13
 70
65
 10
0.0
 20
0.0
  3
*D13
  1

  0
MTEXT
  5
2E7
100
AcDbEntity
  8
0
100
AcDbMText
 62
2
  6
CONTINUOUS
  7
STANDARD
 71
3
 72
1
 10
97.7008601281
 20
129.0695924388
 30
0.0
 11
0.0
 21
1.0
 31
0.0
 73
2
 44
0.9
  1
10.50
 40
3.0
 41
12.0
  0
LINE
  5
2E8
100
AcDbEntity
  8
0
100
AcDbLine
 62
2
  6
CONTINUOUS
 10
101.4508601281
 20
141.3180225078
 11
101.4508601281
 21
130.5695924388
  0
ENDBLK
  5
2E9
100
AcDbEntity
  8
0
  6
BYBLOCK
 62
0
100
AcDbBlockEnd
  0
BLOCK
  5
2EA
100
AcDbEntity
  8
0
100
AcDbBlockBegin
 62
2
  6
CONTINUOUS
  2
*D14
 70
65
 10
0.0
 20
0.0
  3
*D14
  1

  0
MTEXT
  5
2EB
100
AcDbEntity
  8
0
100
AcDbMText
 62
2
  6
CONTINUOUS
  7
STANDARD
 71
3
 72
1
 10
132.7008601281
 20
129.0695924388
 30
0.0
 11
0.0
 21
1.0
 31
0.0
 73
2
 44
0.9
  1
24.50
 40
3.0
 41
12.0
  0
LINE
  5
2EC
100
AcDbEntity
  8
0
100
AcDbLine
 62
2
  6
CONTINUOUS
 10
136.4508601281
 20
141.3180225078
 11
136.4508601281
 21
130.5695924388
  0
ENDBLK
  5
2ED
100
AcDbEntity
  8
0
  6
BYBLOCK
 62
0
100
AcDbBlockEnd
  0
BLOCK
  5
2EE
100
AcDbEntity
  8
0
100
AcDbBlockBegin
 62
2
  6
CONTINUOUS
  2
*D15
 70
65
 10
0.0
 20
0.0
  3
*D15
  1

  0
MTEXT
  5
2EF
100
AcDbEntity
  8
0
100
AcDbMText
 62
2
  6
CONTINUOUS
  7
STANDARD
 71
3
 72
1
 10
138.7008601281
 20
129.0695924388
 30
0.0
 11
0.0
 21
1.0
 31
0.0
 73
2
 44
0.9
  1
30.50
 40
3.0
 41
12.0
  0
LINE
  5
2F0
100
AcDbEntity
  8
0
100
AcDbLine
 62
2
  6
CONTINUOUS
 10
142.4508601281
 20
141.3180225078
 11
142.4508601281
 21
130.5695924388
  0
ENDBLK
  5
2F1
100
AcDbEntity
  8
0
  6
BYBLOCK
 62
0
100
AcDbBlockEnd
  0
BLOCK
  5
2F2
100
AcDbEntity
  8
0
100
AcDbBlockBegin
 62
2
  6
CONTINUOUS
  2
*D16
 70
65
 10
0.0
 20
0.0
  3
*D16
  1

  0
MTEXT
  5
2F3
100
AcDbEntity
  8
0
100
AcDbMText
 62
2
  6
CONTINUOUS
  7
STANDARD
 71
3
 72
1
 10
156.7008601281
 20
129.0695924388
 30
0.0
 11
0.0
 21
1.0
 31
0.0
 73
2
 44
0.9
  1
48.50
 40
3.0
 41
12.0
  0
LINE
  5
2F4
100
AcDbEntity
  8
0
100
AcDbLine
 62
2
  6
CONTINUOUS
 10
160.4508601281
 20
141.3180225078
 11
160.4508601281
 21
130.5695924388
  0
ENDBLK
  5
2F5
100
AcDbEntity
  8
0
  6
BYBLOCK
 62
0
100
AcDbBlockEnd
  0
BLOCK
  5
2F6
100
AcDbEntity
  8
0
100
AcDbBlockBegin
 62
2
  6
CONTINUOUS
  2
*D17
 70
65
 10
0.0
 20
0.0
  3
*D17
  1

  0
MTEXT
  5
2F7
100
AcDbEntity
  8
0
100
AcDbMText
 62
2
  6
CONTINUOUS
  7
STANDARD
 71
3
 72
1
 10
160.2008601281
 20
129.0695924388
 30
0.0
 11
0.0
 21
1.0
 31
0.0
 73
2
 44
0.9
  1
52.00
 40
3.0
 41
12.0
  0
LINE
  5
2F8
100
AcDbEntity
  8
0
100
AcDbLine
 62
2
  6
CONTINUOUS
 10
163.9508601281
 20
152.2180225078
 11
163.9508601281
 21
130.5695924388
  0
ENDBLK
  5
2F9
100
AcDbEntity
  8
0
  6
BYBLOCK
 62
0
100
AcDbBlockEnd
  0
BLOCK
  5
2FA
100
AcDbEntity
  8
0
100
AcDbBlockBegin
 62
2
  6
CONTINUOUS
  2
*D18
 70
65
 10
0.0
 20
0.0
  3
*D18
  1

  0
MTEXT
  5
2FB
100
AcDbEntity
  8
0
100
AcDbMText
 62
2
  6
CONTINUOUS
  7
STANDARD
 71
3
 72
1
 10
148.0508601281
 20
129.0695924388
 30
0.0
 11
0.0
 21
1.0
 31
0.0
 73
2
 44
0.9
  1
39.85
 40
3.0
 41
12.0
  0
LINE
  5
2FC
100
AcDbEntity
  8
0
100
AcDbLine
 62
2
  6
CONTINUOUS
 10
151.8008601281
 20
142.4180225078
 11
151.8008601281
 21
130.5695924388
  0
ENDBLK
  5
2FD
100
AcDbEntity
  8
0
  6
BYBLOCK
 62
0
100
AcDbBlockEnd
  0
BLOCK
  5
2FE
100
AcDbEntity
  8
0
100
AcDbBlockBegin
 62
2
  6
CONTINUOUS
  2
*D19
 70
65
 10
0.0
 20
0.0
  3
*D19
  1

  0
MTEXT
  5
2FF
100
AcDbEntity
  8
0
100
AcDbMText
 62
2
  6
CONTINUOUS
  7
STANDARD
 71
3
 72
1
 10
74.7008601281
 20
129.0695924388
 30
0.0
 11
0.0
 21
1.0
 31
0.0
 73
2
 44
0.9
  1
33.50
 40
3.0
 41
12.0
  0
LINE
  5
300
100
AcDbEntity
  8
0
100
AcDbLine
 62
2
  6
CONTINUOUS
 10
78.4508601281
 20
143.2180225078
 11
78.4508601281
 21
130.5695924388
  0
ENDBLK
  5
301
100
AcDbEntity
  8
0
  6
BYBLOCK
 62
0
100
AcDbBlockEnd
  0
BLOCK
  5
302
100
AcDbEntity
  8
0
100
AcDbBlockBegin
 62
2
  6
CONTINUOUS
  2
*D20
 70
65
 10
0.0
 20
0.0
  3
*D20
  1

  0
MTEXT
  5
303
100
AcDbEntity
  8
0
100
AcDbMText
 62
2
  6
CONTINUOUS
  7
STANDARD
 71
3
 72
1
 10
79.6508601281
 20
129.0695924388
 30
0.0
 11
0.0
 21
1.0
 31
0.0
 73
2
 44
0.9
  1
28.55
 40
3.0
 41
12.0
  0
LINE
  5
304
100
AcDbEntity
  8
0
100
AcDbLine
 62
2
  6
CONTINUOUS
 10
83.4008601281
 20
143.6180225078
 11
83.4008601281
 21
130.5695924388
  0
ENDBLK
  5
305
100
AcDbEntity
  8
0
  6
BYBLOCK
 62
0
100
AcDbBlockEnd
  0
BLOCK
  5
306
100
AcDbEntity
  8
0
100
AcDbBlockBegin
 62
2
  6
CONTINUOUS
  2
*D21
 70
65
 10
0.0
 20
0.0
  3
*D21
  1

  0
MTEXT
  5
307
100
AcDbEntity
  8
0
100
AcDbMText
 62
2
  6
CONTINUOUS
  7
STANDARD
 71
3
 72
1
 10
107.2008601281
 20
133.9839238505
 30
0.0
 11
0.0
 21
1.0
 31
0.0
 73
2
 44
0.9
  1
1.00
 40
3.0
 41
9.6
  0
LINE
  5
308
100
AcDbEntity
  8
0
100
AcDbLine
 62
2
  6
CONTINUOUS
 10
110.9508601281
 20
146.0680225078
 11
110.9508601281
 21
135.4839238505
  0
ENDBLK
  5
309
100
AcDbEntity
  8
0
  6
BYBLOCK
 62
0
100
AcDbBlockEnd
  0
BLOCK
  5
30A
100
AcDbEntity
  8
0
100
AcDbBlockBegin
 62
2
  6
CONTINUOUS
  2
*D22
 70
65
 10
0.0
 20
0.0
  3
*D22
  1

  0
MTEXT
  5
30B
100
AcDbEntity
  8
0
100
AcDbMText
 62
2
  6
CONTINUOUS
  7
STANDARD
 71
3
 72
1
 10
123.8508601281
 20
134.7253100548
 30
0.0
 11
0.0
 21
1.0
 31
0.0
 73
2
 44
0.9
  1
15.65
 40
3.0
 41
12.0
  0
LINE
  5
30C
100
AcDbEntity
  8
0
100
AcDbLine
 62
2
  6
CONTINUOUS
 10
127.6008601281
 20
146.0680225078
 11
127.6008601281
 21
136.2253100548
  0
ENDBLK
  5
30D
100
AcDbEntity
  8
0
  6
BYBLOCK
 62
0
100
AcDbBlockEnd
  0
BLOCK
  5
30E
100
AcDbEntity
  8
0
100
AcDbBlockBegin
 62
2
  6
CONTINUOUS
  2
*D23
 70
65
 10
0.0
 20
0.0
  3
*D23
  1

  0
MTEXT
  5
30F
100
AcDbEntity
  8
0
100
AcDbMText
 62
2
  6
CONTINUOUS
  7
STANDARD
 71
3
 72
1
 10
80.6803658526
 20
239.3680225078
 30
0.0
 11
1.0
 21
0.0
 31
0.0
 73
2
 44
0.9
  1
74.30
 40
3.0
 41
12.0
  0
LINE
  5
310
100
AcDbEntity
  8
0
100
AcDbLine
 62
2
  6
CONTINUOUS
 10
105.7508601281
 20
235.6180225078
 11
82.1803658526
 21
235.6180225078
  0
ENDBLK
  5
311
100
AcDbEntity
  8
0
  6
BYBLOCK
 62
0
100
AcDbBlockEnd
  0
BLOCK
  5
312
100
AcDbEntity
  8
0
100
AcDbBlockBegin
 62
2
  6
CONTINUOUS
  2
*D24
 70
65
 10
0.0
 20
0.0
  3
*D24
  1

  0
MTEXT
  5
313
100
AcDbEntity
  8
0
100
AcDbMText
 62
2
  6
CONTINUOUS
  7
STANDARD
 71
3
 72
1
 10
47.3786853927
 20
165.0680225078
 30
0.0
 11
1.0
 21
0.0
 31
0.0
 73
2
 44
0.9
  1
0.00
 40
3.0
 41
9.6
  0
LINE
  5
314
100
AcDbEntity
  8
0
100
AcDbLine
 62
2
  6
CONTINUOUS
 10
110.9508601281
 20
161.3180225078
 11
48.8786853927
 21
161.3180225078
  0
ENDBLK
  5
315
100
AcDbEntity
  8
0
  6
BYBLOCK
 62
0
100
AcDbBlockEnd
  0
BLOCK
  5
316
100
AcDbEntity
  8
0
100
AcDbBlockBegin
 62
2
  6
CONTINUOUS
  2
*D25
 70
65
 10
0.0
 20
0.0
  3
*D25
  1

  0
MTEXT
  5
317
100
AcDbEntity
  8
0
100
AcDbMText
 62
2
  6
CONTINUOUS
  7
STANDARD
 71
3
 72
1
 10
51.9540973967
 20
238.0680225078
 30
0.0
 11
1.0
 21
0.0
 31
0.0
 73
2
 44
0.9
  1
73.00
 40
3.0
 41
12.0
  0
LINE
  5
318
100
AcDbEntity
  8
0
100
AcDbLine
 62
2
  6
CONTINUOUS
 10
55.2508601281
 20
234.3180225078
 11
53.4540973967
 21
234.3180225078
  0
ENDBLK
  5
319
100
AcDbEntity
  8
0
  6
BYBLOCK
 62
0
100
AcDbBlockEnd
  0
BLOCK
  5
31A
100
AcDbEntity
  8
0
100
AcDbBlockBegin
 62
2
  6
CONTINUOUS
  2
*D26
 70
65
 10
0.0
 20
0.0
  3
*D26
  1

  0
MTEXT
  5
31B
100
AcDbEntity
  8
0
100
AcDbMText
 62
2
  6
CONTINUOUS
  7
STANDARD
 71
3
 72
1
 10
39.6682688674
 20
234.4680225078
 30
0.0
 11
1.0
 21
0.0
 31
0.0
 73
2
 44
0.9
  1
69.40
 40
3.0
 41
12.0
  0
LINE
  5
31C
100
AcDbEntity
  8
0
100
AcDbLine
 62
2
  6
CONTINUOUS
 10
99.6008601281
 20
230.7180225078
 11
41.1682688674
 21
230.7180225078
  0
ENDBLK
  5
31D
100
AcDbEntity
  8
0
  6
BYBLOCK
 62
0
100
AcDbBlockEnd
  0
BLOCK
  5
31E
100
AcDbEntity
  8
0
100
AcDbBlockBegin
 62
2
  6
CONTINUOUS
  2
*D27
 70
65
 10
0.0
 20
0.0
  3
*D27
  1

  0
MTEXT
  5
31F
100
AcDbEntity
  8
0
100
AcDbMText
 62
2
  6
CONTINUOUS
  7
STANDARD
 71
3
 72
1
 10
51.0220690255
 20
212.9279400068
 30
0.0
 11
1.0
 21
0.0
 31
0.0
 73
2
 44
0.9
  1
47.86
 40
3.0
 41
12.0
  0
LINE
  5
320
100
AcDbEntity
  8
0
100
AcDbLine
 62
2
  6
CONTINUOUS
 10
92.0507611309
 20
209.1779400068
 11
52.5220690255
 21
209.1779400068
  0
ENDBLK
  5
321
100
AcDbEntity
  8
0
  6
BYBLOCK
 62
0
100
AcDbBlockEnd
  0
BLOCK
  5
322
100
AcDbEntity
  8
0
100
AcDbBlockBegin
 62
2
  6
CONTINUOUS
  2
*D28
 70
65
 10
0.0
 20
0.0
  3
*D28
  1

  0
MTEXT
  5
323
100
AcDbEntity
  8
0
100
AcDbMText
 62
2
  6
CONTINUOUS
  7
STANDARD
 71
3
 72
1
 10
47.3786853927
 20
164.9279400068
 30
0.0
 11
1.0
 21
0.0
 31
0.0
 73
2
 44
0.9
  1
0.14
 40
3.0
 41
9.6
  0
LINE
  5
324
100
AcDbEntity
  8
0
100
AcDbLine
 62
2
  6
CONTINUOUS
 10
91.9007611309
 20
161.1779400068
 11
48.8786853927
 21
161.1779400068
  0
ENDBLK
  5
325
100
AcDbEntity
  8
0
  6
BYBLOCK
 62
0
100
AcDbBlockEnd
  0
BLOCK
  5
326
100
AcDbEntity
  8
0
100
AcDbBlockBegin
 62
2
  6
CONTINUOUS
  2
*D29
 70
65
 10
0.0
 20
0.0
  3
*D29
  1

  0
MTEXT
  5
327
100
AcDbEntity
  8
0
100
AcDbMText
 62
2
  6
CONTINUOUS
  7
STANDARD
 71
1
 72
1
 10
190.9857465137
 20
234.4680225078
 30
0.0
 11
1.0
 21
0.0
 31
0.0
 73
2
 44
0.9
  1
69.40
 40
3.0
 41
12.0
  0
LINE
  5
328
100
AcDbEntity
  8
0
100
AcDbLine
 62
2
  6
CONTINUOUS
 10
122.9508601281
 20
230.7180225078
 11
189.4857465137
 21
230.7180225078
  0
ENDBLK
  5
329
100
AcDbEntity
  8
0
  6
BYBLOCK
 62
0
100
AcDbBlockEnd
  0
BLOCK
  5
32A
100
AcDbEntity
  8
0
100
AcDbBlockBegin
 62
2
  6
CONTINUOUS
  2
*D30
 70
65
 10
0.0
 20
0.0
  3
*D30
  1

  0
MTEXT
  5
32B
100
AcDbEntity
  8
0
100
AcDbMText
 62
2
  6
CONTINUOUS
  7
STANDARD
 71
1
 72
1
 10
178.1768288292
 20
164.9279400068
 30
0.0
 11
1.0
 21
0.0
 31
0.0
 73
2
 44
0.9
  1
0.14
 40
3.0
 41
9.6
  0
LINE
  5
32C
100
AcDbEntity
  8
0
100
AcDbLine
 62
2
  6
CONTINUOUS
 10
145.0507611309
 20
161.1779400068
 11
176.6768288292
 21
161.1779400068
  0
ENDBLK
  5
32D
100
AcDbEntity
  8
0
  6
BYBLOCK
 62
0
100
AcDbBlockEnd
  0
BLOCK
  5
32E
100
AcDbEntity
  8
0
100
AcDbBlockBegin
 62
2
  6
CONTINUOUS
  2
*D31
 70
65
 10
0.0
 20
0.0
  3
*D31
  1

  0
MTEXT
  5
32F
100
AcDbEntity
  8
0
100
AcDbMText
 62
2
  6
CONTINUOUS
  7
STANDARD
 71
1
 72
1
 10
178.9393974965
 20
212.9279400068
 30
0.0
 11
1.0
 21
0.0
 31
0.0
 73
2
 44
0.9
  1
47.86
 40
3.0
 41
12.0
  0
LINE
  5
330
100
AcDbEntity
  8
0
100
AcDbLine
 62
2
  6
CONTINUOUS
 10
146.9007611309
 20
209.1779400068
 11
177.4393974965
 21
209.1779400068
  0
ENDBLK
  5
331
100
AcDbEntity
  8
0
  6
BYBLOCK
 62
0
100
AcDbBlockEnd
  0
BLOCK
  5
332
100
AcDbEntity
  8
0
100
AcDbBlockBegin
 62
2
  6
CONTINUOUS
  2
*D32
 70
65
 10
0.0
 20
0.0
  3
*D32
  1

  0
MTEXT
  5
333
100
AcDbEntity
  8
0
100
AcDbMText
 62
2
  6
CONTINUOUS
  7
STANDARD
 71
3
 72
1
 10
47.3786853927
 20
154.0680225078
 30
0.0
 11
1.0
 21
0.0
 31
0.0
 73
2
 44
0.9
  1
11.00
 40
3.0
 41
12.0
  0
LINE
  5
334
100
AcDbEntity
  8
0
100
AcDbLine
 62
2
  6
CONTINUOUS
 10
55.2508601281
 20
150.3180225078
 11
48.8786853927
 21
150.3180225078
  0
ENDBLK
  5
335
100
AcDbEntity
  8
0
  6
BYBLOCK
 62
0
100
AcDbBlockEnd
  0
BLOCK
  5
336
100
AcDbEntity
  8
0
100
AcDbBlockBegin
 62
2
  6
CONTINUOUS
  2
*D33
 70
65
 10
0.0
 20
0.0
  3
*D33
  1

  0
MTEXT
  5
337
100
AcDbEntity
  8
0
100
AcDbMText
 62
2
  6
CONTINUOUS
  7
STANDARD
 71
1
 72
1
 10
184.4976757829
 20
153.4680225078
 30
0.0
 11
1.0
 21
0.0
 31
0.0
 73
2
 44
0.9
  1
11.60
 40
3.0
 41
12.0
  0
LINE
  5
338
100
AcDbEntity
  8
0
100
AcDbLine
 62
2
  6
CONTINUOUS
 10
173.3008601281
 20
149.7180225078
 11
182.9976757829
 21
149.7180225078
  0
ENDBLK
  5
339
100
AcDbEntity
  8
0
  6
BYBLOCK
 62
0
100
AcDbBlockEnd
  0
BLOCK
  5
33A
100
AcDbEntity
  8
0
100
AcDbBlockBegin
 62
2
  6
CONTINUOUS
  2
*D34
 70
65
 10
0.0
 20
0.0
  3
*D34
  1

  0
MTEXT
  5
33B
100
AcDbEntity
  8
0
100
AcDbMText
 62
2
  6
CONTINUOUS
  7
STANDARD
 71
3
 72
1
 10
31.837197033
 20
145.0680225078
 30
0.0
 11
1.0
 21
0.0
 31
0.0
 73
2
 44
0.9
  1
20.00
 40
3.0
 41
12.0
  0
LINE
  5
33C
100
AcDbEntity
  8
0
100
AcDbLine
 62
2
  6
CONTINUOUS
 10
68.2508601281
 20
141.3180225078
 11
33.337197033
 21
141.3180225078
  0
ENDBLK
  5
33D
100
AcDbEntity
  8
0
  6
BYBLOCK
 62
0
100
AcDbBlockEnd
  0
BLOCK
  5
33E
100
AcDbEntity
  8
0
100
AcDbBlockBegin
 62
2
  6
CONTINUOUS
  2
*D35
 70
65
 10
0.0
 20
0.0
  3
*D35
  1

  0
MTEXT
  5
33F
100
AcDbEntity
  8
0
100
AcDbMText
 62
2
  6
CONTINUOUS
  7
STANDARD
 71
3
 72
1
 10
59.0650261329
 20
147.9680225078
 30
0.0
 11
1.0
 21
0.0
 31
0.0
 73
2
 44
0.9
  1
17.10
 40
3.0
 41
12.0
  0
LINE
  5
340
100
AcDbEntity
  8
0
100
AcDbLine
 62
2
  6
CONTINUOUS
 10
77.4508601281
 20
144.2180225078
 11
60.5650261329
 21
144.2180225078
  0
ENDBLK
  5
341
100
AcDbEntity
  8
0
  6
BYBLOCK
 62
0
100
AcDbBlockEnd
  0
BLOCK
  5
342
100
AcDbEntity
  8
0
100
AcDbBlockBegin
 62
2
  6
CONTINUOUS
  2
*D36
 70
65
 10
0.0
 20
0.0
  3
*D36
  1

  0
MTEXT
  5
343
100
AcDbEntity
  8
0
100
AcDbMText
 62
2
  6
CONTINUOUS
  7
STANDARD
 71
3
 72
1
 10
44.7757843415
 20
147.1680225078
 30
0.0
 11
1.0
 21
0.0
 31
0.0
 73
2
 44
0.9
  1
17.90
 40
3.0
 41
12.0
  0
LINE
  5
344
100
AcDbEntity
  8
0
100
AcDbLine
 62
2
  6
CONTINUOUS
 10
82.3008601281
 20
143.4180225078
 11
46.2757843415
 21
143.4180225078
  0
ENDBLK
  5
345
100
AcDbEntity
  8
0
  6
BYBLOCK
 62
0
100
AcDbBlockEnd
  0
BLOCK
  5
346
100
AcDbEntity
  8
0
100
AcDbBlockBegin
 62
2
  6
CONTINUOUS
  2
*D37
 70
65
 10
0.0
 20
0.0
  3
*D37
  1

  0
MTEXT
  5
347
100
AcDbEntity
  8
0
100
AcDbMText
 62
2
  6
CONTINUOUS
  7
STANDARD
 71
1
 72
1
 10
177.1905733528
 20
156.9680225078
 30
0.0
 11
1.0
 21
0.0
 31
0.0
 73
2
 44
0.9
  1
8.10
 40
3.0
 41
9.6
  0
LINE
  5
348
100
AcDbEntity
  8
0
100
AcDbLine
 62
2
  6
CONTINUOUS
 10
164.9508601281
 20
153.2180225078
 11
175.6905733528
 21
153.2180225078
  0
ENDBLK
  5
349
100
AcDbEntity
  8
0
  6
BYBLOCK
 62
0
100
AcDbBlockEnd
  0
BLOCK
  5
34A
100
AcDbEntity
  8
0
100
AcDbBlockBegin
 62
2
  6
CONTINUOUS
  2
*D38
 70
65
 10
0.0
 20
0.0
  3
*D38
  1

  0
MTEXT
  5
34B
100
AcDbEntity
  8
0
100
AcDbMText
 62
2
  6
CONTINUOUS
  7
STANDARD
 71
1
 72
1
 10
204.8328402451
 20
147.1680225078
 30
0.0
 11
1.0
 21
0.0
 31
0.0
 73
2
 44
0.9
  1
17.90
 40
3.0
 41
12.0
  0
LINE
  5
34C
100
AcDbEntity
  8
0
100
AcDbLine
 62
2
  6
CONTINUOUS
 10
152.8008601281
 20
143.4180225078
 11
203.3328402451
 21
143.4180225078
  0
ENDBLK
  5
34D
100
AcDbEntity
  8
0
  6
BYBLOCK
 62
0
100
AcDbBlockEnd
  0
BLOCK
  5
34E
100
AcDbEntity
  8
0
100
AcDbBlockBegin
 62
2
  6
CONTINUOUS
  2
*D39
 70
65
 10
0.0
 20
0.0
  3
*D39
  1

  0
MTEXT
  5
34F
100
AcDbEntity
  8
0
100
AcDbMText
 62
2
  6
CONTINUOUS
  7
STANDARD
 71
1
 72
1
 10
195.3430968294
 20
150.8180225078
 30
0.0
 11
1.0
 21
0.0
 31
0.0
 73
2
 44
0.9
  1
14.25
 40
3.0
 41
12.0
  0
LINE
  5
350
100
AcDbEntity
  8
0
100
AcDbLine
 62
2
  6
CONTINUOUS
 10
128.6008601281
 20
147.0680225078
 11
193.8430968294
 21
147.0680225078
  0
ENDBLK
  5
351
100
AcDbEntity
  8
0
  6
BYBLOCK
 62
0
100
AcDbBlockEnd
  0
BLOCK
  5
352
100
AcDbEntity
  8
0
100
AcDbBlockBegin
 62
2
  6
CONTINUOUS
  2
*D40
 70
65
 10
0.0
 20
0.0
  3
*D40
  1

  0
MTEXT
  5
353
100
AcDbEntity
  8
0
100
AcDbMText
 62
2
  6
CONTINUOUS
  7
STANDARD
 71
1
 72
1
 10
177.9532361644
 20
236.7680225078
 30
0.0
 11
1.0
 21
0.0
 31
0.0
 73
2
 44
0.9
  1
71.70
 40
3.0
 41
12.0
  0
LINE
  5
354
100
AcDbEntity
  8
0
100
AcDbLine
 62
2
  6
CONTINUOUS
 10
137.6508601281
 20
233.0180225078
 11
176.4532361644
 21
233.0180225078
  0
ENDBLK
  5
355
100
AcDbEntity
  8
0
  6
BYBLOCK
 62
0
100
AcDbBlockEnd
  0
BLOCK
  5
356
100
AcDbEntity
  8
0
100
AcDbBlockBegin
 62
2
  6
CONTINUOUS
  2
*D41
 70
65
 10
0.0
 20
0.0
  3
*D41
  1

  0
MTEXT
  5
357
100
AcDbEntity
  8
0
100
AcDbMText
 62
2
  6
CONTINUOUS
  7
TEXTSTYLE_3
 71
1
 72
1
 10
142.3481783722
 20
230.0218720843
 30
0.0
 11
0.4482252748
 21
-0.8939206358
 31
0.0
 73
2
 44
0.9
  1
⌀\ftxt;{\W0.8;2.60}
 40
3.0
 41
19.7076923077
  0
LINE
  5
358
100
AcDbEntity
  8
0
100
AcDbLine
 62
2
  6
CONTINUOUS
 10
137.2335529854
 20
231.8559256813
 11
136.6508601281
 21
233.0180225078
  0
LINE
  5
359
100
AcDbEntity
  8
0
100
AcDbLine
 62
2
  6
CONTINUOUS
 10
136.6508601281
 20
233.0180225078
 11
144.8849665215
 21
216.5962854124
  0
LINE
  5
35A
100
AcDbEntity
  8
0
100
AcDbLine
 62
2
  6
CONTINUOUS
 10
136.0681672709
 20
234.1801193343
 11
136.6508601281
 21
233.0180225078
  0
INSERT
  5
35B
100
AcDbEntity
  8
0
100
AcDbBlockReference
 62
2
  6
CONTINUOUS
  2
_FILLED
 10
137.2335529854
 20
231.8559256813
 41
2.1
 42
2.1
 43
2.1
 50
296.6298763149
  0
INSERT
  5
35C
100
AcDbEntity
  8
0
100
AcDbBlockReference
 62
2
  6
CONTINUOUS
  2
_FILLED
 10
136.0681672709
 20
234.1801193343
 41
2.1
 42
2.1
 43
2.1
 50
116.6298763149
  0
ENDBLK
  5
35D
100
AcDbEntity
  8
0
  6
BYBLOCK
 62
0
100
AcDbBlockEnd
  0
BLOCK
  5
35E
100
AcDbEntity
  8
0
100
AcDbBlockBegin
 62
2
  6
CONTINUOUS
  2
*D42
 70
65
 10
0.0
 20
0.0
  3
*D42
  1

  0
MTEXT
  5
35F
100
AcDbEntity
  8
0
100
AcDbMText
 62
2
  6
CONTINUOUS
  7
TEXTSTYLE_3
 71
1
 72
1
 10
130.1817056783
 20
225.6612231607
 30
0.0
 11
0.5820159003
 21
-0.8131774049
 31
0.0
 73
2
 44
0.9
  1
⌀\ftxt;{\W0.8;5.60}
 40
3.0
 41
19.7076923077
  0
LINE
  5
360
100
AcDbEntity
  8
0
100
AcDbLine
 62
2
  6
CONTINUOUS
 10
123.5805046489
 20
228.4411257741
 11
121.9508601281
 21
230.7180225078
  0
LINE
  5
361
100
AcDbEntity
  8
0
100
AcDbLine
 62
2
  6
CONTINUOUS
 10
121.9508601281
 20
230.7180225078
 11
134.7790839306
 21
212.7947634766
  0
LINE
  5
362
100
AcDbEntity
  8
0
100
AcDbLine
 62
2
  6
CONTINUOUS
 10
120.3212156074
 20
232.9949192415
 11
121.9508601281
 21
230.7180225078
  0
INSERT
  5
363
100
AcDbEntity
  8
0
100
AcDbBlockReference
 62
2
  6
CONTINUOUS
  2
_FILLED
 10
123.5805046489
 20
228.4411257741
 41
2.1
 42
2.1
 43
2.1
 50
305.5924555932
  0
INSERT
  5
364
100
AcDbEntity
  8
0
100
AcDbBlockReference
 62
2
  6
CONTINUOUS
  2
_FILLED
 10
120.3212156074
 20
232.9949192415
 41
2.1
 42
2.1
 43
2.1
 50
125.5924555932
  0
ENDBLK
  5
365
100
AcDbEntity
  8
0
  6
BYBLOCK
 62
0
100
AcDbBlockEnd
  0
BLOCK
  5
366
100
AcDbEntity
  8
0
100
AcDbBlockBegin
 62
2
  6
CONTINUOUS
  2
*D43
 70
65
 10
0.0
 20
0.0
  3
*D43
  1

  0
MTEXT
  5
367
100
AcDbEntity
  8
0
100
AcDbMText
 62
2
  6
CONTINUOUS
  7
TEXTSTYLE_3
 71
1
 72
1
 10
106.5698217435
 20
226.1662215959
 30
0.0
 11
0.1752081856
 21
-0.9845314072
 31
0.0
 73
2
 44
0.9
  1
⌀\ftxt;{\W0.8;2.70}
 40
3.0
 41
19.7076923077
  0
LINE
  5
368
100
AcDbEntity
  8
0
100
AcDbLine
 62
2
  6
CONTINUOUS
 10
102.1873911787
 20
229.3889051081
 11
101.9508601281
 21
230.7180225078
  0
LINE
  5
369
100
AcDbEntity
  8
0
100
AcDbLine
 62
2
  6
CONTINUOUS
 10
101.9508601281
 20
230.7180225078
 11
105.179794974
 21
212.5739628734
  0
LINE
  5
36A
100
AcDbEntity
  8
0
100
AcDbLine
 62
2
  6
CONTINUOUS
 10
101.7143290776
 20
232.0471399075
 11
101.9508601281
 21
230.7180225078
  0
INSERT
  5
36B
100
AcDbEntity
  8
0
100
AcDbBlockReference
 62
2
  6
CONTINUOUS
  2
_FILLED
 10
102.1873911787
 20
229.3889051081
 41
2.1
 42
2.1
 43
2.1
 50
280.0907734454
  0
INSERT
  5
36C
100
AcDbEntity
  8
0
100
AcDbBlockReference
 62
2
  6
CONTINUOUS
  2
_FILLED
 10
101.7143290776
 20
232.0471399075
 41
2.1
 42
2.1
 43
2.1
 50
100.0907734454
  0
ENDBLK
  5
36D
100
AcDbEntity
  8
0
  6
BYBLOCK
 62
0
100
AcDbBlockEnd
  0
BLOCK
  5
36E
100
AcDbEntity
  8
0
100
AcDbBlockBegin
 62
2
  6
CONTINUOUS
  2
*D44
 70
65
 10
0.0
 20
0.0
  3
*D44
  1

  0
MTEXT
  5
36F
100
AcDbEntity
  8
0
100
AcDbMText
 62
2
  6
CONTINUOUS
  7
TEXTSTYLE_3
 71
1
 72
1
 10
100.129475533
 20
205.592377045
 30
0.0
 11
0.5726332554
 21
-0.8198116581
 31
0.0
 73
2
 44
0.9
  1
⌀\ftxt;{\W0.8;3.70}
 40
3.0
 41
19.7076923077
  0
LINE
  5
370
100
AcDbEntity
  8
0
100
AcDbLine
 62
2
  6
CONTINUOUS
 10
94.1101326534
 20
207.6612884392
 11
93.0507611309
 21
209.1779400068
  0
LINE
  5
371
100
AcDbEntity
  8
0
100
AcDbLine
 62
2
  6
CONTINUOUS
 10
93.0507611309
 20
209.1779400068
 11
104.5787018169
 21
192.6739383981
  0
LINE
  5
372
100
AcDbEntity
  8
0
100
AcDbLine
 62
2
  6
CONTINUOUS
 10
91.9913896084
 20
210.6945915743
 11
93.0507611309
 21
209.1779400068
  0
INSERT
  5
373
100
AcDbEntity
  8
0
100
AcDbBlockReference
 62
2
  6
CONTINUOUS
  2
_FILLED
 10
94.1101326534
 20
207.6612884392
 41
2.1
 42
2.1
 43
2.1
 50
304.9340555486
  0
INSERT
  5
374
100
AcDbEntity
  8
0
100
AcDbBlockReference
 62
2
  6
CONTINUOUS
  2
_FILLED
 10
91.9913896084
 20
210.6945915743
 41
2.1
 42
2.1
 43
2.1
 50
124.9340555486
  0
ENDBLK
  5
375
100
AcDbEntity
  8
0
  6
BYBLOCK
 62
0
100
AcDbBlockEnd
  0
BLOCK
  5
376
100
AcDbEntity
  8
0
100
AcDbBlockBegin
 62
2
  6
CONTINUOUS
  2
*D45
 70
65
 10
0.0
 20
0.0
  3
*D45
  1

  0
MTEXT
  5
377
100
AcDbEntity
  8
0
100
AcDbMText
 62
2
  6
CONTINUOUS
  7
TEXTSTYLE_3
 71
3
 72
1
 10
138.7257742883
 20
168.4591270408
 30
0.0
 11
0.8724421049
 21
-0.4887174783
 31
0.0
 73
2
 44
0.9
  1
⌀\ftxt;{\W0.8;4.00}
 40
3.0
 41
19.7076923077
  0
LINE
  5
378
100
AcDbEntity
  8
0
100
AcDbLine
 62
2
  6
CONTINUOUS
 10
142.3058769212
 20
162.1553749635
 11
144.0507611309
 21
161.1779400068
  0
LINE
  5
379
100
AcDbEntity
  8
0
100
AcDbLine
 62
2
  6
CONTINUOUS
 10
144.0507611309
 20
161.1779400068
 11
125.4305367051
 21
171.6084649399
  0
LINE
  5
37A
100
AcDbEntity
  8
0
100
AcDbLine
 62
2
  6
CONTINUOUS
 10
145.7956453407
 20
160.2005050501
 11
144.0507611309
 21
161.1779400068
  0
INSERT
  5
37B
100
AcDbEntity
  8
0
100
AcDbBlockReference
 62
2
  6
CONTINUOUS
  2
_FILLED
 10
142.3058769212
 20
162.1553749635
 41
2.1
 42
2.1
 43
2.1
 50
150.7436800449
  0
INSERT
  5
37C
100
AcDbEntity
  8
0
100
AcDbBlockReference
 62
2
  6
CONTINUOUS
  2
_FILLED
 10
145.7956453407
 20
160.2005050501
 41
2.1
 42
2.1
 43
2.1
 50
330.7436800449
  0
ENDBLK
  5
37D
100
AcDbEntity
  8
0
  6
BYBLOCK
 62
0
100
AcDbBlockEnd
  0
BLOCK
  5
37E
100
AcDbEntity
  8
0
100
AcDbBlockBegin
 62
2
  6
CONTINUOUS
  2
*D46
 70
65
 10
0.0
 20
0.0
  3
*D46
  1

  0
MTEXT
  5
37F
100
AcDbEntity
  8
0
100
AcDbMText
 62
2
  6
CONTINUOUS
  7
STANDARD
 71
3
 72
1
 10
139.0814229068
 20
204.6651277029
 30
0.0
 11
1.0
 21
0.0
 31
0.0
 73
2
 44
0.9
  1
3.70
 40
3.0
 41
9.6
  0
LINE
  5
380
100
AcDbEntity
  8
0
100
AcDbLine
 62
2
  6
CONTINUOUS
 10
142.2007611309
 20
208.0279400068
 11
142.2007611309
 21
198.9151277029
  0
LINE
  5
381
100
AcDbEntity
  8
0
100
AcDbLine
 62
2
  6
CONTINUOUS
 10
145.9007611309
 20
208.0279400068
 11
145.9007611309
 21
198.9151277029
  0
LINE
  5
382
100
AcDbEntity
  8
0
100
AcDbLine
 62
2
  6
CONTINUOUS
 10
142.2007611309
 20
200.9151277029
 11
129.4814229068
 21
200.9151277029
  0
LINE
  5
383
100
AcDbEntity
  8
0
100
AcDbLine
 62
2
  6
CONTINUOUS
 10
129.4814229068
 20
200.9151277029
 11
144.0507611309
 21
200.9151277029
  0
LINE
  5
384
100
AcDbEntity
  8
0
100
AcDbLine
 62
2
  6
CONTINUOUS
 10
145.9007611309
 20
200.9151277029
 11
149.9007611309
 21
200.9151277029
  0
LINE
  5
385
100
AcDbEntity
  8
0
100
AcDbLine
 62
2
  6
CONTINUOUS
 10
149.9007611309
 20
200.9151277029
 11
144.0507611309
 21
200.9151277029
  0
INSERT
  5
386
100
AcDbEntity
  8
0
100
AcDbBlockReference
 62
2
  6
CONTINUOUS
  2
_FILLED
 10
142.2007611309
 20
200.9151277029
 41
2.1
 42
2.1
 43
2.1
  0
INSERT
  5
387
100
AcDbEntity
  8
0
100
AcDbBlockReference
 62
2
  6
CONTINUOUS
  2
_FILLED
 10
145.9007611309
 20
200.9151277029
 41
2.1
 42
2.1
 43
2.1
 50
180.0
  0
ENDBLK
  5
388
100
AcDbEntity
  8
0
  6
BYBLOCK
 62
0
100
AcDbBlockEnd
  0
BLOCK
  5
389
100
AcDbEntity
  8
0
100
AcDbBlockBegin
 62
2
  6
CONTINUOUS
  2
*D47
 70
65
 10
0.0
 20
0.0
  3
*D47
  1

  0
MTEXT
  5
38A
100
AcDbEntity
  8
0
100
AcDbMText
 62
2
  6
CONTINUOUS
  7
STANDARD
 71
1
 72
1
 10
158.8303772782
 20
214.3437897866
 30
0.0
 11
0.0
 21
1.0
 31
0.0
 73
2
 44
0.9
  1
4.00
 40
3.0
 41
9.6
  0
LINE
  5
38B
100
AcDbEntity
  8
0
100
AcDbLine
 62
2
  6
CONTINUOUS
 10
145.0507611309
 20
207.1779400068
 11
164.5803772782
 21
207.1779400068
  0
LINE
  5
38C
100
AcDbEntity
  8
0
100
AcDbLine
 62
2
  6
CONTINUOUS
 10
145.0507611309
 20
211.1779400068
 11
164.5803772782
 21
211.1779400068
  0
LINE
  5
38D
100
AcDbEntity
  8
0
100
AcDbLine
 62
2
  6
CONTINUOUS
 10
162.5803772782
 20
207.1779400068
 11
162.5803772782
 21
203.1779400068
  0
LINE
  5
38E
100
AcDbEntity
  8
0
100
AcDbLine
 62
2
  6
CONTINUOUS
 10
162.5803772782
 20
203.1779400068
 11
162.5803772782
 21
209.1779400068
  0
LINE
  5
38F
100
AcDbEntity
  8
0
100
AcDbLine
 62
2
  6
CONTINUOUS
 10
162.5803772782
 20
211.1779400068
 11
162.5803772782
 21
223.9437897866
  0
LINE
  5
390
100
AcDbEntity
  8
0
100
AcDbLine
 62
2
  6
CONTINUOUS
 10
162.5803772782
 20
223.9437897866
 11
162.5803772782
 21
209.1779400068
  0
INSERT
  5
391
100
AcDbEntity
  8
0
100
AcDbBlockReference
 62
2
  6
CONTINUOUS
  2
_FILLED
 10
162.5803772782
 20
207.1779400068
 41
2.1
 42
2.1
 43
2.1
 50
90.0
  0
INSERT
  5
392
100
AcDbEntity
  8
0
100
AcDbBlockReference
 62
2
  6
CONTINUOUS
  2
_FILLED
 10
162.5803772782
 20
211.1779400068
 41
2.1
 42
2.1
 43
2.1
 50
270.0
  0
ENDBLK
  5
393
100
AcDbEntity
  8
0
  6
BYBLOCK
 62
0
100
AcDbBlockEnd
  0
BLOCK
  5
394
100
AcDbEntity
  8
0
100
AcDbBlockBegin
 62
2
  6
CONTINUOUS
  2
*D48
 70
65
 10
0.0
 20
0.0
  3
*D48
  1

  0
MTEXT
  5
395
100
AcDbEntity
  8
0
100
AcDbMText
 62
2
  6
CONTINUOUS
  7
STANDARD
 71
3
 72
1
 10
85.5536256973
 20
176.0268019248
 30
0.0
 11
1.0
 21
0.0
 31
0.0
 73
2
 44
0.9
  1
4.00
 40
3.0
 41
9.6
  0
LINE
  5
396
100
AcDbEntity
  8
0
100
AcDbLine
 62
2
  6
CONTINUOUS
 10
91.0507611309
 20
162.1779400068
 11
91.0507611309
 21
174.2768019248
  0
LINE
  5
397
100
AcDbEntity
  8
0
100
AcDbLine
 62
2
  6
CONTINUOUS
 10
95.0507611309
 20
162.1779400068
 11
95.0507611309
 21
174.2768019248
  0
LINE
  5
398
100
AcDbEntity
  8
0
100
AcDbLine
 62
2
  6
CONTINUOUS
 10
91.0507611309
 20
172.2768019248
 11
75.9536256973
 21
172.2768019248
  0
LINE
  5
399
100
AcDbEntity
  8
0
100
AcDbLine
 62
2
  6
CONTINUOUS
 10
75.9536256973
 20
172.2768019248
 11
93.0507611309
 21
172.2768019248
  0
LINE
  5
39A
100
AcDbEntity
  8
0
100
AcDbLine
 62
2
  6
CONTINUOUS
 10
95.0507611309
 20
172.2768019248
 11
99.0507611309
 21
172.2768019248
  0
LINE
  5
39B
100
AcDbEntity
  8
0
100
AcDbLine
 62
2
  6
CONTINUOUS
 10
99.0507611309
 20
172.2768019248
 11
93.0507611309
 21
172.2768019248
  0
INSERT
  5
39C
100
AcDbEntity
  8
0
100
AcDbBlockReference
 62
2
  6
CONTINUOUS
  2
_FILLED
 10
91.0507611309
 20
172.2768019248
 41
2.1
 42
2.1
 43
2.1
  0
INSERT
  5
39D
100
AcDbEntity
  8
0
100
AcDbBlockReference
 62
2
  6
CONTINUOUS
  2
_FILLED
 10
95.0507611309
 20
172.2768019248
 41
2.1
 42
2.1
 43
2.1
 50
180.0
  0
ENDBLK
  5
39E
100
AcDbEntity
  8
0
  6
BYBLOCK
 62
0
100
AcDbBlockEnd
  0
BLOCK
  5
39F
100
AcDbEntity
  8
0
100
AcDbBlockBegin
 62
2
  6
CONTINUOUS
  2
*D49
 70
65
 10
0.0
 20
0.0
  3
*D49
  1

  0
MTEXT
  5
3A0
100
AcDbEntity
  8
0
100
AcDbMText
 62
2
  6
CONTINUOUS
  7
STANDARD
 71
1
 72
1
 10
98.1912612704
 20
168.6928610131
 30
0.0
 11
0.0
 21
1.0
 31
0.0
 73
2
 44
0.9
  1
3.70
 40
3.0
 41
9.6
  0
LINE
  5
3A1
100
AcDbEntity
  8
0
100
AcDbLine
 62
2
  6
CONTINUOUS
 10
94.2007611309
 20
163.0279400068
 11
103.9412612704
 21
163.0279400068
  0
LINE
  5
3A2
100
AcDbEntity
  8
0
100
AcDbLine
 62
2
  6
CONTINUOUS
 10
94.2007611309
 20
159.3279400068
 11
103.9412612704
 21
159.3279400068
  0
LINE
  5
3A3
100
AcDbEntity
  8
0
100
AcDbLine
 62
2
  6
CONTINUOUS
 10
101.9412612704
 20
163.0279400068
 11
101.9412612704
 21
178.2928610131
  0
LINE
  5
3A4
100
AcDbEntity
  8
0
100
AcDbLine
 62
2
  6
CONTINUOUS
 10
101.9412612704
 20
178.2928610131
 11
101.9412612704
 21
161.1779400068
  0
LINE
  5
3A5
100
AcDbEntity
  8
0
100
AcDbLine
 62
2
  6
CONTINUOUS
 10
101.9412612704
 20
159.3279400068
 11
101.9412612704
 21
155.3279400068
  0
LINE
  5
3A6
100
AcDbEntity
  8
0
100
AcDbLine
 62
2
  6
CONTINUOUS
 10
101.9412612704
 20
155.3279400068
 11
101.9412612704
 21
161.1779400068
  0
INSERT
  5
3A7
100
AcDbEntity
  8
0
100
AcDbBlockReference
 62
2
  6
CONTINUOUS
  2
_FILLED
 10
101.9412612704
 20
163.0279400068
 41
2.1
 42
2.1
 43
2.1
 50
270.0
  0
INSERT
  5
3A8
100
AcDbEntity
  8
0
100
AcDbBlockReference
 62
2
  6
CONTINUOUS
  2
_FILLED
 10
101.9412612704
 20
159.3279400068
 41
2.1
 42
2.1
 43
2.1
 50
90.0
  0
ENDBLK
  5
3A9
100
AcDbEntity
  8
0
  6
BYBLOCK
 62
0
100
AcDbBlockEnd
  0
BLOCK
  5
3AA
100
AcDbEntity
  8
0
100
AcDbBlockBegin
 62
2
  6
CONTINUOUS
  2
*D50
 70
65
 10
0.0
 20
0.0
  3
*D50
  1

  0
MTEXT
  5
3AB
100
AcDbEntity
  8
0
100
AcDbMText
 62
2
  6
CONTINUOUS
  7
TEXTSTYLE_3
 71
3
 72
1
 10
160.4418616533
 20
159.3094525492
 30
0.0
 11
0.8844387073
 21
-0.4666563758
 31
0.0
 73
2
 44
0.9
  1
⌀\ftxt;{\W0.8;2.50}
 40
3.0
 41
19.7076923077
  0
LINE
  5
3AC
100
AcDbEntity
  8
0
100
AcDbLine
 62
2
  6
CONTINUOUS
 10
162.8453117441
 20
153.8013429776
 11
163.9508601281
 21
153.2180225078
  0
LINE
  5
3AD
100
AcDbEntity
  8
0
100
AcDbLine
 62
2
  6
CONTINUOUS
 10
163.9508601281
 20
153.2180225078
 11
147.0717363056
 21
162.1239542427
  0
LINE
  5
3AE
100
AcDbEntity
  8
0
100
AcDbLine
 62
2
  6
CONTINUOUS
 10
165.0564085122
 20
152.634702038
 11
163.9508601281
 21
153.2180225078
  0
INSERT
  5
3AF
100
AcDbEntity
  8
0
100
AcDbBlockReference
 62
2
  6
CONTINUOUS
  2
_FILLED
 10
162.8453117441
 20
153.8013429776
 41
2.1
 42
2.1
 43
2.1
 50
152.1825273784
  0
INSERT
  5
3B0
100
AcDbEntity
  8
0
100
AcDbBlockReference
 62
2
  6
CONTINUOUS
  2
_FILLED
 10
165.0564085122
 20
152.634702038
 41
2.1
 42
2.1
 43
2.1
 50
332.1825273784
  0
ENDBLK
  5
3B1
100
AcDbEntity
  8
0
  6
BYBLOCK
 62
0
100
AcDbBlockEnd
  0
BLOCK
  5
3B2
100
AcDbEntity
  8
0
100
AcDbBlockBegin
 62
2
  6
CONTINUOUS
  2
*D51
 70
65
 10
0.0
 20
0.0
  3
*D51
  1

  0
MTEXT
  5
3B3
100
AcDbEntity
  8
0
100
AcDbMText
 62
2
  6
CONTINUOUS
  7
TEXTSTYLE_3
 71
3
 72
1
 10
150.8321633346
 20
150.8026635217
 30
0.0
 11
0.6115944213
 21
-0.7911714504
 31
0.0
 73
2
 44
0.9
  1
⌀\ftxt;{\W0.8;2.40}
 40
3.0
 41
19.7076923077
  0
LINE
  5
3B4
100
AcDbEntity
  8
0
100
AcDbLine
 62
2
  6
CONTINUOUS
 10
151.0669468226
 20
144.3674282483
 11
151.8008601281
 21
143.4180225078
  0
LINE
  5
3B5
100
AcDbEntity
  8
0
100
AcDbLine
 62
2
  6
CONTINUOUS
 10
151.8008601281
 20
143.4180225078
 11
139.8298606149
 21
158.9039601131
  0
LINE
  5
3B6
100
AcDbEntity
  8
0
100
AcDbLine
 62
2
  6
CONTINUOUS
 10
152.5347734336
 20
142.4686167674
 11
151.8008601281
 21
143.4180225078
  0
INSERT
  5
3B7
100
AcDbEntity
  8
0
100
AcDbBlockReference
 62
2
  6
CONTINUOUS
  2
_FILLED
 10
151.0669468226
 20
144.3674282483
 41
2.1
 42
2.1
 43
2.1
 50
127.7048795036
  0
INSERT
  5
3B8
100
AcDbEntity
  8
0
100
AcDbBlockReference
 62
2
  6
CONTINUOUS
  2
_FILLED
 10
152.5347734336
 20
142.4686167674
 41
2.1
 42
2.1
 43
2.1
 50
307.7048795036
  0
ENDBLK
  5
3B9
100
AcDbEntity
  8
0
  6
BYBLOCK
 62
0
100
AcDbBlockEnd
  0
BLOCK
  5
3BA
100
AcDbEntity
  8
0
100
AcDbBlockBegin
 62
2
  6
CONTINUOUS
  2
*D52
 70
65
 10
0.0
 20
0.0
  3
*D52
  1

  0
MTEXT
  5
3BB
100
AcDbEntity
  8
0
100
AcDbMText
 62
2
  6
CONTINUOUS
  7
TEXTSTYLE_3
 71
3
 72
1
 10
76.0376108819
 20
151.1401299972
 30
0.0
 11
0.7658979495
 21
-0.6429621536
 31
0.0
 73
2
 44
0.9
  1
⌀\ftxt;{\W0.8;2.50}
 40
3.0
 41
19.7076923077
  0
LINE
  5
3BC
100
AcDbEntity
  8
0
100
AcDbLine
 62
2
  6
CONTINUOUS
 10
77.4934876912
 20
145.0217251998
 11
78.4508601281
 21
144.2180225078
  0
LINE
  5
3BD
100
AcDbEntity
  8
0
100
AcDbLine
 62
2
  6
CONTINUOUS
 10
78.4508601281
 20
144.2180225078
 11
63.563782054
 21
156.715546212
  0
LINE
  5
3BE
100
AcDbEntity
  8
0
100
AcDbLine
 62
2
  6
CONTINUOUS
 10
79.408232565
 20
143.4143198158
 11
78.4508601281
 21
144.2180225078
  0
INSERT
  5
3BF
100
AcDbEntity
  8
0
100
AcDbBlockReference
 62
2
  6
CONTINUOUS
  2
_FILLED
 10
77.4934876912
 20
145.0217251998
 41
2.1
 42
2.1
 43
2.1
 50
139.9869438586
  0
INSERT
  5
3C0
100
AcDbEntity
  8
0
100
AcDbBlockReference
 62
2
  6
CONTINUOUS
  2
_FILLED
 10
79.408232565
 20
143.4143198158
 41
2.1
 42
2.1
 43
2.1
 50
319.9869438586
  0
ENDBLK
  5
3C1
100
AcDbEntity
  8
0
  6
BYBLOCK
 62
0
100
AcDbBlockEnd
  0
BLOCK
  5
3C2
100
AcDbEntity
  8
0
100
AcDbBlockBegin
 62
2
  6
CONTINUOUS
  2
*D53
 70
65
 10
0.0
 20
0.0
  3
*D53
  1

  0
MTEXT
  5
3C3
100
AcDbEntity
  8
0
100
AcDbMText
 62
2
  6
CONTINUOUS
  7
STANDARD
 71
1
 72
1
 10
89.7594431898
 20
154.424114535
 30
0.0
 11
1.0
 21
0.0
 31
0.0
 73
2
 44
0.9
  1
2.60
 40
3.0
 41
9.6
  0
LINE
  5
3C4
100
AcDbEntity
  8
0
100
AcDbLine
 62
2
  6
CONTINUOUS
 10
82.1008601281
 20
144.4180225078
 11
82.1008601281
 21
152.674114535
  0
LINE
  5
3C5
100
AcDbEntity
  8
0
100
AcDbLine
 62
2
  6
CONTINUOUS
 10
84.7008601281
 20
144.4180225078
 11
84.7008601281
 21
152.674114535
  0
LINE
  5
3C6
100
AcDbEntity
  8
0
100
AcDbLine
 62
2
  6
CONTINUOUS
 10
82.1008601281
 20
150.674114535
 11
78.1008601281
 21
150.674114535
  0
LINE
  5
3C7
100
AcDbEntity
  8
0
100
AcDbLine
 62
2
  6
CONTINUOUS
 10
78.1008601281
 20
150.674114535
 11
83.4008601281
 21
150.674114535
  0
LINE
  5
3C8
100
AcDbEntity
  8
0
100
AcDbLine
 62
2
  6
CONTINUOUS
 10
84.7008601281
 20
150.674114535
 11
99.3594431898
 21
150.674114535
  0
LINE
  5
3C9
100
AcDbEntity
  8
0
100
AcDbLine
 62
2
  6
CONTINUOUS
 10
99.3594431898
 20
150.674114535
 11
83.4008601281
 21
150.674114535
  0
INSERT
  5
3CA
100
AcDbEntity
  8
0
100
AcDbBlockReference
 62
2
  6
CONTINUOUS
  2
_FILLED
 10
82.1008601281
 20
150.674114535
 41
2.1
 42
2.1
 43
2.1
  0
INSERT
  5
3CB
100
AcDbEntity
  8
0
100
AcDbBlockReference
 62
2
  6
CONTINUOUS
  2
_FILLED
 10
84.7008601281
 20
150.674114535
 41
2.1
 42
2.1
 43
2.1
 50
180.0
  0
ENDBLK
  5
3CC
100
AcDbEntity
  8
0
  6
BYBLOCK
 62
0
100
AcDbBlockEnd
  0
BLOCK
  5
3CD
100
AcDbEntity
  8
0
100
AcDbBlockBegin
 62
2
  6
CONTINUOUS
  2
*D54
 70
65
 10
0.0
 20
0.0
  3
*D54
  1

  0
MTEXT
  5
3CE
100
AcDbEntity
  8
0
100
AcDbMText
 62
2
  6
CONTINUOUS
  7
STANDARD
 71
3
 72
1
 10
84.0477868086
 20
139.391538667
 30
0.0
 11
0.0
 21
1.0
 31
0.0
 73
2
 44
0.9
  1
2.40
 40
3.0
 41
9.6
  0
LINE
  5
3CF
100
AcDbEntity
  8
0
100
AcDbLine
 62
2
  6
CONTINUOUS
 10
84.5008601281
 20
142.2180225078
 11
89.7977868086
 21
142.2180225078
  0
LINE
  5
3D0
100
AcDbEntity
  8
0
100
AcDbLine
 62
2
  6
CONTINUOUS
 10
84.5008601281
 20
144.6180225078
 11
89.7977868086
 21
144.6180225078
  0
LINE
  5
3D1
100
AcDbEntity
  8
0
100
AcDbLine
 62
2
  6
CONTINUOUS
 10
87.7977868086
 20
142.2180225078
 11
87.7977868086
 21
129.791538667
  0
LINE
  5
3D2
100
AcDbEntity
  8
0
100
AcDbLine
 62
2
  6
CONTINUOUS
 10
87.7977868086
 20
129.791538667
 11
87.7977868086
 21
143.4180225078
  0
LINE
  5
3D3
100
AcDbEntity
  8
0
100
AcDbLine
 62
2
  6
CONTINUOUS
 10
87.7977868086
 20
144.6180225078
 11
87.7977868086
 21
148.6180225078
  0
LINE
  5
3D4
100
AcDbEntity
  8
0
100
AcDbLine
 62
2
  6
CONTINUOUS
 10
87.7977868086
 20
148.6180225078
 11
87.7977868086
 21
143.4180225078
  0
INSERT
  5
3D5
100
AcDbEntity
  8
0
100
AcDbBlockReference
 62
2
  6
CONTINUOUS
  2
_FILLED
 10
87.7977868086
 20
142.2180225078
 41
2.1
 42
2.1
 43
2.1
 50
90.0
  0
INSERT
  5
3D6
100
AcDbEntity
  8
0
100
AcDbBlockReference
 62
2
  6
CONTINUOUS
  2
_FILLED
 10
87.7977868086
 20
144.6180225078
 41
2.1
 42
2.1
 43
2.1
 50
270.0
  0
ENDBLK
  5
3D7
100
AcDbEntity
  8
0
  6
BYBLOCK
 62
0
100
AcDbBlockEnd
  0
BLOCK
  5
3D8
100
AcDbEntity
  8
0
100
AcDbBlockBegin
 62
2
  6
CONTINUOUS
  2
*D55
 70
65
 10
0.0
 20
0.0
  3
*D55
  1

  0
MTEXT
  5
3D9
100
AcDbEntity
  8
0
100
AcDbMText
 62
2
  6
CONTINUOUS
  7
STANDARD
 71
1
 72
1
 10
305.8590151837
 20
252.706403552
 30
0.0
 11
0.0
 21
1.0
 31
0.0
 73
2
 44
0.9
  1
13.80
 40
3.0
 41
12.0
  0
LINE
  5
3DA
100
AcDbEntity
  8
0
100
AcDbLine
 62
2
  6
CONTINUOUS
 10
309.6090151837
 20
233.6980225078
 11
309.6090151837
 21
251.206403552
  0
ENDBLK
  5
3DB
100
AcDbEntity
  8
0
  6
BYBLOCK
 62
0
100
AcDbBlockEnd
  0
BLOCK
  5
3DC
100
AcDbEntity
  8
0
100
AcDbBlockBegin
 62
2
  6
CONTINUOUS
  2
*D56
 70
65
 10
0.0
 20
0.0
  3
*D56
  1

  0
MTEXT
  5
3DD
100
AcDbEntity
  8
0
100
AcDbMText
 62
2
  6
CONTINUOUS
  7
STANDARD
 71
1
 72
1
 10
319.6590151837
 20
237.878679465
 30
0.0
 11
0.0
 21
1.0
 31
0.0
 73
2
 44
0.9
  1
0.00
 40
3.0
 41
9.6
  0
LINE
  5
3DE
100
AcDbEntity
  8
0
100
AcDbLine
 62
2
  6
CONTINUOUS
 10
323.4090151837
 20
162.3180225078
 11
323.4090151837
 21
236.378679465
  0
ENDBLK
  5
3DF
100
AcDbEntity
  8
0
  6
BYBLOCK
 62
0
100
AcDbBlockEnd
  0
BLOCK
  5
3E0
100
AcDbEntity
  8
0
100
AcDbBlockBegin
 62
2
  6
CONTINUOUS
  2
*D57
 70
65
 10
0.0
 20
0.0
  3
*D57
  1

  0
MTEXT
  5
3E1
100
AcDbEntity
  8
0
100
AcDbMText
 62
2
  6
CONTINUOUS
  7
STANDARD
 71
1
 72
1
 10
305.0590151837
 20
237.878679465
 30
0.0
 11
0.0
 21
1.0
 31
0.0
 73
2
 44
0.9
  1
14.60
 40
3.0
 41
12.0
  0
LINE
  5
3E2
100
AcDbEntity
  8
0
100
AcDbLine
 62
2
  6
CONTINUOUS
 10
308.8090151837
 20
233.6980225078
 11
308.8090151837
 21
236.378679465
  0
ENDBLK
  5
3E3
100
AcDbEntity
  8
0
  6
BYBLOCK
 62
0
100
AcDbBlockEnd
  0
BLOCK
  5
3E4
100
AcDbEntity
  8
0
100
AcDbBlockBegin
 62
2
  6
CONTINUOUS
  2
*D58
 70
65
 10
0.0
 20
0.0
  3
*D58
  1

  0
MTEXT
  5
3E5
100
AcDbEntity
  8
0
100
AcDbMText
 62
2
  6
CONTINUOUS
  7
STANDARD
 71
3
 72
1
 10
259.3052463727
 20
236.8480225078
 30
0.0
 11
1.0
 21
0.0
 31
0.0
 73
2
 44
0.9
  1
71.78
 40
3.0
 41
12.0
  0
LINE
  5
3E6
100
AcDbEntity
  8
0
100
AcDbLine
 62
2
  6
CONTINUOUS
 10
308.2090151837
 20
233.0980225078
 11
260.8052463727
 21
233.0980225078
  0
ENDBLK
  5
3E7
100
AcDbEntity
  8
0
  6
BYBLOCK
 62
0
100
AcDbBlockEnd
  0
BLOCK
  5
3E8
100
AcDbEntity
  8
0
100
AcDbBlockBegin
 62
2
  6
CONTINUOUS
  2
*D59
 70
65
 10
0.0
 20
0.0
  3
*D59
  1

  0
MTEXT
  5
3E9
100
AcDbEntity
  8
0
100
AcDbMText
 62
2
  6
CONTINUOUS
  7
STANDARD
 71
3
 72
1
 10
259.3052463727
 20
165.0680225078
 30
0.0
 11
1.0
 21
0.0
 31
0.0
 73
2
 44
0.9
  1
0.00
 40
3.0
 41
9.6
  0
LINE
  5
3EA
100
AcDbEntity
  8
0
100
AcDbLine
 62
2
  6
CONTINUOUS
 10
322.4090151837
 20
161.3180225078
 11
260.8052463727
 21
161.3180225078
  0
ENDBLK
  5
3EB
100
AcDbEntity
  8
0
  6
BYBLOCK
 62
0
100
AcDbBlockEnd
  0
BLOCK
  5
3EC
100
AcDbEntity
  8
0
100
AcDbBlockBegin
 62
2
  6
CONTINUOUS
  2
*D60
 70
65
 10
0.0
 20
0.0
  3
*D60
  1

  0
MTEXT
  5
3ED
100
AcDbEntity
  8
0
100
AcDbMText
 62
2
  6
CONTINUOUS
  7
STANDARD
 71
3
 72
1
 10
259.3052463727
 20
232.4480225078
 30
0.0
 11
1.0
 21
0.0
 31
0.0
 73
2
 44
0.9
  1
67.38
 40
3.0
 41
12.0
  0
LINE
  5
3EE
100
AcDbEntity
  8
0
100
AcDbLine
 62
2
  6
CONTINUOUS
 10
308.2090151837
 20
228.6980225078
 11
260.8052463727
 21
228.6980225078
  0
ENDBLK
  5
3EF
100
AcDbEntity
  8
0
  6
BYBLOCK
 62
0
100
AcDbBlockEnd
  0
BLOCK
  5
3F0
100
AcDbEntity
  8
0
100
AcDbBlockBegin
 62
2
  6
CONTINUOUS
  2
*D61
 70
65
 10
0.0
 20
0.0
  3
*D61
  1

  0
MTEXT
  5
3F1
100
AcDbEntity
  8
0
100
AcDbMText
 62
2
  6
CONTINUOUS
  7
TEXTSTYLE_3
 71
1
 72
1
 10
99.9201001454
 20
151.5826777793
 30
0.0
 11
0.6592046484
 21
0.7519635839
 31
0.0
 73
2
 44
0.9
  1
⌀\ftxt;{\W0.8;6.00}
 40
3.0
 41
19.7076923077
  0
LINE
  5
3F2
100
AcDbEntity
  8
0
100
AcDbLine
 62
2
  6
CONTINUOUS
 10
100.4284740734
 20
146.4739132595
 11
98.4508601281
 21
144.2180225078
  0
LINE
  5
3F3
100
AcDbEntity
  8
0
100
AcDbLine
 62
2
  6
CONTINUOUS
 10
98.4508601281
 20
144.2180225078
 11
111.4008985042
 21
158.9903049731
  0
LINE
  5
3F4
100
AcDbEntity
  8
0
100
AcDbLine
 62
2
  6
CONTINUOUS
 10
96.4732461829
 20
141.9621317561
 11
98.4508601281
 21
144.2180225078
  0
INSERT
  5
3F5
100
AcDbEntity
  8
0
100
AcDbBlockReference
 62
2
  6
CONTINUOUS
  2
_FILLED
 10
100.4284740734
 20
146.4739132595
 41
2.1
 42
2.1
 43
2.1
 50
48.7607570647
  0
INSERT
  5
3F6
100
AcDbEntity
  8
0
100
AcDbBlockReference
 62
2
  6
CONTINUOUS
  2
_FILLED
 10
96.4732461829
 20
141.9621317561
 41
2.1
 42
2.1
 43
2.1
 50
228.7607570647
  0
ENDBLK
  5
3F7
100
AcDbEntity
  8
0
  6
BYBLOCK
 62
0
100
AcDbBlockEnd
  0
BLOCK
  5
3F8
100
AcDbEntity
  8
0
100
AcDbBlockBegin
 62
2
  6
CONTINUOUS
  2
*D62
 70
65
 10
0.0
 20
0.0
  3
*D62
  1

  0
MTEXT
  5
3F9
100
AcDbEntity
  8
0
100
AcDbMText
 62
2
  6
CONTINUOUS
  7
TEXTSTYLE_3
 71
3
 72
1
 10
137.0286119644
 20
156.5937161947
 30
0.0
 11
0.4752257798
 21
-0.8798638862
 31
0.0
 73
2
 44
0.9
  1
⌀\ftxt;{\W0.8;6.00}
 40
3.0
 41
19.7076923077
  0
LINE
  5
3FA
100
AcDbEntity
  8
0
100
AcDbLine
 62
2
  6
CONTINUOUS
 10
138.0251827888
 20
146.8576141664
 11
139.4508601281
 21
144.2180225078
  0
LINE
  5
3FB
100
AcDbEntity
  8
0
100
AcDbLine
 62
2
  6
CONTINUOUS
 10
139.4508601281
 20
144.2180225078
 11
127.4853867615
 21
166.3716773485
  0
LINE
  5
3FC
100
AcDbEntity
  8
0
100
AcDbLine
 62
2
  6
CONTINUOUS
 10
140.8765374675
 20
141.5784308492
 11
139.4508601281
 21
144.2180225078
  0
INSERT
  5
3FD
100
AcDbEntity
  8
0
100
AcDbBlockReference
 62
2
  6
CONTINUOUS
  2
_FILLED
 10
138.0251827888
 20
146.8576141664
 41
2.1
 42
2.1
 43
2.1
 50
118.3740515431
  0
INSERT
  5
3FE
100
AcDbEntity
  8
0
100
AcDbBlockReference
 62
2
  6
CONTINUOUS
  2
_FILLED
 10
140.8765374675
 20
141.5784308492
 41
2.1
 42
2.1
 43
2.1
 50
298.3740515431
  0
ENDBLK
  5
3FF
100
AcDbEntity
  8
0
  6
BYBLOCK
 62
0
100
AcDbBlockEnd
  0
BLOCK
  5
400
100
AcDbEntity
  8
0
100
AcDbBlockBegin
 62
2
  6
CONTINUOUS
  2
*D63
 70
65
 10
0.0
 20
0.0
  3
*D63
  1

  0
MTEXT
  5
401
100
AcDbEntity
  8
0
100
AcDbMText
 62
2
  6
CONTINUOUS
  7
TEXTSTYLE_3
 71
3
 72
1
 10
133.5643999766
 20
70.1959254849
 30
0.0
 11
0.9688117864
 21
-0.2477977452
 31
0.0
 73
2
 44
0.9
  1
⌀\ftxt;{\W0.8;2.70}
 40
3.0
 41
19.7076923077
  0
LINE
  5
402
100
AcDbEntity
  8
0
100
AcDbLine
 62
2
  6
CONTINUOUS
 10
137.3019870246
 20
65.3692236335
 11
141.2256747595
 21
64.3656427653
  0
LINE
  5
403
100
AcDbEntity
  8
0
100
AcDbLine
 62
2
  6
CONTINUOUS
 10
141.2256747595
 20
64.3656427653
 11
119.9064620384
 21
69.818562431
  0
LINE
  5
404
100
AcDbEntity
  8
0
100
AcDbLine
 62
2
  6
CONTINUOUS
 10
145.1493624944
 20
63.3620618971
 11
141.2256747595
 21
64.3656427653
  0
INSERT
  5
405
100
AcDbEntity
  8
0
100
AcDbBlockReference
 62
2
  6
CONTINUOUS
  2
_FILLED
 10
137.3019870246
 20
65.3692236335
 41
2.1
 42
2.1
 43
2.1
 50
165.6527677269
  0
INSERT
  5
406
100
AcDbEntity
  8
0
100
AcDbBlockReference
 62
2
  6
CONTINUOUS
  2
_FILLED
 10
145.1493624944
 20
63.3620618971
 41
2.1
 42
2.1
 43
2.1
 50
345.6527677269
  0
ENDBLK
  5
407
100
AcDbEntity
  8
0
  6
BYBLOCK
 62
0
100
AcDbBlockEnd
  0
BLOCK
  5
408
100
AcDbEntity
  8
0
100
AcDbBlockBegin
 62
2
  6
CONTINUOUS
  2
*D64
 70
65
 10
0.0
 20
0.0
  3
*D64
  1

  0
MTEXT
  5
409
100
AcDbEntity
  8
0
100
AcDbMText
 62
2
  6
CONTINUOUS
  7
TEXTSTYLE_3
 71
1
 72
1
 10
198.4502200191
 20
69.2520083261
 30
0.0
 11
0.9888764243
 21
0.1487394283
 31
0.0
 73
2
 44
0.9
  1
⌀\ftxt;{\W0.8;2.70}
 40
3.0
 41
19.7076923077
  0
LINE
  5
40A
100
AcDbEntity
  8
0
100
AcDbLine
 62
2
  6
CONTINUOUS
 10
195.1806242778
 20
64.9680374501
 11
191.1756747595
 21
64.3656427653
  0
LINE
  5
40B
100
AcDbEntity
  8
0
100
AcDbLine
 62
2
  6
CONTINUOUS
 10
191.1756747595
 20
64.3656427653
 11
212.0003077419
 21
67.4979289937
  0
LINE
  5
40C
100
AcDbEntity
  8
0
100
AcDbLine
 62
2
  6
CONTINUOUS
 10
187.1707252413
 20
63.7632480805
 11
191.1756747595
 21
64.3656427653
  0
INSERT
  5
40D
100
AcDbEntity
  8
0
100
AcDbBlockReference
 62
2
  6
CONTINUOUS
  2
_FILLED
 10
195.1806242778
 20
64.9680374501
 41
2.1
 42
2.1
 43
2.1
 50
8.5538816575
  0
INSERT
  5
40E
100
AcDbEntity
  8
0
100
AcDbBlockReference
 62
2
  6
CONTINUOUS
  2
_FILLED
 10
187.1707252413
 20
63.7632480805
 41
2.1
 42
2.1
 43
2.1
 50
188.5538816575
  0
ENDBLK
  5
40F
100
AcDbEntity
  8
0
  6
BYBLOCK
 62
0
100
AcDbBlockEnd
  0
BLOCK
  5
410
100
AcDbEntity
  8
0
100
AcDbBlockBegin
 62
2
  6
CONTINUOUS
  2
*D65
 70
65
 10
0.0
 20
0.0
  3
*D65
  1

  0
MTEXT
  5
411
100
AcDbEntity
  8
0
100
AcDbMText
 62
2
  6
CONTINUOUS
  7
TEXTSTYLE_3
 71
1
 72
1
 10
163.0214841199
 20
83.8239499003
 30
0.0
 11
0.8264798985
 21
0.5629662311
 31
0.0
 73
2
 44
0.9
  1
⌀\ftxt;{\W0.8;1.50}
 40
3.0
 41
19.7076923077
  0
LINE
  5
412
100
AcDbEntity
  8
0
100
AcDbLine
 62
2
  6
CONTINUOUS
 10
162.0902545311
 20
78.6523167853
 11
160.2306747595
 21
77.3856427653
  0
LINE
  5
413
100
AcDbEntity
  8
0
100
AcDbLine
 62
2
  6
CONTINUOUS
 10
160.2306747595
 20
77.3856427653
 11
175.9912818453
 21
88.121160456
  0
LINE
  5
414
100
AcDbEntity
  8
0
100
AcDbLine
 62
2
  6
CONTINUOUS
 10
158.3710949879
 20
76.1189687453
 11
160.2306747595
 21
77.3856427653
  0
INSERT
  5
415
100
AcDbEntity
  8
0
100
AcDbBlockReference
 62
2
  6
CONTINUOUS
  2
_FILLED
 10
162.0902545311
 20
78.6523167853
 41
2.1
 42
2.1
 43
2.1
 50
34.2611816289
  0
INSERT
  5
416
100
AcDbEntity
  8
0
100
AcDbBlockReference
 62
2
  6
CONTINUOUS
  2
_FILLED
 10
158.3710949879
 20
76.1189687453
 41
2.1
 42
2.1
 43
2.1
 50
214.2611816289
  0
ENDBLK
  5
417
100
AcDbEntity
  8
0
  6
BYBLOCK
 62
0
100
AcDbBlockEnd
  0
BLOCK
  5
418
100
AcDbEntity
  8
0
100
AcDbBlockBegin
 62
2
  6
CONTINUOUS
  2
*D66
 70
65
 10
0.0
 20
0.0
  3
*D66
  1

  0
MTEXT
  5
419
100
AcDbEntity
  8
0
100
AcDbMText
 62
2
  6
CONTINUOUS
  7
TEXTSTYLE_3
 71
1
 72
1
 10
125.471318627
 20
84.9699385471
 30
0.0
 11
0.7702847073
 21
0.6377001409
 31
0.0
 73
2
 44
0.9
  1
⌀\ftxt;{\W0.8;1.50}
 40
3.0
 41
19.7076923077
  0
LINE
  5
41A
100
AcDbEntity
  8
0
100
AcDbLine
 62
2
  6
CONTINUOUS
 10
123.923815351
 20
78.8204680823
 11
122.1906747595
 21
77.3856427653
  0
LINE
  5
41B
100
AcDbEntity
  8
0
100
AcDbLine
 62
2
  6
CONTINUOUS
 10
122.1906747595
 20
77.3856427653
 11
137.9830501559
 21
90.4597696688
  0
LINE
  5
41C
100
AcDbEntity
  8
0
100
AcDbLine
 62
2
  6
CONTINUOUS
 10
120.4575341681
 20
75.9508174483
 11
122.1906747595
 21
77.3856427653
  0
INSERT
  5
41D
100
AcDbEntity
  8
0
100
AcDbBlockReference
 62
2
  6
CONTINUOUS
  2
_FILLED
 10
123.923815351
 20
78.8204680823
 41
2.1
 42
2.1
 43
2.1
 50
39.6205377928
  0
INSERT
  5
41E
100
AcDbEntity
  8
0
100
AcDbBlockReference
 62
2
  6
CONTINUOUS
  2
_FILLED
 10
120.4575341681
 20
75.9508174483
 41
2.1
 42
2.1
 43
2.1
 50
219.6205377928
  0
ENDBLK
  5
41F
100
AcDbEntity
  8
0
  6
BYBLOCK
 62
0
100
AcDbBlockEnd
  0
BLOCK
  5
420
100
AcDbEntity
  8
0
100
AcDbBlockBegin
 62
2
  6
CONTINUOUS
  2
*D67
 70
65
 10
0.0
 20
0.0
  3
*D67
  1

  0
MTEXT
  5
421
100
AcDbEntity
  8
0
100
AcDbMText
 62
2
  6
CONTINUOUS
  7
TEXTSTYLE_3
 71
1
 72
1
 10
150.1179071215
 20
60.4509017248
 30
0.0
 11
0.893107078
 21
0.4498441366
 31
0.0
 73
2
 44
0.9
  1
⌀\ftxt;{\W0.8;1.40}
 40
3.0
 41
19.7076923077
  0
LINE
  5
422
100
AcDbEntity
  8
0
100
AcDbLine
 62
2
  6
CONTINUOUS
 10
143.0861996234
 20
52.7103154521
 11
141.2106747595
 21
51.7656427653
  0
LINE
  5
423
100
AcDbEntity
  8
0
100
AcDbLine
 62
2
  6
CONTINUOUS
 10
141.2106747595
 20
51.7656427653
 11
163.5388756279
 21
63.0120100689
  0
LINE
  5
424
100
AcDbEntity
  8
0
100
AcDbLine
 62
2
  6
CONTINUOUS
 10
139.3351498957
 20
50.8209700785
 11
141.2106747595
 21
51.7656427653
  0
INSERT
  5
425
100
AcDbEntity
  8
0
100
AcDbBlockReference
 62
2
  6
CONTINUOUS
  2
_FILLED
 10
143.0861996234
 20
52.7103154521
 41
2.1
 42
2.1
 43
2.1
 50
26.7336843551
  0
INSERT
  5
426
100
AcDbEntity
  8
0
100
AcDbBlockReference
 62
2
  6
CONTINUOUS
  2
_FILLED
 10
139.3351498957
 20
50.8209700785
 41
2.1
 42
2.1
 43
2.1
 50
206.7336843551
  0
ENDBLK
  5
427
100
AcDbEntity
  8
0
  6
BYBLOCK
 62
0
100
AcDbBlockEnd
  0
BLOCK
  5
428
100
AcDbEntity
  8
0
100
AcDbBlockBegin
 62
2
  6
CONTINUOUS
  2
*D68
 70
65
 10
0.0
 20
0.0
  3
*D68
  1

  0
MTEXT
  5
429
100
AcDbEntity
  8
0
100
AcDbMText
 62
2
  6
CONTINUOUS
  7
TEXTSTYLE_3
 71
1
 72
1
 10
195.5357118293
 20
88.8733134686
 30
0.0
 11
0.6061449055
 21
0.7953542315
 31
0.0
 73
2
 44
0.9
  1
⌀\ftxt;{\W0.8;1.40}
 40
3.0
 41
19.7076923077
  0
LINE
  5
42A
100
AcDbEntity
  8
0
100
AcDbLine
 62
2
  6
CONTINUOUS
 10
192.448579061
 20
78.6358866514
 11
191.1756747595
 21
76.9656427653
  0
LINE
  5
42B
100
AcDbEntity
  8
0
100
AcDbLine
 62
2
  6
CONTINUOUS
 10
191.1756747595
 20
76.9656427653
 11
206.4821017248
 21
97.050001053
  0
LINE
  5
42C
100
AcDbEntity
  8
0
100
AcDbLine
 62
2
  6
CONTINUOUS
 10
189.902770458
 20
75.2953988791
 11
191.1756747595
 21
76.9656427653
  0
INSERT
  5
42D
100
AcDbEntity
  8
0
100
AcDbBlockReference
 62
2
  6
CONTINUOUS
  2
_FILLED
 10
192.448579061
 20
78.6358866514
 41
2.1
 42
2.1
 43
2.1
 50
52.6887265125
  0
INSERT
  5
42E
100
AcDbEntity
  8
0
100
AcDbBlockReference
 62
2
  6
CONTINUOUS
  2
_FILLED
 10
189.902770458
 20
75.2953988791
 41
2.1
 42
2.1
 43
2.1
 50
232.6887265125
  0
ENDBLK
  5
42F
100
AcDbEntity
  8
0
  6
BYBLOCK
 62
0
100
AcDbBlockEnd
  0
BLOCK
  5
430
100
AcDbEntity
  8
0
100
AcDbBlockBegin
 62
2
  6
CONTINUOUS
  2
*D69
 70
65
 10
0.0
 20
0.0
  3
*D69
  1

  0
MTEXT
  5
431
100
AcDbEntity
  8
0
100
AcDbMText
 62
2
  6
CONTINUOUS
  7
TEXTSTYLE_3
 71
3
 72
1
 10
159.0043498844
 20
41.3455697136
 30
0.0
 11
0.6378541115
 21
0.7701572128
 31
0.0
 73
2
 44
0.9
  1
⌀\ftxt;{\W0.8;1.50}
 40
3.0
 41
19.7076923077
  0
LINE
  5
432
100
AcDbEntity
  8
0
100
AcDbLine
 62
2
  6
CONTINUOUS
 10
170.7205030087
 20
49.6127890364
 11
172.1556747595
 21
51.3456427653
  0
LINE
  5
433
100
AcDbEntity
  8
0
100
AcDbLine
 62
2
  6
CONTINUOUS
 10
172.1556747595
 20
51.3456427653
 11
153.5120177219
 21
28.8349358762
  0
LINE
  5
434
100
AcDbEntity
  8
0
100
AcDbLine
 62
2
  6
CONTINUOUS
 10
173.5908465103
 20
53.0784964942
 11
172.1556747595
 21
51.3456427653
  0
INSERT
  5
435
100
AcDbEntity
  8
0
100
AcDbBlockReference
 62
2
  6
CONTINUOUS
  2
_FILLED
 10
170.7205030087
 20
49.6127890364
 41
2.1
 42
2.1
 43
2.1
 50
230.3680085274
  0
INSERT
  5
436
100
AcDbEntity
  8
0
100
AcDbBlockReference
 62
2
  6
CONTINUOUS
  2
_FILLED
 10
173.5908465103
 20
53.0784964942
 41
2.1
 42
2.1
 43
2.1
 50
50.3680085274
  0
ENDBLK
  5
437
100
AcDbEntity
  8
0
  6
BYBLOCK
 62
0
100
AcDbBlockEnd
  0
BLOCK
  5
438
100
AcDbEntity
  8
0
100
AcDbBlockBegin
 62
2
  6
CONTINUOUS
  2
*D70
 70
65
 10
0.0
 20
0.0
  3
*D70
  1

  0
MTEXT
  5
439
100
AcDbEntity
  8
0
100
AcDbMText
 62
2
  6
CONTINUOUS
  7
TEXTSTYLE_3
 71
1
 72
1
 10
221.9380330633
 20
60.4240497591
 30
0.0
 11
0.919997581
 21
0.3919240373
 31
0.0
 73
2
 44
0.9
  1
⌀\ftxt;{\W0.8;1.50}
 40
3.0
 41
19.7076923077
  0
LINE
  5
43A
100
AcDbEntity
  8
0
100
AcDbLine
 62
2
  6
CONTINUOUS
 10
212.2656693167
 20
52.2274718491
 11
210.1956747595
 21
51.3456427653
  0
LINE
  5
43B
100
AcDbEntity
  8
0
100
AcDbLine
 62
2
  6
CONTINUOUS
 10
210.1956747595
 20
51.3456427653
 11
235.4951010363
 21
62.12333772
  0
LINE
  5
43C
100
AcDbEntity
  8
0
100
AcDbLine
 62
2
  6
CONTINUOUS
 10
208.1256802023
 20
50.4638136814
 11
210.1956747595
 21
51.3456427653
  0
INSERT
  5
43D
100
AcDbEntity
  8
0
100
AcDbBlockReference
 62
2
  6
CONTINUOUS
  2
_FILLED
 10
212.2656693167
 20
52.2274718491
 41
2.1
 42
2.1
 43
2.1
 50
23.0742717069
  0
INSERT
  5
43E
100
AcDbEntity
  8
0
100
AcDbBlockReference
 62
2
  6
CONTINUOUS
  2
_FILLED
 10
208.1256802023
 20
50.4638136814
 41
2.1
 42
2.1
 43
2.1
 50
203.0742717069
  0
ENDBLK
  5
43F
100
AcDbEntity
  8
0
  6
BYBLOCK
 62
0
100
AcDbBlockEnd
  0
BLOCK
  5
440
100
AcDbEntity
  8
0
100
AcDbBlockBegin
 62
2
  6
CONTINUOUS
  2
*D71
 70
65
 10
0.0
 20
0.0
  3
*D71
  1

  0
MTEXT
  5
441
100
AcDbEntity
  8
0
100
AcDbMText
 62
2
  6
CONTINUOUS
  7
STANDARD
 71
2
 72
1
 10
175.826758207
 20
109.5851227062
 30
0.0
 11
1.0
 21
0.0
 31
0.0
 73
2
 44
0.9
  1
16.65
 40
3.0
 41
12.0
  0
LINE
  5
442
100
AcDbEntity
  8
0
100
AcDbLine
 62
2
  6
CONTINUOUS
 10
141.2256747595
 20
48.1058581137
 11
141.2256747595
 21
107.8351227062
  0
LINE
  5
443
100
AcDbEntity
  8
0
100
AcDbLine
 62
2
  6
CONTINUOUS
 10
191.1756747595
 20
65.3656427653
 11
191.1756747595
 21
107.8351227062
  0
LINE
  5
444
100
AcDbEntity
  8
0
100
AcDbLine
 62
2
  6
CONTINUOUS
 10
141.2256747595
 20
105.8351227062
 11
166.2006747595
 21
105.8351227062
  0
LINE
  5
445
100
AcDbEntity
  8
0
100
AcDbLine
 62
2
  6
CONTINUOUS
 10
191.1756747595
 20
105.8351227062
 11
166.2006747595
 21
105.8351227062
  0
INSERT
  5
446
100
AcDbEntity
  8
0
100
AcDbBlockReference
 62
2
  6
CONTINUOUS
  2
_FILLED
 10
141.2256747595
 20
105.8351227062
 41
2.1
 42
2.1
 43
2.1
 50
180.0
  0
INSERT
  5
447
100
AcDbEntity
  8
0
100
AcDbBlockReference
 62
2
  6
CONTINUOUS
  2
_FILLED
 10
191.1756747595
 20
105.8351227062
 41
2.1
 42
2.1
 43
2.1
  0
ENDBLK
  5
448
100
AcDbEntity
  8
0
  6
BYBLOCK
 62
0
100
AcDbBlockEnd
  0
BLOCK
  5
449
100
AcDbEntity
  8
0
100
AcDbBlockBegin
 62
2
  6
CONTINUOUS
  2
*D72
 70
65
 10
0.0
 20
0.0
  3
*D72
  1

  0
MTEXT
  5
44A
100
AcDbEntity
  8
0
100
AcDbMText
 62
2
  6
CONTINUOUS
  7
STANDARD
 71
2
 72
1
 10
150.7281747595
 20
88.7020001764
 30
0.0
 11
1.0
 21
0.0
 31
0.0
 73
2
 44
0.9
  1
6.34
 40
3.0
 41
9.6
  0
LINE
  5
44B
100
AcDbEntity
  8
0
100
AcDbLine
 62
2
  6
CONTINUOUS
 10
141.2256747595
 20
65.3656427653
 11
141.2256747595
 21
86.9520001764
  0
LINE
  5
44C
100
AcDbEntity
  8
0
100
AcDbLine
 62
2
  6
CONTINUOUS
 10
160.2306747595
 20
78.3856427653
 11
160.2306747595
 21
86.9520001764
  0
LINE
  5
44D
100
AcDbEntity
  8
0
100
AcDbLine
 62
2
  6
CONTINUOUS
 10
141.2256747595
 20
84.9520001764
 11
137.2256747595
 21
84.9520001764
  0
LINE
  5
44E
100
AcDbEntity
  8
0
100
AcDbLine
 62
2
  6
CONTINUOUS
 10
137.2256747595
 20
84.9520001764
 11
150.7281747595
 21
84.9520001764
  0
LINE
  5
44F
100
AcDbEntity
  8
0
100
AcDbLine
 62
2
  6
CONTINUOUS
 10
160.2306747595
 20
84.9520001764
 11
164.2306747595
 21
84.9520001764
  0
LINE
  5
450
100
AcDbEntity
  8
0
100
AcDbLine
 62
2
  6
CONTINUOUS
 10
164.2306747595
 20
84.9520001764
 11
150.7281747595
 21
84.9520001764
  0
INSERT
  5
451
100
AcDbEntity
  8
0
100
AcDbBlockReference
 62
2
  6
CONTINUOUS
  2
_FILLED
 10
141.2256747595
 20
84.9520001764
 41
2.1
 42
2.1
 43
2.1
  0
INSERT
  5
452
100
AcDbEntity
  8
0
100
AcDbBlockReference
 62
2
  6
CONTINUOUS
  2
_FILLED
 10
160.2306747595
 20
84.9520001764
 41
2.1
 42
2.1
 43
2.1
 50
180.0
  0
ENDBLK
  5
453
100
AcDbEntity
  8
0
  6
BYBLOCK
 62
0
100
AcDbBlockEnd
  0
BLOCK
  5
454
100
AcDbEntity
  8
0
100
AcDbBlockBegin
 62
2
  6
CONTINUOUS
  2
*D73
 70
65
 10
0.0
 20
0.0
  3
*D73
  1

  0
MTEXT
  5
455
100
AcDbEntity
  8
0
100
AcDbMText
 62
2
  6
CONTINUOUS
  7
STANDARD
 71
2
 72
1
 10
179.9337909262
 20
37.672066766
 30
0.0
 11
1.0
 21
0.0
 31
0.0
 73
2
 44
0.9
  1
6.34
 40
3.0
 41
9.6
  0
LINE
  5
456
100
AcDbEntity
  8
0
100
AcDbLine
 62
2
  6
CONTINUOUS
 10
191.1756747595
 20
63.3656427653
 11
191.1756747595
 21
31.922066766
  0
LINE
  5
457
100
AcDbEntity
  8
0
100
AcDbLine
 62
2
  6
CONTINUOUS
 10
172.1556747595
 20
50.3456427653
 11
172.1556747595
 21
31.922066766
  0
LINE
  5
458
100
AcDbEntity
  8
0
100
AcDbLine
 62
2
  6
CONTINUOUS
 10
191.1756747595
 20
33.922066766
 11
195.1756747595
 21
33.922066766
  0
LINE
  5
459
100
AcDbEntity
  8
0
100
AcDbLine
 62
2
  6
CONTINUOUS
 10
195.1756747595
 20
33.922066766
 11
181.6656747595
 21
33.922066766
  0
LINE
  5
45A
100
AcDbEntity
  8
0
100
AcDbLine
 62
2
  6
CONTINUOUS
 10
172.1556747595
 20
33.922066766
 11
168.1556747595
 21
33.922066766
  0
LINE
  5
45B
100
AcDbEntity
  8
0
100
AcDbLine
 62
2
  6
CONTINUOUS
 10
168.1556747595
 20
33.922066766
 11
181.6656747595
 21
33.922066766
  0
INSERT
  5
45C
100
AcDbEntity
  8
0
100
AcDbBlockReference
 62
2
  6
CONTINUOUS
  2
_FILLED
 10
191.1756747595
 20
33.922066766
 41
2.1
 42
2.1
 43
2.1
 50
180.0
  0
INSERT
  5
45D
100
AcDbEntity
  8
0
100
AcDbBlockReference
 62
2
  6
CONTINUOUS
  2
_FILLED
 10
172.1556747595
 20
33.922066766
 41
2.1
 42
2.1
 43
2.1
  0
ENDBLK
  5
45E
100
AcDbEntity
  8
0
  6
BYBLOCK
 62
0
100
AcDbBlockEnd
  0
BLOCK
  5
45F
100
AcDbEntity
  8
0
100
AcDbBlockBegin
 62
2
  6
CONTINUOUS
  2
*D74
 70
65
 10
0.0
 20
0.0
  3
*D74
  1

  0
MTEXT
  5
460
100
AcDbEntity
  8
0
100
AcDbMText
 62
2
  6
CONTINUOUS
  7
STANDARD
 71
2
 72
1
 10
200.6856747595
 20
37.672066766
 30
0.0
 11
1.0
 21
0.0
 31
0.0
 73
2
 44
0.9
  1
6.34
 40
3.0
 41
9.6
  0
LINE
  5
461
100
AcDbEntity
  8
0
100
AcDbLine
 62
2
  6
CONTINUOUS
 10
191.1756747595
 20
63.3656427653
 11
191.1756747595
 21
31.922066766
  0
LINE
  5
462
100
AcDbEntity
  8
0
100
AcDbLine
 62
2
  6
CONTINUOUS
 10
210.1956747595
 20
50.3456427653
 11
210.1956747595
 21
31.922066766
  0
LINE
  5
463
100
AcDbEntity
  8
0
100
AcDbLine
 62
2
  6
CONTINUOUS
 10
191.1756747595
 20
33.922066766
 11
187.1756747595
 21
33.922066766
  0
LINE
  5
464
100
AcDbEntity
  8
0
100
AcDbLine
 62
2
  6
CONTINUOUS
 10
187.1756747595
 20
33.922066766
 11
200.6856747595
 21
33.922066766
  0
LINE
  5
465
100
AcDbEntity
  8
0
100
AcDbLine
 62
2
  6
CONTINUOUS
 10
210.1956747595
 20
33.922066766
 11
214.1956747595
 21
33.922066766
  0
LINE
  5
466
100
AcDbEntity
  8
0
100
AcDbLine
 62
2
  6
CONTINUOUS
 10
214.1956747595
 20
33.922066766
 11
200.6856747595
 21
33.922066766
  0
INSERT
  5
467
100
AcDbEntity
  8
0
100
AcDbBlockReference
 62
2
  6
CONTINUOUS
  2
_FILLED
 10
191.1756747595
 20
33.922066766
 41
2.1
 42
2.1
 43
2.1
  0
INSERT
  5
468
100
AcDbEntity
  8
0
100
AcDbBlockReference
 62
2
  6
CONTINUOUS
  2
_FILLED
 10
210.1956747595
 20
33.922066766
 41
2.1
 42
2.1
 43
2.1
 50
180.0
  0
ENDBLK
  5
469
100
AcDbEntity
  8
0
  6
BYBLOCK
 62
0
100
AcDbBlockEnd
  0
BLOCK
  5
46A
100
AcDbEntity
  8
0
100
AcDbBlockBegin
 62
2
  6
CONTINUOUS
  2
*D75
 70
65
 10
0.0
 20
0.0
  3
*D75
  1

  0
MTEXT
  5
46B
100
AcDbEntity
  8
0
100
AcDbMText
 62
2
  6
CONTINUOUS
  7
STANDARD
 71
2
 72
1
 10
131.7359575281
 20
109.5851227062
 30
0.0
 11
1.0
 21
0.0
 31
0.0
 73
2
 44
0.9
  1
6.34\P 
 40
3.0
 41
9.6
  0
LINE
  5
46C
100
AcDbEntity
  8
0
100
AcDbLine
 62
2
  6
CONTINUOUS
 10
141.2256747595
 20
65.3656427653
 11
141.2256747595
 21
106.5851227062
  0
LINE
  5
46D
100
AcDbEntity
  8
0
100
AcDbLine
 62
2
  6
CONTINUOUS
 10
141.2256747595
 20
106.5851227062
 11
141.2256747595
 21
107.8351227062
  0
LINE
  5
46E
100
AcDbEntity
  8
0
100
AcDbLine
 62
2
  6
CONTINUOUS
 10
122.1906747595
 20
78.3856427653
 11
122.1906747595
 21
106.5851227062
  0
LINE
  5
46F
100
AcDbEntity
  8
0
100
AcDbLine
 62
2
  6
CONTINUOUS
 10
122.1906747595
 20
106.5851227062
 11
122.1906747595
 21
107.8351227062
  0
LINE
  5
470
100
AcDbEntity
  8
0
100
AcDbLine
 62
2
  6
CONTINUOUS
 10
141.2256747595
 20
105.8351227062
 11
145.2256747595
 21
105.8351227062
  0
LINE
  5
471
100
AcDbEntity
  8
0
100
AcDbLine
 62
2
  6
CONTINUOUS
 10
145.2256747595
 20
105.8351227062
 11
131.7081747595
 21
105.8351227062
  0
LINE
  5
472
100
AcDbEntity
  8
0
100
AcDbLine
 62
2
  6
CONTINUOUS
 10
122.1906747595
 20
105.8351227062
 11
118.1906747595
 21
105.8351227062
  0
LINE
  5
473
100
AcDbEntity
  8
0
100
AcDbLine
 62
2
  6
CONTINUOUS
 10
118.1906747595
 20
105.8351227062
 11
131.7081747595
 21
105.8351227062
  0
INSERT
  5
474
100
AcDbEntity
  8
0
100
AcDbBlockReference
 62
2
  6
CONTINUOUS
  2
_FILLED
 10
141.2256747595
 20
105.8351227062
 41
2.1
 42
2.1
 43
2.1
 50
180.0
  0
INSERT
  5
475
100
AcDbEntity
  8
0
100
AcDbBlockReference
 62
2
  6
CONTINUOUS
  2
_FILLED
 10
122.1906747595
 20
105.8351227062
 41
2.1
 42
2.1
 43
2.1
  0
ENDBLK
  5
476
100
AcDbEntity
  8
0
  6
BYBLOCK
 62
0
100
AcDbBlockEnd
  0
BLOCK
  5
477
100
AcDbEntity
  8
0
100
AcDbBlockBegin
 62
2
  6
CONTINUOUS
  2
*D76
 70
65
 10
0.0
 20
0.0
  3
*D76
  1

  0
MTEXT
  5
478
100
AcDbEntity
  8
0
100
AcDbMText
 62
2
  6
CONTINUOUS
  7
STANDARD
 71
2
 72
1
 10
93.7774443582
 20
71.3033908019
 30
0.0
 11
0.0
 21
1.0
 31
0.0
 73
2
 44
0.9
  1
4.34
 40
3.0
 41
9.6
  0
LINE
  5
479
100
AcDbEntity
  8
0
100
AcDbLine
 62
2
  6
CONTINUOUS
 10
201.5175236642
 20
64.3656427653
 11
95.5274443582
 21
64.3656427653
  0
LINE
  5
47A
100
AcDbEntity
  8
0
100
AcDbLine
 62
2
  6
CONTINUOUS
 10
200.9722314171
 20
77.3856427653
 11
95.5274443582
 21
77.3856427653
  0
LINE
  5
47B
100
AcDbEntity
  8
0
100
AcDbLine
 62
2
  6
CONTINUOUS
 10
97.5274443582
 20
64.3656427653
 11
97.5274443582
 21
60.3656427653
  0
LINE
  5
47C
100
AcDbEntity
  8
0
100
AcDbLine
 62
2
  6
CONTINUOUS
 10
97.5274443582
 20
60.3656427653
 11
97.5274443582
 21
70.8756427653
  0
LINE
  5
47D
100
AcDbEntity
  8
0
100
AcDbLine
 62
2
  6
CONTINUOUS
 10
97.5274443582
 20
77.3856427653
 11
97.5274443582
 21
81.3856427653
  0
LINE
  5
47E
100
AcDbEntity
  8
0
100
AcDbLine
 62
2
  6
CONTINUOUS
 10
97.5274443582
 20
81.3856427653
 11
97.5274443582
 21
70.8756427653
  0
INSERT
  5
47F
100
AcDbEntity
  8
0
100
AcDbBlockReference
 62
2
  6
CONTINUOUS
  2
_FILLED
 10
97.5274443582
 20
64.3656427653
 41
2.1
 42
2.1
 43
2.1
 50
90.0
  0
INSERT
  5
480
100
AcDbEntity
  8
0
100
AcDbBlockReference
 62
2
  6
CONTINUOUS
  2
_FILLED
 10
97.5274443582
 20
77.3856427653
 41
2.1
 42
2.1
 43
2.1
 50
270.0
  0
ENDBLK
  5
481
100
AcDbEntity
  8
0
  6
BYBLOCK
 62
0
100
AcDbBlockEnd
  0
BLOCK
  5
482
100
AcDbEntity
  8
0
100
AcDbBlockBegin
 62
2
  6
CONTINUOUS
  2
*D77
 70
65
 10
0.0
 20
0.0
  3
*D77
  1

  0
MTEXT
  5
483
100
AcDbEntity
  8
0
100
AcDbMText
 62
2
  6
CONTINUOUS
  7
STANDARD
 71
3
 72
1
 10
98.5754469053
 20
48.8624337791
 30
0.0
 11
0.0
 21
1.0
 31
0.0
 73
2
 44
0.9
  1
4.20
 40
3.0
 41
9.6
  0
LINE
  5
484
100
AcDbEntity
  8
0
100
AcDbLine
 62
2
  6
CONTINUOUS
 10
140.2256747595
 20
64.3656427653
 11
100.3254469053
 21
64.3656427653
  0
LINE
  5
485
100
AcDbEntity
  8
0
100
AcDbLine
 62
2
  6
CONTINUOUS
 10
140.2106747595
 20
51.7656427653
 11
100.3254469053
 21
51.7656427653
  0
LINE
  5
486
100
AcDbEntity
  8
0
100
AcDbLine
 62
2
  6
CONTINUOUS
 10
102.3254469053
 20
64.3656427653
 11
102.3254469053
 21
58.0656427653
  0
LINE
  5
487
100
AcDbEntity
  8
0
100
AcDbLine
 62
2
  6
CONTINUOUS
 10
102.3254469053
 20
51.7656427653
 11
102.3254469053
 21
58.0656427653
  0
LINE
  5
488
100
AcDbEntity
  8
0
100
AcDbLine
 62
2
  6
CONTINUOUS
 10
102.3254469053
 20
58.0656427653
 11
102.3254469053
 21
39.2624337791
  0
INSERT
  5
489
100
AcDbEntity
  8
0
100
AcDbBlockReference
 62
2
  6
CONTINUOUS
  2
_FILLED
 10
102.3254469053
 20
64.3656427653
 41
2.1
 42
2.1
 43
2.1
 50
90.0
  0
INSERT
  5
48A
100
AcDbEntity
  8
0
100
AcDbBlockReference
 62
2
  6
CONTINUOUS
  2
_FILLED
 10
102.3254469053
 20
51.7656427653
 41
2.1
 42
2.1
 43
2.1
 50
270.0
  0
ENDBLK
  5
48B
100
AcDbEntity
  8
0
  6
BYBLOCK
 62
0
100
AcDbBlockEnd
  0
BLOCK
  5
48C
100
AcDbEntity
  8
0
100
AcDbBlockBegin
 62
2
  6
CONTINUOUS
  2
*D78
 70
65
 10
0.0
 20
0.0
  3
*D78
  1

  0
MTEXT
  5
48D
100
AcDbEntity
  8
0
100
AcDbMText
 62
2
  6
CONTINUOUS
  7
STANDARD
 71
1
 72
1
 10
169.5508601281
 20
242.8617835752
 30
0.0
 11
0.0
 21
1.0
 31
0.0
 73
2
 44
0.9
  1
61.35
 40
3.0
 41
12.0
  0
LINE
  5
48E
100
AcDbEntity
  8
0
100
AcDbLine
 62
2
  6
CONTINUOUS
 10
173.3008601281
 20
234.3180225078
 11
173.3008601281
 21
241.3617835752
  0
ENDBLK
  5
48F
100
AcDbEntity
  8
0
  6
BYBLOCK
 62
0
100
AcDbBlockEnd
  0
BLOCK
  5
490
100
AcDbEntity
  8
0
100
AcDbBlockBegin
 62
2
  6
CONTINUOUS
  2
*D79
 70
65
 10
0.0
 20
0.0
  3
*D79
  1

  0
MTEXT
  5
491
100
AcDbEntity
  8
0
100
AcDbMText
 62
2
  6
CONTINUOUS
  7
STANDARD
 71
1
 72
1
 10
51.5008601281
 20
242.8617835752
 30
0.0
 11
0.0
 21
1.0
 31
0.0
 73
2
 44
0.9
  1
56.70
 40
3.0
 41
12.0
  0
LINE
  5
492
100
AcDbEntity
  8
0
100
AcDbLine
 62
2
  6
CONTINUOUS
 10
55.2508601281
 20
234.3180225078
 11
55.2508601281
 21
241.3617835752
  0
ENDBLK
  5
493
100
AcDbEntity
  8
0
  6
BYBLOCK
 62
0
100
AcDbBlockEnd
  0
BLOCK
  5
494
100
AcDbEntity
  8
0
100
AcDbBlockBegin
 62
2
  6
CONTINUOUS
  2
*D80
 70
65
 10
0.0
 20
0.0
  3
*D80
  1

  0
MTEXT
  5
495
100
AcDbEntity
  8
0
100
AcDbMText
 62
2
  6
CONTINUOUS
  7
STANDARD
 71
1
 72
1
 10
162.4008601281
 20
242.8617835752
 30
0.0
 11
0.0
 21
1.0
 31
0.0
 73
2
 44
0.9
  1
54.20
 40
3.0
 41
12.0
  0
LINE
  5
496
100
AcDbEntity
  8
0
100
AcDbLine
 62
2
  6
CONTINUOUS
 10
166.1508601281
 20
219.7680225078
 11
166.1508601281
 21
241.3617835752
  0
ENDBLK
  5
497
100
AcDbEntity
  8
0
  6
BYBLOCK
 62
0
100
AcDbBlockEnd
  0
BLOCK
  5
498
100
AcDbEntity
  8
0
100
AcDbBlockBegin
 62
2
  6
CONTINUOUS
  2
*D81
 70
65
 10
0.0
 20
0.0
  3
*D81
  1

  0
MTEXT
  5
499
100
AcDbEntity
  8
0
100
AcDbMText
 62
2
  6
CONTINUOUS
  7
STANDARD
 71
1
 72
1
 10
56.7008601281
 20
242.8617835752
 30
0.0
 11
0.0
 21
1.0
 31
0.0
 73
2
 44
0.9
  1
51.50
 40
3.0
 41
12.0
  0
LINE
  5
49A
100
AcDbEntity
  8
0
100
AcDbLine
 62
2
  6
CONTINUOUS
 10
60.4508601281
 20
219.7680225078
 11
60.4508601281
 21
241.3617835752
  0
ENDBLK
  5
49B
100
AcDbEntity
  8
0
  6
BYBLOCK
 62
0
100
AcDbBlockEnd
  0
BLOCK
  5
49C
100
AcDbEntity
  8
0
100
AcDbBlockBegin
 62
2
  6
CONTINUOUS
  2
*D82
 70
65
 10
0.0
 20
0.0
  3
*D82
  1

  0
MTEXT
  5
49D
100
AcDbEntity
  8
0
100
AcDbMText
 62
2
  6
CONTINUOUS
  7
STANDARD
 71
3
 72
1
 10
304.9079826611
 20
225.3654274173
 30
0.0
 11
1.0
 21
0.0
 31
0.0
 73
2
 44
0.9
  1
0.80
 40
3.0
 41
9.6
  0
LINE
  5
49E
100
AcDbEntity
  8
0
100
AcDbLine
 62
2
  6
CONTINUOUS
 10
309.6090151837
 20
228.0980225078
 11
309.6090151837
 21
219.6154274173
  0
LINE
  5
49F
100
AcDbEntity
  8
0
100
AcDbLine
 62
2
  6
CONTINUOUS
 10
308.8090151837
 20
228.0980225078
 11
308.8090151837
 21
219.6154274173
  0
LINE
  5
4A0
100
AcDbEntity
  8
0
100
AcDbLine
 62
2
  6
CONTINUOUS
 10
309.6090151837
 20
221.6154274173
 11
313.6090151837
 21
221.6154274173
  0
LINE
  5
4A1
100
AcDbEntity
  8
0
100
AcDbLine
 62
2
  6
CONTINUOUS
 10
313.6090151837
 20
221.6154274173
 11
309.2090151837
 21
221.6154274173
  0
LINE
  5
4A2
100
AcDbEntity
  8
0
100
AcDbLine
 62
2
  6
CONTINUOUS
 10
308.8090151837
 20
221.6154274173
 11
295.3079826611
 21
221.6154274173
  0
LINE
  5
4A3
100
AcDbEntity
  8
0
100
AcDbLine
 62
2
  6
CONTINUOUS
 10
295.3079826611
 20
221.6154274173
 11
309.2090151837
 21
221.6154274173
  0
INSERT
  5
4A4
100
AcDbEntity
  8
0
100
AcDbBlockReference
 62
2
  6
CONTINUOUS
  2
_FILLED
 10
309.6090151837
 20
221.6154274173
 41
2.1
 42
2.1
 43
2.1
 50
180.0
  0
INSERT
  5
4A5
100
AcDbEntity
  8
0
100
AcDbBlockReference
 62
2
  6
CONTINUOUS
  2
_FILLED
 10
308.8090151837
 20
221.6154274173
 41
2.1
 42
2.1
 43
2.1
  0
ENDBLK
  5
4A6
100
AcDbEntity
  8
0
  6
BYBLOCK
 62
0
100
AcDbBlockEnd
  0
BLOCK
  5
4A7
100
AcDbEntity
  8
0
100
AcDbBlockBegin
 62
2
  6
CONTINUOUS
  2
*D83
 70
65
 10
0.0
 20
0.0
  3
*D83
  1

  0
MTEXT
  5
4A8
100
AcDbEntity
  8
0
100
AcDbMText
 62
2
  6
CONTINUOUS
  7
STANDARD
 71
1
 72
1
 10
290.6610291837
 20
238.4206998414
 30
0.0
 11
0.0
 21
1.0
 31
0.0
 73
2
 44
0.9
  1
4.40
 40
3.0
 41
9.6
  0
LINE
  5
4A9
100
AcDbEntity
  8
0
100
AcDbLine
 62
2
  6
CONTINUOUS
 10
308.2090151837
 20
228.6980225078
 11
292.4110291837
 21
228.6980225078
  0
LINE
  5
4AA
100
AcDbEntity
  8
0
100
AcDbLine
 62
2
  6
CONTINUOUS
 10
308.2090151837
 20
233.0980225078
 11
292.4110291837
 21
233.0980225078
  0
LINE
  5
4AB
100
AcDbEntity
  8
0
100
AcDbLine
 62
2
  6
CONTINUOUS
 10
294.4110291837
 20
228.6980225078
 11
294.4110291837
 21
224.6980225078
  0
LINE
  5
4AC
100
AcDbEntity
  8
0
100
AcDbLine
 62
2
  6
CONTINUOUS
 10
294.4110291837
 20
224.6980225078
 11
294.4110291837
 21
230.8980225078
  0
LINE
  5
4AD
100
AcDbEntity
  8
0
100
AcDbLine
 62
2
  6
CONTINUOUS
 10
294.4110291837
 20
233.0980225078
 11
294.4110291837
 21
248.0206998414
  0
LINE
  5
4AE
100
AcDbEntity
  8
0
100
AcDbLine
 62
2
  6
CONTINUOUS
 10
294.4110291837
 20
248.0206998414
 11
294.4110291837
 21
230.8980225078
  0
INSERT
  5
4AF
100
AcDbEntity
  8
0
100
AcDbBlockReference
 62
2
  6
CONTINUOUS
  2
_FILLED
 10
294.4110291837
 20
228.6980225078
 41
2.1
 42
2.1
 43
2.1
 50
90.0
  0
INSERT
  5
4B0
100
AcDbEntity
  8
0
100
AcDbBlockReference
 62
2
  6
CONTINUOUS
  2
_FILLED
 10
294.4110291837
 20
233.0980225078
 41
2.1
 42
2.1
 43
2.1
 50
270.0
  0
ENDBLK
  5
4B1
100
AcDbEntity
  8
0
  6
BYBLOCK
 62
0
100
AcDbBlockEnd
  0
BLOCK
  5
4B2
100
AcDbEntity
  8
0
100
AcDbBlockBegin
  2
*T1
 70
1
 10
0.0
 20
0.0
  3
*T1
  1

  0
LINE
  5
4B3
100
AcDbEntity
  8
0
100
AcDbLine
 62
2
  6
CONTINUOUS
 10
0.0
 20
0.0
 11
76.0
 21
0.0
  0
LINE
  5
4B4
100
AcDbEntity
  8
0
100
AcDbLine
 62
2
  6
CONTINUOUS
 10
0.0
 20
0.0
 11
0.0
 21
-7.0
  0
LINE
  5
4B5
100
AcDbEntity
  8
0
100
AcDbLine
 62
2
  6
CONTINUOUS
 10
0.0
 20
-3.0
 11
76.0
 21
-3.0
  0
LINE
  5
4B6
100
AcDbEntity
  8
0
100
AcDbLine
 62
2
  6
CONTINUOUS
 10
0.0
 20
-7.0
 11
76.0
 21
-7.0
  0
LINE
  5
4B7
100
AcDbEntity
  8
0
100
AcDbLine
 62
2
  6
CONTINUOUS
 10
6.0
 20
0.0
 11
6.0
 21
-7.0
  0
LINE
  5
4B8
100
AcDbEntity
  8
0
100
AcDbLine
 62
2
  6
CONTINUOUS
 10
46.0
 20
0.0
 11
46.0
 21
-7.0
  0
LINE
  5
4B9
100
AcDbEntity
  8
0
100
AcDbLine
 62
2
  6
CONTINUOUS
 10
61.0
 20
0.0
 11
61.0
 21
-7.0
  0
LINE
  5
4BA
100
AcDbEntity
  8
0
100
AcDbLine
 62
2
  6
CONTINUOUS
 10
76.0
 20
0.0
 11
76.0
 21
-7.0
  0
MTEXT
  5
4BB
100
AcDbEntity
  8
DETAIL
100
AcDbMText
 62
2
  6
CONTINUOUS
  7
TEXTSTYLE_4
 71
2
 72
1
 10
3.0
 20
-0.5
 30
0.0
 11
1.0
 21
0.0
 31
0.0
 73
2
 44
0.9
  1
REV
 40
2.0
 41
10.35
  0
MTEXT
  5
4BC
100
AcDbEntity
  8
DETAIL
100
AcDbMText
 62
2
  6
CONTINUOUS
  7
TEXTSTYLE_4
 71
2
 72
1
 10
26.0
 20
-0.5
 30
0.0
 11
1.0
 21
0.0
 31
0.0
 73
2
 44
0.9
  1
DESCRIPTION OF CHANGE
 40
2.0
 41
69.0
  0
MTEXT
  5
4BD
100
AcDbEntity
  8
DETAIL
100
AcDbMText
 62
2
  6
CONTINUOUS
  7
TEXTSTYLE_4
 71
2
 72
1
 10
53.5
 20
-0.5
 30
0.0
 11
1.0
 21
0.0
 31
0.0
 73
2
 44
0.9
  1
REV BY
 40
2.0
 41
20.7
  0
MTEXT
  5
4BE
100
AcDbEntity
  8
DETAIL
100
AcDbMText
 62
2
  6
CONTINUOUS
  7
TEXTSTYLE_4
 71
2
 72
1
 10
68.5
 20
-0.5
 30
0.0
 11
1.0
 21
0.0
 31
0.0
 73
2
 44
0.9
  1
DATE
 40
2.0
 41
13.95
  0
ENDBLK
  5
4BF
100
AcDbEntity
  8
0
  6
BYBLOCK
 62
0
100
AcDbBlockEnd
  0
BLOCK
  5
4C0
100
AcDbEntity
  8
0
100
AcDbBlockBegin
  2
*T2
 70
1
 10
0.0
 20
0.0
  3
*T2
  1

  0
LINE
  5
4C1
100
AcDbEntity
  8
0
100
AcDbLine
 62
2
  6
CONTINUOUS
 10
0.0
 20
0.0
 11
72.0
 21
0.0
  0
LINE
  5
4C2
100
AcDbEntity
  8
0
100
AcDbLine
 62
2
  6
CONTINUOUS
 10
0.0
 20
0.0
 11
0.0
 21
-39.0
  0
LINE
  5
4C3
100
AcDbEntity
  8
0
100
AcDbLine
 62
2
  6
CONTINUOUS
 10
0.0
 20
-1.0
 11
72.0
 21
-1.0
  0
LINE
  5
4C4
100
AcDbEntity
  8
0
100
AcDbLine
 62
2
  6
CONTINUOUS
 10
0.0
 20
-9.0
 11
72.0
 21
-9.0
  0
LINE
  5
4C5
100
AcDbEntity
  8
0
100
AcDbLine
 62
2
  6
CONTINUOUS
 10
24.0
 20
-15.0
 11
72.0
 21
-15.0
  0
LINE
  5
4C6
100
AcDbEntity
  8
0
100
AcDbLine
 62
2
  6
CONTINUOUS
 10
0.0
 20
-18.0
 11
24.0
 21
-18.0
  0
LINE
  5
4C7
100
AcDbEntity
  8
0
100
AcDbLine
 62
2
  6
CONTINUOUS
 10
0.0
 20
-21.0
 11
72.0
 21
-21.0
  0
LINE
  5
4C8
100
AcDbEntity
  8
0
100
AcDbLine
 62
2
  6
CONTINUOUS
 10
24.0
 20
-27.0
 11
72.0
 21
-27.0
  0
LINE
  5
4C9
100
AcDbEntity
  8
0
100
AcDbLine
 62
2
  6
CONTINUOUS
 10
24.0
 20
-33.0
 11
72.0
 21
-33.0
  0
LINE
  5
4CA
100
AcDbEntity
  8
0
100
AcDbLine
 62
2
  6
CONTINUOUS
 10
0.0
 20
-39.0
 11
72.0
 21
-39.0
  0
LINE
  5
4CB
100
AcDbEntity
  8
0
100
AcDbLine
 62
2
  6
CONTINUOUS
 10
24.0
 20
-9.0
 11
24.0
 21
-39.0
  0
LINE
  5
4CC
100
AcDbEntity
  8
0
100
AcDbLine
 62
2
  6
CONTINUOUS
 10
32.0
 20
-33.0
 11
32.0
 21
-39.0
  0
LINE
  5
4CD
100
AcDbEntity
  8
0
100
AcDbLine
 62
2
  6
CONTINUOUS
 10
48.0
 20
-9.0
 11
48.0
 21
-21.0
  0
LINE
  5
4CE
100
AcDbEntity
  8
0
100
AcDbLine
 62
2
  6
CONTINUOUS
 10
56.0
 20
-21.0
 11
56.0
 21
-27.0
  0
LINE
  5
4CF
100
AcDbEntity
  8
0
100
AcDbLine
 62
2
  6
CONTINUOUS
 10
56.0
 20
-33.0
 11
56.0
 21
-39.0
  0
LINE
  5
4D0
100
AcDbEntity
  8
0
100
AcDbLine
 62
2
  6
CONTINUOUS
 10
64.0
 20
-21.0
 11
64.0
 21
-27.0
  0
LINE
  5
4D1
100
AcDbEntity
  8
0
100
AcDbLine
 62
2
  6
CONTINUOUS
 10
64.0
 20
-33.0
 11
64.0
 21
-39.0
  0
LINE
  5
4D2
100
AcDbEntity
  8
0
100
AcDbLine
 62
2
  6
CONTINUOUS
 10
72.0
 20
0.0
 11
72.0
 21
-39.0
  0
MTEXT
  5
4D3
100
AcDbEntity
  8
DETAIL
100
AcDbMText
 62
2
  6
CONTINUOUS
  7
TEXTSTYLE_6
 71
1
 72
1
 10
24.99
 20
-9.75
 30
0.0
 11
1.0
 21
0.0
 31
0.0
 73
2
 44
0.9
  1
DESIGNED BY
 40
1.5
 41
29.7
  0
MTEXT
  5
4D4
100
AcDbEntity
  8
DETAIL
100
AcDbMText
 62
2
  6
CONTINUOUS
  7
TEXTSTYLE_6
 71
1
 72
1
 10
48.99
 20
-9.75
 30
0.0
 11
1.0
 21
0.0
 31
0.0
 73
2
 44
0.9
  1
DRAWN BY
 40
1.5
 41
21.6
  0
MTEXT
  5
4D5
100
AcDbEntity
  8
0
100
AcDbMText
 62
2
  6
CONTINUOUS
  7
TEXTSTYLE_7
 71
3
 72
1
 10
47.01
 20
-12.75
 30
0.0
 11
1.0
 21
0.0
 31
0.0
 73
2
 44
0.9
  1
Framework
 40
1.5
 41
21.375
  0
MTEXT
  5
4D6
100
AcDbEntity
  8
DETAIL
100
AcDbMText
 62
2
  6
CONTINUOUS
  7
TEXTSTYLE_6
 71
1
 72
1
 10
24.99
 20
-15.75
 30
0.0
 11
1.0
 21
0.0
 31
0.0
 73
2
 44
0.9
  1
CHECKED BY
 40
1.5
 41
27.0
  0
MTEXT
  5
4D7
100
AcDbEntity
  8
DETAIL
100
AcDbMText
 62
2
  6
CONTINUOUS
  7
TEXTSTYLE_6
 71
1
 72
1
 10
48.99
 20
-15.75
 30
0.0
 11
1.0
 21
0.0
 31
0.0
 73
2
 44
0.9
  1
APPROVED BY
 40
1.5
 41
29.7
  0
MTEXT
  5
4D8
100
AcDbEntity
  8
DETAIL
100
AcDbMText
 62
2
  6
CONTINUOUS
  7
TEXTSTYLE_6
 71
2
 72
1
 10
12.0
 20
-18.5
 30
0.0
 11
1.0
 21
0.0
 31
0.0
 73
2
 44
0.9
  1
MODEL
 40
2.0
 41
18.0
  0
MTEXT
  5
4D9
100
AcDbEntity
  8
0
100
AcDbMText
 62
2
  6
CONTINUOUS
  7
TEXTSTYLE_7
 71
3
 72
1
 10
47.01
 20
-18.75
 30
0.0
 11
1.0
 21
0.0
 31
0.0
 73
2
 44
0.9
  1
Framework
 40
1.5
 41
21.375
  0
MTEXT
  5
4DA
100
AcDbEntity
  8
0
100
AcDbMText
 62
2
  6
CONTINUOUS
  7
TEXTSTYLE_7
 71
3
 72
1
 10
71.01
 20
-18.75
 30
0.0
 11
1.0
 21
0.0
 31
0.0
 73
2
 44
0.9
  1
Framework
 40
1.5
 41
21.375
  0
MTEXT
  5
4DB
100
AcDbEntity
  8
DETAIL
100
AcDbMText
 62
2
  6
CONTINUOUS
  7
TEXTSTYLE_6
 71
2
 72
1
 10
12.0
 20
-23.45
 30
0.0
 11
1.0
 21
0.0
 31
0.0
 73
2
 44
0.9
  1
THIRD ANGLE PROJECTION
 40
1.1
 41
43.56
  0
MTEXT
  5
4DC
100
AcDbEntity
  8
DETAIL
100
AcDbMText
 62
2
  6
CONTINUOUS
  7
TEXTSTYLE_6
 71
1
 72
1
 10
24.99
 20
-21.75
 30
0.0
 11
1.0
 21
0.0
 31
0.0
 73
2
 44
0.9
  1
ISSUED DATE
 40
1.5
 41
29.7
  0
MTEXT
  5
4DD
100
AcDbEntity
  8
DETAIL
100
AcDbMText
 62
2
  6
CONTINUOUS
  7
TEXTSTYLE_6
 71
2
 72
1
 10
60.0
 20
-21.75
 30
0.0
 11
1.0
 21
0.0
 31
0.0
 73
2
 44
0.9
  1
SCALE
 40
1.5
 41
13.5
  0
MTEXT
  5
4DE
100
AcDbEntity
  8
DETAIL
100
AcDbMText
 62
2
  6
CONTINUOUS
  7
TEXTSTYLE_6
 71
2
 72
1
 10
68.0
 20
-21.5
 30
0.0
 11
1.0
 21
0.0
 31
0.0
 73
2
 44
0.9
  1
UNIT
 40
2.0
 41
14.4
  0
MTEXT
  5
4DF
100
AcDbEntity
  8
DETAIL
100
AcDbMText
 62
2
  6
CONTINUOUS
  7
TEXTSTYLE_7
 71
2
 72
1
 10
60.0
 20
-24.5
 30
0.0
 11
1.0
 21
0.0
 31
0.0
 73
2
 44
0.9
  1
1.000
 40
2.0
 41
13.75
  0
MTEXT
  5
4E0
100
AcDbEntity
  8
DETAIL
100
AcDbMText
 62
2
  6
CONTINUOUS
  7
TEXTSTYLE_6
 71
2
 72
1
 10
68.0
 20
-24.5
 30
0.0
 11
1.0
 21
0.0
 31
0.0
 73
2
 44
0.9
  1
mm
 40
2.0
 41
7.2
  0
MTEXT
  5
4E1
100
AcDbEntity
  8
DETAIL
100
AcDbMText
 62
2
  6
CONTINUOUS
  7
TEXTSTYLE_6
 71
1
 72
1
 10
24.99
 20
-27.75
 30
0.0
 11
1.0
 21
0.0
 31
0.0
 73
2
 44
0.9
  1
DRAWING FILE NAME
 40
1.5
 41
45.9
  0
MTEXT
  5
4E2
100
AcDbEntity
  8
DETAIL
100
AcDbMText
 62
2
  6
CONTINUOUS
  7
TEXTSTYLE_7
 71
3
 72
1
 10
71.01
 20
-30.25
 30
0.0
 11
1.0
 21
0.0
 31
0.0
 73
2
 44
0.9
  1
NV GPU Board
 40
2.5
 41
53.9583333333
  0
MTEXT
  5
4E3
100
AcDbEntity
  8
DETAIL
100
AcDbMText
 62
2
  6
CONTINUOUS
  7
TEXTSTYLE_6
 71
2
 72
1
 10
28.0
 20
-33.5
 30
0.0
 11
1.0
 21
0.0
 31
0.0
 73
2
 44
0.9
  1
SIZE
 40
2.0
 41
14.4
  0
MTEXT
  5
4E4
100
AcDbEntity
  8
DETAIL
100
AcDbMText
 62
2
  6
CONTINUOUS
  7
TEXTSTYLE_6
 71
2
 72
1
 10
44.0
 20
-33.5
 30
0.0
 11
1.0
 21
0.0
 31
0.0
 73
2
 44
0.9
  1
SHEET
 40
2.0
 41
18.0
  0
MTEXT
  5
4E5
100
AcDbEntity
  8
DETAIL
100
AcDbMText
 62
2
  6
CONTINUOUS
  7
TEXTSTYLE_6
 71
2
 72
1
 10
60.0
 20
-33.95
 30
0.0
 11
1.0
 21
0.0
 31
0.0
 73
2
 44
0.9
  1
REVISION
 40
1.1
 41
15.84
  0
MTEXT
  5
4E6
100
AcDbEntity
  8
DETAIL
100
AcDbMText
 62
2
  6
CONTINUOUS
  7
TEXTSTYLE_6
 71
2
 72
1
 10
68.0
 20
-33.95
 30
0.0
 11
1.0
 21
0.0
 31
0.0
 73
2
 44
0.9
  1
VERSION
 40
1.1
 41
13.86
  0
MTEXT
  5
4E7
100
AcDbEntity
  8
DETAIL
100
AcDbMText
 62
2
  6
CONTINUOUS
  7
TEXTSTYLE_6
 71
2
 72
1
 10
28.0
 20
-36.5
 30
0.0
 11
1.0
 21
0.0
 31
0.0
 73
2
 44
0.9
  1
A3
 40
2.0
 41
7.2
  0
MTEXT
  5
4E8
100
AcDbEntity
  8
DETAIL
100
AcDbMText
 62
2
  6
CONTINUOUS
  7
TEXTSTYLE_7
 71
3
 72
1
 10
39.01
 20
-36.5
 30
0.0
 11
1.0
 21
0.0
 31
0.0
 73
2
 44
0.9
  1
5
 40
2.0
 41
3.6666666667
  0
MTEXT
  5
4E9
100
AcDbEntity
  8
DETAIL
100
AcDbMText
 62
2
  6
CONTINUOUS
  7
TEXTSTYLE_6
 71
2
 72
1
 10
44.0
 20
-36.5
 30
0.0
 11
1.0
 21
0.0
 31
0.0
 73
2
 44
0.9
  1
OF
 40
2.0
 41
7.2
  0
MTEXT
  5
4EA
100
AcDbEntity
  8
DETAIL
100
AcDbMText
 62
2
  6
CONTINUOUS
  7
TEXTSTYLE_7
 71
1
 72
1
 10
48.99
 20
-36.5
 30
0.0
 11
1.0
 21
0.0
 31
0.0
 73
2
 44
0.9
  1
7
 40
2.0
 41
3.6666666667
  0
MTEXT
  5
4EB
100
AcDbEntity
  8
DETAIL
100
AcDbMText
 62
2
  6
CONTINUOUS
  7
TEXTSTYLE_7
 71
2
 72
1
 10
60.0
 20
-36.5
 30
0.0
 11
1.0
 21
0.0
 31
0.0
 73
2
 44
0.9
  1
0
 40
2.0
 41
3.6666666667
  0
ENDBLK
  5
4EC
100
AcDbEntity
  8
0
  6
BYBLOCK
 62
0
100
AcDbBlockEnd
  0
BLOCK
  5
4ED
100
AcDbEntity
  8
0
100
AcDbBlockBegin
  2
*T3
 70
1
 10
0.0
 20
0.0
  3
*T3
  1

  0
LINE
  5
4EE
100
AcDbEntity
  8
0
100
AcDbLine
 62
2
  6
CONTINUOUS
 10
0.0
 20
0.0
 11
22.0
 21
0.0
  0
LINE
  5
4EF
100
AcDbEntity
  8
0
100
AcDbLine
 62
2
  6
CONTINUOUS
 10
0.0
 20
0.0
 11
0.0
 21
-30.0
  0
LINE
  5
4F0
100
AcDbEntity
  8
0
100
AcDbLine
 62
2
  6
CONTINUOUS
 10
0.0
 20
-24.0
 11
22.0
 21
-24.0
  0
LINE
  5
4F1
100
AcDbEntity
  8
0
100
AcDbLine
 62
2
  6
CONTINUOUS
 10
0.0
 20
-30.0
 11
22.0
 21
-30.0
  0
LINE
  5
4F2
100
AcDbEntity
  8
0
100
AcDbLine
 62
2
  6
CONTINUOUS
 10
22.0
 20
0.0
 11
22.0
 21
-30.0
  0
MTEXT
  5
4F3
100
AcDbEntity
  8
DETAIL
100
AcDbMText
 62
2
  6
CONTINUOUS
  7
TEXTSTYLE_2
 71
2
 72
1
 10
11.0
 20
-1.75
 30
0.0
 11
1.0
 21
0.0
 31
0.0
 73
2
 44
0.9
  1
UNLESS SPECIFIED\PTOLERANCE ARE:
 40
1.0
 41
32.0
  0
MTEXT
  5
4F4
100
AcDbEntity
  8
DETAIL
100
AcDbMText
 62
2
  6
CONTINUOUS
  7
STANDARD
 71
3
 72
1
 10
13.2
 20
-7.0
 30
0.0
 11
1.0
 21
0.0
 31
0.0
 73
2
 44
0.9
  1
300 ABOVE :
 40
1.0
 41
17.6
  0
MTEXT
  5
4F5
100
AcDbEntity
  8
DETAIL
100
AcDbMText
 62
2
  6
CONTINUOUS
  7
TEXTSTYLE_8
 71
1
 72
1
 10
14.8
 20
-7.0
 30
0.0
 11
1.0
 21
0.0
 31
0.0
 73
2
 44
0.9
  1
{\fgdt;`}\ftxt;{\W0.8; 0.20}
 40
1.0
 41
10.6666666667
  0
MTEXT
  5
4F6
100
AcDbEntity
  8
DETAIL
100
AcDbMText
 62
2
  6
CONTINUOUS
  7
TEXTSTYLE_9
 71
3
 72
1
 10
13.2
 20
-10.0
 30
0.0
 11
1.0
 21
0.0
 31
0.0
 73
2
 44
0.9
  1
300    X    150 :
 40
1.0
 41
25.5
  0
MTEXT
  5
4F7
100
AcDbEntity
  8
DETAIL
100
AcDbMText
 62
2
  6
CONTINUOUS
  7
TEXTSTYLE_8
 71
1
 72
1
 10
14.8
 20
-10.0
 30
0.0
 11
1.0
 21
0.0
 31
0.0
 73
2
 44
0.9
  1
{\fgdt;`}\ftxt;{\W0.8; 0.15}
 40
1.0
 41
10.6666666667
  0
MTEXT
  5
4F8
100
AcDbEntity
  8
DETAIL
100
AcDbMText
 62
2
  6
CONTINUOUS
  7
STANDARD
 71
3
 72
1
 10
13.2
 20
-13.0
 30
0.0
 11
1.0
 21
0.0
 31
0.0
 73
2
 44
0.9
  1
150    X    50 :
 40
1.0
 41
25.6
  0
MTEXT
  5
4F9
100
AcDbEntity
  8
DETAIL
100
AcDbMText
 62
2
  6
CONTINUOUS
  7
TEXTSTYLE_8
 71
1
 72
1
 10
14.8
 20
-13.0
 30
0.0
 11
1.0
 21
0.0
 31
0.0
 73
2
 44
0.9
  1
{\fgdt;`}\ftxt;{\W0.8; 0.10}
 40
1.0
 41
10.6666666667
  0
MTEXT
  5
4FA
100
AcDbEntity
  8
DETAIL
100
AcDbMText
 62
2
  6
CONTINUOUS
  7
STANDARD
 71
3
 72
1
 10
13.2
 20
-16.0
 30
0.0
 11
1.0
 21
0.0
 31
0.0
 73
2
 44
0.9
  1
50    X    20 :
 40
1.0
 41
24.0
  0
MTEXT
  5
4FB
100
AcDbEntity
  8
DETAIL
100
AcDbMText
 62
2
  6
CONTINUOUS
  7
TEXTSTYLE_8
 71
1
 72
1
 10
14.8
 20
-16.0
 30
0.0
 11
1.0
 21
0.0
 31
0.0
 73
2
 44
0.9
  1
{\fgdt;`}\ftxt;{\W0.8; 0.075}
 40
1.0
 41
12.2666666667
  0
MTEXT
  5
4FC
100
AcDbEntity
  8
DETAIL
100
AcDbMText
 62
2
  6
CONTINUOUS
  7
STANDARD
 71
3
 72
1
 10
13.2
 20
-19.0
 30
0.0
 11
1.0
 21
0.0
 31
0.0
 73
2
 44
0.9
  1
20mm BELOW :
 40
1.0
 41
19.2
  0
MTEXT
  5
4FD
100
AcDbEntity
  8
DETAIL
100
AcDbMText
 62
2
  6
CONTINUOUS
  7
TEXTSTYLE_8
 71
1
 72
1
 10
14.8
 20
-19.0
 30
0.0
 11
1.0
 21
0.0
 31
0.0
 73
2
 44
0.9
  1
{\fgdt;`}\ftxt;{\W0.8; 0.05}
 40
1.0
 41
10.6666666667
  0
MTEXT
  5
4FE
100
AcDbEntity
  8
DETAIL
100
AcDbMText
 62
2
  6
CONTINUOUS
  7
STANDARD
 71
3
 72
1
 10
13.2
 20
-22.0
 30
0.0
 11
1.0
 21
0.0
 31
0.0
 73
2
 44
0.9
  1
ANGLES :
 40
1.0
 41
12.8
  0
MTEXT
  5
4FF
100
AcDbEntity
  8
DETAIL
100
AcDbMText
 62
2
  6
CONTINUOUS
  7
TEXTSTYLE_8
 71
1
 72
1
 10
14.8
 20
-22.0
 30
0.0
 11
1.0
 21
0.0
 31
0.0
 73
2
 44
0.9
  1
{\fgdt;`}\ftxt;{\W0.8; 1}\fgdt;{\fgdt;~}
 40
1.0
 41
7.2
  0
MTEXT
  5
500
100
AcDbEntity
  8
DETAIL
100
AcDbMText
 62
2
  6
CONTINUOUS
  7
STANDARD
 71
3
 72
1
 10
13.2
 20
-25.0
 30
0.0
 11
1.0
 21
0.0
 31
0.0
 73
2
 44
0.9
  1
FLATNESS :
 40
1.0
 41
16.0
  0
MTEXT
  5
501
100
AcDbEntity
  8
DETAIL
100
AcDbMText
 62
2
  6
CONTINUOUS
  7
TEXTSTYLE_8
 71
1
 72
1
 10
14.8
 20
-25.0
 30
0.0
 11
1.0
 21
0.0
 31
0.0
 73
2
 44
0.9
  1
{\fgdt;c}\ftxt;{\W0.8; 0.20}
 40
1.0
 41
13.25
  0
MTEXT
  5
502
100
AcDbEntity
  8
DETAIL
100
AcDbMText
 62
2
  6
CONTINUOUS
  7
STANDARD
 71
3
 72
1
 10
13.2
 20
-28.0
 30
0.0
 11
1.0
 21
0.0
 31
0.0
 73
2
 44
0.9
  1
CONCENTRICITY :
 40
1.0
 41
24.0
  0
MTEXT
  5
503
100
AcDbEntity
  8
DETAIL
100
AcDbMText
 62
2
  6
CONTINUOUS
  7
TEXTSTYLE_8
 71
1
 72
1
 10
14.8
 20
-28.0
 30
0.0
 11
1.0
 21
0.0
 31
0.0
 73
2
 44
0.9
  1
{\fgdt;`}\ftxt;{\W0.8; 0.05}
 40
1.0
 41
10.6666666667
  0
ENDBLK
  5
504
100
AcDbEntity
  8
0
  6
BYBLOCK
 62
0
100
AcDbBlockEnd
  0
ENDSEC
  0
SECTION
  2
ENTITIES
  0
LWPOLYLINE
  5
505
100
AcDbEntity
  8
0
100
AcDbPolyline
 62
7
  6
CONTINUOUS
 90
23
 70
0
 10
344.8916284106
 20
57.3077722862
 10
344.9980396561
 20
57.3102580328
 10
346.5136962481
 20
57.3102580328
 10
346.5136962481
 20
56.6009481248
 10
345.2691650881
 20
56.6009481248
 10
343.8605060523
 20
56.5688515101
 10
343.8817303567
 20
56.6455450845
 10
343.9077463176
 20
56.7184378218
 10
343.9385813524
 20
56.787459198
 10
343.9742628786
 20
56.8525386896
 10
344.0148183138
 20
56.9136057729
 10
344.0602750755
 20
56.9705899241
 10
344.1106605811
 20
57.0234206194
 10
344.1660022483
 20
57.0720273352
 10
344.2263274945
 20
57.1163395478
 10
344.2916637372
 20
57.1562867335
 10
344.362038394
 20
57.1917983684
 10
344.4374788823
 20
57.222803929
 10
344.5180126197
 20
57.2492328915
 10
344.6036670237
 20
57.2710147322
 10
344.6944695119
 20
57.2880789273
 10
344.7904475016
 20
57.3003549532
 10
344.8916284106
 20
57.3077722862
  0
HATCH
  5
506
100
AcDbEntity
  8
0
100
AcDbHatch
 62
7
  6
CONTINUOUS
 10
0.0
 20
0.0
 30
0.0
210
0.0
220
0.0
230
1.0
  2
SOLID
 70
1
 71
1
 91
1
 92
1
 93
22
 72
1
 10
344.8916284106
 20
57.3077722862
 11
344.9980396561
 21
57.3102580328
 72
1
 10
344.9980396561
 20
57.3102580328
 11
346.5136962481
 21
57.3102580328
 72
1
 10
346.5136962481
 20
57.3102580328
 11
346.5136962481
 21
56.6009481248
 72
1
 10
346.5136962481
 20
56.6009481248
 11
345.2691650881
 21
56.6009481248
 72
1
 10
345.2691650881
 20
56.6009481248
 11
343.8605060523
 21
56.5688515101
 72
1
 10
343.8605060523
 20
56.5688515101
 11
343.8817303567
 21
56.6455450845
 72
1
 10
343.8817303567
 20
56.6455450845
 11
343.9077463176
 21
56.7184378218
 72
1
 10
343.9077463176
 20
56.7184378218
 11
343.9385813524
 21
56.787459198
 72
1
 10
343.9385813524
 20
56.787459198
 11
343.9742628786
 21
56.8525386896
 72
1
 10
343.9742628786
 20
56.8525386896
 11
344.0148183138
 21
56.9136057729
 72
1
 10
344.0148183138
 20
56.9136057729
 11
344.0602750755
 21
56.9705899241
 72
1
 10
344.0602750755
 20
56.9705899241
 11
344.1106605811
 21
57.0234206194
 72
1
 10
344.1106605811
 20
57.0234206194
 11
344.1660022483
 21
57.0720273352
 72
1
 10
344.1660022483
 20
57.0720273352
 11
344.2263274945
 21
57.1163395478
 72
1
 10
344.2263274945
 20
57.1163395478
 11
344.2916637372
 21
57.1562867335
 72
1
 10
344.2916637372
 20
57.1562867335
 11
344.362038394
 21
57.1917983684
 72
1
 10
344.362038394
 20
57.1917983684
 11
344.4374788823
 21
57.222803929
 72
1
 10
344.4374788823
 20
57.222803929
 11
344.5180126197
 21
57.2492328915
 72
1
 10
344.5180126197
 20
57.2492328915
 11
344.6036670237
 21
57.2710147322
 72
1
 10
344.6036670237
 20
57.2710147322
 11
344.6944695119
 21
57.2880789273
 72
1
 10
344.6944695119
 20
57.2880789273
 11
344.7904475016
 21
57.3003549532
 72
1
 10
344.7904475016
 20
57.3003549532
 11
344.8916284106
 21
57.3077722862
 97
1
330
505
 75
0
 76
1
 98
1
 10
0.0
 20
0.0
  0
LWPOLYLINE
  5
507
100
AcDbEntity
  8
0
100
AcDbPolyline
 62
7
  6
CONTINUOUS
 90
10
 70
0
 10
345.0374354769
 20
56.5711952416
 10
344.9990267517
 20
56.5582210092
 10
343.8440459867
 20
56.4884276221
 10
343.8605060523
 20
56.5688515101
 10
345.2691650881
 20
56.6009481248
 10
345.2174225737
 20
56.5997448356
 10
345.1684098936
 20
56.5961485222
 10
345.1220955095
 20
56.5901784904
 10
345.0784478834
 20
56.5818542328
 10
345.0374354769
 20
56.5711952416
  0
HATCH
  5
508
100
AcDbEntity
  8
0
100
AcDbHatch
 62
7
  6
CONTINUOUS
 10
0.0
 20
0.0
 30
0.0
210
0.0
220
0.0
230
1.0
  2
SOLID
 70
1
 71
1
 91
1
 92
1
 93
9
 72
1
 10
345.0374354769
 20
56.5711952416
 11
344.9990267517
 21
56.5582210092
 72
1
 10
344.9990267517
 20
56.5582210092
 11
343.8440459867
 21
56.4884276221
 72
1
 10
343.8440459867
 20
56.4884276221
 11
343.8605060523
 21
56.5688515101
 72
1
 10
343.8605060523
 20
56.5688515101
 11
345.2691650881
 21
56.6009481248
 72
1
 10
345.2691650881
 20
56.6009481248
 11
345.2174225737
 21
56.5997448356
 72
1
 10
345.2174225737
 20
56.5997448356
 11
345.1684098936
 21
56.5961485222
 72
1
 10
345.1684098936
 20
56.5961485222
 11
345.1220955095
 21
56.5901784904
 72
1
 10
345.1220955095
 20
56.5901784904
 11
345.0784478834
 21
56.5818542328
 72
1
 10
345.0784478834
 20
56.5818542328
 11
345.0374354769
 21
56.5711952416
 97
1
330
507
 75
0
 76
1
 98
1
 10
0.0
 20
0.0
  0
LWPOLYLINE
  5
509
100
AcDbEntity
  8
0
100
AcDbPolyline
 62
7
  6
CONTINUOUS
 90
8
 70
0
 10
344.8991072825
 20
56.5056017891
 10
344.8707979007
 20
56.4835615159
 10
343.8323227425
 20
56.4043439444
 10
343.8440459867
 20
56.4884276221
 10
344.9990267517
 20
56.5582210092
 10
344.9631901698
 20
56.5429510281
 10
344.9298941928
 20
56.5254047906
 10
344.8991072825
 20
56.5056017891
  0
HATCH
  5
50A
100
AcDbEntity
  8
0
100
AcDbHatch
 62
7
  6
CONTINUOUS
 10
0.0
 20
0.0
 30
0.0
210
0.0
220
0.0
230
1.0
  2
SOLID
 70
1
 71
1
 91
1
 92
1
 93
7
 72
1
 10
344.8991072825
 20
56.5056017891
 11
344.8707979007
 21
56.4835615159
 72
1
 10
344.8707979007
 20
56.4835615159
 11
343.8323227425
 21
56.4043439444
 72
1
 10
343.8323227425
 20
56.4043439444
 11
343.8440459867
 21
56.4884276221
 72
1
 10
343.8440459867
 20
56.4884276221
 11
344.9990267517
 21
56.5582210092
 72
1
 10
344.9990267517
 20
56.5582210092
 11
344.9631901698
 21
56.5429510281
 72
1
 10
344.9631901698
 20
56.5429510281
 11
344.9298941928
 21
56.5254047906
 72
1
 10
344.9298941928
 20
56.5254047906
 11
344.8991072825
 21
56.5056017891
 97
1
330
509
 75
0
 76
1
 98
1
 10
0.0
 20
0.0
  0
LWPOLYLINE
  5
50B
100
AcDbEntity
  8
0
100
AcDbPolyline
 62
7
  6
CONTINUOUS
 90
7
 70
0
 10
344.8214855696
 20
56.4328471241
 10
344.8004195438
 20
56.4042119902
 10
343.8253089021
 20
56.3166710006
 10
343.8323227425
 20
56.4043439444
 10
344.8707979007
 20
56.4835615159
 10
344.8449345091
 20
56.4593034634
 10
344.8214855696
 20
56.4328471241
  0
HATCH
  5
50C
100
AcDbEntity
  8
0
100
AcDbHatch
 62
7
  6
CONTINUOUS
 10
0.0
 20
0.0
 30
0.0
210
0.0
220
0.0
230
1.0
  2
SOLID
 70
1
 71
1
 91
1
 92
1
 93
6
 72
1
 10
344.8214855696
 20
56.4328471241
 11
344.8004195438
 21
56.4042119902
 72
1
 10
344.8004195438
 20
56.4042119902
 11
343.8253089021
 21
56.3166710006
 72
1
 10
343.8253089021
 20
56.3166710006
 11
343.8323227425
 21
56.4043439444
 72
1
 10
343.8323227425
 20
56.4043439444
 11
344.8707979007
 21
56.4835615159
 72
1
 10
344.8707979007
 20
56.4835615159
 11
344.8449345091
 21
56.4593034634
 72
1
 10
344.8449345091
 20
56.4593034634
 11
344.8214855696
 21
56.4328471241
 97
1
330
50B
 75
0
 76
1
 98
1
 10
0.0
 20
0.0
  0
LWPOLYLINE
  5
50D
100
AcDbEntity
  8
0
100
AcDbPolyline
 62
7
  6
CONTINUOUS
 90
7
 70
0
 10
344.7653100807
 20
56.3404833084
 10
344.751203567
 20
56.3054287453
 10
343.8229770481
 20
56.2254793144
 10
343.8253089021
 20
56.3166710006
 10
344.8004195438
 20
56.4042119902
 10
344.7817048936
 20
56.3734175542
 10
344.7653100807
 20
56.3404833084
  0
HATCH
  5
50E
100
AcDbEntity
  8
0
100
AcDbHatch
 62
7
  6
CONTINUOUS
 10
0.0
 20
0.0
 30
0.0
210
0.0
220
0.0
230
1.0
  2
SOLID
 70
1
 71
1
 91
1
 92
1
 93
6
 72
1
 10
344.7653100807
 20
56.3404833084
 11
344.751203567
 21
56.3054287453
 72
1
 10
344.751203567
 20
56.3054287453
 11
343.8229770481
 21
56.2254793144
 72
1
 10
343.8229770481
 20
56.2254793144
 11
343.8253089021
 21
56.3166710006
 72
1
 10
343.8253089021
 20
56.3166710006
 11
344.8004195438
 21
56.4042119902
 72
1
 10
344.8004195438
 20
56.4042119902
 11
344.7817048936
 21
56.3734175542
 72
1
 10
344.7817048936
 20
56.3734175542
 11
344.7653100807
 21
56.3404833084
 97
1
330
50D
 75
0
 76
1
 98
1
 10
0.0
 20
0.0
  0
LWPOLYLINE
  5
50F
100
AcDbEntity
  8
0
100
AcDbPolyline
 62
7
  6
CONTINUOUS
 90
7
 70
0
 10
344.7297292837
 20
56.2290366363
 10
344.7222984378
 20
56.1877380753
 10
343.8229770481
 20
55.7110742002
 10
343.8229770481
 20
56.2254793144
 10
344.751203567
 20
56.3054287453
 10
344.739353814
 20
56.2682733571
 10
344.7297292837
 20
56.2290366363
  0
HATCH
  5
510
100
AcDbEntity
  8
0
100
AcDbHatch
 62
7
  6
CONTINUOUS
 10
0.0
 20
0.0
 30
0.0
210
0.0
220
0.0
230
1.0
  2
SOLID
 70
1
 71
1
 91
1
 92
1
 93
6
 72
1
 10
344.7297292837
 20
56.2290366363
 11
344.7222984378
 21
56.1877380753
 72
1
 10
344.7222984378
 20
56.1877380753
 11
343.8229770481
 21
55.7110742002
 72
1
 10
343.8229770481
 20
55.7110742002
 11
343.8229770481
 21
56.2254793144
 72
1
 10
343.8229770481
 20
56.2254793144
 11
344.751203567
 21
56.3054287453
 72
1
 10
344.751203567
 20
56.3054287453
 11
344.739353814
 21
56.2682733571
 72
1
 10
344.739353814
 20
56.2682733571
 11
344.7297292837
 21
56.2290366363
 97
1
330
50F
 75
0
 76
1
 98
1
 10
0.0
 20
0.0
  0
LWPOLYLINE
  5
511
100
AcDbEntity
  8
0
100
AcDbPolyline
 62
7
  6
CONTINUOUS
 90
50
 70
0
 10
362.6088854995
 20
55.7962453096
 10
362.7606720721
 20
55.8013536046
 10
362.9132945415
 20
55.7963311671
 10
363.0611984886
 20
55.7814068498
 10
363.2041042164
 20
55.7567966736
 10
363.3417320281
 20
55.7227163815
 10
363.4738022267
 20
55.6793817164
 10
363.6000351155
 20
55.6270084215
 10
363.7201509975
 20
55.5658122397
 10
363.8338701758
 20
55.4960089141
 10
363.9409129535
 20
55.4178141877
 10
364.0409996338
 20
55.3314438035
 10
364.1338505198
 20
55.2371135045
 10
364.2191859145
 20
55.1350390338
 10
364.2967261212
 20
55.0254361343
 10
364.3661914428
 20
54.9085205491
 10
364.4273021826
 20
54.7845080212
 10
364.4797786436
 20
54.6536142936
 10
363.6248015635
 20
54.5518571577
 10
363.5966538087
 20
54.6138693115
 10
363.5652720739
 20
54.6725005549
 10
363.5307360702
 20
54.727702175
 10
363.493125509
 20
54.7794254589
 10
363.4525201014
 20
54.8276216937
 10
363.4089995586
 20
54.8722421664
 10
363.3626435918
 20
54.9132381643
 10
363.3135319122
 20
54.9505609744
 10
363.2617442311
 20
54.9841618838
 10
363.2073602597
 20
55.0139921796
 10
363.1504597092
 20
55.0400031489
 10
363.0911222907
 20
55.0621460789
 10
363.0294277156
 20
55.0803722565
 10
362.9654556949
 20
55.094632969
 10
362.89928594
 20
55.1048795034
 10
362.830998162
 20
55.1110631468
 10
362.7606720721
 20
55.1131351864
 10
362.6861360187
 20
55.1109546468
 10
361.2261671299
 20
55.0308197917
 10
361.3040202715
 20
55.1382137308
 10
361.3896440247
 20
55.238594188
 10
361.4827457544
 20
55.3316865635
 10
361.5830328258
 20
55.4172162575
 10
361.6902126038
 20
55.4949086704
 10
361.8039924535
 20
55.5644892024
 10
361.9240797399
 20
55.6256832537
 10
362.0501818281
 20
55.6782162247
 10
362.1820060832
 20
55.7218135155
 10
362.31925987
 20
55.7562005264
 10
362.4616505538
 20
55.7811026577
 10
362.6088854995
 20
55.7962453096
  0
HATCH
  5
512
100
AcDbEntity
  8
0
100
AcDbHatch
 62
7
  6
CONTINUOUS
 10
0.0
 20
0.0
 30
0.0
210
0.0
220
0.0
230
1.0
  2
SOLID
 70
1
 71
1
 91
1
 92
1
 93
49
 72
1
 10
362.6088854995
 20
55.7962453096
 11
362.7606720721
 21
55.8013536046
 72
1
 10
362.7606720721
 20
55.8013536046
 11
362.9132945415
 21
55.7963311671
 72
1
 10
362.9132945415
 20
55.7963311671
 11
363.0611984886
 21
55.7814068498
 72
1
 10
363.0611984886
 20
55.7814068498
 11
363.2041042164
 21
55.7567966736
 72
1
 10
363.2041042164
 20
55.7567966736
 11
363.3417320281
 21
55.7227163815
 72
1
 10
363.3417320281
 20
55.7227163815
 11
363.4738022267
 21
55.6793817164
 72
1
 10
363.4738022267
 20
55.6793817164
 11
363.6000351155
 21
55.6270084215
 72
1
 10
363.6000351155
 20
55.6270084215
 11
363.7201509975
 21
55.5658122397
 72
1
 10
363.7201509975
 20
55.5658122397
 11
363.8338701758
 21
55.4960089141
 72
1
 10
363.8338701758
 20
55.4960089141
 11
363.9409129535
 21
55.4178141877
 72
1
 10
363.9409129535
 20
55.4178141877
 11
364.0409996338
 21
55.3314438035
 72
1
 10
364.0409996338
 20
55.3314438035
 11
364.1338505198
 21
55.2371135045
 72
1
 10
364.1338505198
 20
55.2371135045
 11
364.2191859145
 21
55.1350390338
 72
1
 10
364.2191859145
 20
55.1350390338
 11
364.2967261212
 21
55.0254361343
 72
1
 10
364.2967261212
 20
55.0254361343
 11
364.3661914428
 21
54.9085205491
 72
1
 10
364.3661914428
 20
54.9085205491
 11
364.4273021826
 21
54.7845080212
 72
1
 10
364.4273021826
 20
54.7845080212
 11
364.4797786436
 21
54.6536142936
 72
1
 10
364.4797786436
 20
54.6536142936
 11
363.6248015635
 21
54.5518571577
 72
1
 10
363.6248015635
 20
54.5518571577
 11
363.5966538087
 21
54.6138693115
 72
1
 10
363.5966538087
 20
54.6138693115
 11
363.5652720739
 21
54.6725005549
 72
1
 10
363.5652720739
 20
54.6725005549
 11
363.5307360702
 21
54.727702175
 72
1
 10
363.5307360702
 20
54.727702175
 11
363.493125509
 21
54.7794254589
 72
1
 10
363.493125509
 20
54.7794254589
 11
363.4525201014
 21
54.8276216937
 72
1
 10
363.4525201014
 20
54.8276216937
 11
363.4089995586
 21
54.8722421664
 72
1
 10
363.4089995586
 20
54.8722421664
 11
363.3626435918
 21
54.9132381643
 72
1
 10
363.3626435918
 20
54.9132381643
 11
363.3135319122
 21
54.9505609744
 72
1
 10
363.3135319122
 20
54.9505609744
 11
363.2617442311
 21
54.9841618838
 72
1
 10
363.2617442311
 20
54.9841618838
 11
363.2073602597
 21
55.0139921796
 72
1
 10
363.2073602597
 20
55.0139921796
 11
363.1504597092
 21
55.0400031489
 72
1
 10
363.1504597092
 20
55.0400031489
 11
363.0911222907
 21
55.0621460789
 72
1
 10
363.0911222907
 20
55.0621460789
 11
363.0294277156
 21
55.0803722565
 72
1
 10
363.0294277156
 20
55.0803722565
 11
362.9654556949
 21
55.094632969
 72
1
 10
362.9654556949
 20
55.094632969
 11
362.89928594
 21
55.1048795034
 72
1
 10
362.89928594
 20
55.1048795034
 11
362.830998162
 21
55.1110631468
 72
1
 10
362.830998162
 20
55.1110631468
 11
362.7606720721
 21
55.1131351864
 72
1
 10
362.7606720721
 20
55.1131351864
 11
362.6861360187
 21
55.1109546468
 72
1
 10
362.6861360187
 20
55.1109546468
 11
361.2261671299
 21
55.0308197917
 72
1
 10
361.2261671299
 20
55.0308197917
 11
361.3040202715
 21
55.1382137308
 72
1
 10
361.3040202715
 20
55.1382137308
 11
361.3896440247
 21
55.238594188
 72
1
 10
361.3896440247
 20
55.238594188
 11
361.4827457544
 21
55.3316865635
 72
1
 10
361.4827457544
 20
55.3316865635
 11
361.5830328258
 21
55.4172162575
 72
1
 10
361.5830328258
 20
55.4172162575
 11
361.6902126038
 21
55.4949086704
 72
1
 10
361.6902126038
 20
55.4949086704
 11
361.8039924535
 21
55.5644892024
 72
1
 10
361.8039924535
 20
55.5644892024
 11
361.9240797399
 21
55.6256832537
 72
1
 10
361.9240797399
 20
55.6256832537
 11
362.0501818281
 21
55.6782162247
 72
1
 10
362.0501818281
 20
55.6782162247
 11
362.1820060832
 21
55.7218135155
 72
1
 10
362.1820060832
 20
55.7218135155
 11
362.31925987
 21
55.7562005264
 72
1
 10
362.31925987
 20
55.7562005264
 11
362.4616505538
 21
55.7811026577
 72
1
 10
362.4616505538
 20
55.7811026577
 11
362.6088854995
 21
55.7962453096
 97
1
330
511
 75
0
 76
1
 98
1
 10
0.0
 20
0.0
  0
LWPOLYLINE
  5
513
100
AcDbEntity
  8
0
100
AcDbPolyline
 62
7
  6
CONTINUOUS
 90
50
 70
0
 10
372.7681132081
 20
55.8013536046
 10
372.919308752
 20
55.7961095252
 10
373.0667292977
 20
55.7805907997
 10
373.210005497
 20
55.7551098857
 10
373.3487680018
 20
55.7199792406
 10
373.4826474638
 20
55.6755217374
 10
373.6112745349
 20
55.6220446259
 10
373.7342798668
 20
55.5598655714
 10
373.8512941114
 20
55.4892970314
 10
373.9619479204
 20
55.4106618786
 10
374.0658719457
 20
55.3242725708
 10
374.1626968391
 20
55.2304363577
 10
374.2520532523
 20
55.1294761123
 10
374.3335718371
 20
55.0217042921
 10
374.4068832455
 20
54.9074385622
 10
374.4716181291
 20
54.7869861727
 10
374.5274071397
 20
54.6606752038
 10
374.5738809293
 20
54.5288076981
 10
373.6686422339
 20
54.423108513
 10
373.6359465201
 20
54.4918335534
 10
373.5987418745
 20
54.5572152979
 10
373.5571675156
 20
54.6190506492
 10
373.5113626623
 20
54.6771260944
 10
373.4614665334
 20
54.7312385362
 10
373.4076183475
 20
54.7811796697
 10
373.3499573235
 20
54.8267411896
 10
373.2886226801
 20
54.8677199987
 10
373.2237536361
 20
54.9039025842
 10
373.1554894101
 20
54.9350910563
 10
373.083969221
 20
54.9610719025
 10
373.0093322875
 20
54.9816368176
 10
372.9317178284
 20
54.9965827042
 10
372.8512650623
 20
55.005706465
 10
372.7681132081
 20
55.0087893796
 10
372.6840417676
 20
55.0056597553
 10
371.1212781041
 20
54.9074385622
 10
371.1943804038
 20
55.0217042921
 10
371.2757385424
 20
55.1294761123
 10
371.3650012056
 20
55.2304363577
 10
371.4618170789
 20
55.3242725708
 10
371.565834848
 20
55.4106618786
 10
371.6767031986
 20
55.4892970314
 10
371.7940708161
 20
55.5598655714
 10
371.9175863864
 20
55.6220446259
 10
372.0468985948
 20
55.6755217374
 10
372.1816561272
 20
55.7199792406
 10
372.3215076691
 20
55.7551098857
 10
372.4661019062
 20
55.7805907997
 10
372.615087524
 20
55.7961095252
 10
372.7681132081
 20
55.8013536046
  0
HATCH
  5
514
100
AcDbEntity
  8
0
100
AcDbHatch
 62
7
  6
CONTINUOUS
 10
0.0
 20
0.0
 30
0.0
210
0.0
220
0.0
230
1.0
  2
SOLID
 70
1
 71
1
 91
1
 92
1
 93
49
 72
1
 10
372.7681132081
 20
55.8013536046
 11
372.919308752
 21
55.7961095252
 72
1
 10
372.919308752
 20
55.7961095252
 11
373.0667292977
 21
55.7805907997
 72
1
 10
373.0667292977
 20
55.7805907997
 11
373.210005497
 21
55.7551098857
 72
1
 10
373.210005497
 20
55.7551098857
 11
373.3487680018
 21
55.7199792406
 72
1
 10
373.3487680018
 20
55.7199792406
 11
373.4826474638
 21
55.6755217374
 72
1
 10
373.4826474638
 20
55.6755217374
 11
373.6112745349
 21
55.6220446259
 72
1
 10
373.6112745349
 20
55.6220446259
 11
373.7342798668
 21
55.5598655714
 72
1
 10
373.7342798668
 20
55.5598655714
 11
373.8512941114
 21
55.4892970314
 72
1
 10
373.8512941114
 20
55.4892970314
 11
373.9619479204
 21
55.4106618786
 72
1
 10
373.9619479204
 20
55.4106618786
 11
374.0658719457
 21
55.3242725708
 72
1
 10
374.0658719457
 20
55.3242725708
 11
374.1626968391
 21
55.2304363577
 72
1
 10
374.1626968391
 20
55.2304363577
 11
374.2520532523
 21
55.1294761123
 72
1
 10
374.2520532523
 20
55.1294761123
 11
374.3335718371
 21
55.0217042921
 72
1
 10
374.3335718371
 20
55.0217042921
 11
374.4068832455
 21
54.9074385622
 72
1
 10
374.4068832455
 20
54.9074385622
 11
374.4716181291
 21
54.7869861727
 72
1
 10
374.4716181291
 20
54.7869861727
 11
374.5274071397
 21
54.6606752038
 72
1
 10
374.5274071397
 20
54.6606752038
 11
374.5738809293
 21
54.5288076981
 72
1
 10
374.5738809293
 20
54.5288076981
 11
373.6686422339
 21
54.423108513
 72
1
 10
373.6686422339
 20
54.423108513
 11
373.6359465201
 21
54.4918335534
 72
1
 10
373.6359465201
 20
54.4918335534
 11
373.5987418745
 21
54.5572152979
 72
1
 10
373.5987418745
 20
54.5572152979
 11
373.5571675156
 21
54.6190506492
 72
1
 10
373.5571675156
 20
54.6190506492
 11
373.5113626623
 21
54.6771260944
 72
1
 10
373.5113626623
 20
54.6771260944
 11
373.4614665334
 21
54.7312385362
 72
1
 10
373.4614665334
 20
54.7312385362
 11
373.4076183475
 21
54.7811796697
 72
1
 10
373.4076183475
 20
54.7811796697
 11
373.3499573235
 21
54.8267411896
 72
1
 10
373.3499573235
 20
54.8267411896
 11
373.2886226801
 21
54.8677199987
 72
1
 10
373.2886226801
 20
54.8677199987
 11
373.2237536361
 21
54.9039025842
 72
1
 10
373.2237536361
 20
54.9039025842
 11
373.1554894101
 21
54.9350910563
 72
1
 10
373.1554894101
 20
54.9350910563
 11
373.083969221
 21
54.9610719025
 72
1
 10
373.083969221
 20
54.9610719025
 11
373.0093322875
 21
54.9816368176
 72
1
 10
373.0093322875
 20
54.9816368176
 11
372.9317178284
 21
54.9965827042
 72
1
 10
372.9317178284
 20
54.9965827042
 11
372.8512650623
 21
55.005706465
 72
1
 10
372.8512650623
 20
55.005706465
 11
372.7681132081
 21
55.0087893796
 72
1
 10
372.7681132081
 20
55.0087893796
 11
372.6840417676
 21
55.0056597553
 72
1
 10
372.6840417676
 20
55.0056597553
 11
371.1212781041
 21
54.9074385622
 72
1
 10
371.1212781041
 20
54.9074385622
 11
371.1943804038
 21
55.0217042921
 72
1
 10
371.1943804038
 20
55.0217042921
 11
371.2757385424
 21
55.1294761123
 72
1
 10
371.2757385424
 20
55.1294761123
 11
371.3650012056
 21
55.2304363577
 72
1
 10
371.3650012056
 20
55.2304363577
 11
371.4618170789
 21
55.3242725708
 72
1
 10
371.4618170789
 20
55.3242725708
 11
371.565834848
 21
55.4106618786
 72
1
 10
371.565834848
 20
55.4106618786
 11
371.6767031986
 21
55.4892970314
 72
1
 10
371.6767031986
 20
55.4892970314
 11
371.7940708161
 21
55.5598655714
 72
1
 10
371.7940708161
 20
55.5598655714
 11
371.9175863864
 21
55.6220446259
 72
1
 10
371.9175863864
 20
55.6220446259
 11
372.0468985948
 21
55.6755217374
 72
1
 10
372.0468985948
 20
55.6755217374
 11
372.1816561272
 21
55.7199792406
 72
1
 10
372.1816561272
 20
55.7199792406
 11
372.3215076691
 21
55.7551098857
 72
1
 10
372.3215076691
 20
55.7551098857
 11
372.4661019062
 21
55.7805907997
 72
1
 10
372.4661019062
 20
55.7805907997
 11
372.615087524
 21
55.7961095252
 72
1
 10
372.615087524
 20
55.7961095252
 11
372.7681132081
 21
55.8013536046
 97
1
330
513
 75
0
 76
1
 98
1
 10
0.0
 20
0.0
  0
LWPOLYLINE
  5
515
100
AcDbEntity
  8
0
100
AcDbPolyline
 62
7
  6
CONTINUOUS
 90
50
 70
0
 10
356.2680119521
 20
55.7875742262
 10
356.3720653585
 20
55.7844235732
 10
356.4731099265
 20
55.7750828972
 10
356.5710271548
 20
55.7597128318
 10
356.6656985421
 20
55.7384751543
 10
356.7570055871
 20
55.711531642
 10
356.8448297884
 20
55.6790440724
 10
356.9290526448
 20
55.6411742228
 10
357.009555655
 20
55.5980838706
 10
357.0862203177
 20
55.5499347931
 10
357.1589281316
 20
55.4968887676
 10
357.2275605953
 20
55.4391075717
 10
357.2919992076
 20
55.3767529825
 10
357.3521254672
 20
55.3099867775
 10
357.4078208727
 20
55.238970734
 10
357.4589669229
 20
55.1638666294
 10
357.5054451165
 20
55.0848362411
 10
355.9086596171
 20
54.9924322263
 10
355.837143001
 20
54.984792639
 10
355.768373841
 20
54.9722422603
 10
355.7024516264
 20
54.9549164885
 10
355.6394758464
 20
54.9329663449
 10
355.5795459901
 20
54.9065324353
 10
355.5227615468
 20
54.8757605732
 10
355.4692220057
 20
54.8407965722
 10
355.4190268561
 20
54.8017810382
 10
355.372275587
 20
54.7588597846
 10
355.3290676879
 20
54.7121786251
 10
355.2895026477
 20
54.6618781654
 10
355.2536799559
 20
54.6081094269
 10
355.2216991015
 20
54.5510078077
 10
355.1936595738
 20
54.4907295367
 10
355.1137616641
 20
55.120164877
 10
355.1415558824
 20
55.1700702508
 10
355.1753552434
 20
55.2227294848
 10
355.2151399716
 20
55.2773193
 10
355.2608902914
 20
55.333015308
 10
355.3125864271
 20
55.3889931206
 10
355.3702086032
 20
55.4444283492
 10
355.4337370441
 20
55.4984966056
 10
355.5031519741
 20
55.5503735014
 10
355.5784336177
 20
55.5992346482
 10
355.6595621993
 20
55.6442556577
 10
355.7465179432
 20
55.6846121415
 10
355.8392810739
 20
55.7194797113
 10
355.9176596077
 20
55.74286776
 10
355.9997320875
 20
55.7617932083
 10
356.0854883883
 20
55.7758339693
 10
356.1749183849
 20
55.7845679563
 10
356.2680119521
 20
55.7875742262
  0
HATCH
  5
516
100
AcDbEntity
  8
0
100
AcDbHatch
 62
7
  6
CONTINUOUS
 10
0.0
 20
0.0
 30
0.0
210
0.0
220
0.0
230
1.0
  2
SOLID
 70
1
 71
1
 91
1
 92
1
 93
49
 72
1
 10
356.2680119521
 20
55.7875742262
 11
356.3720653585
 21
55.7844235732
 72
1
 10
356.3720653585
 20
55.7844235732
 11
356.4731099265
 21
55.7750828972
 72
1
 10
356.4731099265
 20
55.7750828972
 11
356.5710271548
 21
55.7597128318
 72
1
 10
356.5710271548
 20
55.7597128318
 11
356.6656985421
 21
55.7384751543
 72
1
 10
356.6656985421
 20
55.7384751543
 11
356.7570055871
 21
55.711531642
 72
1
 10
356.7570055871
 20
55.711531642
 11
356.8448297884
 21
55.6790440724
 72
1
 10
356.8448297884
 20
55.6790440724
 11
356.9290526448
 21
55.6411742228
 72
1
 10
356.9290526448
 20
55.6411742228
 11
357.009555655
 21
55.5980838706
 72
1
 10
357.009555655
 20
55.5980838706
 11
357.0862203177
 21
55.5499347931
 72
1
 10
357.0862203177
 20
55.5499347931
 11
357.1589281316
 21
55.4968887676
 72
1
 10
357.1589281316
 20
55.4968887676
 11
357.2275605953
 21
55.4391075717
 72
1
 10
357.2275605953
 20
55.4391075717
 11
357.2919992076
 21
55.3767529825
 72
1
 10
357.2919992076
 20
55.3767529825
 11
357.3521254672
 21
55.3099867775
 72
1
 10
357.3521254672
 20
55.3099867775
 11
357.4078208727
 21
55.238970734
 72
1
 10
357.4078208727
 20
55.238970734
 11
357.4589669229
 21
55.1638666294
 72
1
 10
357.4589669229
 20
55.1638666294
 11
357.5054451165
 21
55.0848362411
 72
1
 10
357.5054451165
 20
55.0848362411
 11
355.9086596171
 21
54.9924322263
 72
1
 10
355.9086596171
 20
54.9924322263
 11
355.837143001
 21
54.984792639
 72
1
 10
355.837143001
 20
54.984792639
 11
355.768373841
 21
54.9722422603
 72
1
 10
355.768373841
 20
54.9722422603
 11
355.7024516264
 21
54.9549164885
 72
1
 10
355.7024516264
 20
54.9549164885
 11
355.6394758464
 21
54.9329663449
 72
1
 10
355.6394758464
 20
54.9329663449
 11
355.5795459901
 21
54.9065324353
 72
1
 10
355.5795459901
 20
54.9065324353
 11
355.5227615468
 21
54.8757605732
 72
1
 10
355.5227615468
 20
54.8757605732
 11
355.4692220057
 21
54.8407965722
 72
1
 10
355.4692220057
 20
54.8407965722
 11
355.4190268561
 21
54.8017810382
 72
1
 10
355.4190268561
 20
54.8017810382
 11
355.372275587
 21
54.7588597846
 72
1
 10
355.372275587
 20
54.7588597846
 11
355.3290676879
 21
54.7121786251
 72
1
 10
355.3290676879
 20
54.7121786251
 11
355.2895026477
 21
54.6618781654
 72
1
 10
355.2895026477
 20
54.6618781654
 11
355.2536799559
 21
54.6081094269
 72
1
 10
355.2536799559
 20
54.6081094269
 11
355.2216991015
 21
54.5510078077
 72
1
 10
355.2216991015
 20
54.5510078077
 11
355.1936595738
 21
54.4907295367
 72
1
 10
355.1936595738
 20
54.4907295367
 11
355.1137616641
 21
55.120164877
 72
1
 10
355.1137616641
 20
55.120164877
 11
355.1415558824
 21
55.1700702508
 72
1
 10
355.1415558824
 20
55.1700702508
 11
355.1753552434
 21
55.2227294848
 72
1
 10
355.1753552434
 20
55.2227294848
 11
355.2151399716
 21
55.2773193
 72
1
 10
355.2151399716
 20
55.2773193
 11
355.2608902914
 21
55.333015308
 72
1
 10
355.2608902914
 20
55.333015308
 11
355.3125864271
 21
55.3889931206
 72
1
 10
355.3125864271
 20
55.3889931206
 11
355.3702086032
 21
55.4444283492
 72
1
 10
355.3702086032
 20
55.4444283492
 11
355.4337370441
 21
55.4984966056
 72
1
 10
355.4337370441
 20
55.4984966056
 11
355.5031519741
 21
55.5503735014
 72
1
 10
355.5031519741
 20
55.5503735014
 11
355.5784336177
 21
55.5992346482
 72
1
 10
355.5784336177
 20
55.5992346482
 11
355.6595621993
 21
55.6442556577
 72
1
 10
355.6595621993
 20
55.6442556577
 11
355.7465179432
 21
55.6846121415
 72
1
 10
355.7465179432
 20
55.6846121415
 11
355.8392810739
 21
55.7194797113
 72
1
 10
355.8392810739
 20
55.7194797113
 11
355.9176596077
 21
55.74286776
 72
1
 10
355.9176596077
 20
55.74286776
 11
355.9997320875
 21
55.7617932083
 72
1
 10
355.9997320875
 20
55.7617932083
 11
356.0854883883
 21
55.7758339693
 72
1
 10
356.0854883883
 20
55.7758339693
 11
356.1749183849
 21
55.7845679563
 72
1
 10
356.1749183849
 20
55.7845679563
 11
356.2680119521
 21
55.7875742262
 97
1
330
515
 75
0
 76
1
 98
1
 10
0.0
 20
0.0
  0
LWPOLYLINE
  5
517
100
AcDbEntity
  8
0
100
AcDbPolyline
 62
7
  6
CONTINUOUS
 90
50
 70
0
 10
358.8403249921
 20
55.7875742262
 10
358.9652475632
 20
55.7832172738
 10
359.0856572026
 20
55.7703210094
 10
359.2013917378
 20
55.7491410316
 10
359.3122889964
 20
55.7199340826
 10
359.4181868057
 20
55.6829569048
 10
359.5189229934
 20
55.6384662404
 10
359.6143353868
 20
55.5867188317
 10
359.7042618136
 20
55.5279714211
 10
359.7885401011
 20
55.4624807509
 10
359.867008077
 20
55.3905035633
 10
359.9395035687
 20
55.3122966006
 10
360.0058644036
 20
55.2281166051
 10
360.0659284094
 20
55.1382203192
 10
360.1195334135
 20
55.0428644851
 10
360.1665172433
 20
54.9423058451
 10
360.2067177265
 20
54.8368011415
 10
360.2399726904
 20
54.7266071167
 10
359.2781137114
 20
54.6142648409
 10
359.2440647921
 20
54.6677836133
 10
359.2063948805
 20
54.7176882934
 10
359.1651850631
 20
54.7638695208
 10
359.1205164263
 20
54.8062075203
 10
359.0724700565
 20
54.8445825163
 10
359.0211270401
 20
54.8788851488
 10
358.9665684636
 20
54.9089904348
 10
358.9088754133
 20
54.934789014
 10
358.8481289757
 20
54.9561559035
 10
358.7844102372
 20
54.9729765355
 10
358.7178002841
 20
54.9851415499
 10
358.648380203
 20
54.9925207559
 10
358.5762310801
 20
54.9950100012
 10
357.5471369521
 20
55.0020413464
 10
357.5798596542
 20
55.0635616185
 10
357.6181384111
 20
55.1276069562
 10
357.6621569699
 20
55.1932812872
 10
357.7120990771
 20
55.2596885393
 10
357.7681484798
 20
55.32593264
 10
357.8304889246
 20
55.3911175172
 10
357.8993041585
 20
55.4543470984
 10
357.9747779281
 20
55.5147253114
 10
358.0570939804
 20
55.5713560839
 10
358.1464360621
 20
55.6233433435
 10
358.2429879201
 20
55.669791018
 10
358.3469333011
 20
55.709803035
 10
358.4355364204
 20
55.7365768147
 10
358.5290830708
 20
55.7581994983
 10
358.6276673306
 20
55.7742122968
 10
358.7313832783
 20
55.7841564212
 10
358.8403249921
 20
55.7875742262
  0
HATCH
  5
518
100
AcDbEntity
  8
0
100
AcDbHatch
 62
7
  6
CONTINUOUS
 10
0.0
 20
0.0
 30
0.0
210
0.0
220
0.0
230
1.0
  2
SOLID
 70
1
 71
1
 91
1
 92
1
 93
49
 72
1
 10
358.8403249921
 20
55.7875742262
 11
358.9652475632
 21
55.7832172738
 72
1
 10
358.9652475632
 20
55.7832172738
 11
359.0856572026
 21
55.7703210094
 72
1
 10
359.0856572026
 20
55.7703210094
 11
359.2013917378
 21
55.7491410316
 72
1
 10
359.2013917378
 20
55.7491410316
 11
359.3122889964
 21
55.7199340826
 72
1
 10
359.3122889964
 20
55.7199340826
 11
359.4181868057
 21
55.6829569048
 72
1
 10
359.4181868057
 20
55.6829569048
 11
359.5189229934
 21
55.6384662404
 72
1
 10
359.5189229934
 20
55.6384662404
 11
359.6143353868
 21
55.5867188317
 72
1
 10
359.6143353868
 20
55.5867188317
 11
359.7042618136
 21
55.5279714211
 72
1
 10
359.7042618136
 20
55.5279714211
 11
359.7885401011
 21
55.4624807509
 72
1
 10
359.7885401011
 20
55.4624807509
 11
359.867008077
 21
55.3905035633
 72
1
 10
359.867008077
 20
55.3905035633
 11
359.9395035687
 21
55.3122966006
 72
1
 10
359.9395035687
 20
55.3122966006
 11
360.0058644036
 21
55.2281166051
 72
1
 10
360.0058644036
 20
55.2281166051
 11
360.0659284094
 21
55.1382203192
 72
1
 10
360.0659284094
 20
55.1382203192
 11
360.1195334135
 21
55.0428644851
 72
1
 10
360.1195334135
 20
55.0428644851
 11
360.1665172433
 21
54.9423058451
 72
1
 10
360.1665172433
 20
54.9423058451
 11
360.2067177265
 21
54.8368011415
 72
1
 10
360.2067177265
 20
54.8368011415
 11
360.2399726904
 21
54.7266071167
 72
1
 10
360.2399726904
 20
54.7266071167
 11
359.2781137114
 21
54.6142648409
 72
1
 10
359.2781137114
 20
54.6142648409
 11
359.2440647921
 21
54.6677836133
 72
1
 10
359.2440647921
 20
54.6677836133
 11
359.2063948805
 21
54.7176882934
 72
1
 10
359.2063948805
 20
54.7176882934
 11
359.1651850631
 21
54.7638695208
 72
1
 10
359.1651850631
 20
54.7638695208
 11
359.1205164263
 21
54.8062075203
 72
1
 10
359.1205164263
 20
54.8062075203
 11
359.0724700565
 21
54.8445825163
 72
1
 10
359.0724700565
 20
54.8445825163
 11
359.0211270401
 21
54.8788851488
 72
1
 10
359.0211270401
 20
54.8788851488
 11
358.9665684636
 21
54.9089904348
 72
1
 10
358.9665684636
 20
54.9089904348
 11
358.9088754133
 21
54.934789014
 72
1
 10
358.9088754133
 20
54.934789014
 11
358.8481289757
 21
54.9561559035
 72
1
 10
358.8481289757
 20
54.9561559035
 11
358.7844102372
 21
54.9729765355
 72
1
 10
358.7844102372
 20
54.9729765355
 11
358.7178002841
 21
54.9851415499
 72
1
 10
358.7178002841
 20
54.9851415499
 11
358.648380203
 21
54.9925207559
 72
1
 10
358.648380203
 20
54.9925207559
 11
358.5762310801
 21
54.9950100012
 72
1
 10
358.5762310801
 20
54.9950100012
 11
357.5471369521
 21
55.0020413464
 72
1
 10
357.5471369521
 20
55.0020413464
 11
357.5798596542
 21
55.0635616185
 72
1
 10
357.5798596542
 20
55.0635616185
 11
357.6181384111
 21
55.1276069562
 72
1
 10
357.6181384111
 20
55.1276069562
 11
357.6621569699
 21
55.1932812872
 72
1
 10
357.6621569699
 20
55.1932812872
 11
357.7120990771
 21
55.2596885393
 72
1
 10
357.7120990771
 20
55.2596885393
 11
357.7681484798
 21
55.32593264
 72
1
 10
357.7681484798
 20
55.32593264
 11
357.8304889246
 21
55.3911175172
 72
1
 10
357.8304889246
 20
55.3911175172
 11
357.8993041585
 21
55.4543470984
 72
1
 10
357.8993041585
 20
55.4543470984
 11
357.9747779281
 21
55.5147253114
 72
1
 10
357.9747779281
 20
55.5147253114
 11
358.0570939804
 21
55.5713560839
 72
1
 10
358.0570939804
 20
55.5713560839
 11
358.1464360621
 21
55.6233433435
 72
1
 10
358.1464360621
 20
55.6233433435
 11
358.2429879201
 21
55.669791018
 72
1
 10
358.2429879201
 20
55.669791018
 11
358.3469333011
 21
55.709803035
 72
1
 10
358.3469333011
 20
55.709803035
 11
358.4355364204
 21
55.7365768147
 72
1
 10
358.4355364204
 20
55.7365768147
 11
358.5290830708
 21
55.7581994983
 72
1
 10
358.5290830708
 20
55.7581994983
 11
358.6276673306
 21
55.7742122968
 72
1
 10
358.6276673306
 20
55.7742122968
 11
358.7313832783
 21
55.7841564212
 72
1
 10
358.7313832783
 20
55.7841564212
 11
358.8403249921
 21
55.7875742262
 97
1
330
517
 75
0
 76
1
 98
1
 10
0.0
 20
0.0
  0
LWPOLYLINE
  5
519
100
AcDbEntity
  8
0
100
AcDbPolyline
 62
7
  6
CONTINUOUS
 90
10
 70
0
 10
351.1247037299
 20
55.7823899948
 10
351.2600729041
 20
55.7875742262
 10
351.3687513705
 20
55.7842290859
 10
351.471670825
 20
55.7745826907
 10
351.5689152199
 20
55.7592122883
 10
351.6605685075
 20
55.7386962701
 10
350.7374518425
 20
55.7061455562
 10
350.86295044
 20
55.7414884974
 10
350.9921819888
 20
55.7669658884
 10
351.1247037299
 20
55.7823899948
  0
HATCH
  5
51A
100
AcDbEntity
  8
0
100
AcDbHatch
 62
7
  6
CONTINUOUS
 10
0.0
 20
0.0
 30
0.0
210
0.0
220
0.0
230
1.0
  2
SOLID
 70
1
 71
1
 91
1
 92
1
 93
9
 72
1
 10
351.1247037299
 20
55.7823899948
 11
351.2600729041
 21
55.7875742262
 72
1
 10
351.2600729041
 20
55.7875742262
 11
351.3687513705
 21
55.7842290859
 72
1
 10
351.3687513705
 20
55.7842290859
 11
351.471670825
 21
55.7745826907
 72
1
 10
351.471670825
 20
55.7745826907
 11
351.5689152199
 21
55.7592122883
 72
1
 10
351.5689152199
 20
55.7592122883
 11
351.6605685075
 21
55.7386962701
 72
1
 10
351.6605685075
 20
55.7386962701
 11
350.7374518425
 21
55.7061455562
 72
1
 10
350.7374518425
 20
55.7061455562
 11
350.86295044
 21
55.7414884974
 72
1
 10
350.86295044
 20
55.7414884974
 11
350.9921819888
 21
55.7669658884
 72
1
 10
350.9921819888
 20
55.7669658884
 11
351.1247037299
 21
55.7823899948
 97
1
330
519
 75
0
 76
1
 98
1
 10
0.0
 20
0.0
  0
LWPOLYLINE
  5
51B
100
AcDbEntity
  8
0
100
AcDbPolyline
 62
7
  6
CONTINUOUS
 90
44
 70
0
 10
348.4260027731
 20
55.7299570521
 10
348.5170406641
 20
55.7318838737
 10
349.3371662401
 20
55.7318838737
 10
349.3371662401
 20
54.8490402442
 10
348.3986344321
 20
54.8490402442
 10
348.3072848788
 20
54.84773313
 10
348.2208399918
 20
54.8437961648
 10
348.1392093168
 20
54.8371981026
 10
348.0623023995
 20
54.8279233207
 10
347.9900287854
 20
54.8159457809
 10
347.9222980201
 20
54.801239445
 10
347.8590196494
 20
54.783778275
 10
347.8001032188
 20
54.7635414404
 10
347.745458274
 20
54.7405029029
 10
347.6949943605
 20
54.7146418322
 10
347.648621024
 20
54.68593219
 10
347.6062478101
 20
54.6543479382
 10
347.5644783203
 20
54.6165822344
 10
347.5272442244
 20
54.5753430441
 10
347.494428088
 20
54.5305939138
 10
347.4659124769
 20
54.4822983902
 10
347.4415799565
 20
54.4304304351
 10
346.4937277681
 20
52.1931978487
 10
346.4937277681
 20
55.7110742002
 10
347.3768534161
 20
55.7110742002
 10
347.3768534161
 20
55.120164877
 10
347.3974176708
 20
55.1630913382
 10
347.4233854462
 20
55.2104755273
 10
347.4553377396
 20
55.2612186351
 10
347.4938555483
 20
55.3142218526
 10
347.5395198695
 20
55.3683863707
 10
347.5929117004
 20
55.4226081727
 10
347.6383762581
 20
55.4626496091
 10
347.6887594591
 20
55.5016495202
 10
347.7443064118
 20
55.5391288046
 10
347.8052622243
 20
55.5746396064
 10
347.8718720049
 20
55.6077028239
 10
347.9443808617
 20
55.6378653937
 10
348.023033903
 20
55.6646638372
 10
348.108076237
 20
55.6876242602
 10
348.1808751077
 20
55.7029242655
 10
348.2580454903
 20
55.715240301
 10
348.3397128803
 20
55.7243276083
 10
348.4260027731
 20
55.7299570521
  0
HATCH
  5
51C
100
AcDbEntity
  8
0
100
AcDbHatch
 62
7
  6
CONTINUOUS
 10
0.0
 20
0.0
 30
0.0
210
0.0
220
0.0
230
1.0
  2
SOLID
 70
1
 71
1
 91
1
 92
1
 93
43
 72
1
 10
348.4260027731
 20
55.7299570521
 11
348.5170406641
 21
55.7318838737
 72
1
 10
348.5170406641
 20
55.7318838737
 11
349.3371662401
 21
55.7318838737
 72
1
 10
349.3371662401
 20
55.7318838737
 11
349.3371662401
 21
54.8490402442
 72
1
 10
349.3371662401
 20
54.8490402442
 11
348.3986344321
 21
54.8490402442
 72
1
 10
348.3986344321
 20
54.8490402442
 11
348.3072848788
 21
54.84773313
 72
1
 10
348.3072848788
 20
54.84773313
 11
348.2208399918
 21
54.8437961648
 72
1
 10
348.2208399918
 20
54.8437961648
 11
348.1392093168
 21
54.8371981026
 72
1
 10
348.1392093168
 20
54.8371981026
 11
348.0623023995
 21
54.8279233207
 72
1
 10
348.0623023995
 20
54.8279233207
 11
347.9900287854
 21
54.8159457809
 72
1
 10
347.9900287854
 20
54.8159457809
 11
347.9222980201
 21
54.801239445
 72
1
 10
347.9222980201
 20
54.801239445
 11
347.8590196494
 21
54.783778275
 72
1
 10
347.8590196494
 20
54.783778275
 11
347.8001032188
 21
54.7635414404
 72
1
 10
347.8001032188
 20
54.7635414404
 11
347.745458274
 21
54.7405029029
 72
1
 10
347.745458274
 20
54.7405029029
 11
347.6949943605
 21
54.7146418322
 72
1
 10
347.6949943605
 20
54.7146418322
 11
347.648621024
 21
54.68593219
 72
1
 10
347.648621024
 20
54.68593219
 11
347.6062478101
 21
54.6543479382
 72
1
 10
347.6062478101
 20
54.6543479382
 11
347.5644783203
 21
54.6165822344
 72
1
 10
347.5644783203
 20
54.6165822344
 11
347.5272442244
 21
54.5753430441
 72
1
 10
347.5272442244
 20
54.5753430441
 11
347.494428088
 21
54.5305939138
 72
1
 10
347.494428088
 20
54.5305939138
 11
347.4659124769
 21
54.4822983902
 72
1
 10
347.4659124769
 20
54.4822983902
 11
347.4415799565
 21
54.4304304351
 72
1
 10
347.4415799565
 20
54.4304304351
 11
346.4937277681
 21
52.1931978487
 72
1
 10
346.4937277681
 20
52.1931978487
 11
346.4937277681
 21
55.7110742002
 72
1
 10
346.4937277681
 20
55.7110742002
 11
347.3768534161
 21
55.7110742002
 72
1
 10
347.3768534161
 20
55.7110742002
 11
347.3768534161
 21
55.120164877
 72
1
 10
347.3768534161
 20
55.120164877
 11
347.3974176708
 21
55.1630913382
 72
1
 10
347.3974176708
 20
55.1630913382
 11
347.4233854462
 21
55.2104755273
 72
1
 10
347.4233854462
 20
55.2104755273
 11
347.4553377396
 21
55.2612186351
 72
1
 10
347.4553377396
 20
55.2612186351
 11
347.4938555483
 21
55.3142218526
 72
1
 10
347.4938555483
 20
55.3142218526
 11
347.5395198695
 21
55.3683863707
 72
1
 10
347.5395198695
 20
55.3683863707
 11
347.5929117004
 21
55.4226081727
 72
1
 10
347.5929117004
 20
55.4226081727
 11
347.6383762581
 21
55.4626496091
 72
1
 10
347.6383762581
 20
55.4626496091
 11
347.6887594591
 21
55.5016495202
 72
1
 10
347.6887594591
 20
55.5016495202
 11
347.7443064118
 21
55.5391288046
 72
1
 10
347.7443064118
 20
55.5391288046
 11
347.8052622243
 21
55.5746396064
 72
1
 10
347.8052622243
 20
55.5746396064
 11
347.8718720049
 21
55.6077028239
 72
1
 10
347.8718720049
 20
55.6077028239
 11
347.9443808617
 21
55.6378653937
 72
1
 10
347.9443808617
 20
55.6378653937
 11
348.023033903
 21
55.6646638372
 72
1
 10
348.023033903
 20
55.6646638372
 11
348.108076237
 21
55.6876242602
 72
1
 10
348.108076237
 20
55.6876242602
 11
348.1808751077
 21
55.7029242655
 72
1
 10
348.1808751077
 20
55.7029242655
 11
348.2580454903
 21
55.715240301
 72
1
 10
348.2580454903
 20
55.715240301
 11
348.3397128803
 21
55.7243276083
 72
1
 10
348.3397128803
 20
55.7243276083
 11
348.4260027731
 21
55.7299570521
 97
1
330
51B
 75
0
 76
1
 98
1
 10
0.0
 20
0.0
  0
LWPOLYLINE
  5
51D
100
AcDbEntity
  8
0
100
AcDbPolyline
 62
7
  6
CONTINUOUS
 90
44
 70
0
 10
377.2091381176
 20
55.7299570521
 10
377.3001760321
 20
55.7318838737
 10
378.1205802481
 20
55.7318838737
 10
378.1205802481
 20
54.8490402442
 10
377.1817648321
 20
54.8490402442
 10
377.0904159314
 20
54.84773313
 10
377.0039715853
 20
54.8437961648
 10
376.9223413468
 20
54.8371981026
 10
376.8454347691
 20
54.8279233207
 10
376.7731614053
 20
54.8159457809
 10
376.7054308085
 20
54.801239445
 10
376.6421525318
 20
54.783778275
 10
376.5832361281
 20
54.7635414404
 10
376.5285911508
 20
54.7405029029
 10
376.4781271528
 20
54.7146418322
 10
376.4317536872
 20
54.68593219
 10
376.3893803071
 20
54.6543479382
 10
376.3476106024
 20
54.6165822344
 10
376.3103762661
 20
54.5753430441
 10
376.2775598735
 20
54.5305939138
 10
376.249044
 20
54.4822983902
 10
376.2247112207
 20
54.4304304351
 10
375.2768603281
 20
52.1931978487
 10
375.2768603281
 20
55.7110742002
 10
376.1599837441
 20
55.7110742002
 10
376.1599837441
 20
55.120164877
 10
376.180548063
 20
55.1630913382
 10
376.2065160191
 20
55.2104755273
 10
376.2384685918
 20
55.2612186351
 10
376.2769867603
 20
55.3142218526
 10
376.3226515041
 20
55.3683863707
 10
376.3760438025
 20
55.4226081727
 10
376.4215087293
 20
55.4626496091
 10
376.4718923071
 20
55.5016495202
 10
376.5274396366
 20
55.5391288046
 10
376.5883958183
 20
55.5746396064
 10
376.6550059529
 20
55.6077028239
 10
376.7275151411
 20
55.6378653937
 10
376.8061684835
 20
55.6646638372
 10
376.8912110808
 20
55.6876242602
 10
376.9640101299
 20
55.7029242655
 10
377.041180658
 20
55.715240301
 10
377.1228481567
 20
55.7243276083
 10
377.2091381176
 20
55.7299570521
  0
HATCH
  5
51E
100
AcDbEntity
  8
0
100
AcDbHatch
 62
7
  6
CONTINUOUS
 10
0.0
 20
0.0
 30
0.0
210
0.0
220
0.0
230
1.0
  2
SOLID
 70
1
 71
1
 91
1
 92
1
 93
43
 72
1
 10
377.2091381176
 20
55.7299570521
 11
377.3001760321
 21
55.7318838737
 72
1
 10
377.3001760321
 20
55.7318838737
 11
378.1205802481
 21
55.7318838737
 72
1
 10
378.1205802481
 20
55.7318838737
 11
378.1205802481
 21
54.8490402442
 72
1
 10
378.1205802481
 20
54.8490402442
 11
377.1817648321
 21
54.8490402442
 72
1
 10
377.1817648321
 20
54.8490402442
 11
377.0904159314
 21
54.84773313
 72
1
 10
377.0904159314
 20
54.84773313
 11
377.0039715853
 21
54.8437961648
 72
1
 10
377.0039715853
 20
54.8437961648
 11
376.9223413468
 21
54.8371981026
 72
1
 10
376.9223413468
 20
54.8371981026
 11
376.8454347691
 21
54.8279233207
 72
1
 10
376.8454347691
 20
54.8279233207
 11
376.7731614053
 21
54.8159457809
 72
1
 10
376.7731614053
 20
54.8159457809
 11
376.7054308085
 21
54.801239445
 72
1
 10
376.7054308085
 20
54.801239445
 11
376.6421525318
 21
54.783778275
 72
1
 10
376.6421525318
 20
54.783778275
 11
376.5832361281
 21
54.7635414404
 72
1
 10
376.5832361281
 20
54.7635414404
 11
376.5285911508
 21
54.7405029029
 72
1
 10
376.5285911508
 20
54.7405029029
 11
376.4781271528
 21
54.7146418322
 72
1
 10
376.4781271528
 20
54.7146418322
 11
376.4317536872
 21
54.68593219
 72
1
 10
376.4317536872
 20
54.68593219
 11
376.3893803071
 21
54.6543479382
 72
1
 10
376.3893803071
 20
54.6543479382
 11
376.3476106024
 21
54.6165822344
 72
1
 10
376.3476106024
 20
54.6165822344
 11
376.3103762661
 21
54.5753430441
 72
1
 10
376.3103762661
 20
54.5753430441
 11
376.2775598735
 21
54.5305939138
 72
1
 10
376.2775598735
 20
54.5305939138
 11
376.249044
 21
54.4822983902
 72
1
 10
376.249044
 20
54.4822983902
 11
376.2247112207
 21
54.4304304351
 72
1
 10
376.2247112207
 20
54.4304304351
 11
375.2768603281
 21
52.1931978487
 72
1
 10
375.2768603281
 20
52.1931978487
 11
375.2768603281
 21
55.7110742002
 72
1
 10
375.2768603281
 20
55.7110742002
 11
376.1599837441
 21
55.7110742002
 72
1
 10
376.1599837441
 20
55.7110742002
 11
376.1599837441
 21
55.120164877
 72
1
 10
376.1599837441
 20
55.120164877
 11
376.180548063
 21
55.1630913382
 72
1
 10
376.180548063
 20
55.1630913382
 11
376.2065160191
 21
55.2104755273
 72
1
 10
376.2065160191
 20
55.2104755273
 11
376.2384685918
 21
55.2612186351
 72
1
 10
376.2384685918
 20
55.2612186351
 11
376.2769867603
 21
55.3142218526
 72
1
 10
376.2769867603
 20
55.3142218526
 11
376.3226515041
 21
55.3683863707
 72
1
 10
376.3226515041
 20
55.3683863707
 11
376.3760438025
 21
55.4226081727
 72
1
 10
376.3760438025
 20
55.4226081727
 11
376.4215087293
 21
55.4626496091
 72
1
 10
376.4215087293
 20
55.4626496091
 11
376.4718923071
 21
55.5016495202
 72
1
 10
376.4718923071
 20
55.5016495202
 11
376.5274396366
 21
55.5391288046
 72
1
 10
376.5274396366
 20
55.5391288046
 11
376.5883958183
 21
55.5746396064
 72
1
 10
376.5883958183
 20
55.5746396064
 11
376.6550059529
 21
55.6077028239
 72
1
 10
376.6550059529
 20
55.6077028239
 11
376.7275151411
 21
55.6378653937
 72
1
 10
376.7275151411
 20
55.6378653937
 11
376.8061684835
 21
55.6646638372
 72
1
 10
376.8061684835
 20
55.6646638372
 11
376.8912110808
 21
55.6876242602
 72
1
 10
376.8912110808
 20
55.6876242602
 11
376.9640101299
 21
55.7029242655
 72
1
 10
376.9640101299
 20
55.7029242655
 11
377.041180658
 21
55.715240301
 72
1
 10
377.041180658
 20
55.715240301
 11
377.1228481567
 21
55.7243276083
 72
1
 10
377.1228481567
 20
55.7243276083
 11
377.2091381176
 21
55.7299570521
 97
1
330
51D
 75
0
 76
1
 98
1
 10
0.0
 20
0.0
  0
LWPOLYLINE
  5
51F
100
AcDbEntity
  8
0
100
AcDbPolyline
 62
7
  6
CONTINUOUS
 90
9
 70
0
 10
344.7128526241
 20
56.0516662744
 10
344.7128526241
 20
55.7110742002
 10
342.8566021201
 20
54.9601345298
 10
342.8566021201
 20
55.7110742002
 10
343.8229770481
 20
55.7110742002
 10
344.7222984378
 20
56.1877380753
 10
344.7170297381
 20
56.1443971664
 10
344.7138916462
 20
56.0990334019
 10
344.7128526241
 20
56.0516662744
  0
HATCH
  5
520
100
AcDbEntity
  8
0
100
AcDbHatch
 62
7
  6
CONTINUOUS
 10
0.0
 20
0.0
 30
0.0
210
0.0
220
0.0
230
1.0
  2
SOLID
 70
1
 71
1
 91
1
 92
1
 93
8
 72
1
 10
344.7128526241
 20
56.0516662744
 11
344.7128526241
 21
55.7110742002
 72
1
 10
344.7128526241
 20
55.7110742002
 11
342.8566021201
 21
54.9601345298
 72
1
 10
342.8566021201
 20
54.9601345298
 11
342.8566021201
 21
55.7110742002
 72
1
 10
342.8566021201
 20
55.7110742002
 11
343.8229770481
 21
55.7110742002
 72
1
 10
343.8229770481
 20
55.7110742002
 11
344.7222984378
 21
56.1877380753
 72
1
 10
344.7222984378
 20
56.1877380753
 11
344.7170297381
 21
56.1443971664
 72
1
 10
344.7170297381
 20
56.1443971664
 11
344.7138916462
 21
56.0990334019
 72
1
 10
344.7138916462
 20
56.0990334019
 11
344.7128526241
 21
56.0516662744
 97
1
330
51F
 75
0
 76
1
 98
1
 10
0.0
 20
0.0
  0
LWPOLYLINE
  5
521
100
AcDbEntity
  8
0
100
AcDbPolyline
 62
7
  6
CONTINUOUS
 90
8
 70
0
 10
351.7467146401
 20
55.7136130275
 10
351.82743757
 20
55.6845409522
 10
351.9028212495
 20
55.6520584354
 10
350.4994245381
 20
55.6066139606
 10
350.6161289555
 20
55.6611247992
 10
350.7374518425
 20
55.7061455562
 10
351.6605685075
 20
55.7386962701
 10
351.7467146401
 20
55.7136130275
  0
HATCH
  5
522
100
AcDbEntity
  8
0
100
AcDbHatch
 62
7
  6
CONTINUOUS
 10
0.0
 20
0.0
 30
0.0
210
0.0
220
0.0
230
1.0
  2
SOLID
 70
1
 71
1
 91
1
 92
1
 93
7
 72
1
 10
351.7467146401
 20
55.7136130275
 11
351.82743757
 21
55.6845409522
 72
1
 10
351.82743757
 20
55.6845409522
 11
351.9028212495
 21
55.6520584354
 72
1
 10
351.9028212495
 20
55.6520584354
 11
350.4994245381
 21
55.6066139606
 72
1
 10
350.4994245381
 20
55.6066139606
 11
350.6161289555
 21
55.6611247992
 72
1
 10
350.6161289555
 20
55.6611247992
 11
350.7374518425
 21
55.7061455562
 72
1
 10
350.7374518425
 20
55.7061455562
 11
351.6605685075
 21
55.7386962701
 72
1
 10
351.6605685075
 20
55.7386962701
 11
351.7467146401
 21
55.7136130275
 97
1
330
521
 75
0
 76
1
 98
1
 10
0.0
 20
0.0
  0
LWPOLYLINE
  5
523
100
AcDbEntity
  8
0
100
AcDbPolyline
 62
7
  6
CONTINUOUS
 90
10
 70
0
 10
351.9729496308
 20
55.6167438687
 10
352.0584243337
 20
55.5662520577
 10
352.1349045309
 20
55.5131247448
 10
352.2025892204
 20
55.4587329319
 10
350.1814496949
 20
55.3880182995
 10
350.2816421487
 20
55.4698729764
 10
350.3877813495
 20
55.5428007749
 10
350.4994245381
 20
55.6066139606
 10
351.9028212495
 20
55.6520584354
 10
351.9729496308
 20
55.6167438687
  0
HATCH
  5
524
100
AcDbEntity
  8
0
100
AcDbHatch
 62
7
  6
CONTINUOUS
 10
0.0
 20
0.0
 30
0.0
210
0.0
220
0.0
230
1.0
  2
SOLID
 70
1
 71
1
 91
1
 92
1
 93
9
 72
1
 10
351.9729496308
 20
55.6167438687
 11
352.0584243337
 21
55.5662520577
 72
1
 10
352.0584243337
 20
55.5662520577
 11
352.1349045309
 21
55.5131247448
 72
1
 10
352.1349045309
 20
55.5131247448
 11
352.2025892204
 21
55.4587329319
 72
1
 10
352.2025892204
 20
55.4587329319
 11
350.1814496949
 21
55.3880182995
 72
1
 10
350.1814496949
 20
55.3880182995
 11
350.2816421487
 21
55.4698729764
 72
1
 10
350.2816421487
 20
55.4698729764
 11
350.3877813495
 21
55.5428007749
 72
1
 10
350.3877813495
 20
55.5428007749
 11
350.4994245381
 21
55.6066139606
 72
1
 10
350.4994245381
 20
55.6066139606
 11
351.9028212495
 21
55.6520584354
 72
1
 10
351.9028212495
 20
55.6520584354
 11
351.9729496308
 21
55.6167438687
 97
1
330
523
 75
0
 76
1
 98
1
 10
0.0
 20
0.0
  0
LWPOLYLINE
  5
525
100
AcDbEntity
  8
0
100
AcDbPolyline
 62
7
  6
CONTINUOUS
 90
6
 70
0
 10
352.2616774001
 20
55.4044476211
 10
352.3123680682
 20
55.3516398142
 10
350.0876467471
 20
55.2974244784
 10
350.1814496949
 20
55.3880182995
 10
352.2025892204
 20
55.4587329319
 10
352.2616774001
 20
55.4044476211
  0
HATCH
  5
526
100
AcDbEntity
  8
0
100
AcDbHatch
 62
7
  6
CONTINUOUS
 10
0.0
 20
0.0
 30
0.0
210
0.0
220
0.0
230
1.0
  2
SOLID
 70
1
 71
1
 91
1
 92
1
 93
5
 72
1
 10
352.2616774001
 20
55.4044476211
 11
352.3123680682
 21
55.3516398142
 72
1
 10
352.3123680682
 20
55.3516398142
 11
350.0876467471
 21
55.2974244784
 72
1
 10
350.0876467471
 20
55.2974244784
 11
350.1814496949
 21
55.3880182995
 72
1
 10
350.1814496949
 20
55.3880182995
 11
352.2025892204
 21
55.4587329319
 72
1
 10
352.2025892204
 20
55.4587329319
 11
352.2616774001
 21
55.4044476211
 97
1
330
525
 75
0
 76
1
 98
1
 10
0.0
 20
0.0
  0
LWPOLYLINE
  5
527
100
AcDbEntity
  8
0
100
AcDbPolyline
 62
7
  6
CONTINUOUS
 90
6
 70
0
 10
352.3548602227
 20
55.3016805133
 10
352.3814687736
 20
55.2669051131
 10
350.0082885225
 20
55.2076408778
 10
350.0876467471
 20
55.2974244784
 10
352.3123680682
 20
55.3516398142
 10
352.3548602227
 20
55.3016805133
  0
HATCH
  5
528
100
AcDbEntity
  8
0
100
AcDbHatch
 62
7
  6
CONTINUOUS
 10
0.0
 20
0.0
 30
0.0
210
0.0
220
0.0
230
1.0
  2
SOLID
 70
1
 71
1
 91
1
 92
1
 93
5
 72
1
 10
352.3548602227
 20
55.3016805133
 11
352.3814687736
 21
55.2669051131
 72
1
 10
352.3814687736
 20
55.2669051131
 11
350.0082885225
 21
55.2076408778
 72
1
 10
350.0082885225
 20
55.2076408778
 11
350.0876467471
 21
55.2974244784
 72
1
 10
350.0876467471
 20
55.2974244784
 11
352.3123680682
 21
55.3516398142
 72
1
 10
352.3123680682
 20
55.3516398142
 11
352.3548602227
 21
55.3016805133
 97
1
330
527
 75
0
 76
1
 98
1
 10
0.0
 20
0.0
  0
LWPOLYLINE
  5
529
100
AcDbEntity
  8
0
100
AcDbPolyline
 62
7
  6
CONTINUOUS
 90
6
 70
0
 10
352.4036615494
 20
55.2350815775
 10
352.4215225021
 20
55.2067882982
 10
349.9349094495
 20
55.1109310439
 10
350.0082885225
 20
55.2076408778
 10
352.3814687736
 20
55.2669051131
 10
352.4036615494
 20
55.2350815775
  0
HATCH
  5
52A
100
AcDbEntity
  8
0
100
AcDbHatch
 62
7
  6
CONTINUOUS
 10
0.0
 20
0.0
 30
0.0
210
0.0
220
0.0
230
1.0
  2
SOLID
 70
1
 71
1
 91
1
 92
1
 93
5
 72
1
 10
352.4036615494
 20
55.2350815775
 11
352.4215225021
 21
55.2067882982
 72
1
 10
352.4215225021
 20
55.2067882982
 11
349.9349094495
 21
55.1109310439
 72
1
 10
349.9349094495
 20
55.1109310439
 11
350.0082885225
 21
55.2076408778
 72
1
 10
350.0082885225
 20
55.2076408778
 11
352.3814687736
 21
55.2669051131
 72
1
 10
352.3814687736
 20
55.2669051131
 11
352.4036615494
 21
55.2350815775
 97
1
330
529
 75
0
 76
1
 98
1
 10
0.0
 20
0.0
  0
LWPOLYLINE
  5
52B
100
AcDbEntity
  8
0
100
AcDbPolyline
 62
7
  6
CONTINUOUS
 90
28
 70
0
 10
352.4351355841
 20
55.1826036664
 10
352.4351355841
 20
55.7110742002
 10
353.3250111601
 20
55.7110742002
 10
353.3250111601
 20
52.1931978487
 10
352.4418855841
 20
52.1931978487
 10
352.4418855841
 20
52.7492283784
 10
352.3596255186
 20
53.481106252
 10
352.3864018921
 20
53.5529871138
 10
352.4085827818
 20
53.6277894538
 10
352.4260464679
 20
53.7053153822
 10
352.4386712303
 20
53.7853513863
 10
352.446335349
 20
53.8676943687
 10
352.4489171041
 20
53.9521360244
 10
352.446335349
 20
54.0365724725
 10
352.4386712303
 20
54.1189102473
 10
352.4260464679
 20
54.1989410438
 10
352.4085827818
 20
54.2764513493
 10
352.3864018921
 20
54.3512432741
 10
352.3596255186
 20
54.423108513
 10
352.3283753815
 20
54.4918335534
 10
352.2927732005
 20
54.5572152979
 10
352.2529406958
 20
54.6190506492
 10
352.2089995873
 20
54.6771260944
 10
352.161071595
 20
54.7312385362
 10
352.1092784388
 20
54.7811796697
 10
352.0537418388
 20
54.8267411896
 10
351.9945835148
 20
54.8677199987
 10
352.4351355841
 20
55.1826036664
  0
HATCH
  5
52C
100
AcDbEntity
  8
0
100
AcDbHatch
 62
7
  6
CONTINUOUS
 10
0.0
 20
0.0
 30
0.0
210
0.0
220
0.0
230
1.0
  2
SOLID
 70
1
 71
1
 91
1
 92
1
 93
27
 72
1
 10
352.4351355841
 20
55.1826036664
 11
352.4351355841
 21
55.7110742002
 72
1
 10
352.4351355841
 20
55.7110742002
 11
353.3250111601
 21
55.7110742002
 72
1
 10
353.3250111601
 20
55.7110742002
 11
353.3250111601
 21
52.1931978487
 72
1
 10
353.3250111601
 20
52.1931978487
 11
352.4418855841
 21
52.1931978487
 72
1
 10
352.4418855841
 20
52.1931978487
 11
352.4418855841
 21
52.7492283784
 72
1
 10
352.4418855841
 20
52.7492283784
 11
352.3596255186
 21
53.481106252
 72
1
 10
352.3596255186
 20
53.481106252
 11
352.3864018921
 21
53.5529871138
 72
1
 10
352.3864018921
 20
53.5529871138
 11
352.4085827818
 21
53.6277894538
 72
1
 10
352.4085827818
 20
53.6277894538
 11
352.4260464679
 21
53.7053153822
 72
1
 10
352.4260464679
 20
53.7053153822
 11
352.4386712303
 21
53.7853513863
 72
1
 10
352.4386712303
 20
53.7853513863
 11
352.446335349
 21
53.8676943687
 72
1
 10
352.446335349
 20
53.8676943687
 11
352.4489171041
 21
53.9521360244
 72
1
 10
352.4489171041
 20
53.9521360244
 11
352.446335349
 21
54.0365724725
 72
1
 10
352.446335349
 20
54.0365724725
 11
352.4386712303
 21
54.1189102473
 72
1
 10
352.4386712303
 20
54.1189102473
 11
352.4260464679
 21
54.1989410438
 72
1
 10
352.4260464679
 20
54.1989410438
 11
352.4085827818
 21
54.2764513493
 72
1
 10
352.4085827818
 20
54.2764513493
 11
352.3864018921
 21
54.3512432741
 72
1
 10
352.3864018921
 20
54.3512432741
 11
352.3596255186
 21
54.423108513
 72
1
 10
352.3596255186
 20
54.423108513
 11
352.3283753815
 21
54.4918335534
 72
1
 10
352.3283753815
 20
54.4918335534
 11
352.2927732005
 21
54.5572152979
 72
1
 10
352.2927732005
 20
54.5572152979
 11
352.2529406958
 21
54.6190506492
 72
1
 10
352.2529406958
 20
54.6190506492
 11
352.2089995873
 21
54.6771260944
 72
1
 10
352.2089995873
 20
54.6771260944
 11
352.161071595
 21
54.7312385362
 72
1
 10
352.161071595
 20
54.7312385362
 11
352.1092784388
 21
54.7811796697
 72
1
 10
352.1092784388
 20
54.7811796697
 11
352.0537418388
 21
54.8267411896
 72
1
 10
352.0537418388
 20
54.8267411896
 11
351.9945835148
 21
54.8677199987
 72
1
 10
351.9945835148
 20
54.8677199987
 11
352.4351355841
 21
55.1826036664
 97
1
330
52B
 75
0
 76
1
 98
1
 10
0.0
 20
0.0
  0
LWPOLYLINE
  5
52D
100
AcDbEntity
  8
0
100
AcDbPolyline
 62
7
  6
CONTINUOUS
 90
12
 70
0
 10
352.4351355841
 20
55.1826036664
 10
351.9945835148
 20
54.8677199987
 10
351.9319251869
 20
54.9039025842
 10
351.8658885751
 20
54.9350910563
 10
351.7965953994
 20
54.9610719025
 10
351.7241673796
 20
54.9816368176
 10
351.6487262358
 20
54.9965827042
 10
351.570393688
 20
55.005706465
 10
351.4892914561
 20
55.0087893796
 10
349.9349094495
 20
55.1109310439
 10
352.4215225021
 20
55.2067882982
 10
352.4351355841
 20
55.1826036664
  0
HATCH
  5
52E
100
AcDbEntity
  8
0
100
AcDbHatch
 62
7
  6
CONTINUOUS
 10
0.0
 20
0.0
 30
0.0
210
0.0
220
0.0
230
1.0
  2
SOLID
 70
1
 71
1
 91
1
 92
1
 93
11
 72
1
 10
352.4351355841
 20
55.1826036664
 11
351.9945835148
 21
54.8677199987
 72
1
 10
351.9945835148
 20
54.8677199987
 11
351.9319251869
 21
54.9039025842
 72
1
 10
351.9319251869
 20
54.9039025842
 11
351.8658885751
 21
54.9350910563
 72
1
 10
351.8658885751
 20
54.9350910563
 11
351.7965953994
 21
54.9610719025
 72
1
 10
351.7965953994
 20
54.9610719025
 11
351.7241673796
 21
54.9816368176
 72
1
 10
351.7241673796
 20
54.9816368176
 11
351.6487262358
 21
54.9965827042
 72
1
 10
351.6487262358
 20
54.9965827042
 11
351.570393688
 21
55.005706465
 72
1
 10
351.570393688
 20
55.005706465
 11
351.4892914561
 21
55.0087893796
 72
1
 10
351.4892914561
 20
55.0087893796
 11
349.9349094495
 21
55.1109310439
 72
1
 10
349.9349094495
 20
55.1109310439
 11
352.4215225021
 21
55.2067882982
 72
1
 10
352.4215225021
 20
55.2067882982
 11
352.4351355841
 21
55.1826036664
 97
1
330
52D
 75
0
 76
1
 98
1
 10
0.0
 20
0.0
  0
LWPOLYLINE
  5
52F
100
AcDbEntity
  8
0
100
AcDbPolyline
 62
7
  6
CONTINUOUS
 90
10
 70
0
 10
362.3521984331
 20
55.0371821467
 10
362.2936295628
 20
55.0104478435
 10
361.1563772348
 20
54.9166869704
 10
361.2261671299
 20
55.0308197917
 10
362.6861360187
 20
55.1109546468
 10
362.6140932659
 20
55.1044696142
 10
362.5446109723
 20
55.0937649683
 10
362.4777562965
 20
55.0789255887
 10
362.4135963972
 20
55.060036355
 10
362.3521984331
 20
55.0371821467
  0
HATCH
  5
530
100
AcDbEntity
  8
0
100
AcDbHatch
 62
7
  6
CONTINUOUS
 10
0.0
 20
0.0
 30
0.0
210
0.0
220
0.0
230
1.0
  2
SOLID
 70
1
 71
1
 91
1
 92
1
 93
9
 72
1
 10
362.3521984331
 20
55.0371821467
 11
362.2936295628
 21
55.0104478435
 72
1
 10
362.2936295628
 20
55.0104478435
 11
361.1563772348
 21
54.9166869704
 72
1
 10
361.1563772348
 20
54.9166869704
 11
361.2261671299
 21
55.0308197917
 72
1
 10
361.2261671299
 20
55.0308197917
 11
362.6861360187
 21
55.1109546468
 72
1
 10
362.6861360187
 20
55.1109546468
 11
362.6140932659
 21
55.1044696142
 72
1
 10
362.6140932659
 20
55.1044696142
 11
362.5446109723
 21
55.0937649683
 72
1
 10
362.5446109723
 20
55.0937649683
 11
362.4777562965
 21
55.0789255887
 72
1
 10
362.4777562965
 20
55.0789255887
 11
362.4135963972
 21
55.060036355
 72
1
 10
362.4135963972
 20
55.060036355
 11
362.3521984331
 21
55.0371821467
 97
1
330
52F
 75
0
 76
1
 98
1
 10
0.0
 20
0.0
  0
LWPOLYLINE
  5
531
100
AcDbEntity
  8
0
100
AcDbPolyline
 62
7
  6
CONTINUOUS
 90
6
 70
0
 10
349.8678421797
 20
55.0074360245
 10
349.9349094495
 20
55.1109310439
 10
351.4892914561
 20
55.0087893796
 10
351.405347391
 20
55.005706465
 10
349.8074193645
 20
54.897296867
 10
349.8678421797
 20
55.0074360245
  0
HATCH
  5
532
100
AcDbEntity
  8
0
100
AcDbHatch
 62
7
  6
CONTINUOUS
 10
0.0
 20
0.0
 30
0.0
210
0.0
220
0.0
230
1.0
  2
SOLID
 70
1
 71
1
 91
1
 92
1
 93
5
 72
1
 10
349.8678421797
 20
55.0074360245
 11
349.9349094495
 21
55.1109310439
 72
1
 10
349.9349094495
 20
55.1109310439
 11
351.4892914561
 21
55.0087893796
 72
1
 10
351.4892914561
 20
55.0087893796
 11
351.405347391
 21
55.005706465
 72
1
 10
351.405347391
 20
55.005706465
 11
349.8074193645
 21
54.897296867
 72
1
 10
349.8074193645
 20
54.897296867
 11
349.8678421797
 21
55.0074360245
 97
1
330
531
 75
0
 76
1
 98
1
 10
0.0
 20
0.0
  0
LWPOLYLINE
  5
533
100
AcDbEntity
  8
0
100
AcDbPolyline
 62
7
  6
CONTINUOUS
 90
50
 70
0
 10
356.0550116507
 20
54.9925207559
 10
355.9828242001
 20
54.9950100012
 10
355.9086596171
 20
54.9924322263
 10
357.5054451165
 20
55.0848362411
 10
357.5471369521
 20
55.0020413464
 10
358.5762310801
 20
54.9950100012
 10
358.5020301123
 20
54.9924322263
 10
358.4304842064
 20
54.984792639
 10
358.3616923059
 20
54.9722422603
 10
358.2957533542
 20
54.9549164885
 10
358.2327662949
 20
54.9329663449
 10
358.1728300713
 20
54.9065324353
 10
358.1160436268
 20
54.8757605732
 10
358.062505905
 20
54.8407965722
 10
358.0123158492
 20
54.8017810382
 10
357.9655724029
 20
54.7588597846
 10
357.9223745095
 20
54.7121786251
 10
357.8828211126
 20
54.6618781654
 10
357.8470111554
 20
54.6081094269
 10
357.8150435815
 20
54.5510078077
 10
357.7870173343
 20
54.4907295367
 10
357.7630313572
 20
54.4274048044
 10
357.7431845936
 20
54.3611898397
 10
357.7275759872
 20
54.2922200409
 10
357.7163044811
 20
54.220646429
 10
357.709469019
 20
54.1466148177
 10
357.7071685441
 20
54.0702606052
 10
357.7071685441
 20
52.1931978487
 10
356.8172928961
 20
52.1931978487
 10
356.8172928961
 20
54.0702606052
 10
356.8151309999
 20
54.1484374868
 10
356.8086992466
 20
54.2239376487
 10
356.7980785393
 20
54.2966517306
 10
356.7833497811
 20
54.3664547496
 10
356.7645938752
 20
54.4332373456
 10
356.7418917245
 20
54.496879743
 10
356.7153242321
 20
54.5572621666
 10
356.6849723013
 20
54.6142648409
 10
356.650916835
 20
54.6677836133
 10
356.6132387364
 20
54.7176882934
 10
356.5720189085
 20
54.7638695208
 10
356.5273382544
 20
54.8062075203
 10
356.4792776773
 20
54.8445825163
 10
356.4279180801
 20
54.8788851488
 10
356.3733403661
 20
54.9089904348
 10
356.3156254383
 20
54.934789014
 10
356.2548541997
 20
54.9561559035
 10
356.1911075535
 20
54.9729765355
 10
356.1244664028
 20
54.9851415499
 10
356.0550116507
 20
54.9925207559
  0
HATCH
  5
534
100
AcDbEntity
  8
0
100
AcDbHatch
 62
7
  6
CONTINUOUS
 10
0.0
 20
0.0
 30
0.0
210
0.0
220
0.0
230
1.0
  2
SOLID
 70
1
 71
1
 91
1
 92
1
 93
49
 72
1
 10
356.0550116507
 20
54.9925207559
 11
355.9828242001
 21
54.9950100012
 72
1
 10
355.9828242001
 20
54.9950100012
 11
355.9086596171
 21
54.9924322263
 72
1
 10
355.9086596171
 20
54.9924322263
 11
357.5054451165
 21
55.0848362411
 72
1
 10
357.5054451165
 20
55.0848362411
 11
357.5471369521
 21
55.0020413464
 72
1
 10
357.5471369521
 20
55.0020413464
 11
358.5762310801
 21
54.9950100012
 72
1
 10
358.5762310801
 20
54.9950100012
 11
358.5020301123
 21
54.9924322263
 72
1
 10
358.5020301123
 20
54.9924322263
 11
358.4304842064
 21
54.984792639
 72
1
 10
358.4304842064
 20
54.984792639
 11
358.3616923059
 21
54.9722422603
 72
1
 10
358.3616923059
 20
54.9722422603
 11
358.2957533542
 21
54.9549164885
 72
1
 10
358.2957533542
 20
54.9549164885
 11
358.2327662949
 21
54.9329663449
 72
1
 10
358.2327662949
 20
54.9329663449
 11
358.1728300713
 21
54.9065324353
 72
1
 10
358.1728300713
 20
54.9065324353
 11
358.1160436268
 21
54.8757605732
 72
1
 10
358.1160436268
 20
54.8757605732
 11
358.062505905
 21
54.8407965722
 72
1
 10
358.062505905
 20
54.8407965722
 11
358.0123158492
 21
54.8017810382
 72
1
 10
358.0123158492
 20
54.8017810382
 11
357.9655724029
 21
54.7588597846
 72
1
 10
357.9655724029
 20
54.7588597846
 11
357.9223745095
 21
54.7121786251
 72
1
 10
357.9223745095
 20
54.7121786251
 11
357.8828211126
 21
54.6618781654
 72
1
 10
357.8828211126
 20
54.6618781654
 11
357.8470111554
 21
54.6081094269
 72
1
 10
357.8470111554
 20
54.6081094269
 11
357.8150435815
 21
54.5510078077
 72
1
 10
357.8150435815
 20
54.5510078077
 11
357.7870173343
 21
54.4907295367
 72
1
 10
357.7870173343
 20
54.4907295367
 11
357.7630313572
 21
54.4274048044
 72
1
 10
357.7630313572
 20
54.4274048044
 11
357.7431845936
 21
54.3611898397
 72
1
 10
357.7431845936
 20
54.3611898397
 11
357.7275759872
 21
54.2922200409
 72
1
 10
357.7275759872
 20
54.2922200409
 11
357.7163044811
 21
54.220646429
 72
1
 10
357.7163044811
 20
54.220646429
 11
357.709469019
 21
54.1466148177
 72
1
 10
357.709469019
 20
54.1466148177
 11
357.7071685441
 21
54.0702606052
 72
1
 10
357.7071685441
 20
54.0702606052
 11
357.7071685441
 21
52.1931978487
 72
1
 10
357.7071685441
 20
52.1931978487
 11
356.8172928961
 21
52.1931978487
 72
1
 10
356.8172928961
 20
52.1931978487
 11
356.8172928961
 21
54.0702606052
 72
1
 10
356.8172928961
 20
54.0702606052
 11
356.8151309999
 21
54.1484374868
 72
1
 10
356.8151309999
 20
54.1484374868
 11
356.8086992466
 21
54.2239376487
 72
1
 10
356.8086992466
 20
54.2239376487
 11
356.7980785393
 21
54.2966517306
 72
1
 10
356.7980785393
 20
54.2966517306
 11
356.7833497811
 21
54.3664547496
 72
1
 10
356.7833497811
 20
54.3664547496
 11
356.7645938752
 21
54.4332373456
 72
1
 10
356.7645938752
 20
54.4332373456
 11
356.7418917245
 21
54.496879743
 72
1
 10
356.7418917245
 20
54.496879743
 11
356.7153242321
 21
54.5572621666
 72
1
 10
356.7153242321
 20
54.5572621666
 11
356.6849723013
 21
54.6142648409
 72
1
 10
356.6849723013
 20
54.6142648409
 11
356.650916835
 21
54.6677836133
 72
1
 10
356.650916835
 20
54.6677836133
 11
356.6132387364
 21
54.7176882934
 72
1
 10
356.6132387364
 20
54.7176882934
 11
356.5720189085
 21
54.7638695208
 72
1
 10
356.5720189085
 20
54.7638695208
 11
356.5273382544
 21
54.8062075203
 72
1
 10
356.5273382544
 20
54.8062075203
 11
356.4792776773
 21
54.8445825163
 72
1
 10
356.4792776773
 20
54.8445825163
 11
356.4279180801
 21
54.8788851488
 72
1
 10
356.4279180801
 20
54.8788851488
 11
356.3733403661
 21
54.9089904348
 72
1
 10
356.3733403661
 20
54.9089904348
 11
356.3156254383
 21
54.934789014
 72
1
 10
356.3156254383
 20
54.934789014
 11
356.2548541997
 21
54.9561559035
 72
1
 10
356.2548541997
 20
54.9561559035
 11
356.1911075535
 21
54.9729765355
 72
1
 10
356.1911075535
 20
54.9729765355
 11
356.1244664028
 21
54.9851415499
 72
1
 10
356.1244664028
 20
54.9851415499
 11
356.0550116507
 21
54.9925207559
 97
1
330
533
 75
0
 76
1
 98
1
 10
0.0
 20
0.0
  0
LWPOLYLINE
  5
535
100
AcDbEntity
  8
0
100
AcDbPolyline
 62
7
  6
CONTINUOUS
 90
9
 70
0
 10
345.9714461041
 20
55.7110742002
 10
345.9714461041
 20
54.9601345298
 10
344.7128526241
 20
54.9601345298
 10
344.7128526241
 20
52.1931978487
 10
343.8229770481
 20
52.1931978487
 10
343.8229770481
 20
54.9601345298
 10
342.8566021201
 20
54.9601345298
 10
344.7128526241
 20
55.7110742002
 10
345.9714461041
 20
55.7110742002
  0
HATCH
  5
536
100
AcDbEntity
  8
0
100
AcDbHatch
 62
7
  6
CONTINUOUS
 10
0.0
 20
0.0
 30
0.0
210
0.0
220
0.0
230
1.0
  2
SOLID
 70
1
 71
1
 91
1
 92
1
 93
8
 72
1
 10
345.9714461041
 20
55.7110742002
 11
345.9714461041
 21
54.9601345298
 72
1
 10
345.9714461041
 20
54.9601345298
 11
344.7128526241
 21
54.9601345298
 72
1
 10
344.7128526241
 20
54.9601345298
 11
344.7128526241
 21
52.1931978487
 72
1
 10
344.7128526241
 20
52.1931978487
 11
343.8229770481
 21
52.1931978487
 72
1
 10
343.8229770481
 20
52.1931978487
 11
343.8229770481
 21
54.9601345298
 72
1
 10
343.8229770481
 20
54.9601345298
 11
342.8566021201
 21
54.9601345298
 72
1
 10
342.8566021201
 20
54.9601345298
 11
344.7128526241
 21
55.7110742002
 72
1
 10
344.7128526241
 20
55.7110742002
 11
345.9714461041
 21
55.7110742002
 97
1
330
535
 75
0
 76
1
 98
1
 10
0.0
 20
0.0
  0
LWPOLYLINE
  5
537
100
AcDbEntity
  8
0
100
AcDbPolyline
 62
7
  6
CONTINUOUS
 90
7
 70
0
 10
362.1852477383
 20
54.9456784706
 10
362.1355691013
 20
54.9078131601
 10
361.0949432212
 20
54.7960898667
 10
361.1563772348
 20
54.9166869704
 10
362.2936295628
 20
55.0104478435
 10
362.237956945
 20
54.9799183249
 10
362.1852477383
 20
54.9456784706
  0
HATCH
  5
538
100
AcDbEntity
  8
0
100
AcDbHatch
 62
7
  6
CONTINUOUS
 10
0.0
 20
0.0
 30
0.0
210
0.0
220
0.0
230
1.0
  2
SOLID
 70
1
 71
1
 91
1
 92
1
 93
6
 72
1
 10
362.1852477383
 20
54.9456784706
 11
362.1355691013
 21
54.9078131601
 72
1
 10
362.1355691013
 20
54.9078131601
 11
361.0949432212
 21
54.7960898667
 72
1
 10
361.0949432212
 20
54.7960898667
 11
361.1563772348
 21
54.9166869704
 72
1
 10
361.1563772348
 20
54.9166869704
 11
362.2936295628
 21
55.0104478435
 72
1
 10
362.2936295628
 20
55.0104478435
 11
362.237956945
 21
54.9799183249
 72
1
 10
362.237956945
 20
54.9799183249
 11
362.1852477383
 21
54.9456784706
 97
1
330
537
 75
0
 76
1
 98
1
 10
0.0
 20
0.0
  0
LWPOLYLINE
  5
539
100
AcDbEntity
  8
0
100
AcDbPolyline
 62
7
  6
CONTINUOUS
 90
9
 70
0
 10
372.3769704211
 20
54.9341792928
 10
372.3081804047
 20
54.9026739697
 10
371.0567829578
 20
54.7869861727
 10
371.1212781041
 20
54.9074385622
 10
372.6840417676
 20
55.0056597553
 10
372.6027569253
 20
54.996412091
 10
372.5243935247
 20
54.9812690168
 10
372.4490864089
 20
54.9604511963
 10
372.3769704211
 20
54.9341792928
  0
HATCH
  5
53A
100
AcDbEntity
  8
0
100
AcDbHatch
 62
7
  6
CONTINUOUS
 10
0.0
 20
0.0
 30
0.0
210
0.0
220
0.0
230
1.0
  2
SOLID
 70
1
 71
1
 91
1
 92
1
 93
8
 72
1
 10
372.3769704211
 20
54.9341792928
 11
372.3081804047
 21
54.9026739697
 72
1
 10
372.3081804047
 20
54.9026739697
 11
371.0567829578
 21
54.7869861727
 72
1
 10
371.0567829578
 20
54.7869861727
 11
371.1212781041
 21
54.9074385622
 72
1
 10
371.1212781041
 20
54.9074385622
 11
372.6840417676
 21
55.0056597553
 72
1
 10
372.6840417676
 20
55.0056597553
 11
372.6027569253
 21
54.996412091
 72
1
 10
372.6027569253
 20
54.996412091
 11
372.5243935247
 21
54.9812690168
 72
1
 10
372.5243935247
 20
54.9812690168
 11
372.4490864089
 21
54.9604511963
 72
1
 10
372.4490864089
 20
54.9604511963
 11
372.3769704211
 21
54.9341792928
 97
1
330
539
 75
0
 76
1
 98
1
 10
0.0
 20
0.0
  0
LWPOLYLINE
  5
53B
100
AcDbEntity
  8
0
100
AcDbPolyline
 62
7
  6
CONTINUOUS
 90
10
 70
0
 10
351.0322151341
 20
54.9039025842
 10
350.9677289975
 20
54.8677199987
 10
349.7539736554
 20
54.7806546191
 10
349.8074193645
 20
54.897296867
 10
351.405347391
 20
55.005706465
 10
351.3243524922
 20
54.9965827042
 10
351.2464242884
 20
54.9816368176
 10
351.1716803083
 20
54.9610719025
 10
351.1002380806
 20
54.9350910563
 10
351.0322151341
 20
54.9039025842
  0
HATCH
  5
53C
100
AcDbEntity
  8
0
100
AcDbHatch
 62
7
  6
CONTINUOUS
 10
0.0
 20
0.0
 30
0.0
210
0.0
220
0.0
230
1.0
  2
SOLID
 70
1
 71
1
 91
1
 92
1
 93
9
 72
1
 10
351.0322151341
 20
54.9039025842
 11
350.9677289975
 21
54.8677199987
 72
1
 10
350.9677289975
 20
54.8677199987
 11
349.7539736554
 21
54.7806546191
 72
1
 10
349.7539736554
 20
54.7806546191
 11
349.8074193645
 21
54.897296867
 72
1
 10
349.8074193645
 20
54.897296867
 11
351.405347391
 21
55.005706465
 72
1
 10
351.405347391
 20
55.005706465
 11
351.3243524922
 21
54.9965827042
 72
1
 10
351.3243524922
 20
54.9965827042
 11
351.2464242884
 21
54.9816368176
 72
1
 10
351.2464242884
 20
54.9816368176
 11
351.1716803083
 21
54.9610719025
 72
1
 10
351.1716803083
 20
54.9610719025
 11
351.1002380806
 21
54.9350910563
 72
1
 10
351.1002380806
 20
54.9350910563
 11
351.0322151341
 21
54.9039025842
 97
1
330
53B
 75
0
 76
1
 98
1
 10
0.0
 20
0.0
  0
LWPOLYLINE
  5
53D
100
AcDbEntity
  8
0
100
AcDbPolyline
 62
7
  6
CONTINUOUS
 90
7
 70
0
 10
362.0455721712
 20
54.8215456889
 10
362.0053881953
 20
54.7733132875
 10
361.042157724
 20
54.6693030802
 10
361.0949432212
 20
54.7960898667
 10
362.1355691013
 20
54.9078131601
 10
362.0889881927
 20
54.866407273
 10
362.0455721712
 20
54.8215456889
  0
HATCH
  5
53E
100
AcDbEntity
  8
0
100
AcDbHatch
 62
7
  6
CONTINUOUS
 10
0.0
 20
0.0
 30
0.0
210
0.0
220
0.0
230
1.0
  2
SOLID
 70
1
 71
1
 91
1
 92
1
 93
6
 72
1
 10
362.0455721712
 20
54.8215456889
 11
362.0053881953
 21
54.7733132875
 72
1
 10
362.0053881953
 20
54.7733132875
 11
361.042157724
 21
54.6693030802
 72
1
 10
361.042157724
 20
54.6693030802
 11
361.0949432212
 21
54.7960898667
 72
1
 10
361.0949432212
 20
54.7960898667
 11
362.1355691013
 21
54.9078131601
 72
1
 10
362.1355691013
 20
54.9078131601
 11
362.0889881927
 21
54.866407273
 72
1
 10
362.0889881927
 20
54.866407273
 11
362.0455721712
 21
54.8215456889
 97
1
330
53D
 75
0
 76
1
 98
1
 10
0.0
 20
0.0
  0
LWPOLYLINE
  5
53F
100
AcDbEntity
  8
0
100
AcDbPolyline
 62
7
  6
CONTINUOUS
 90
7
 70
0
 10
372.1811176587
 20
54.8248457184
 10
372.1231146157
 20
54.7789641171
 10
371.0012462791
 20
54.6606752038
 10
371.0567829578
 20
54.7869861727
 10
372.3081804047
 20
54.9026739697
 10
372.2428512028
 20
54.8661558904
 10
372.1811176587
 20
54.8248457184
  0
HATCH
  5
540
100
AcDbEntity
  8
0
100
AcDbHatch
 62
7
  6
CONTINUOUS
 10
0.0
 20
0.0
 30
0.0
210
0.0
220
0.0
230
1.0
  2
SOLID
 70
1
 71
1
 91
1
 92
1
 93
6
 72
1
 10
372.1811176587
 20
54.8248457184
 11
372.1231146157
 21
54.7789641171
 72
1
 10
372.1231146157
 20
54.7789641171
 11
371.0012462791
 21
54.6606752038
 72
1
 10
371.0012462791
 20
54.6606752038
 11
371.0567829578
 21
54.7869861727
 72
1
 10
371.0567829578
 20
54.7869861727
 11
372.3081804047
 21
54.9026739697
 72
1
 10
372.3081804047
 20
54.9026739697
 11
372.2428512028
 21
54.8661558904
 72
1
 10
372.2428512028
 20
54.8661558904
 11
372.1811176587
 21
54.8248457184
 97
1
330
53F
 75
0
 76
1
 98
1
 10
0.0
 20
0.0
  0
LWPOLYLINE
  5
541
100
AcDbEntity
  8
0
100
AcDbPolyline
 62
7
  6
CONTINUOUS
 90
7
 70
0
 10
350.8498372688
 20
54.7811796697
 10
350.7966667342
 20
54.7312385362
 10
349.7078377039
 20
54.6576503284
 10
349.7539736554
 20
54.7806546191
 10
350.9677289975
 20
54.8677199987
 10
350.9068971995
 20
54.8267411896
 10
350.8498372688
 20
54.7811796697
  0
HATCH
  5
542
100
AcDbEntity
  8
0
100
AcDbHatch
 62
7
  6
CONTINUOUS
 10
0.0
 20
0.0
 30
0.0
210
0.0
220
0.0
230
1.0
  2
SOLID
 70
1
 71
1
 91
1
 92
1
 93
6
 72
1
 10
350.8498372688
 20
54.7811796697
 11
350.7966667342
 21
54.7312385362
 72
1
 10
350.7966667342
 20
54.7312385362
 11
349.7078377039
 21
54.6576503284
 72
1
 10
349.7078377039
 20
54.6576503284
 11
349.7539736554
 21
54.7806546191
 72
1
 10
349.7539736554
 20
54.7806546191
 11
350.9677289975
 21
54.8677199987
 72
1
 10
350.9677289975
 20
54.8677199987
 11
350.9068971995
 21
54.8267411896
 72
1
 10
350.9068971995
 20
54.8267411896
 11
350.8498372688
 21
54.7811796697
 97
1
330
541
 75
0
 76
1
 98
1
 10
0.0
 20
0.0
  0
LWPOLYLINE
  5
543
100
AcDbEntity
  8
0
100
AcDbPolyline
 62
7
  6
CONTINUOUS
 90
6
 70
0
 10
361.9685034238
 20
54.7217949482
 10
361.9349850153
 20
54.6670755507
 10
360.9983133782
 20
54.5366012108
 10
361.042157724
 20
54.6693030802
 10
362.0053881953
 20
54.7733132875
 10
361.9685034238
 20
54.7217949482
  0
HATCH
  5
544
100
AcDbEntity
  8
0
100
AcDbHatch
 62
7
  6
CONTINUOUS
 10
0.0
 20
0.0
 30
0.0
210
0.0
220
0.0
230
1.0
  2
SOLID
 70
1
 71
1
 91
1
 92
1
 93
5
 72
1
 10
361.9685034238
 20
54.7217949482
 11
361.9349850153
 21
54.6670755507
 72
1
 10
361.9349850153
 20
54.6670755507
 11
360.9983133782
 21
54.5366012108
 72
1
 10
360.9983133782
 20
54.5366012108
 11
361.042157724
 21
54.6693030802
 72
1
 10
361.042157724
 20
54.6693030802
 11
362.0053881953
 21
54.7733132875
 72
1
 10
362.0053881953
 20
54.7733132875
 11
361.9685034238
 21
54.7217949482
 97
1
330
543
 75
0
 76
1
 98
1
 10
0.0
 20
0.0
  0
LWPOLYLINE
  5
545
100
AcDbEntity
  8
0
100
AcDbPolyline
 62
7
  6
CONTINUOUS
 90
7
 70
0
 10
372.0188394057
 20
54.6743692802
 10
371.9728369252
 20
54.6160973715
 10
370.9550193824
 20
54.5288076981
 10
371.0012462791
 20
54.6606752038
 10
372.1231146157
 20
54.7789641171
 10
372.0689769169
 20
54.7287317499
 10
372.0188394057
 20
54.6743692802
  0
HATCH
  5
546
100
AcDbEntity
  8
0
100
AcDbHatch
 62
7
  6
CONTINUOUS
 10
0.0
 20
0.0
 30
0.0
210
0.0
220
0.0
230
1.0
  2
SOLID
 70
1
 71
1
 91
1
 92
1
 93
6
 72
1
 10
372.0188394057
 20
54.6743692802
 11
371.9728369252
 21
54.6160973715
 72
1
 10
371.9728369252
 20
54.6160973715
 11
370.9550193824
 21
54.5288076981
 72
1
 10
370.9550193824
 20
54.5288076981
 11
371.0012462791
 21
54.6606752038
 72
1
 10
371.0012462791
 20
54.6606752038
 11
372.1231146157
 21
54.7789641171
 72
1
 10
372.1231146157
 20
54.7789641171
 11
372.0689769169
 21
54.7287317499
 72
1
 10
372.0689769169
 20
54.7287317499
 11
372.0188394057
 21
54.6743692802
 97
1
330
545
 75
0
 76
1
 98
1
 10
0.0
 20
0.0
  0
LWPOLYLINE
  5
547
100
AcDbEntity
  8
0
100
AcDbPolyline
 62
7
  6
CONTINUOUS
 90
6
 70
0
 10
350.7475031244
 20
54.6771260944
 10
350.702463968
 20
54.6190506492
 10
349.6693441615
 20
54.5284250425
 10
349.7078377039
 20
54.6576503284
 10
350.7966667342
 20
54.7312385362
 10
350.7475031244
 20
54.6771260944
  0
HATCH
  5
548
100
AcDbEntity
  8
0
100
AcDbHatch
 62
7
  6
CONTINUOUS
 10
0.0
 20
0.0
 30
0.0
210
0.0
220
0.0
230
1.0
  2
SOLID
 70
1
 71
1
 91
1
 92
1
 93
5
 72
1
 10
350.7475031244
 20
54.6771260944
 11
350.702463968
 21
54.6190506492
 72
1
 10
350.702463968
 20
54.6190506492
 11
349.6693441615
 21
54.5284250425
 72
1
 10
349.6693441615
 20
54.5284250425
 11
349.7078377039
 21
54.6576503284
 72
1
 10
349.7078377039
 20
54.6576503284
 11
350.7966667342
 21
54.7312385362
 72
1
 10
350.7966667342
 20
54.7312385362
 11
350.7475031244
 21
54.6771260944
 97
1
330
547
 75
0
 76
1
 98
1
 10
0.0
 20
0.0
  0
LWPOLYLINE
  5
549
100
AcDbEntity
  8
0
100
AcDbPolyline
 62
7
  6
CONTINUOUS
 90
17
 70
0
 10
360.2399726904
 20
54.7266071167
 10
360.2661199627
 20
54.6119805128
 10
360.2849973707
 20
54.4931780723
 10
360.296442742
 20
54.3704565374
 10
360.3002939041
 20
54.2440726504
 10
360.3002939041
 20
52.1931978487
 10
359.4104189761
 20
52.1931978487
 10
359.4104189761
 20
54.0702606052
 10
359.4082571056
 20
54.1484374868
 10
359.4018255514
 20
54.2239376487
 10
359.3912054002
 20
54.2966517306
 10
359.3764777382
 20
54.3664547496
 10
359.3577236519
 20
54.4332373456
 10
359.3350242278
 20
54.496879743
 10
359.3084605521
 20
54.5572621666
 10
359.2781137114
 20
54.6142648409
 10
360.2399726904
 20
54.7266071167
  0
HATCH
  5
54A
100
AcDbEntity
  8
0
100
AcDbHatch
 62
7
  6
CONTINUOUS
 10
0.0
 20
0.0
 30
0.0
210
0.0
220
0.0
230
1.0
  2
SOLID
 70
1
 71
1
 91
1
 92
1
 93
16
 72
1
 10
360.2399726904
 20
54.7266071167
 11
360.2661199627
 21
54.6119805128
 72
1
 10
360.2661199627
 20
54.6119805128
 11
360.2849973707
 21
54.4931780723
 72
1
 10
360.2849973707
 20
54.4931780723
 11
360.296442742
 21
54.3704565374
 72
1
 10
360.296442742
 20
54.3704565374
 11
360.3002939041
 21
54.2440726504
 72
1
 10
360.3002939041
 20
54.2440726504
 11
360.3002939041
 21
52.1931978487
 72
1
 10
360.3002939041
 20
52.1931978487
 11
359.4104189761
 21
52.1931978487
 72
1
 10
359.4104189761
 20
52.1931978487
 11
359.4104189761
 21
54.0702606052
 72
1
 10
359.4104189761
 20
54.0702606052
 11
359.4082571056
 21
54.1484374868
 72
1
 10
359.4082571056
 20
54.1484374868
 11
359.4018255514
 21
54.2239376487
 72
1
 10
359.4018255514
 20
54.2239376487
 11
359.3912054002
 21
54.2966517306
 72
1
 10
359.3912054002
 20
54.2966517306
 11
359.3764777382
 21
54.3664547496
 72
1
 10
359.3764777382
 20
54.3664547496
 11
359.3577236519
 21
54.4332373456
 72
1
 10
359.3577236519
 20
54.4332373456
 11
359.3350242278
 21
54.496879743
 72
1
 10
359.3350242278
 20
54.496879743
 11
359.3084605521
 21
54.5572621666
 72
1
 10
359.3084605521
 20
54.5572621666
 11
359.2781137114
 21
54.6142648409
 72
1
 10
359.2781137114
 20
54.6142648409
 11
360.2399726904
 21
54.7266071167
 97
1
330
549
 75
0
 76
1
 98
1
 10
0.0
 20
0.0
  0
LWPOLYLINE
  5
54B
100
AcDbEntity
  8
0
100
AcDbPolyline
 62
7
  6
CONTINUOUS
 90
7
 70
0
 10
361.8783159218
 20
54.5483730994
 10
361.8552995542
 20
54.4845598048
 10
360.9637028187
 20
54.3982588582
 10
360.9983133782
 20
54.5366012108
 10
361.9349850153
 20
54.6670755507
 10
361.9049001284
 20
54.6092399746
 10
361.8783159218
 20
54.5483730994
  0
HATCH
  5
54C
100
AcDbEntity
  8
0
100
AcDbHatch
 62
7
  6
CONTINUOUS
 10
0.0
 20
0.0
 30
0.0
210
0.0
220
0.0
230
1.0
  2
SOLID
 70
1
 71
1
 91
1
 92
1
 93
6
 72
1
 10
361.8783159218
 20
54.5483730994
 11
361.8552995542
 21
54.4845598048
 72
1
 10
361.8552995542
 20
54.4845598048
 11
360.9637028187
 21
54.3982588582
 72
1
 10
360.9637028187
 20
54.3982588582
 11
360.9983133782
 21
54.5366012108
 72
1
 10
360.9983133782
 20
54.5366012108
 11
361.9349850153
 21
54.6670755507
 72
1
 10
361.9349850153
 20
54.6670755507
 11
361.9049001284
 21
54.6092399746
 72
1
 10
361.9049001284
 20
54.6092399746
 11
361.8783159218
 21
54.5483730994
 97
1
330
54B
 75
0
 76
1
 98
1
 10
0.0
 20
0.0
  0
LWPOLYLINE
  5
54D
100
AcDbEntity
  8
0
100
AcDbPolyline
 62
7
  6
CONTINUOUS
 90
6
 70
0
 10
371.9311043187
 20
54.554136687
 10
371.8937764295
 20
54.4887078904
 10
370.9184535823
 20
54.3917065282
 10
370.9550193824
 20
54.5288076981
 10
371.9728369252
 20
54.6160973715
 10
371.9311043187
 20
54.554136687
  0
HATCH
  5
54E
100
AcDbEntity
  8
0
100
AcDbHatch
 62
7
  6
CONTINUOUS
 10
0.0
 20
0.0
 30
0.0
210
0.0
220
0.0
230
1.0
  2
SOLID
 70
1
 71
1
 91
1
 92
1
 93
5
 72
1
 10
371.9311043187
 20
54.554136687
 11
371.8937764295
 21
54.4887078904
 72
1
 10
371.8937764295
 20
54.4887078904
 11
370.9184535823
 21
54.3917065282
 72
1
 10
370.9184535823
 20
54.3917065282
 11
370.9550193824
 21
54.5288076981
 72
1
 10
370.9550193824
 20
54.5288076981
 11
371.9728369252
 21
54.6160973715
 72
1
 10
371.9728369252
 20
54.6160973715
 11
371.9311043187
 21
54.554136687
 97
1
330
54D
 75
0
 76
1
 98
1
 10
0.0
 20
0.0
  0
LWPOLYLINE
  5
54F
100
AcDbEntity
  8
0
100
AcDbPolyline
 62
7
  6
CONTINUOUS
 90
6
 70
0
 10
350.661666794
 20
54.5572152979
 10
350.6252291308
 20
54.4918335534
 10
349.6388256796
 20
54.3931198089
 10
349.6693441615
 20
54.5284250425
 10
350.702463968
 20
54.6190506492
 10
350.661666794
 20
54.5572152979
  0
HATCH
  5
550
100
AcDbEntity
  8
0
100
AcDbHatch
 62
7
  6
CONTINUOUS
 10
0.0
 20
0.0
 30
0.0
210
0.0
220
0.0
230
1.0
  2
SOLID
 70
1
 71
1
 91
1
 92
1
 93
5
 72
1
 10
350.661666794
 20
54.5572152979
 11
350.6252291308
 21
54.4918335534
 72
1
 10
350.6252291308
 20
54.4918335534
 11
349.6388256796
 21
54.3931198089
 72
1
 10
349.6388256796
 20
54.3931198089
 11
349.6693441615
 21
54.5284250425
 72
1
 10
349.6693441615
 20
54.5284250425
 11
350.702463968
 21
54.6190506492
 72
1
 10
350.702463968
 20
54.6190506492
 11
350.661666794
 21
54.5572152979
 97
1
330
54F
 75
0
 76
1
 98
1
 10
0.0
 20
0.0
  0
LWPOLYLINE
  5
551
100
AcDbEntity
  8
0
100
AcDbPolyline
 62
7
  6
CONTINUOUS
 90
7
 70
0
 10
364.4797786436
 20
54.6536142936
 10
364.5233411289
 20
54.5160551094
 10
364.5577099418
 20
54.3720462115
 10
363.6710762881
 20
54.4178852641
 10
363.649635627
 20
54.4865128064
 10
363.6248015635
 20
54.5518571577
 10
364.4797786436
 20
54.6536142936
  0
HATCH
  5
552
100
AcDbEntity
  8
0
100
AcDbHatch
 62
7
  6
CONTINUOUS
 10
0.0
 20
0.0
 30
0.0
210
0.0
220
0.0
230
1.0
  2
SOLID
 70
1
 71
1
 91
1
 92
1
 93
6
 72
1
 10
364.4797786436
 20
54.6536142936
 11
364.5233411289
 21
54.5160551094
 72
1
 10
364.5233411289
 20
54.5160551094
 11
364.5577099418
 21
54.3720462115
 72
1
 10
364.5577099418
 20
54.3720462115
 11
363.6710762881
 21
54.4178852641
 72
1
 10
363.6710762881
 20
54.4178852641
 11
363.649635627
 21
54.4865128064
 72
1
 10
363.649635627
 20
54.4865128064
 11
363.6248015635
 21
54.5518571577
 72
1
 10
363.6248015635
 20
54.5518571577
 11
364.4797786436
 21
54.6536142936
 97
1
330
551
 75
0
 76
1
 98
1
 10
0.0
 20
0.0
  0
LWPOLYLINE
  5
553
100
AcDbEntity
  8
0
100
AcDbPolyline
 62
7
  6
CONTINUOUS
 90
13
 70
0
 10
363.6710762881
 20
54.4178852641
 10
364.5577099418
 20
54.3720462115
 10
364.5826053852
 20
54.2218033431
 10
364.5977477622
 20
54.065542247
 10
364.6028573761
 20
53.9034786664
 10
360.9233610996
 20
53.8030375936
 10
360.9182002081
 20
53.9521360244
 10
360.9233535987
 20
54.1057511022
 10
360.9386186806
 20
54.2545506221
 10
360.9637028187
 20
54.3982588582
 10
361.8552995542
 20
54.4845598048
 10
361.8359181841
 20
54.4178852641
 10
363.6710762881
 20
54.4178852641
  0
HATCH
  5
554
100
AcDbEntity
  8
0
100
AcDbHatch
 62
7
  6
CONTINUOUS
 10
0.0
 20
0.0
 30
0.0
210
0.0
220
0.0
230
1.0
  2
SOLID
 70
1
 71
1
 91
1
 92
1
 93
12
 72
1
 10
363.6710762881
 20
54.4178852641
 11
364.5577099418
 21
54.3720462115
 72
1
 10
364.5577099418
 20
54.3720462115
 11
364.5826053852
 21
54.2218033431
 72
1
 10
364.5826053852
 20
54.2218033431
 11
364.5977477622
 21
54.065542247
 72
1
 10
364.5977477622
 20
54.065542247
 11
364.6028573761
 21
53.9034786664
 72
1
 10
364.6028573761
 20
53.9034786664
 11
360.9233610996
 21
53.8030375936
 72
1
 10
360.9233610996
 20
53.8030375936
 11
360.9182002081
 21
53.9521360244
 72
1
 10
360.9182002081
 20
53.9521360244
 11
360.9233535987
 21
54.1057511022
 72
1
 10
360.9233535987
 20
54.1057511022
 11
360.9386186806
 21
54.2545506221
 72
1
 10
360.9386186806
 20
54.2545506221
 11
360.9637028187
 21
54.3982588582
 72
1
 10
360.9637028187
 20
54.3982588582
 11
361.8552995542
 21
54.4845598048
 72
1
 10
361.8552995542
 20
54.4845598048
 11
361.8359181841
 21
54.4178852641
 72
1
 10
361.8359181841
 20
54.4178852641
 11
363.6710762881
 21
54.4178852641
 97
1
330
553
 75
0
 76
1
 98
1
 10
0.0
 20
0.0
  0
LWPOLYLINE
  5
555
100
AcDbEntity
  8
0
100
AcDbPolyline
 62
7
  6
CONTINUOUS
 90
6
 70
0
 10
350.5932685073
 20
54.423108513
 10
350.5659024523
 20
54.3512432741
 10
349.6166149098
 20
54.2518756753
 10
349.6388256796
 20
54.3931198089
 10
350.6252291308
 20
54.4918335534
 10
350.5932685073
 20
54.423108513
  0
HATCH
  5
556
100
AcDbEntity
  8
0
100
AcDbHatch
 62
7
  6
CONTINUOUS
 10
0.0
 20
0.0
 30
0.0
210
0.0
220
0.0
230
1.0
  2
SOLID
 70
1
 71
1
 91
1
 92
1
 93
5
 72
1
 10
350.5932685073
 20
54.423108513
 11
350.5659024523
 21
54.3512432741
 72
1
 10
350.5659024523
 20
54.3512432741
 11
349.6166149098
 21
54.2518756753
 72
1
 10
349.6166149098
 20
54.2518756753
 11
349.6388256796
 21
54.3931198089
 72
1
 10
349.6388256796
 20
54.3931198089
 11
350.6252291308
 21
54.4918335534
 72
1
 10
350.6252291308
 20
54.4918335534
 11
350.5932685073
 21
54.423108513
 97
1
330
555
 75
0
 76
1
 98
1
 10
0.0
 20
0.0
  0
LWPOLYLINE
  5
557
100
AcDbEntity
  8
0
100
AcDbPolyline
 62
7
  6
CONTINUOUS
 90
6
 70
0
 10
371.8609881007
 20
54.4200316449
 10
371.8328741757
 20
54.3483286141
 10
370.8919001929
 20
54.2496841517
 10
370.9184535823
 20
54.3917065282
 10
371.8937764295
 20
54.4887078904
 10
371.8609881007
 20
54.4200316449
  0
HATCH
  5
558
100
AcDbEntity
  8
0
100
AcDbHatch
 62
7
  6
CONTINUOUS
 10
0.0
 20
0.0
 30
0.0
210
0.0
220
0.0
230
1.0
  2
SOLID
 70
1
 71
1
 91
1
 92
1
 93
5
 72
1
 10
371.8609881007
 20
54.4200316449
 11
371.8328741757
 21
54.3483286141
 72
1
 10
371.8328741757
 20
54.3483286141
 11
370.8919001929
 21
54.2496841517
 72
1
 10
370.8919001929
 20
54.2496841517
 11
370.9184535823
 21
54.3917065282
 72
1
 10
370.9184535823
 20
54.3917065282
 11
371.8937764295
 21
54.4887078904
 72
1
 10
371.8937764295
 20
54.4887078904
 11
371.8609881007
 21
54.4200316449
 97
1
330
557
 75
0
 76
1
 98
1
 10
0.0
 20
0.0
  0
LWPOLYLINE
  5
559
100
AcDbEntity
  8
0
100
AcDbPolyline
 62
7
  6
CONTINUOUS
 90
41
 70
0
 10
374.5738809293
 20
54.5288076981
 10
374.6106701495
 20
54.3917065282
 10
374.6374054522
 20
54.2496841517
 10
374.6537174891
 20
54.1030530262
 10
374.6592369121
 20
53.9521360244
 10
374.6537174891
 20
53.8012138151
 10
374.6374054522
 20
53.654577482
 10
374.6106701495
 20
53.5125498979
 10
374.5738809293
 20
53.3754331051
 10
374.5274071397
 20
53.243555184
 10
374.4716181291
 20
53.1172233847
 10
374.4068832455
 20
52.9967605799
 10
374.3335718371
 20
52.8824740195
 10
372.8512650623
 20
52.8982843721
 10
372.9317178284
 20
52.9074081328
 10
373.0093322875
 20
52.9223644347
 10
373.083969221
 20
52.9429449727
 10
373.1554894101
 20
52.9689362341
 10
373.2237536361
 20
53.0001403292
 10
373.2886226801
 20
53.0363437452
 10
373.3499573235
 20
53.0773381771
 10
373.4076183475
 20
53.1229205276
 10
373.4614665334
 20
53.1728824915
 10
373.5113626623
 20
53.2270157638
 10
373.5571675156
 20
53.2851120396
 10
373.5987418745
 20
53.3469630137
 10
373.6359465201
 20
53.4123655887
 10
373.6686422339
 20
53.481106252
 10
373.696689797
 20
53.5529871138
 10
373.7199499907
 20
53.6277894538
 10
373.7382835962
 20
53.7053153822
 10
373.7515513948
 20
53.7853513863
 10
373.7596141677
 20
53.8676943687
 10
373.7623326961
 20
53.9521360244
 10
373.7596141677
 20
54.0365724725
 10
373.7515513948
 20
54.1189102473
 10
373.7382835962
 20
54.1989410438
 10
373.7199499907
 20
54.2764513493
 10
373.696689797
 20
54.3512432741
 10
373.6686422339
 20
54.423108513
 10
374.5738809293
 20
54.5288076981
  0
HATCH
  5
55A
100
AcDbEntity
  8
0
100
AcDbHatch
 62
7
  6
CONTINUOUS
 10
0.0
 20
0.0
 30
0.0
210
0.0
220
0.0
230
1.0
  2
SOLID
 70
1
 71
1
 91
1
 92
1
 93
40
 72
1
 10
374.5738809293
 20
54.5288076981
 11
374.6106701495
 21
54.3917065282
 72
1
 10
374.6106701495
 20
54.3917065282
 11
374.6374054522
 21
54.2496841517
 72
1
 10
374.6374054522
 20
54.2496841517
 11
374.6537174891
 21
54.1030530262
 72
1
 10
374.6537174891
 20
54.1030530262
 11
374.6592369121
 21
53.9521360244
 72
1
 10
374.6592369121
 20
53.9521360244
 11
374.6537174891
 21
53.8012138151
 72
1
 10
374.6537174891
 20
53.8012138151
 11
374.6374054522
 21
53.654577482
 72
1
 10
374.6374054522
 20
53.654577482
 11
374.6106701495
 21
53.5125498979
 72
1
 10
374.6106701495
 20
53.5125498979
 11
374.5738809293
 21
53.3754331051
 72
1
 10
374.5738809293
 20
53.3754331051
 11
374.5274071397
 21
53.243555184
 72
1
 10
374.5274071397
 20
53.243555184
 11
374.4716181291
 21
53.1172233847
 72
1
 10
374.4716181291
 20
53.1172233847
 11
374.4068832455
 21
52.9967605799
 72
1
 10
374.4068832455
 20
52.9967605799
 11
374.3335718371
 21
52.8824740195
 72
1
 10
374.3335718371
 20
52.8824740195
 11
372.8512650623
 21
52.8982843721
 72
1
 10
372.8512650623
 20
52.8982843721
 11
372.9317178284
 21
52.9074081328
 72
1
 10
372.9317178284
 20
52.9074081328
 11
373.0093322875
 21
52.9223644347
 72
1
 10
373.0093322875
 20
52.9223644347
 11
373.083969221
 21
52.9429449727
 72
1
 10
373.083969221
 20
52.9429449727
 11
373.1554894101
 21
52.9689362341
 72
1
 10
373.1554894101
 20
52.9689362341
 11
373.2237536361
 21
53.0001403292
 72
1
 10
373.2237536361
 20
53.0001403292
 11
373.2886226801
 21
53.0363437452
 72
1
 10
373.2886226801
 20
53.0363437452
 11
373.3499573235
 21
53.0773381771
 72
1
 10
373.3499573235
 20
53.0773381771
 11
373.4076183475
 21
53.1229205276
 72
1
 10
373.4076183475
 20
53.1229205276
 11
373.4614665334
 21
53.1728824915
 72
1
 10
373.4614665334
 20
53.1728824915
 11
373.5113626623
 21
53.2270157638
 72
1
 10
373.5113626623
 20
53.2270157638
 11
373.5571675156
 21
53.2851120396
 72
1
 10
373.5571675156
 20
53.2851120396
 11
373.5987418745
 21
53.3469630137
 72
1
 10
373.5987418745
 20
53.3469630137
 11
373.6359465201
 21
53.4123655887
 72
1
 10
373.6359465201
 20
53.4123655887
 11
373.6686422339
 21
53.481106252
 72
1
 10
373.6686422339
 20
53.481106252
 11
373.696689797
 21
53.5529871138
 72
1
 10
373.696689797
 20
53.5529871138
 11
373.7199499907
 21
53.6277894538
 72
1
 10
373.7199499907
 20
53.6277894538
 11
373.7382835962
 21
53.7053153822
 72
1
 10
373.7382835962
 20
53.7053153822
 11
373.7515513948
 21
53.7853513863
 72
1
 10
373.7515513948
 20
53.7853513863
 11
373.7596141677
 21
53.8676943687
 72
1
 10
373.7596141677
 20
53.8676943687
 11
373.7623326961
 21
53.9521360244
 72
1
 10
373.7623326961
 20
53.9521360244
 11
373.7596141677
 21
54.0365724725
 72
1
 10
373.7596141677
 20
54.0365724725
 11
373.7515513948
 21
54.1189102473
 72
1
 10
373.7515513948
 20
54.1189102473
 11
373.7382835962
 21
54.1989410438
 72
1
 10
373.7382835962
 20
54.1989410438
 11
373.7199499907
 21
54.2764513493
 72
1
 10
373.7199499907
 20
54.2764513493
 11
373.696689797
 21
54.3512432741
 72
1
 10
373.696689797
 20
54.3512432741
 11
373.6686422339
 21
54.423108513
 72
1
 10
373.6686422339
 20
54.423108513
 11
374.5738809293
 21
54.5288076981
 97
1
330
559
 75
0
 76
1
 98
1
 10
0.0
 20
0.0
  0
LWPOLYLINE
  5
55B
100
AcDbEntity
  8
0
100
AcDbPolyline
 62
7
  6
CONTINUOUS
 90
12
 70
0
 10
379.5186766801
 20
54.2789472904
 10
381.1316427121
 20
55.7110742002
 10
382.2926430001
 20
55.7110742002
 10
380.4226152961
 20
54.0702606052
 10
382.3899582721
 20
52.1931978487
 10
381.2011155121
 20
52.1931978487
 10
379.5186766801
 20
53.7923848264
 10
379.5186766801
 20
52.1931978487
 10
378.6425803921
 20
52.1931978487
 10
378.6425803921
 20
57.3102580328
 10
379.5186766801
 20
57.3102580328
 10
379.5186766801
 20
54.2789472904
  0
HATCH
  5
55C
100
AcDbEntity
  8
0
100
AcDbHatch
 62
7
  6
CONTINUOUS
 10
0.0
 20
0.0
 30
0.0
210
0.0
220
0.0
230
1.0
  2
SOLID
 70
1
 71
1
 91
1
 92
1
 93
11
 72
1
 10
379.5186766801
 20
54.2789472904
 11
381.1316427121
 21
55.7110742002
 72
1
 10
381.1316427121
 20
55.7110742002
 11
382.2926430001
 21
55.7110742002
 72
1
 10
382.2926430001
 20
55.7110742002
 11
380.4226152961
 21
54.0702606052
 72
1
 10
380.4226152961
 20
54.0702606052
 11
382.3899582721
 21
52.1931978487
 72
1
 10
382.3899582721
 20
52.1931978487
 11
381.2011155121
 21
52.1931978487
 72
1
 10
381.2011155121
 20
52.1931978487
 11
379.5186766801
 21
53.7923848264
 72
1
 10
379.5186766801
 20
53.7923848264
 11
379.5186766801
 21
52.1931978487
 72
1
 10
379.5186766801
 20
52.1931978487
 11
378.6425803921
 21
52.1931978487
 72
1
 10
378.6425803921
 20
52.1931978487
 11
378.6425803921
 21
57.3102580328
 72
1
 10
378.6425803921
 20
57.3102580328
 11
379.5186766801
 21
57.3102580328
 72
1
 10
379.5186766801
 20
57.3102580328
 11
379.5186766801
 21
54.2789472904
 97
1
330
55B
 75
0
 76
1
 98
1
 10
0.0
 20
0.0
  0
LWPOLYLINE
  5
55D
100
AcDbEntity
  8
0
100
AcDbPolyline
 62
7
  6
CONTINUOUS
 90
6
 70
0
 10
350.5432484943
 20
54.2764513493
 10
350.5254241622
 20
54.1989410438
 10
349.6030445035
 20
54.1048336893
 10
349.6166149098
 20
54.2518756753
 10
350.5659024523
 20
54.3512432741
 10
350.5432484943
 20
54.2764513493
  0
HATCH
  5
55E
100
AcDbEntity
  8
0
100
AcDbHatch
 62
7
  6
CONTINUOUS
 10
0.0
 20
0.0
 30
0.0
210
0.0
220
0.0
230
1.0
  2
SOLID
 70
1
 71
1
 91
1
 92
1
 93
5
 72
1
 10
350.5432484943
 20
54.2764513493
 11
350.5254241622
 21
54.1989410438
 72
1
 10
350.5254241622
 20
54.1989410438
 11
349.6030445035
 21
54.1048336893
 72
1
 10
349.6030445035
 20
54.1048336893
 11
349.6166149098
 21
54.2518756753
 72
1
 10
349.6166149098
 20
54.2518756753
 11
350.5659024523
 21
54.3512432741
 72
1
 10
350.5659024523
 20
54.3512432741
 11
350.5432484943
 21
54.2764513493
 97
1
330
55D
 75
0
 76
1
 98
1
 10
0.0
 20
0.0
  0
LWPOLYLINE
  5
55F
100
AcDbEntity
  8
0
100
AcDbPolyline
 62
7
  6
CONTINUOUS
 90
6
 70
0
 10
371.8095694977
 20
54.2738194612
 10
371.7912089099
 20
54.1967248498
 10
370.8757105287
 20
54.1030530262
 10
370.8919001929
 20
54.2496841517
 10
371.8328741757
 20
54.3483286141
 10
371.8095694977
 20
54.2738194612
  0
HATCH
  5
560
100
AcDbEntity
  8
0
100
AcDbHatch
 62
7
  6
CONTINUOUS
 10
0.0
 20
0.0
 30
0.0
210
0.0
220
0.0
230
1.0
  2
SOLID
 70
1
 71
1
 91
1
 92
1
 93
5
 72
1
 10
371.8095694977
 20
54.2738194612
 11
371.7912089099
 21
54.1967248498
 72
1
 10
371.7912089099
 20
54.1967248498
 11
370.8757105287
 21
54.1030530262
 72
1
 10
370.8757105287
 20
54.1030530262
 11
370.8919001929
 21
54.2496841517
 72
1
 10
370.8919001929
 20
54.2496841517
 11
371.8328741757
 21
54.3483286141
 72
1
 10
371.8328741757
 20
54.3483286141
 11
371.8095694977
 21
54.2738194612
 97
1
330
55F
 75
0
 76
1
 98
1
 10
0.0
 20
0.0
  0
LWPOLYLINE
  5
561
100
AcDbEntity
  8
0
100
AcDbPolyline
 62
7
  6
CONTINUOUS
 90
8
 70
0
 10
350.5125469846
 20
54.1189102473
 10
350.5047344904
 20
54.0365724725
 10
350.5021042081
 20
53.9521360244
 10
349.6030438431
 20
53.7976888738
 10
349.5984471121
 20
53.9521360244
 10
349.6030445035
 20
54.1048336893
 10
350.5254241622
 20
54.1989410438
 10
350.5125469846
 20
54.1189102473
  0
HATCH
  5
562
100
AcDbEntity
  8
0
100
AcDbHatch
 62
7
  6
CONTINUOUS
 10
0.0
 20
0.0
 30
0.0
210
0.0
220
0.0
230
1.0
  2
SOLID
 70
1
 71
1
 91
1
 92
1
 93
7
 72
1
 10
350.5125469846
 20
54.1189102473
 11
350.5047344904
 21
54.0365724725
 72
1
 10
350.5047344904
 20
54.0365724725
 11
350.5021042081
 21
53.9521360244
 72
1
 10
350.5021042081
 20
53.9521360244
 11
349.6030438431
 21
53.7976888738
 72
1
 10
349.6030438431
 20
53.7976888738
 11
349.5984471121
 21
53.9521360244
 72
1
 10
349.5984471121
 20
53.9521360244
 11
349.6030445035
 21
54.1048336893
 72
1
 10
349.6030445035
 20
54.1048336893
 11
350.5254241622
 21
54.1989410438
 72
1
 10
350.5254241622
 20
54.1989410438
 11
350.5125469846
 21
54.1189102473
 97
1
330
561
 75
0
 76
1
 98
1
 10
0.0
 20
0.0
  0
LWPOLYLINE
  5
563
100
AcDbEntity
  8
0
100
AcDbPolyline
 62
7
  6
CONTINUOUS
 90
8
 70
0
 10
371.7779272555
 20
54.1172654433
 10
371.7698593779
 20
54.035661905
 10
371.7671401201
 20
53.9521360244
 10
370.8757105287
 20
53.8012138151
 10
370.8702359041
 20
53.9521360244
 10
370.8757105287
 20
54.1030530262
 10
371.7912089099
 20
54.1967248498
 10
371.7779272555
 20
54.1172654433
  0
HATCH
  5
564
100
AcDbEntity
  8
0
100
AcDbHatch
 62
7
  6
CONTINUOUS
 10
0.0
 20
0.0
 30
0.0
210
0.0
220
0.0
230
1.0
  2
SOLID
 70
1
 71
1
 91
1
 92
1
 93
7
 72
1
 10
371.7779272555
 20
54.1172654433
 11
371.7698593779
 21
54.035661905
 72
1
 10
371.7698593779
 20
54.035661905
 11
371.7671401201
 21
53.9521360244
 72
1
 10
371.7671401201
 20
53.9521360244
 11
370.8757105287
 21
53.8012138151
 72
1
 10
370.8757105287
 20
53.8012138151
 11
370.8702359041
 21
53.9521360244
 72
1
 10
370.8702359041
 20
53.9521360244
 11
370.8757105287
 21
54.1030530262
 72
1
 10
370.8757105287
 20
54.1030530262
 11
371.7912089099
 21
54.1967248498
 72
1
 10
371.7912089099
 20
54.1967248498
 11
371.7779272555
 21
54.1172654433
 97
1
330
563
 75
0
 76
1
 98
1
 10
0.0
 20
0.0
  0
LWPOLYLINE
  5
565
100
AcDbEntity
  8
0
100
AcDbPolyline
 62
7
  6
CONTINUOUS
 90
9
 70
0
 10
364.6028573761
 20
53.9034786664
 10
364.6028573761
 20
53.8061662674
 10
361.8080757841
 20
53.8061662674
 10
361.8164165937
 20
53.7286269153
 10
361.829474623
 20
53.6530712513
 10
360.9639053423
 20
53.516991835
 10
360.9386786876
 20
53.6578757777
 10
360.9233610996
 20
53.8030375936
 10
364.6028573761
 20
53.9034786664
  0
HATCH
  5
566
100
AcDbEntity
  8
0
100
AcDbHatch
 62
7
  6
CONTINUOUS
 10
0.0
 20
0.0
 30
0.0
210
0.0
220
0.0
230
1.0
  2
SOLID
 70
1
 71
1
 91
1
 92
1
 93
8
 72
1
 10
364.6028573761
 20
53.9034786664
 11
364.6028573761
 21
53.8061662674
 72
1
 10
364.6028573761
 20
53.8061662674
 11
361.8080757841
 21
53.8061662674
 72
1
 10
361.8080757841
 20
53.8061662674
 11
361.8164165937
 21
53.7286269153
 72
1
 10
361.8164165937
 20
53.7286269153
 11
361.829474623
 21
53.6530712513
 72
1
 10
361.829474623
 20
53.6530712513
 11
360.9639053423
 21
53.516991835
 72
1
 10
360.9639053423
 20
53.516991835
 11
360.9386786876
 21
53.6578757777
 72
1
 10
360.9386786876
 20
53.6578757777
 11
360.9233610996
 21
53.8030375936
 72
1
 10
360.9233610996
 20
53.8030375936
 11
364.6028573761
 21
53.9034786664
 97
1
330
565
 75
0
 76
1
 98
1
 10
0.0
 20
0.0
  0
LWPOLYLINE
  5
567
100
AcDbEntity
  8
0
100
AcDbPolyline
 62
7
  6
CONTINUOUS
 90
6
 70
0
 10
371.7698593779
 20
53.8686060282
 10
371.7779272555
 20
53.7869971626
 10
370.8919001929
 20
53.654577482
 10
370.8757105287
 20
53.8012138151
 10
371.7671401201
 20
53.9521360244
 10
371.7698593779
 20
53.8686060282
  0
HATCH
  5
568
100
AcDbEntity
  8
0
100
AcDbHatch
 62
7
  6
CONTINUOUS
 10
0.0
 20
0.0
 30
0.0
210
0.0
220
0.0
230
1.0
  2
SOLID
 70
1
 71
1
 91
1
 92
1
 93
5
 72
1
 10
371.7698593779
 20
53.8686060282
 11
371.7779272555
 21
53.7869971626
 72
1
 10
371.7779272555
 20
53.7869971626
 11
370.8919001929
 21
53.654577482
 72
1
 10
370.8919001929
 20
53.654577482
 11
370.8757105287
 21
53.8012138151
 72
1
 10
370.8757105287
 20
53.8012138151
 11
371.7671401201
 21
53.9521360244
 72
1
 10
371.7671401201
 20
53.9521360244
 11
371.7698593779
 21
53.8686060282
 97
1
330
567
 75
0
 76
1
 98
1
 10
0.0
 20
0.0
  0
LWPOLYLINE
  5
569
100
AcDbEntity
  8
0
100
AcDbPolyline
 62
7
  6
CONTINUOUS
 90
6
 70
0
 10
350.5047344904
 20
53.8676943687
 10
350.5125469846
 20
53.7853513863
 10
349.6166096269
 20
53.6492245365
 10
349.6030438431
 20
53.7976888738
 10
350.5021042081
 20
53.9521360244
 10
350.5047344904
 20
53.8676943687
  0
HATCH
  5
56A
100
AcDbEntity
  8
0
100
AcDbHatch
 62
7
  6
CONTINUOUS
 10
0.0
 20
0.0
 30
0.0
210
0.0
220
0.0
230
1.0
  2
SOLID
 70
1
 71
1
 91
1
 92
1
 93
5
 72
1
 10
350.5047344904
 20
53.8676943687
 11
350.5125469846
 21
53.7853513863
 72
1
 10
350.5125469846
 20
53.7853513863
 11
349.6166096269
 21
53.6492245365
 72
1
 10
349.6166096269
 20
53.6492245365
 11
349.6030438431
 21
53.7976888738
 72
1
 10
349.6030438431
 20
53.7976888738
 11
350.5021042081
 21
53.9521360244
 72
1
 10
350.5021042081
 20
53.9521360244
 11
350.5047344904
 21
53.8676943687
 97
1
330
569
 75
0
 76
1
 98
1
 10
0.0
 20
0.0
  0
LWPOLYLINE
  5
56B
100
AcDbEntity
  8
0
100
AcDbPolyline
 62
7
  6
CONTINUOUS
 90
6
 70
0
 10
371.7912089099
 20
53.7075293299
 10
371.8095694977
 20
53.630423558
 10
370.9184535823
 20
53.5125498979
 10
370.8919001929
 20
53.654577482
 10
371.7779272555
 20
53.7869971626
 10
371.7912089099
 20
53.7075293299
  0
HATCH
  5
56C
100
AcDbEntity
  8
0
100
AcDbHatch
 62
7
  6
CONTINUOUS
 10
0.0
 20
0.0
 30
0.0
210
0.0
220
0.0
230
1.0
  2
SOLID
 70
1
 71
1
 91
1
 92
1
 93
5
 72
1
 10
371.7912089099
 20
53.7075293299
 11
371.8095694977
 21
53.630423558
 72
1
 10
371.8095694977
 20
53.630423558
 11
370.9184535823
 21
53.5125498979
 72
1
 10
370.9184535823
 20
53.5125498979
 11
370.8919001929
 21
53.654577482
 72
1
 10
370.8919001929
 20
53.654577482
 11
371.7779272555
 21
53.7869971626
 72
1
 10
371.7779272555
 20
53.7869971626
 11
371.7912089099
 21
53.7075293299
 97
1
330
56B
 75
0
 76
1
 98
1
 10
0.0
 20
0.0
  0
LWPOLYLINE
  5
56D
100
AcDbEntity
  8
0
100
AcDbPolyline
 62
7
  6
CONTINUOUS
 90
6
 70
0
 10
350.5254241622
 20
53.7053153822
 10
350.5432484943
 20
53.6277894538
 10
349.6388078499
 20
53.5068591622
 10
349.6166096269
 20
53.6492245365
 10
350.5125469846
 20
53.7853513863
 10
350.5254241622
 20
53.7053153822
  0
HATCH
  5
56E
100
AcDbEntity
  8
0
100
AcDbHatch
 62
7
  6
CONTINUOUS
 10
0.0
 20
0.0
 30
0.0
210
0.0
220
0.0
230
1.0
  2
SOLID
 70
1
 71
1
 91
1
 92
1
 93
5
 72
1
 10
350.5254241622
 20
53.7053153822
 11
350.5432484943
 21
53.6277894538
 72
1
 10
350.5432484943
 20
53.6277894538
 11
349.6388078499
 21
53.5068591622
 72
1
 10
349.6388078499
 20
53.5068591622
 11
349.6166096269
 21
53.6492245365
 72
1
 10
349.6166096269
 20
53.6492245365
 11
350.5125469846
 21
53.7853513863
 72
1
 10
350.5125469846
 20
53.7853513863
 11
350.5254241622
 21
53.7053153822
 97
1
330
56D
 75
0
 76
1
 98
1
 10
0.0
 20
0.0
  0
LWPOLYLINE
  5
56F
100
AcDbEntity
  8
0
100
AcDbPolyline
 62
7
  6
CONTINUOUS
 90
6
 70
0
 10
361.8471418187
 20
53.5796832195
 10
361.869310127
 20
53.5086474048
 10
360.9987934342
 20
53.3807281495
 10
360.9639053423
 20
53.516991835
 10
361.829474623
 20
53.6530712513
 10
361.8471418187
 20
53.5796832195
  0
HATCH
  5
570
100
AcDbEntity
  8
0
100
AcDbHatch
 62
7
  6
CONTINUOUS
 10
0.0
 20
0.0
 30
0.0
210
0.0
220
0.0
230
1.0
  2
SOLID
 70
1
 71
1
 91
1
 92
1
 93
5
 72
1
 10
361.8471418187
 20
53.5796832195
 11
361.869310127
 21
53.5086474048
 72
1
 10
361.869310127
 20
53.5086474048
 11
360.9987934342
 21
53.3807281495
 72
1
 10
360.9987934342
 20
53.3807281495
 11
360.9639053423
 21
53.516991835
 72
1
 10
360.9639053423
 20
53.516991835
 11
361.829474623
 21
53.6530712513
 72
1
 10
361.829474623
 20
53.6530712513
 11
361.8471418187
 21
53.5796832195
 97
1
330
56F
 75
0
 76
1
 98
1
 10
0.0
 20
0.0
  0
LWPOLYLINE
  5
571
100
AcDbEntity
  8
0
100
AcDbPolyline
 62
7
  6
CONTINUOUS
 90
6
 70
0
 10
371.8328741757
 20
53.5559008749
 10
371.8609881007
 20
53.4841823088
 10
370.9550193824
 20
53.3754331051
 10
370.9184535823
 20
53.5125498979
 10
371.8095694977
 20
53.630423558
 10
371.8328741757
 20
53.5559008749
  0
HATCH
  5
572
100
AcDbEntity
  8
0
100
AcDbHatch
 62
7
  6
CONTINUOUS
 10
0.0
 20
0.0
 30
0.0
210
0.0
220
0.0
230
1.0
  2
SOLID
 70
1
 71
1
 91
1
 92
1
 93
5
 72
1
 10
371.8328741757
 20
53.5559008749
 11
371.8609881007
 21
53.4841823088
 72
1
 10
371.8609881007
 20
53.4841823088
 11
370.9550193824
 21
53.3754331051
 72
1
 10
370.9550193824
 20
53.3754331051
 11
370.9184535823
 21
53.5125498979
 72
1
 10
370.9184535823
 20
53.5125498979
 11
371.8095694977
 21
53.630423558
 72
1
 10
371.8095694977
 20
53.630423558
 11
371.8328741757
 21
53.5559008749
 97
1
330
571
 75
0
 76
1
 98
1
 10
0.0
 20
0.0
  0
LWPOLYLINE
  5
573
100
AcDbEntity
  8
0
100
AcDbPolyline
 62
7
  6
CONTINUOUS
 90
6
 70
0
 10
350.5659024523
 20
53.5529871138
 10
350.5932685073
 20
53.481106252
 10
349.6693018984
 20
53.3707100266
 10
349.6388078499
 20
53.5068591622
 10
350.5432484943
 20
53.6277894538
 10
350.5659024523
 20
53.5529871138
  0
HATCH
  5
574
100
AcDbEntity
  8
0
100
AcDbHatch
 62
7
  6
CONTINUOUS
 10
0.0
 20
0.0
 30
0.0
210
0.0
220
0.0
230
1.0
  2
SOLID
 70
1
 71
1
 91
1
 92
1
 93
5
 72
1
 10
350.5659024523
 20
53.5529871138
 11
350.5932685073
 21
53.481106252
 72
1
 10
350.5932685073
 20
53.481106252
 11
349.6693018984
 21
53.3707100266
 72
1
 10
349.6693018984
 20
53.3707100266
 11
349.6388078499
 21
53.5068591622
 72
1
 10
349.6388078499
 20
53.5068591622
 11
350.5432484943
 21
53.6277894538
 72
1
 10
350.5432484943
 20
53.6277894538
 11
350.5659024523
 21
53.5529871138
 97
1
330
573
 75
0
 76
1
 98
1
 10
0.0
 20
0.0
  0
LWPOLYLINE
  5
575
100
AcDbEntity
  8
0
100
AcDbPolyline
 62
7
  6
CONTINUOUS
 90
6
 70
0
 10
361.8958714945
 20
53.4401483924
 10
361.9267178674
 20
53.3743707672
 10
361.0430953333
 20
53.2494271057
 10
360.9987934342
 20
53.3807281495
 10
361.869310127
 20
53.5086474048
 10
361.8958714945
 20
53.4401483924
  0
HATCH
  5
576
100
AcDbEntity
  8
0
100
AcDbHatch
 62
7
  6
CONTINUOUS
 10
0.0
 20
0.0
 30
0.0
210
0.0
220
0.0
230
1.0
  2
SOLID
 70
1
 71
1
 91
1
 92
1
 93
5
 72
1
 10
361.8958714945
 20
53.4401483924
 11
361.9267178674
 21
53.3743707672
 72
1
 10
361.9267178674
 20
53.3743707672
 11
361.0430953333
 21
53.2494271057
 72
1
 10
361.0430953333
 20
53.2494271057
 11
360.9987934342
 21
53.3807281495
 72
1
 10
360.9987934342
 20
53.3807281495
 11
361.869310127
 21
53.5086474048
 72
1
 10
361.869310127
 20
53.5086474048
 11
361.8958714945
 21
53.4401483924
 97
1
330
575
 75
0
 76
1
 98
1
 10
0.0
 20
0.0
  0
LWPOLYLINE
  5
577
100
AcDbEntity
  8
0
100
AcDbPolyline
 62
7
  6
CONTINUOUS
 90
6
 70
0
 10
371.8937764295
 20
53.4154888877
 10
371.9311043187
 20
53.3500416397
 10
371.0012462791
 20
53.243555184
 10
370.9550193824
 20
53.3754331051
 10
371.8609881007
 20
53.4841823088
 10
371.8937764295
 20
53.4154888877
  0
HATCH
  5
578
100
AcDbEntity
  8
0
100
AcDbHatch
 62
7
  6
CONTINUOUS
 10
0.0
 20
0.0
 30
0.0
210
0.0
220
0.0
230
1.0
  2
SOLID
 70
1
 71
1
 91
1
 92
1
 93
5
 72
1
 10
371.8937764295
 20
53.4154888877
 11
371.9311043187
 21
53.3500416397
 72
1
 10
371.9311043187
 20
53.3500416397
 11
371.0012462791
 21
53.243555184
 72
1
 10
371.0012462791
 20
53.243555184
 11
370.9550193824
 21
53.3754331051
 72
1
 10
370.9550193824
 20
53.3754331051
 11
371.8609881007
 21
53.4841823088
 72
1
 10
371.8609881007
 20
53.4841823088
 11
371.8937764295
 21
53.4154888877
 97
1
330
577
 75
0
 76
1
 98
1
 10
0.0
 20
0.0
  0
LWPOLYLINE
  5
579
100
AcDbEntity
  8
0
100
AcDbPolyline
 62
7
  6
CONTINUOUS
 90
6
 70
0
 10
350.6252291308
 20
53.4123655887
 10
350.661666794
 20
53.3469630137
 10
349.7077551589
 20
53.2408944055
 10
349.6693018984
 20
53.3707100266
 10
350.5932685073
 20
53.481106252
 10
350.6252291308
 20
53.4123655887
  0
HATCH
  5
57A
100
AcDbEntity
  8
0
100
AcDbHatch
 62
7
  6
CONTINUOUS
 10
0.0
 20
0.0
 30
0.0
210
0.0
220
0.0
230
1.0
  2
SOLID
 70
1
 71
1
 91
1
 92
1
 93
5
 72
1
 10
350.6252291308
 20
53.4123655887
 11
350.661666794
 21
53.3469630137
 72
1
 10
350.661666794
 20
53.3469630137
 11
349.7077551589
 21
53.2408944055
 72
1
 10
349.7077551589
 20
53.2408944055
 11
349.6693018984
 21
53.3707100266
 72
1
 10
349.6693018984
 20
53.3707100266
 11
350.5932685073
 21
53.481106252
 72
1
 10
350.5932685073
 20
53.481106252
 11
350.6252291308
 21
53.4123655887
 97
1
330
579
 75
0
 76
1
 98
1
 10
0.0
 20
0.0
  0
LWPOLYLINE
  5
57B
100
AcDbEntity
  8
0
100
AcDbPolyline
 62
7
  6
CONTINUOUS
 90
11
 70
0
 10
368.1885159841
 20
55.7389141688
 10
369.0505434001
 20
53.3679785224
 10
370.7192014321
 20
55.7110742002
 10
369.4330434721
 20
52.1653526725
 10
368.6334544561
 20
52.1653526725
 10
367.7365430401
 20
54.6125096824
 10
366.8466732241
 20
52.1653526725
 10
366.0678922081
 20
52.1653526725
 10
366.5339194801
 20
53.3471654824
 10
367.4027005681
 20
55.7389141688
 10
368.1885159841
 20
55.7389141688
  0
HATCH
  5
57C
100
AcDbEntity
  8
0
100
AcDbHatch
 62
7
  6
CONTINUOUS
 10
0.0
 20
0.0
 30
0.0
210
0.0
220
0.0
230
1.0
  2
SOLID
 70
1
 71
1
 91
1
 92
1
 93
10
 72
1
 10
368.1885159841
 20
55.7389141688
 11
369.0505434001
 21
53.3679785224
 72
1
 10
369.0505434001
 20
53.3679785224
 11
370.7192014321
 21
55.7110742002
 72
1
 10
370.7192014321
 20
55.7110742002
 11
369.4330434721
 21
52.1653526725
 72
1
 10
369.4330434721
 20
52.1653526725
 11
368.6334544561
 21
52.1653526725
 72
1
 10
368.6334544561
 20
52.1653526725
 11
367.7365430401
 21
54.6125096824
 72
1
 10
367.7365430401
 20
54.6125096824
 11
366.8466732241
 21
52.1653526725
 72
1
 10
366.8466732241
 20
52.1653526725
 11
366.0678922081
 21
52.1653526725
 72
1
 10
366.0678922081
 20
52.1653526725
 11
366.5339194801
 21
53.3471654824
 72
1
 10
366.5339194801
 20
53.3471654824
 11
367.4027005681
 21
55.7389141688
 72
1
 10
367.4027005681
 20
55.7389141688
 11
368.1885159841
 21
55.7389141688
 97
1
330
57B
 75
0
 76
1
 98
1
 10
0.0
 20
0.0
  0
SOLID
  5
57D
100
AcDbEntity
  8
0
100
AcDbTrace
 62
7
  6
CONTINUOUS
 10
369.0505434001
 20
53.3679785224
 11
369.8568932161
 21
55.7110742002
 12
370.7192014321
 22
55.7110742002
 13
370.7192014321
 23
55.7110742002
  0
LWPOLYLINE
  5
57E
100
AcDbEntity
  8
0
100
AcDbPolyline
 62
7
  6
CONTINUOUS
 90
7
 70
0
 10
362.0008334152
 20
53.251718019
 10
362.043886483
 20
53.195212066
 10
361.0965634101
 20
53.1234310877
 10
361.0430953333
 20
53.2494271057
 10
361.9267178674
 20
53.3743707672
 10
361.9617411921
 20
53.3114991144
 10
362.0008334152
 20
53.251718019
  0
HATCH
  5
57F
100
AcDbEntity
  8
0
100
AcDbHatch
 62
7
  6
CONTINUOUS
 10
0.0
 20
0.0
 30
0.0
210
0.0
220
0.0
230
1.0
  2
SOLID
 70
1
 71
1
 91
1
 92
1
 93
6
 72
1
 10
362.0008334152
 20
53.251718019
 11
362.043886483
 21
53.195212066
 72
1
 10
362.043886483
 20
53.195212066
 11
361.0965634101
 21
53.1234310877
 72
1
 10
361.0965634101
 20
53.1234310877
 11
361.0430953333
 21
53.2494271057
 72
1
 10
361.0430953333
 20
53.2494271057
 11
361.9267178674
 21
53.3743707672
 72
1
 10
361.9267178674
 20
53.3743707672
 11
361.9617411921
 21
53.3114991144
 72
1
 10
361.9617411921
 20
53.3114991144
 11
362.0008334152
 21
53.251718019
 97
1
330
57E
 75
0
 76
1
 98
1
 10
0.0
 20
0.0
  0
LWPOLYLINE
  5
580
100
AcDbEntity
  8
0
100
AcDbPolyline
 62
7
  6
CONTINUOUS
 90
6
 70
0
 10
371.9728369252
 20
53.2880615928
 10
372.0188394057
 20
53.2297697751
 10
371.0567829578
 20
53.1172233847
 10
371.0012462791
 20
53.243555184
 10
371.9311043187
 20
53.3500416397
 10
371.9728369252
 20
53.2880615928
  0
HATCH
  5
581
100
AcDbEntity
  8
0
100
AcDbHatch
 62
7
  6
CONTINUOUS
 10
0.0
 20
0.0
 30
0.0
210
0.0
220
0.0
230
1.0
  2
SOLID
 70
1
 71
1
 91
1
 92
1
 93
5
 72
1
 10
371.9728369252
 20
53.2880615928
 11
372.0188394057
 21
53.2297697751
 72
1
 10
372.0188394057
 20
53.2297697751
 11
371.0567829578
 21
53.1172233847
 72
1
 10
371.0567829578
 20
53.1172233847
 11
371.0012462791
 21
53.243555184
 72
1
 10
371.0012462791
 20
53.243555184
 11
371.9311043187
 21
53.3500416397
 72
1
 10
371.9311043187
 20
53.3500416397
 11
371.9728369252
 21
53.2880615928
 97
1
330
580
 75
0
 76
1
 98
1
 10
0.0
 20
0.0
  0
LWPOLYLINE
  5
582
100
AcDbEntity
  8
0
100
AcDbPolyline
 62
7
  6
CONTINUOUS
 90
6
 70
0
 10
350.702463968
 20
53.2851120396
 10
350.7475031244
 20
53.2270157638
 10
349.7538310175
 20
53.1175295745
 10
349.7077551589
 20
53.2408944055
 10
350.661666794
 20
53.3469630137
 10
350.702463968
 20
53.2851120396
  0
HATCH
  5
583
100
AcDbEntity
  8
0
100
AcDbHatch
 62
7
  6
CONTINUOUS
 10
0.0
 20
0.0
 30
0.0
210
0.0
220
0.0
230
1.0
  2
SOLID
 70
1
 71
1
 91
1
 92
1
 93
5
 72
1
 10
350.702463968
 20
53.2851120396
 11
350.7475031244
 21
53.2270157638
 72
1
 10
350.7475031244
 20
53.2270157638
 11
349.7538310175
 21
53.1175295745
 72
1
 10
349.7538310175
 20
53.1175295745
 11
349.7077551589
 21
53.2408944055
 72
1
 10
349.7077551589
 20
53.2408944055
 11
350.661666794
 21
53.3469630137
 72
1
 10
350.661666794
 20
53.3469630137
 11
350.702463968
 21
53.2851120396
 97
1
330
582
 75
0
 76
1
 98
1
 10
0.0
 20
0.0
  0
LWPOLYLINE
  5
584
100
AcDbEntity
  8
0
100
AcDbPolyline
 62
7
  6
CONTINUOUS
 90
31
 70
0
 10
363.6703244642
 20
53.2001855928
 10
363.6851378881
 20
53.2220112352
 10
364.5612341761
 20
53.2220112352
 10
364.5443544729
 20
53.1447862248
 10
364.5156464776
 20
53.0590471211
 10
364.4745916623
 20
52.9668435124
 10
364.4206714987
 20
52.8702268995
 10
364.3533674588
 20
52.7712487837
 10
364.2721610144
 20
52.671960666
 10
361.4927294185
 20
52.5850098331
 10
361.3971448993
 20
52.6793449585
 10
361.3094884091
 20
52.7806970309
 10
362.8301376721
 20
52.8397906984
 10
362.8961133475
 20
52.8411280083
 10
362.9589483945
 20
52.845018978
 10
363.0187070729
 20
52.8512821675
 10
363.0754536419
 20
52.8597361367
 10
363.1292523611
 20
52.8701994457
 10
363.1924532416
 20
52.8858278033
 10
363.2512740191
 20
52.9039578791
 10
363.3058402003
 20
52.9242352981
 10
363.356277292
 20
52.9463056852
 10
363.402710801
 20
52.9698146653
 10
363.4452662341
 20
52.9944078634
 10
363.4840690982
 20
53.0197309045
 10
363.5192449
 20
53.0454294134
 10
363.5607207975
 20
53.0796656531
 10
363.596269205
 20
53.113099391
 10
363.6261876203
 20
53.144890627
 10
363.6507735408
 20
53.174199361
 10
363.6703244642
 20
53.2001855928
  0
HATCH
  5
585
100
AcDbEntity
  8
0
100
AcDbHatch
 62
7
  6
CONTINUOUS
 10
0.0
 20
0.0
 30
0.0
210
0.0
220
0.0
230
1.0
  2
SOLID
 70
1
 71
1
 91
1
 92
1
 93
30
 72
1
 10
363.6703244642
 20
53.2001855928
 11
363.6851378881
 21
53.2220112352
 72
1
 10
363.6851378881
 20
53.2220112352
 11
364.5612341761
 21
53.2220112352
 72
1
 10
364.5612341761
 20
53.2220112352
 11
364.5443544729
 21
53.1447862248
 72
1
 10
364.5443544729
 20
53.1447862248
 11
364.5156464776
 21
53.0590471211
 72
1
 10
364.5156464776
 20
53.0590471211
 11
364.4745916623
 21
52.9668435124
 72
1
 10
364.4745916623
 20
52.9668435124
 11
364.4206714987
 21
52.8702268995
 72
1
 10
364.4206714987
 20
52.8702268995
 11
364.3533674588
 21
52.7712487837
 72
1
 10
364.3533674588
 20
52.7712487837
 11
364.2721610144
 21
52.671960666
 72
1
 10
364.2721610144
 20
52.671960666
 11
361.4927294185
 21
52.5850098331
 72
1
 10
361.4927294185
 20
52.5850098331
 11
361.3971448993
 21
52.6793449585
 72
1
 10
361.3971448993
 20
52.6793449585
 11
361.3094884091
 21
52.7806970309
 72
1
 10
361.3094884091
 20
52.7806970309
 11
362.8301376721
 21
52.8397906984
 72
1
 10
362.8301376721
 20
52.8397906984
 11
362.8961133475
 21
52.8411280083
 72
1
 10
362.8961133475
 20
52.8411280083
 11
362.9589483945
 21
52.845018978
 72
1
 10
362.9589483945
 20
52.845018978
 11
363.0187070729
 21
52.8512821675
 72
1
 10
363.0187070729
 20
52.8512821675
 11
363.0754536419
 21
52.8597361367
 72
1
 10
363.0754536419
 20
52.8597361367
 11
363.1292523611
 21
52.8701994457
 72
1
 10
363.1292523611
 20
52.8701994457
 11
363.1924532416
 21
52.8858278033
 72
1
 10
363.1924532416
 20
52.8858278033
 11
363.2512740191
 21
52.9039578791
 72
1
 10
363.2512740191
 20
52.9039578791
 11
363.3058402003
 21
52.9242352981
 72
1
 10
363.3058402003
 20
52.9242352981
 11
363.356277292
 21
52.9463056852
 72
1
 10
363.356277292
 20
52.9463056852
 11
363.402710801
 21
52.9698146653
 72
1
 10
363.402710801
 20
52.9698146653
 11
363.4452662341
 21
52.9944078634
 72
1
 10
363.4452662341
 20
52.9944078634
 11
363.4840690982
 21
53.0197309045
 72
1
 10
363.4840690982
 20
53.0197309045
 11
363.5192449
 21
53.0454294134
 72
1
 10
363.5192449
 20
53.0454294134
 11
363.5607207975
 21
53.0796656531
 72
1
 10
363.5607207975
 20
53.0796656531
 11
363.596269205
 21
53.113099391
 72
1
 10
363.596269205
 20
53.113099391
 11
363.6261876203
 21
53.144890627
 72
1
 10
363.6261876203
 20
53.144890627
 11
363.6507735408
 21
53.174199361
 72
1
 10
363.6507735408
 20
53.174199361
 11
363.6703244642
 21
53.2001855928
 97
1
330
584
 75
0
 76
1
 98
1
 10
0.0
 20
0.0
  0
LWPOLYLINE
  5
586
100
AcDbEntity
  8
0
100
AcDbPolyline
 62
7
  6
CONTINUOUS
 90
6
 70
0
 10
362.0907923418
 20
53.1421658405
 10
362.1414429381
 20
53.0927639276
 10
361.1589500348
 20
53.0030824797
 10
361.0965634101
 20
53.1234310877
 10
362.043886483
 20
53.195212066
 10
362.0907923418
 20
53.1421658405
  0
HATCH
  5
587
100
AcDbEntity
  8
0
100
AcDbHatch
 62
7
  6
CONTINUOUS
 10
0.0
 20
0.0
 30
0.0
210
0.0
220
0.0
230
1.0
  2
SOLID
 70
1
 71
1
 91
1
 92
1
 93
5
 72
1
 10
362.0907923418
 20
53.1421658405
 11
362.1414429381
 21
53.0927639276
 72
1
 10
362.1414429381
 20
53.0927639276
 11
361.1589500348
 21
53.0030824797
 72
1
 10
361.1589500348
 20
53.0030824797
 11
361.0965634101
 21
53.1234310877
 72
1
 10
361.0965634101
 20
53.1234310877
 11
362.043886483
 21
53.195212066
 72
1
 10
362.043886483
 20
53.195212066
 11
362.0907923418
 21
53.1421658405
 97
1
330
586
 75
0
 76
1
 98
1
 10
0.0
 20
0.0
  0
LWPOLYLINE
  5
588
100
AcDbEntity
  8
0
100
AcDbPolyline
 62
7
  6
CONTINUOUS
 90
7
 70
0
 10
350.8498372688
 20
53.1229205276
 10
350.9068971995
 20
53.0773381771
 10
349.8071928608
 20
53.0007328094
 10
349.7538310175
 20
53.1175295745
 10
350.7475031244
 20
53.2270157638
 10
350.7966667342
 20
53.1728824915
 10
350.8498372688
 20
53.1229205276
  0
HATCH
  5
589
100
AcDbEntity
  8
0
100
AcDbHatch
 62
7
  6
CONTINUOUS
 10
0.0
 20
0.0
 30
0.0
210
0.0
220
0.0
230
1.0
  2
SOLID
 70
1
 71
1
 91
1
 92
1
 93
6
 72
1
 10
350.8498372688
 20
53.1229205276
 11
350.9068971995
 21
53.0773381771
 72
1
 10
350.9068971995
 20
53.0773381771
 11
349.8071928608
 21
53.0007328094
 72
1
 10
349.8071928608
 20
53.0007328094
 11
349.7538310175
 21
53.1175295745
 72
1
 10
349.7538310175
 20
53.1175295745
 11
350.7475031244
 21
53.2270157638
 72
1
 10
350.7475031244
 20
53.2270157638
 11
350.7966667342
 21
53.1728824915
 72
1
 10
350.7966667342
 20
53.1728824915
 11
350.8498372688
 21
53.1229205276
 97
1
330
588
 75
0
 76
1
 98
1
 10
0.0
 20
0.0
  0
LWPOLYLINE
  5
58A
100
AcDbEntity
  8
0
100
AcDbPolyline
 62
7
  6
CONTINUOUS
 90
7
 70
0
 10
372.1231146157
 20
53.1251349394
 10
372.1811176587
 20
53.0792339775
 10
371.1212781041
 20
52.9967605799
 10
371.0567829578
 20
53.1172233847
 10
372.0188394057
 20
53.2297697751
 10
372.0689769169
 20
53.1753872146
 10
372.1231146157
 20
53.1251349394
  0
HATCH
  5
58B
100
AcDbEntity
  8
0
100
AcDbHatch
 62
7
  6
CONTINUOUS
 10
0.0
 20
0.0
 30
0.0
210
0.0
220
0.0
230
1.0
  2
SOLID
 70
1
 71
1
 91
1
 92
1
 93
6
 72
1
 10
372.1231146157
 20
53.1251349394
 11
372.1811176587
 21
53.0792339775
 72
1
 10
372.1811176587
 20
53.0792339775
 11
371.1212781041
 21
52.9967605799
 72
1
 10
371.1212781041
 20
52.9967605799
 11
371.0567829578
 21
53.1172233847
 72
1
 10
371.0567829578
 20
53.1172233847
 11
372.0188394057
 21
53.2297697751
 72
1
 10
372.0188394057
 20
53.2297697751
 11
372.0689769169
 21
53.1753872146
 72
1
 10
372.0689769169
 20
53.1753872146
 11
372.1231146157
 21
53.1251349394
 97
1
330
58A
 75
0
 76
1
 98
1
 10
0.0
 20
0.0
  0
LWPOLYLINE
  5
58C
100
AcDbEntity
  8
0
100
AcDbPolyline
 62
7
  6
CONTINUOUS
 90
7
 70
0
 10
362.2535461289
 20
53.0056313795
 10
362.3147826161
 20
52.9682699144
 10
361.2300075777
 20
52.8887236661
 10
361.1589500348
 20
53.0030824797
 10
362.1414429381
 20
53.0927639276
 10
362.1957302184
 20
53.0471909122
 10
362.2535461289
 20
53.0056313795
  0
HATCH
  5
58D
100
AcDbEntity
  8
0
100
AcDbHatch
 62
7
  6
CONTINUOUS
 10
0.0
 20
0.0
 30
0.0
210
0.0
220
0.0
230
1.0
  2
SOLID
 70
1
 71
1
 91
1
 92
1
 93
6
 72
1
 10
362.2535461289
 20
53.0056313795
 11
362.3147826161
 21
52.9682699144
 72
1
 10
362.3147826161
 20
52.9682699144
 11
361.2300075777
 21
52.8887236661
 72
1
 10
361.2300075777
 20
52.8887236661
 11
361.1589500348
 21
53.0030824797
 72
1
 10
361.1589500348
 20
53.0030824797
 11
362.1414429381
 21
53.0927639276
 72
1
 10
362.1414429381
 20
53.0927639276
 11
362.1957302184
 21
53.0471909122
 72
1
 10
362.1957302184
 20
53.0471909122
 11
362.2535461289
 21
53.0056313795
 97
1
330
58C
 75
0
 76
1
 98
1
 10
0.0
 20
0.0
  0
LWPOLYLINE
  5
58E
100
AcDbEntity
  8
0
100
AcDbPolyline
 62
7
  6
CONTINUOUS
 90
6
 70
0
 10
350.9677289975
 20
53.0363437452
 10
351.0322151341
 20
53.0001403292
 10
349.8675040751
 20
52.8906213858
 10
349.8071928608
 20
53.0007328094
 10
350.9068971995
 20
53.0773381771
 10
350.9677289975
 20
53.0363437452
  0
HATCH
  5
58F
100
AcDbEntity
  8
0
100
AcDbHatch
 62
7
  6
CONTINUOUS
 10
0.0
 20
0.0
 30
0.0
210
0.0
220
0.0
230
1.0
  2
SOLID
 70
1
 71
1
 91
1
 92
1
 93
5
 72
1
 10
350.9677289975
 20
53.0363437452
 11
351.0322151341
 21
53.0001403292
 72
1
 10
351.0322151341
 20
53.0001403292
 11
349.8675040751
 21
52.8906213858
 72
1
 10
349.8675040751
 20
52.8906213858
 11
349.8071928608
 21
53.0007328094
 72
1
 10
349.8071928608
 20
53.0007328094
 11
350.9068971995
 21
53.0773381771
 72
1
 10
350.9068971995
 20
53.0773381771
 11
350.9677289975
 21
53.0363437452
 97
1
330
58E
 75
0
 76
1
 98
1
 10
0.0
 20
0.0
  0
LWPOLYLINE
  5
590
100
AcDbEntity
  8
0
100
AcDbPolyline
 62
7
  6
CONTINUOUS
 90
7
 70
0
 10
372.3081804047
 20
53.0013701061
 10
372.3769704211
 20
52.9698492527
 10
371.1943804038
 20
52.8824740195
 10
371.1212781041
 20
52.9967605799
 10
372.1811176587
 20
53.0792339775
 10
372.2428512028
 20
53.0379053571
 10
372.3081804047
 20
53.0013701061
  0
HATCH
  5
591
100
AcDbEntity
  8
0
100
AcDbHatch
 62
7
  6
CONTINUOUS
 10
0.0
 20
0.0
 30
0.0
210
0.0
220
0.0
230
1.0
  2
SOLID
 70
1
 71
1
 91
1
 92
1
 93
6
 72
1
 10
372.3081804047
 20
53.0013701061
 11
372.3769704211
 21
52.9698492527
 72
1
 10
372.3769704211
 20
52.9698492527
 11
371.1943804038
 21
52.8824740195
 72
1
 10
371.1943804038
 20
52.8824740195
 11
371.1212781041
 21
52.9967605799
 72
1
 10
371.1212781041
 20
52.9967605799
 11
372.1811176587
 21
53.0792339775
 72
1
 10
372.1811176587
 20
53.0792339775
 11
372.2428512028
 21
53.0379053571
 72
1
 10
372.2428512028
 20
53.0379053571
 11
372.3081804047
 21
53.0013701061
 97
1
330
590
 75
0
 76
1
 98
1
 10
0.0
 20
0.0
  0
LWPOLYLINE
  5
592
100
AcDbEntity
  8
0
100
AcDbPolyline
 62
7
  6
CONTINUOUS
 90
26
 70
0
 10
351.4892914561
 20
52.8951962499
 10
351.570393688
 20
52.8982843721
 10
351.6487262358
 20
52.9074081328
 10
351.7241673796
 20
52.9223644347
 10
351.7965953994
 20
52.9429449727
 10
351.8658885751
 20
52.9689362341
 10
351.9319251869
 20
53.0001403292
 10
351.9945835148
 20
53.0363437452
 10
352.0537418388
 20
53.0773381771
 10
352.1092784388
 20
53.1229205276
 10
352.161071595
 20
53.1728824915
 10
352.2089995873
 20
53.2270157638
 10
352.2529406958
 20
53.2851120396
 10
352.2927732005
 20
53.3469630137
 10
352.3283753815
 20
53.4123655887
 10
352.3596255186
 20
53.481106252
 10
352.4418855841
 20
52.7492283784
 10
349.9344280466
 20
52.7873125795
 10
349.8675040751
 20
52.8906213858
 10
351.0322151341
 20
53.0001403292
 10
351.1002380806
 20
52.9689362341
 10
351.1716803083
 20
52.9429449727
 10
351.2464242884
 20
52.9223644347
 10
351.3243524922
 20
52.9074081328
 10
351.405347391
 20
52.8982843721
 10
351.4892914561
 20
52.8951962499
  0
HATCH
  5
593
100
AcDbEntity
  8
0
100
AcDbHatch
 62
7
  6
CONTINUOUS
 10
0.0
 20
0.0
 30
0.0
210
0.0
220
0.0
230
1.0
  2
SOLID
 70
1
 71
1
 91
1
 92
1
 93
25
 72
1
 10
351.4892914561
 20
52.8951962499
 11
351.570393688
 21
52.8982843721
 72
1
 10
351.570393688
 20
52.8982843721
 11
351.6487262358
 21
52.9074081328
 72
1
 10
351.6487262358
 20
52.9074081328
 11
351.7241673796
 21
52.9223644347
 72
1
 10
351.7241673796
 20
52.9223644347
 11
351.7965953994
 21
52.9429449727
 72
1
 10
351.7965953994
 20
52.9429449727
 11
351.8658885751
 21
52.9689362341
 72
1
 10
351.8658885751
 20
52.9689362341
 11
351.9319251869
 21
53.0001403292
 72
1
 10
351.9319251869
 20
53.0001403292
 11
351.9945835148
 21
53.0363437452
 72
1
 10
351.9945835148
 20
53.0363437452
 11
352.0537418388
 21
53.0773381771
 72
1
 10
352.0537418388
 20
53.0773381771
 11
352.1092784388
 21
53.1229205276
 72
1
 10
352.1092784388
 20
53.1229205276
 11
352.161071595
 21
53.1728824915
 72
1
 10
352.161071595
 20
53.1728824915
 11
352.2089995873
 21
53.2270157638
 72
1
 10
352.2089995873
 20
53.2270157638
 11
352.2529406958
 21
53.2851120396
 72
1
 10
352.2529406958
 20
53.2851120396
 11
352.2927732005
 21
53.3469630137
 72
1
 10
352.2927732005
 20
53.3469630137
 11
352.3283753815
 21
53.4123655887
 72
1
 10
352.3283753815
 20
53.4123655887
 11
352.3596255186
 21
53.481106252
 72
1
 10
352.3596255186
 20
53.481106252
 11
352.4418855841
 21
52.7492283784
 72
1
 10
352.4418855841
 20
52.7492283784
 11
349.9344280466
 21
52.7873125795
 72
1
 10
349.9344280466
 20
52.7873125795
 11
349.8675040751
 21
52.8906213858
 72
1
 10
349.8675040751
 20
52.8906213858
 11
351.0322151341
 21
53.0001403292
 72
1
 10
351.0322151341
 20
53.0001403292
 11
351.1002380806
 21
52.9689362341
 72
1
 10
351.1002380806
 20
52.9689362341
 11
351.1716803083
 21
52.9429449727
 72
1
 10
351.1716803083
 20
52.9429449727
 11
351.2464242884
 21
52.9223644347
 72
1
 10
351.2464242884
 20
52.9223644347
 11
351.3243524922
 21
52.9074081328
 72
1
 10
351.3243524922
 20
52.9074081328
 11
351.405347391
 21
52.8982843721
 72
1
 10
351.405347391
 20
52.8982843721
 11
351.4892914561
 21
52.8951962499
 97
1
330
592
 75
0
 76
1
 98
1
 10
0.0
 20
0.0
  0
LWPOLYLINE
  5
594
100
AcDbEntity
  8
0
100
AcDbPolyline
 62
7
  6
CONTINUOUS
 90
7
 70
0
 10
362.4470851063
 20
52.9068795276
 10
362.5179350021
 20
52.8832197759
 10
361.3094884091
 20
52.7806970309
 10
361.2300075777
 20
52.8887236661
 10
362.3147826161
 20
52.9682699144
 10
362.3793316265
 20
52.9352911021
 10
362.4470851063
 20
52.9068795276
  0
HATCH
  5
595
100
AcDbEntity
  8
0
100
AcDbHatch
 62
7
  6
CONTINUOUS
 10
0.0
 20
0.0
 30
0.0
210
0.0
220
0.0
230
1.0
  2
SOLID
 70
1
 71
1
 91
1
 92
1
 93
6
 72
1
 10
362.4470851063
 20
52.9068795276
 11
362.5179350021
 21
52.8832197759
 72
1
 10
362.5179350021
 20
52.8832197759
 11
361.3094884091
 21
52.7806970309
 72
1
 10
361.3094884091
 20
52.7806970309
 11
361.2300075777
 21
52.8887236661
 72
1
 10
361.2300075777
 20
52.8887236661
 11
362.3147826161
 21
52.9682699144
 72
1
 10
362.3147826161
 20
52.9682699144
 11
362.3793316265
 21
52.9352911021
 72
1
 10
362.3793316265
 20
52.9352911021
 11
362.4470851063
 21
52.9068795276
 97
1
330
594
 75
0
 76
1
 98
1
 10
0.0
 20
0.0
  0
LWPOLYLINE
  5
596
100
AcDbEntity
  8
0
100
AcDbPolyline
 62
7
  6
CONTINUOUS
 90
35
 70
0
 10
372.7681132081
 20
52.8951962499
 10
372.8512650623
 20
52.8982843721
 10
374.3335718371
 20
52.8824740195
 10
374.2520532523
 20
52.7746813688
 10
374.1626968391
 20
52.6737002929
 10
374.0658719457
 20
52.5798484569
 10
373.9619479204
 20
52.4934383186
 10
373.8512941114
 20
52.4147823354
 10
373.7342798668
 20
52.3441981725
 10
373.6112745349
 20
52.282003495
 10
373.4826474638
 20
52.2285107607
 10
373.3487680018
 20
52.1840376346
 10
373.210005497
 20
52.1488965743
 10
373.0667292977
 20
52.123405245
 10
372.919308752
 20
52.1078813118
 10
372.7681132081
 20
52.1026343944
 10
372.615087524
 20
52.1078813118
 10
372.4661019062
 20
52.123405245
 10
372.3215076691
 20
52.1488965743
 10
372.1816561272
 20
52.1840376346
 10
372.0468985948
 20
52.2285107607
 10
371.9175863864
 20
52.282003495
 10
371.7940708161
 20
52.3441981725
 10
371.6767031986
 20
52.4147823354
 10
371.565834848
 20
52.4934383186
 10
371.4618170789
 20
52.5798484569
 10
371.3650012056
 20
52.6737002929
 10
371.2757385424
 20
52.7746813688
 10
371.1943804038
 20
52.8824740195
 10
372.3769704211
 20
52.9698492527
 10
372.4490864089
 20
52.9435638248
 10
372.5243935247
 20
52.9227348506
 10
372.6027569253
 20
52.9075833581
 10
372.6840417676
 20
52.8983303753
 10
372.7681132081
 20
52.8951962499
  0
HATCH
  5
597
100
AcDbEntity
  8
0
100
AcDbHatch
 62
7
  6
CONTINUOUS
 10
0.0
 20
0.0
 30
0.0
210
0.0
220
0.0
230
1.0
  2
SOLID
 70
1
 71
1
 91
1
 92
1
 93
34
 72
1
 10
372.7681132081
 20
52.8951962499
 11
372.8512650623
 21
52.8982843721
 72
1
 10
372.8512650623
 20
52.8982843721
 11
374.3335718371
 21
52.8824740195
 72
1
 10
374.3335718371
 20
52.8824740195
 11
374.2520532523
 21
52.7746813688
 72
1
 10
374.2520532523
 20
52.7746813688
 11
374.1626968391
 21
52.6737002929
 72
1
 10
374.1626968391
 20
52.6737002929
 11
374.0658719457
 21
52.5798484569
 72
1
 10
374.0658719457
 20
52.5798484569
 11
373.9619479204
 21
52.4934383186
 72
1
 10
373.9619479204
 20
52.4934383186
 11
373.8512941114
 21
52.4147823354
 72
1
 10
373.8512941114
 20
52.4147823354
 11
373.7342798668
 21
52.3441981725
 72
1
 10
373.7342798668
 20
52.3441981725
 11
373.6112745349
 21
52.282003495
 72
1
 10
373.6112745349
 20
52.282003495
 11
373.4826474638
 21
52.2285107607
 72
1
 10
373.4826474638
 20
52.2285107607
 11
373.3487680018
 21
52.1840376346
 72
1
 10
373.3487680018
 20
52.1840376346
 11
373.210005497
 21
52.1488965743
 72
1
 10
373.210005497
 20
52.1488965743
 11
373.0667292977
 21
52.123405245
 72
1
 10
373.0667292977
 20
52.123405245
 11
372.919308752
 21
52.1078813118
 72
1
 10
372.919308752
 20
52.1078813118
 11
372.7681132081
 21
52.1026343944
 72
1
 10
372.7681132081
 20
52.1026343944
 11
372.615087524
 21
52.1078813118
 72
1
 10
372.615087524
 20
52.1078813118
 11
372.4661019062
 21
52.123405245
 72
1
 10
372.4661019062
 20
52.123405245
 11
372.3215076691
 21
52.1488965743
 72
1
 10
372.3215076691
 20
52.1488965743
 11
372.1816561272
 21
52.1840376346
 72
1
 10
372.1816561272
 20
52.1840376346
 11
372.0468985948
 21
52.2285107607
 72
1
 10
372.0468985948
 20
52.2285107607
 11
371.9175863864
 21
52.282003495
 72
1
 10
371.9175863864
 20
52.282003495
 11
371.7940708161
 21
52.3441981725
 72
1
 10
371.7940708161
 20
52.3441981725
 11
371.6767031986
 21
52.4147823354
 72
1
 10
371.6767031986
 20
52.4147823354
 11
371.565834848
 21
52.4934383186
 72
1
 10
371.565834848
 20
52.4934383186
 11
371.4618170789
 21
52.5798484569
 72
1
 10
371.4618170789
 20
52.5798484569
 11
371.3650012056
 21
52.6737002929
 72
1
 10
371.3650012056
 20
52.6737002929
 11
371.2757385424
 21
52.7746813688
 72
1
 10
371.2757385424
 20
52.7746813688
 11
371.1943804038
 21
52.8824740195
 72
1
 10
371.1943804038
 20
52.8824740195
 11
372.3769704211
 21
52.9698492527
 72
1
 10
372.3769704211
 20
52.9698492527
 11
372.4490864089
 21
52.9435638248
 72
1
 10
372.4490864089
 20
52.9435638248
 11
372.5243935247
 21
52.9227348506
 72
1
 10
372.5243935247
 20
52.9227348506
 11
372.6027569253
 21
52.9075833581
 72
1
 10
372.6027569253
 20
52.9075833581
 11
372.6840417676
 21
52.8983303753
 72
1
 10
372.6840417676
 20
52.8983303753
 11
372.7681132081
 21
52.8951962499
 97
1
330
596
 75
0
 76
1
 98
1
 10
0.0
 20
0.0
  0
LWPOLYLINE
  5
598
100
AcDbEntity
  8
0
100
AcDbPolyline
 62
7
  6
CONTINUOUS
 90
7
 70
0
 10
362.8301376721
 20
52.8397906984
 10
361.3094884091
 20
52.7806970309
 10
362.5179350021
 20
52.8832197759
 10
362.5917732601
 20
52.864496432
 10
362.6684918269
 20
52.8508940812
 10
362.7479826487
 20
52.8425973083
 10
362.8301376721
 20
52.8397906984
  0
HATCH
  5
599
100
AcDbEntity
  8
0
100
AcDbHatch
 62
7
  6
CONTINUOUS
 10
0.0
 20
0.0
 30
0.0
210
0.0
220
0.0
230
1.0
  2
SOLID
 70
1
 71
1
 91
1
 92
1
 93
6
 72
1
 10
362.8301376721
 20
52.8397906984
 11
361.3094884091
 21
52.7806970309
 72
1
 10
361.3094884091
 20
52.7806970309
 11
362.5179350021
 21
52.8832197759
 72
1
 10
362.5179350021
 20
52.8832197759
 11
362.5917732601
 21
52.864496432
 72
1
 10
362.5917732601
 20
52.864496432
 11
362.6684918269
 21
52.8508940812
 72
1
 10
362.6684918269
 20
52.8508940812
 11
362.7479826487
 21
52.8425973083
 72
1
 10
362.7479826487
 20
52.8425973083
 11
362.8301376721
 21
52.8397906984
 97
1
330
598
 75
0
 76
1
 98
1
 10
0.0
 20
0.0
  0
LWPOLYLINE
  5
59A
100
AcDbEntity
  8
0
100
AcDbPolyline
 62
7
  6
CONTINUOUS
 90
8
 70
0
 10
352.4125543442
 20
52.6960469762
 10
352.3913565047
 20
52.6633438437
 10
350.0867678071
 20
52.6015719214
 10
350.0076281619
 20
52.6909236661
 10
349.9344280466
 20
52.7873125795
 10
352.4418855841
 20
52.7492283784
 10
352.4293608788
 20
52.7248819434
 10
352.4125543442
 20
52.6960469762
  0
HATCH
  5
59B
100
AcDbEntity
  8
0
100
AcDbHatch
 62
7
  6
CONTINUOUS
 10
0.0
 20
0.0
 30
0.0
210
0.0
220
0.0
230
1.0
  2
SOLID
 70
1
 71
1
 91
1
 92
1
 93
7
 72
1
 10
352.4125543442
 20
52.6960469762
 11
352.3913565047
 21
52.6633438437
 72
1
 10
352.3913565047
 20
52.6633438437
 11
350.0867678071
 21
52.6015719214
 72
1
 10
350.0867678071
 20
52.6015719214
 11
350.0076281619
 21
52.6909236661
 72
1
 10
350.0076281619
 20
52.6909236661
 11
349.9344280466
 21
52.7873125795
 72
1
 10
349.9344280466
 20
52.7873125795
 11
352.4418855841
 21
52.7492283784
 72
1
 10
352.4418855841
 20
52.7492283784
 11
352.4293608788
 21
52.7248819434
 72
1
 10
352.4293608788
 20
52.7248819434
 11
352.4125543442
 21
52.6960469762
 97
1
330
59A
 75
0
 76
1
 98
1
 10
0.0
 20
0.0
  0
LWPOLYLINE
  5
59C
100
AcDbEntity
  8
0
100
AcDbPolyline
 62
7
  6
CONTINUOUS
 90
6
 70
0
 10
352.3656578841
 20
52.6273929125
 10
352.3242026242
 20
52.5754784455
 10
350.1802798257
 20
52.5115529006
 10
350.0867678071
 20
52.6015719214
 10
352.3913565047
 20
52.6633438437
 10
352.3656578841
 20
52.6273929125
  0
HATCH
  5
59D
100
AcDbEntity
  8
0
100
AcDbHatch
 62
7
  6
CONTINUOUS
 10
0.0
 20
0.0
 30
0.0
210
0.0
220
0.0
230
1.0
  2
SOLID
 70
1
 71
1
 91
1
 92
1
 93
5
 72
1
 10
352.3656578841
 20
52.6273929125
 11
352.3242026242
 21
52.5754784455
 72
1
 10
352.3242026242
 20
52.5754784455
 11
350.1802798257
 21
52.5115529006
 72
1
 10
350.1802798257
 20
52.5115529006
 11
350.0867678071
 21
52.6015719214
 72
1
 10
350.0867678071
 20
52.6015719214
 11
352.3913565047
 21
52.6633438437
 72
1
 10
352.3913565047
 20
52.6633438437
 11
352.3656578841
 21
52.6273929125
 97
1
330
59C
 75
0
 76
1
 98
1
 10
0.0
 20
0.0
  0
LWPOLYLINE
  5
59E
100
AcDbEntity
  8
0
100
AcDbPolyline
 62
7
  6
CONTINUOUS
 90
18
 70
0
 10
364.2018208011
 20
52.5985252451
 10
364.1231500591
 20
52.5269348944
 10
364.0359300345
 20
52.458055091
 10
363.9399419731
 20
52.3927513119
 10
363.8349671208
 20
52.3318890341
 10
363.7207867238
 20
52.2763337346
 10
363.5971820278
 20
52.2269508904
 10
363.4639342788
 20
52.1846059785
 10
362.3630049709
 20
52.1498987463
 10
362.2188578803
 20
52.1855284843
 10
362.0809054106
 20
52.2305718589
 10
361.9493951918
 20
52.2846864859
 10
361.8245748535
 20
52.3475299811
 10
361.7066920253
 20
52.4187599601
 10
361.5959943371
 20
52.4980340389
 10
361.4927294185
 20
52.5850098331
 10
364.2721610144
 20
52.671960666
 10
364.2018208011
 20
52.5985252451
  0
HATCH
  5
59F
100
AcDbEntity
  8
0
100
AcDbHatch
 62
7
  6
CONTINUOUS
 10
0.0
 20
0.0
 30
0.0
210
0.0
220
0.0
230
1.0
  2
SOLID
 70
1
 71
1
 91
1
 92
1
 93
17
 72
1
 10
364.2018208011
 20
52.5985252451
 11
364.1231500591
 21
52.5269348944
 72
1
 10
364.1231500591
 20
52.5269348944
 11
364.0359300345
 21
52.458055091
 72
1
 10
364.0359300345
 20
52.458055091
 11
363.9399419731
 21
52.3927513119
 72
1
 10
363.9399419731
 20
52.3927513119
 11
363.8349671208
 21
52.3318890341
 72
1
 10
363.8349671208
 20
52.3318890341
 11
363.7207867238
 21
52.2763337346
 72
1
 10
363.7207867238
 20
52.2763337346
 11
363.5971820278
 21
52.2269508904
 72
1
 10
363.5971820278
 20
52.2269508904
 11
363.4639342788
 21
52.1846059785
 72
1
 10
363.4639342788
 20
52.1846059785
 11
362.3630049709
 21
52.1498987463
 72
1
 10
362.3630049709
 20
52.1498987463
 11
362.2188578803
 21
52.1855284843
 72
1
 10
362.2188578803
 20
52.1855284843
 11
362.0809054106
 21
52.2305718589
 72
1
 10
362.0809054106
 20
52.2305718589
 11
361.9493951918
 21
52.2846864859
 72
1
 10
361.9493951918
 20
52.2846864859
 11
361.8245748535
 21
52.3475299811
 72
1
 10
361.8245748535
 20
52.3475299811
 11
361.7066920253
 21
52.4187599601
 72
1
 10
361.7066920253
 20
52.4187599601
 11
361.5959943371
 21
52.4980340389
 72
1
 10
361.5959943371
 20
52.4980340389
 11
361.4927294185
 21
52.5850098331
 72
1
 10
361.4927294185
 20
52.5850098331
 11
364.2721610144
 21
52.671960666
 72
1
 10
364.2721610144
 20
52.671960666
 11
364.2018208011
 21
52.5985252451
 97
1
330
59E
 75
0
 76
1
 98
1
 10
0.0
 20
0.0
  0
LWPOLYLINE
  5
5A0
100
AcDbEntity
  8
0
100
AcDbPolyline
 62
7
  6
CONTINUOUS
 90
8
 70
0
 10
352.2742918535
 20
52.5203634877
 10
352.2156660735
 20
52.4635185383
 10
352.1658214091
 20
52.4206341162
 10
350.3858503183
 20
52.358109868
 10
350.2801233404
 20
52.4303468515
 10
350.1802798257
 20
52.5115529006
 10
352.3242026242
 20
52.5754784455
 10
352.2742918535
 20
52.5203634877
  0
HATCH
  5
5A1
100
AcDbEntity
  8
0
100
AcDbHatch
 62
7
  6
CONTINUOUS
 10
0.0
 20
0.0
 30
0.0
210
0.0
220
0.0
230
1.0
  2
SOLID
 70
1
 71
1
 91
1
 92
1
 93
7
 72
1
 10
352.2742918535
 20
52.5203634877
 11
352.2156660735
 21
52.4635185383
 72
1
 10
352.2156660735
 20
52.4635185383
 11
352.1658214091
 21
52.4206341162
 72
1
 10
352.1658214091
 20
52.4206341162
 11
350.3858503183
 21
52.358109868
 72
1
 10
350.3858503183
 20
52.358109868
 11
350.2801233404
 21
52.4303468515
 72
1
 10
350.2801233404
 20
52.4303468515
 11
350.1802798257
 21
52.5115529006
 72
1
 10
350.1802798257
 20
52.5115529006
 11
352.3242026242
 21
52.5754784455
 72
1
 10
352.3242026242
 20
52.5754784455
 11
352.2742918535
 21
52.5203634877
 97
1
330
5A0
 75
0
 76
1
 98
1
 10
0.0
 20
0.0
  0
LWPOLYLINE
  5
5A2
100
AcDbEntity
  8
0
100
AcDbPolyline
 62
7
  6
CONTINUOUS
 90
6
 70
0
 10
352.1108191081
 20
52.3782240964
 10
352.0505496947
 20
52.3369088456
 10
350.4970127268
 20
52.2949980441
 10
350.3858503183
 20
52.358109868
 10
352.1658214091
 20
52.4206341162
 10
352.1108191081
 20
52.3782240964
  0
HATCH
  5
5A3
100
AcDbEntity
  8
0
100
AcDbHatch
 62
7
  6
CONTINUOUS
 10
0.0
 20
0.0
 30
0.0
210
0.0
220
0.0
230
1.0
  2
SOLID
 70
1
 71
1
 91
1
 92
1
 93
5
 72
1
 10
352.1108191081
 20
52.3782240964
 11
352.0505496947
 21
52.3369088456
 72
1
 10
352.0505496947
 20
52.3369088456
 11
350.4970127268
 21
52.2949980441
 72
1
 10
350.4970127268
 20
52.2949980441
 11
350.3858503183
 21
52.358109868
 72
1
 10
350.3858503183
 20
52.358109868
 11
352.1658214091
 21
52.4206341162
 72
1
 10
352.1658214091
 20
52.4206341162
 11
352.1108191081
 21
52.3782240964
 97
1
330
5A2
 75
0
 76
1
 98
1
 10
0.0
 20
0.0
  0
LWPOLYLINE
  5
5A4
100
AcDbEntity
  8
0
100
AcDbPolyline
 62
7
  6
CONTINUOUS
 90
10
 70
0
 10
351.9849036929
 20
52.2973087305
 10
351.9137716267
 20
52.2600441181
 10
351.8370440203
 20
52.225735375
 10
351.7546113976
 20
52.1950028682
 10
350.8586322078
 20
52.1619744697
 10
350.7338517043
 20
52.196774251
 10
350.613162533
 20
52.2411674738
 10
350.4970127268
 20
52.2949980441
 10
352.0505496947
 20
52.3369088456
 10
351.9849036929
 20
52.2973087305
  0
HATCH
  5
5A5
100
AcDbEntity
  8
0
100
AcDbHatch
 62
7
  6
CONTINUOUS
 10
0.0
 20
0.0
 30
0.0
210
0.0
220
0.0
230
1.0
  2
SOLID
 70
1
 71
1
 91
1
 92
1
 93
9
 72
1
 10
351.9849036929
 20
52.2973087305
 11
351.9137716267
 21
52.2600441181
 72
1
 10
351.9137716267
 20
52.2600441181
 11
351.8370440203
 21
52.225735375
 72
1
 10
351.8370440203
 20
52.225735375
 11
351.7546113976
 21
52.1950028682
 72
1
 10
351.7546113976
 20
52.1950028682
 11
350.8586322078
 21
52.1619744697
 72
1
 10
350.8586322078
 20
52.1619744697
 11
350.7338517043
 21
52.196774251
 72
1
 10
350.7338517043
 20
52.196774251
 11
350.613162533
 21
52.2411674738
 72
1
 10
350.613162533
 20
52.2411674738
 11
350.4970127268
 21
52.2949980441
 72
1
 10
350.4970127268
 20
52.2949980441
 11
352.0505496947
 21
52.3369088456
 72
1
 10
352.0505496947
 20
52.3369088456
 11
351.9849036929
 21
52.2973087305
 97
1
330
5A4
 75
0
 76
1
 98
1
 10
0.0
 20
0.0
  0
LWPOLYLINE
  5
5A6
100
AcDbEntity
  8
0
100
AcDbPolyline
 62
7
  6
CONTINUOUS
 90
10
 70
0
 10
347.3768534161
 20
54.0424154289
 10
347.3768534161
 20
52.1931978487
 10
346.4937277681
 20
52.1931978487
 10
347.4415799565
 20
54.4304304351
 10
347.4213130926
 20
54.3749588029
 10
347.4049944507
 20
54.3158470401
 10
347.3925065965
 20
54.2530691086
 10
347.3837320956
 20
54.1865937626
 10
347.3785535136
 20
54.1163845487
 10
347.3768534161
 20
54.0424154289
  0
HATCH
  5
5A7
100
AcDbEntity
  8
0
100
AcDbHatch
 62
7
  6
CONTINUOUS
 10
0.0
 20
0.0
 30
0.0
210
0.0
220
0.0
230
1.0
  2
SOLID
 70
1
 71
1
 91
1
 92
1
 93
9
 72
1
 10
347.3768534161
 20
54.0424154289
 11
347.3768534161
 21
52.1931978487
 72
1
 10
347.3768534161
 20
52.1931978487
 11
346.4937277681
 21
52.1931978487
 72
1
 10
346.4937277681
 20
52.1931978487
 11
347.4415799565
 21
54.4304304351
 72
1
 10
347.4415799565
 20
54.4304304351
 11
347.4213130926
 21
54.3749588029
 72
1
 10
347.4213130926
 20
54.3749588029
 11
347.4049944507
 21
54.3158470401
 72
1
 10
347.4049944507
 20
54.3158470401
 11
347.3925065965
 21
54.2530691086
 72
1
 10
347.3925065965
 20
54.2530691086
 11
347.3837320956
 21
54.1865937626
 72
1
 10
347.3837320956
 20
54.1865937626
 11
347.3785535136
 21
54.1163845487
 72
1
 10
347.3785535136
 20
54.1163845487
 11
347.3768534161
 21
54.0424154289
 97
1
330
5A6
 75
0
 76
1
 98
1
 10
0.0
 20
0.0
  0
LWPOLYLINE
  5
5A8
100
AcDbEntity
  8
0
100
AcDbPolyline
 62
7
  6
CONTINUOUS
 90
13
 70
0
 10
355.1137616641
 20
54.0702606052
 10
355.1137616641
 20
52.1931978487
 10
354.2309176081
 20
52.1931978487
 10
354.2309176081
 20
55.7110742002
 10
355.1137616641
 20
55.7110742002
 10
355.1137616641
 20
55.120164877
 10
355.1936595738
 20
54.4907295367
 10
355.169660862
 20
54.4274048044
 10
355.1498024553
 20
54.3611898397
 10
355.134183843
 20
54.2922200409
 10
355.1229045142
 20
54.220646429
 10
355.1160639582
 20
54.1466148177
 10
355.1137616641
 20
54.0702606052
  0
HATCH
  5
5A9
100
AcDbEntity
  8
0
100
AcDbHatch
 62
7
  6
CONTINUOUS
 10
0.0
 20
0.0
 30
0.0
210
0.0
220
0.0
230
1.0
  2
SOLID
 70
1
 71
1
 91
1
 92
1
 93
12
 72
1
 10
355.1137616641
 20
54.0702606052
 11
355.1137616641
 21
52.1931978487
 72
1
 10
355.1137616641
 20
52.1931978487
 11
354.2309176081
 21
52.1931978487
 72
1
 10
354.2309176081
 20
52.1931978487
 11
354.2309176081
 21
55.7110742002
 72
1
 10
354.2309176081
 20
55.7110742002
 11
355.1137616641
 21
55.7110742002
 72
1
 10
355.1137616641
 20
55.7110742002
 11
355.1137616641
 21
55.120164877
 72
1
 10
355.1137616641
 20
55.120164877
 11
355.1936595738
 21
54.4907295367
 72
1
 10
355.1936595738
 20
54.4907295367
 11
355.169660862
 21
54.4274048044
 72
1
 10
355.169660862
 20
54.4274048044
 11
355.1498024553
 21
54.3611898397
 72
1
 10
355.1498024553
 20
54.3611898397
 11
355.134183843
 21
54.2922200409
 72
1
 10
355.134183843
 20
54.2922200409
 11
355.1229045142
 21
54.220646429
 72
1
 10
355.1229045142
 20
54.220646429
 11
355.1160639582
 21
54.1466148177
 72
1
 10
355.1160639582
 20
54.1466148177
 11
355.1137616641
 21
54.0702606052
 97
1
330
5A8
 75
0
 76
1
 98
1
 10
0.0
 20
0.0
  0
LWPOLYLINE
  5
5AA
100
AcDbEntity
  8
0
100
AcDbPolyline
 62
7
  6
CONTINUOUS
 90
10
 70
0
 10
376.1599837441
 20
54.0424154289
 10
376.1599837441
 20
52.1931978487
 10
375.2768603281
 20
52.1931978487
 10
376.2247112207
 20
54.4304304351
 10
376.2044441111
 20
54.3749588029
 10
376.1881252465
 20
54.3158470401
 10
376.1756372022
 20
54.2530691086
 10
376.1668625535
 20
54.1865937626
 10
376.1616838757
 20
54.1163845487
 10
376.1599837441
 20
54.0424154289
  0
HATCH
  5
5AB
100
AcDbEntity
  8
0
100
AcDbHatch
 62
7
  6
CONTINUOUS
 10
0.0
 20
0.0
 30
0.0
210
0.0
220
0.0
230
1.0
  2
SOLID
 70
1
 71
1
 91
1
 92
1
 93
9
 72
1
 10
376.1599837441
 20
54.0424154289
 11
376.1599837441
 21
52.1931978487
 72
1
 10
376.1599837441
 20
52.1931978487
 11
375.2768603281
 21
52.1931978487
 72
1
 10
375.2768603281
 20
52.1931978487
 11
376.2247112207
 21
54.4304304351
 72
1
 10
376.2247112207
 20
54.4304304351
 11
376.2044441111
 21
54.3749588029
 72
1
 10
376.2044441111
 20
54.3749588029
 11
376.1881252465
 21
54.3158470401
 72
1
 10
376.1881252465
 20
54.3158470401
 11
376.1756372022
 21
54.2530691086
 72
1
 10
376.1756372022
 20
54.2530691086
 11
376.1668625535
 21
54.1865937626
 72
1
 10
376.1668625535
 20
54.1865937626
 11
376.1616838757
 21
54.1163845487
 72
1
 10
376.1616838757
 20
54.1163845487
 11
376.1599837441
 21
54.0424154289
 97
1
330
5AA
 75
0
 76
1
 98
1
 10
0.0
 20
0.0
  0
SOLID
  5
5AC
100
AcDbEntity
  8
0
100
AcDbTrace
 62
7
  6
CONTINUOUS
 10
366.5339194801
 20
53.3471654824
 11
366.0678922081
 21
52.1653526725
 12
365.7202616641
 22
55.7110742002
 13
364.7538918481
 23
55.7110742002
  0
LWPOLYLINE
  5
5AD
100
AcDbEntity
  8
0
100
AcDbPolyline
 62
7
  6
CONTINUOUS
 90
8
 70
0
 10
351.6663642829
 20
52.1684669643
 10
351.5915065889
 20
52.1506766818
 10
351.5128015038
 20
52.1362868877
 10
351.1186750805
 20
52.1217796074
 10
350.9870560108
 20
52.1369242238
 10
350.8586322078
 20
52.1619744697
 10
351.7546113976
 20
52.1950028682
 10
351.6663642829
 20
52.1684669643
  0
HATCH
  5
5AE
100
AcDbEntity
  8
0
100
AcDbHatch
 62
7
  6
CONTINUOUS
 10
0.0
 20
0.0
 30
0.0
210
0.0
220
0.0
230
1.0
  2
SOLID
 70
1
 71
1
 91
1
 92
1
 93
7
 72
1
 10
351.6663642829
 20
52.1684669643
 11
351.5915065889
 21
52.1506766818
 72
1
 10
351.5915065889
 20
52.1506766818
 11
351.5128015038
 21
52.1362868877
 72
1
 10
351.5128015038
 20
52.1362868877
 11
351.1186750805
 21
52.1217796074
 72
1
 10
351.1186750805
 20
52.1217796074
 11
350.9870560108
 21
52.1369242238
 72
1
 10
350.9870560108
 20
52.1369242238
 11
350.8586322078
 21
52.1619744697
 72
1
 10
350.8586322078
 20
52.1619744697
 11
351.7546113976
 21
52.1950028682
 72
1
 10
351.7546113976
 20
52.1950028682
 11
351.6663642829
 21
52.1684669643
 97
1
330
5AD
 75
0
 76
1
 98
1
 10
0.0
 20
0.0
  0
LWPOLYLINE
  5
5AF
100
AcDbEntity
  8
0
100
AcDbPolyline
 62
7
  6
CONTINUOUS
 90
10
 70
0
 10
363.3502460788
 20
52.1563789609
 10
363.2301343202
 20
52.1336532494
 10
363.1034870009
 20
52.1168719683
 10
362.9701921189
 20
52.1064782419
 10
362.8301376721
 20
52.1029151944
 10
362.6688924966
 20
52.1082497171
 10
362.5130990529
 20
52.1240250292
 10
362.3630049709
 20
52.1498987463
 10
363.4639342788
 20
52.1846059785
 10
363.3502460788
 20
52.1563789609
  0
HATCH
  5
5B0
100
AcDbEntity
  8
0
100
AcDbHatch
 62
7
  6
CONTINUOUS
 10
0.0
 20
0.0
 30
0.0
210
0.0
220
0.0
230
1.0
  2
SOLID
 70
1
 71
1
 91
1
 92
1
 93
9
 72
1
 10
363.3502460788
 20
52.1563789609
 11
363.2301343202
 21
52.1336532494
 72
1
 10
363.2301343202
 20
52.1336532494
 11
363.1034870009
 21
52.1168719683
 72
1
 10
363.1034870009
 20
52.1168719683
 11
362.9701921189
 21
52.1064782419
 72
1
 10
362.9701921189
 20
52.1064782419
 11
362.8301376721
 21
52.1029151944
 72
1
 10
362.8301376721
 20
52.1029151944
 11
362.6688924966
 21
52.1082497171
 72
1
 10
362.6688924966
 20
52.1082497171
 11
362.5130990529
 21
52.1240250292
 72
1
 10
362.5130990529
 20
52.1240250292
 11
362.3630049709
 21
52.1498987463
 72
1
 10
362.3630049709
 20
52.1498987463
 11
363.4639342788
 21
52.1846059785
 72
1
 10
363.4639342788
 20
52.1846059785
 11
363.3502460788
 21
52.1563789609
 97
1
330
5AF
 75
0
 76
1
 98
1
 10
0.0
 20
0.0
  0
LWPOLYLINE
  5
5B1
100
AcDbEntity
  8
0
100
AcDbPolyline
 62
7
  6
CONTINUOUS
 90
6
 70
0
 10
351.4301929757
 20
52.12561521
 10
351.343624953
 20
52.1189792763
 10
351.2530413841
 20
52.1166967144
 10
351.1186750805
 20
52.1217796074
 10
351.5128015038
 20
52.1362868877
 10
351.4301929757
 20
52.12561521
  0
HATCH
  5
5B2
100
AcDbEntity
  8
0
100
AcDbHatch
 62
7
  6
CONTINUOUS
 10
0.0
 20
0.0
 30
0.0
210
0.0
220
0.0
230
1.0
  2
SOLID
 70
1
 71
1
 91
1
 92
1
 93
5
 72
1
 10
351.4301929757
 20
52.12561521
 11
351.343624953
 21
52.1189792763
 72
1
 10
351.343624953
 20
52.1189792763
 11
351.2530413841
 21
52.1166967144
 72
1
 10
351.2530413841
 20
52.1166967144
 11
351.1186750805
 21
52.1217796074
 72
1
 10
351.1186750805
 20
52.1217796074
 11
351.5128015038
 21
52.1362868877
 72
1
 10
351.5128015038
 20
52.1362868877
 11
351.4301929757
 21
52.12561521
 97
1
330
5B1
 75
0
 76
1
 98
1
 10
0.0
 20
0.0
  0
LWPOLYLINE
  5
5B3
100
AcDbEntity
  8
0
100
AcDbPolyline
 62
7
  6
CONTINUOUS
 90
16
 70
0
 10
337.4208252734
 20
57.6750733435
 10
337.4427831498
 20
57.6760233842
 10
337.4647305164
 20
57.6756845162
 10
337.486609375
 20
57.6740506882
 10
337.5083617273
 20
57.6711340028
 10
337.5299295748
 20
57.6669223574
 10
337.5512549193
 20
57.6614339057
 10
337.5722797624
 20
57.6546565453
 10
337.5929461058
 20
57.6466023787
 10
337.1957236653
 20
57.6030275822
 10
337.3129081881
 20
57.6508442801
 10
337.3340486379
 20
57.6582872741
 10
337.3554685696
 20
57.6644353082
 10
337.377109985
 20
57.6692762799
 10
337.3989148858
 20
57.6728222916
 10
337.4208252734
 20
57.6750733435
  0
HATCH
  5
5B4
100
AcDbEntity
  8
0
100
AcDbHatch
 62
7
  6
CONTINUOUS
 10
0.0
 20
0.0
 30
0.0
210
0.0
220
0.0
230
1.0
  2
SOLID
 70
1
 71
1
 91
1
 92
1
 93
15
 72
1
 10
337.4208252734
 20
57.6750733435
 11
337.4427831498
 21
57.6760233842
 72
1
 10
337.4427831498
 20
57.6760233842
 11
337.4647305164
 21
57.6756845162
 72
1
 10
337.4647305164
 20
57.6756845162
 11
337.486609375
 21
57.6740506882
 72
1
 10
337.486609375
 20
57.6740506882
 11
337.5083617273
 21
57.6711340028
 72
1
 10
337.5083617273
 20
57.6711340028
 11
337.5299295748
 21
57.6669223574
 72
1
 10
337.5299295748
 20
57.6669223574
 11
337.5512549193
 21
57.6614339057
 72
1
 10
337.5512549193
 20
57.6614339057
 11
337.5722797624
 21
57.6546565453
 72
1
 10
337.5722797624
 20
57.6546565453
 11
337.5929461058
 21
57.6466023787
 72
1
 10
337.5929461058
 20
57.6466023787
 11
337.1957236653
 21
57.6030275822
 72
1
 10
337.1957236653
 20
57.6030275822
 11
337.3129081881
 21
57.6508442801
 72
1
 10
337.3129081881
 20
57.6508442801
 11
337.3340486379
 21
57.6582872741
 72
1
 10
337.3340486379
 20
57.6582872741
 11
337.3554685696
 21
57.6644353082
 72
1
 10
337.3554685696
 20
57.6644353082
 11
337.377109985
 21
57.6692762799
 72
1
 10
337.377109985
 20
57.6692762799
 11
337.3989148858
 21
57.6728222916
 72
1
 10
337.3989148858
 20
57.6728222916
 11
337.4208252734
 21
57.6750733435
 97
1
330
5B3
 75
0
 76
1
 98
1
 10
0.0
 20
0.0
  0
LWPOLYLINE
  5
5B5
100
AcDbEntity
  8
0
100
AcDbPolyline
 62
7
  6
CONTINUOUS
 90
19
 70
0
 10
339.4946462605
 20
57.6760233842
 10
339.5165964894
 20
57.6750733435
 10
339.5385017206
 20
57.6728222916
 10
339.5603034545
 20
57.6692762799
 10
339.5819431914
 20
57.6644353082
 10
339.6033624318
 20
57.6582872741
 10
339.6245026761
 20
57.6508442801
 10
339.741687985
 20
57.6030275822
 10
338.8285655001
 20
57.3521563263
 10
339.3047217321
 20
57.6266515241
 10
339.3244444596
 20
57.6372653545
 10
339.3446486856
 20
57.6466023787
 10
339.3652759105
 20
57.6546565453
 10
339.3862676348
 20
57.6614339057
 10
339.4075653588
 20
57.6669223574
 10
339.4291105829
 20
57.6711340028
 10
339.4508448077
 20
57.6740506882
 10
339.4727095334
 20
57.6756845162
 10
339.4946462605
 20
57.6760233842
  0
HATCH
  5
5B6
100
AcDbEntity
  8
0
100
AcDbHatch
 62
7
  6
CONTINUOUS
 10
0.0
 20
0.0
 30
0.0
210
0.0
220
0.0
230
1.0
  2
SOLID
 70
1
 71
1
 91
1
 92
1
 93
18
 72
1
 10
339.4946462605
 20
57.6760233842
 11
339.5165964894
 21
57.6750733435
 72
1
 10
339.5165964894
 20
57.6750733435
 11
339.5385017206
 21
57.6728222916
 72
1
 10
339.5385017206
 20
57.6728222916
 11
339.5603034545
 21
57.6692762799
 72
1
 10
339.5603034545
 20
57.6692762799
 11
339.5819431914
 21
57.6644353082
 72
1
 10
339.5819431914
 20
57.6644353082
 11
339.6033624318
 21
57.6582872741
 72
1
 10
339.6033624318
 20
57.6582872741
 11
339.6245026761
 21
57.6508442801
 72
1
 10
339.6245026761
 20
57.6508442801
 11
339.741687985
 21
57.6030275822
 72
1
 10
339.741687985
 20
57.6030275822
 11
338.8285655001
 21
57.3521563263
 72
1
 10
338.8285655001
 20
57.3521563263
 11
339.3047217321
 21
57.6266515241
 72
1
 10
339.3047217321
 20
57.6266515241
 11
339.3244444596
 21
57.6372653545
 72
1
 10
339.3244444596
 20
57.6372653545
 11
339.3446486856
 21
57.6466023787
 72
1
 10
339.3446486856
 20
57.6466023787
 11
339.3652759105
 21
57.6546565453
 72
1
 10
339.3652759105
 20
57.6546565453
 11
339.3862676348
 21
57.6614339057
 72
1
 10
339.3862676348
 20
57.6614339057
 11
339.4075653588
 21
57.6669223574
 72
1
 10
339.4075653588
 20
57.6669223574
 11
339.4291105829
 21
57.6711340028
 72
1
 10
339.4291105829
 20
57.6711340028
 11
339.4508448077
 21
57.6740506882
 72
1
 10
339.4508448077
 20
57.6740506882
 11
339.4727095334
 21
57.6756845162
 72
1
 10
339.4727095334
 20
57.6756845162
 11
339.4946462605
 21
57.6760233842
 97
1
330
5B5
 75
0
 76
1
 98
1
 10
0.0
 20
0.0
  0
LWPOLYLINE
  5
5B7
100
AcDbEntity
  8
0
100
AcDbPolyline
 62
7
  6
CONTINUOUS
 90
11
 70
0
 10
337.6329713001
 20
57.6266515241
 10
338.1088460841
 20
57.3521563263
 10
336.6475060874
 20
57.2996317833
 10
336.7517707305
 20
57.3685369643
 10
336.8588302701
 20
57.4334362411
 10
336.968579246
 20
57.494220692
 10
337.0809121979
 20
57.5507874463
 10
337.1957236653
 20
57.6030275822
 10
337.5929461058
 20
57.6466023787
 10
337.6131959511
 20
57.6372653545
 10
337.6329713001
 20
57.6266515241
  0
HATCH
  5
5B8
100
AcDbEntity
  8
0
100
AcDbHatch
 62
7
  6
CONTINUOUS
 10
0.0
 20
0.0
 30
0.0
210
0.0
220
0.0
230
1.0
  2
SOLID
 70
1
 71
1
 91
1
 92
1
 93
10
 72
1
 10
337.6329713001
 20
57.6266515241
 11
338.1088460841
 21
57.3521563263
 72
1
 10
338.1088460841
 20
57.3521563263
 11
336.6475060874
 21
57.2996317833
 72
1
 10
336.6475060874
 20
57.2996317833
 11
336.7517707305
 21
57.3685369643
 72
1
 10
336.7517707305
 20
57.3685369643
 11
336.8588302701
 21
57.4334362411
 72
1
 10
336.8588302701
 20
57.4334362411
 11
336.968579246
 21
57.494220692
 72
1
 10
336.968579246
 20
57.494220692
 11
337.0809121979
 21
57.5507874463
 72
1
 10
337.0809121979
 20
57.5507874463
 11
337.1957236653
 21
57.6030275822
 72
1
 10
337.1957236653
 20
57.6030275822
 11
337.5929461058
 21
57.6466023787
 72
1
 10
337.5929461058
 20
57.6466023787
 11
337.6131959511
 21
57.6372653545
 72
1
 10
337.6131959511
 20
57.6372653545
 11
337.6329713001
 21
57.6266515241
 97
1
330
5B7
 75
0
 76
1
 98
1
 10
0.0
 20
0.0
  0
LWPOLYLINE
  5
5B9
100
AcDbEntity
  8
0
100
AcDbPolyline
 62
7
  6
CONTINUOUS
 90
17
 70
0
 10
340.1857093705
 20
57.3685369643
 10
340.2900239481
 20
57.2996317833
 10
340.3914578957
 20
57.226823569
 10
338.4687057921
 20
57.2555443104
 10
338.5152715367
 20
57.2570554372
 10
338.5616864926
 20
57.2615817458
 10
338.6077998711
 20
57.2691276104
 10
338.6534608836
 20
57.2796990824
 10
338.6985187415
 20
57.2932840592
 10
338.7428226559
 20
57.3098885921
 10
338.7862218384
 20
57.3295126811
 10
338.8285655001
 20
57.3521563263
 10
339.741687985
 20
57.6030275822
 10
339.8565034701
 20
57.5507874463
 10
339.9688469702
 20
57.494220692
 10
340.0786163241
 20
57.4334362411
 10
340.1857093705
 20
57.3685369643
  0
HATCH
  5
5BA
100
AcDbEntity
  8
0
100
AcDbHatch
 62
7
  6
CONTINUOUS
 10
0.0
 20
0.0
 30
0.0
210
0.0
220
0.0
230
1.0
  2
SOLID
 70
1
 71
1
 91
1
 92
1
 93
16
 72
1
 10
340.1857093705
 20
57.3685369643
 11
340.2900239481
 21
57.2996317833
 72
1
 10
340.2900239481
 20
57.2996317833
 11
340.3914578957
 21
57.226823569
 72
1
 10
340.3914578957
 20
57.226823569
 11
338.4687057921
 21
57.2555443104
 72
1
 10
338.4687057921
 20
57.2555443104
 11
338.5152715367
 21
57.2570554372
 72
1
 10
338.5152715367
 20
57.2570554372
 11
338.5616864926
 21
57.2615817458
 72
1
 10
338.5616864926
 20
57.2615817458
 11
338.6077998711
 21
57.2691276104
 72
1
 10
338.6077998711
 20
57.2691276104
 11
338.6534608836
 21
57.2796990824
 72
1
 10
338.6534608836
 20
57.2796990824
 11
338.6985187415
 21
57.2932840592
 72
1
 10
338.6985187415
 20
57.2932840592
 11
338.7428226559
 21
57.3098885921
 72
1
 10
338.7428226559
 20
57.3098885921
 11
338.7862218384
 21
57.3295126811
 72
1
 10
338.7862218384
 20
57.3295126811
 11
338.8285655001
 21
57.3521563263
 72
1
 10
338.8285655001
 20
57.3521563263
 11
339.741687985
 21
57.6030275822
 72
1
 10
339.741687985
 20
57.6030275822
 11
339.8565034701
 21
57.5507874463
 72
1
 10
339.8565034701
 20
57.5507874463
 11
339.9688469702
 21
57.494220692
 72
1
 10
339.9688469702
 20
57.494220692
 11
340.0786163241
 21
57.4334362411
 72
1
 10
340.0786163241
 20
57.4334362411
 11
340.1857093705
 21
57.3685369643
 97
1
330
5B9
 75
0
 76
1
 98
1
 10
0.0
 20
0.0
  0
LWPOLYLINE
  5
5BB
100
AcDbEntity
  8
0
100
AcDbPolyline
 62
7
  6
CONTINUOUS
 90
7
 70
0
 10
338.1945889283
 20
57.3098885921
 10
338.2388928428
 20
57.2932840592
 10
336.5461418011
 20
57.226823569
 10
336.6475060874
 20
57.2996317833
 10
338.1088460841
 20
57.3521563263
 10
338.1511897459
 20
57.3295126811
 10
338.1945889283
 20
57.3098885921
  0
HATCH
  5
5BC
100
AcDbEntity
  8
0
100
AcDbHatch
 62
7
  6
CONTINUOUS
 10
0.0
 20
0.0
 30
0.0
210
0.0
220
0.0
230
1.0
  2
SOLID
 70
1
 71
1
 91
1
 92
1
 93
6
 72
1
 10
338.1945889283
 20
57.3098885921
 11
338.2388928428
 21
57.2932840592
 72
1
 10
338.2388928428
 20
57.2932840592
 11
336.5461418011
 21
57.226823569
 72
1
 10
336.5461418011
 20
57.226823569
 11
336.6475060874
 21
57.2996317833
 72
1
 10
336.6475060874
 20
57.2996317833
 11
338.1088460841
 21
57.3521563263
 72
1
 10
338.1088460841
 20
57.3521563263
 11
338.1511897459
 21
57.3295126811
 72
1
 10
338.1511897459
 20
57.3295126811
 11
338.1945889283
 21
57.3098885921
 97
1
330
5BB
 75
0
 76
1
 98
1
 10
0.0
 20
0.0
  0
LWPOLYLINE
  5
5BD
100
AcDbEntity
  8
0
100
AcDbPolyline
 62
7
  6
CONTINUOUS
 90
43
 70
0
 10
338.4687057921
 20
57.2555443104
 10
340.3914578957
 20
57.226823569
 10
340.4899090521
 20
57.1502151918
 10
340.5068620881
 20
57.1356922767
 10
340.5228281237
 20
57.1202677307
 10
340.5377801587
 20
57.104008117
 10
340.5516911927
 20
57.0869497429
 10
340.5645342254
 20
57.0691531207
 10
340.5762822566
 20
57.05066666
 10
340.5869082858
 20
57.0315387706
 10
340.5963853128
 20
57.0118299646
 10
340.6046863372
 20
56.9915765492
 10
340.6117843588
 20
56.9708390367
 10
340.6176523771
 20
56.949671888
 10
340.622263392
 20
56.9281114103
 10
340.6255904029
 20
56.906224167
 10
340.6276064098
 20
56.8840525166
 10
340.6282844121
 20
56.86165092
 10
338.1834804453
 20
56.5608631947
 10
336.3091271001
 20
56.3129328291
 10
336.3091271001
 20
56.86165092
 10
336.3098051857
 20
56.8840525166
 10
336.3118217751
 20
56.906224167
 10
336.3151503673
 20
56.9281114103
 10
336.3197644613
 20
56.949671888
 10
336.3256375561
 20
56.9708390367
 10
336.3327431508
 20
56.9915765492
 10
336.3410547443
 20
57.0118299646
 10
336.3505458357
 20
57.0315387706
 10
336.361189924
 20
57.05066666
 10
336.3729605081
 20
57.0691531207
 10
336.3858310871
 20
57.0869497429
 10
336.39977516
 20
57.104008117
 10
336.4147662258
 20
57.1202677307
 10
336.4307777835
 20
57.1356922767
 10
336.4477833321
 20
57.1502151918
 10
336.5461418011
 20
57.226823569
 10
338.2388928428
 20
57.2932840592
 10
338.2839507006
 20
57.2796990824
 10
338.3296117131
 20
57.2691276104
 10
338.3757250917
 20
57.2615817458
 10
338.4221400476
 20
57.2570554372
 10
338.4687057921
 20
57.2555443104
  0
HATCH
  5
5BE
100
AcDbEntity
  8
0
100
AcDbHatch
 62
7
  6
CONTINUOUS
 10
0.0
 20
0.0
 30
0.0
210
0.0
220
0.0
230
1.0
  2
SOLID
 70
1
 71
1
 91
1
 92
1
 93
42
 72
1
 10
338.4687057921
 20
57.2555443104
 11
340.3914578957
 21
57.226823569
 72
1
 10
340.3914578957
 20
57.226823569
 11
340.4899090521
 21
57.1502151918
 72
1
 10
340.4899090521
 20
57.1502151918
 11
340.5068620881
 21
57.1356922767
 72
1
 10
340.5068620881
 20
57.1356922767
 11
340.5228281237
 21
57.1202677307
 72
1
 10
340.5228281237
 20
57.1202677307
 11
340.5377801587
 21
57.104008117
 72
1
 10
340.5377801587
 20
57.104008117
 11
340.5516911927
 21
57.0869497429
 72
1
 10
340.5516911927
 20
57.0869497429
 11
340.5645342254
 21
57.0691531207
 72
1
 10
340.5645342254
 20
57.0691531207
 11
340.5762822566
 21
57.05066666
 72
1
 10
340.5762822566
 20
57.05066666
 11
340.5869082858
 21
57.0315387706
 72
1
 10
340.5869082858
 20
57.0315387706
 11
340.5963853128
 21
57.0118299646
 72
1
 10
340.5963853128
 20
57.0118299646
 11
340.6046863372
 21
56.9915765492
 72
1
 10
340.6046863372
 20
56.9915765492
 11
340.6117843588
 21
56.9708390367
 72
1
 10
340.6117843588
 20
56.9708390367
 11
340.6176523771
 21
56.949671888
 72
1
 10
340.6176523771
 20
56.949671888
 11
340.622263392
 21
56.9281114103
 72
1
 10
340.622263392
 20
56.9281114103
 11
340.6255904029
 21
56.906224167
 72
1
 10
340.6255904029
 20
56.906224167
 11
340.6276064098
 21
56.8840525166
 72
1
 10
340.6276064098
 20
56.8840525166
 11
340.6282844121
 21
56.86165092
 72
1
 10
340.6282844121
 20
56.86165092
 11
338.1834804453
 21
56.5608631947
 72
1
 10
338.1834804453
 20
56.5608631947
 11
336.3091271001
 21
56.3129328291
 72
1
 10
336.3091271001
 20
56.3129328291
 11
336.3091271001
 21
56.86165092
 72
1
 10
336.3091271001
 20
56.86165092
 11
336.3098051857
 21
56.8840525166
 72
1
 10
336.3098051857
 20
56.8840525166
 11
336.3118217751
 21
56.906224167
 72
1
 10
336.3118217751
 20
56.906224167
 11
336.3151503673
 21
56.9281114103
 72
1
 10
336.3151503673
 20
56.9281114103
 11
336.3197644613
 21
56.949671888
 72
1
 10
336.3197644613
 20
56.949671888
 11
336.3256375561
 21
56.9708390367
 72
1
 10
336.3256375561
 20
56.9708390367
 11
336.3327431508
 21
56.9915765492
 72
1
 10
336.3327431508
 20
56.9915765492
 11
336.3410547443
 21
57.0118299646
 72
1
 10
336.3410547443
 20
57.0118299646
 11
336.3505458357
 21
57.0315387706
 72
1
 10
336.3505458357
 20
57.0315387706
 11
336.361189924
 21
57.05066666
 72
1
 10
336.361189924
 20
57.05066666
 11
336.3729605081
 21
57.0691531207
 72
1
 10
336.3729605081
 20
57.0691531207
 11
336.3858310871
 21
57.0869497429
 72
1
 10
336.3858310871
 20
57.0869497429
 11
336.39977516
 21
57.104008117
 72
1
 10
336.39977516
 20
57.104008117
 11
336.4147662258
 21
57.1202677307
 72
1
 10
336.4147662258
 20
57.1202677307
 11
336.4307777835
 21
57.1356922767
 72
1
 10
336.4307777835
 20
57.1356922767
 11
336.4477833321
 21
57.1502151918
 72
1
 10
336.4477833321
 20
57.1502151918
 11
336.5461418011
 21
57.226823569
 72
1
 10
336.5461418011
 20
57.226823569
 11
338.2388928428
 21
57.2932840592
 72
1
 10
338.2388928428
 20
57.2932840592
 11
338.2839507006
 21
57.2796990824
 72
1
 10
338.2839507006
 20
57.2796990824
 11
338.3296117131
 21
57.2691276104
 72
1
 10
338.3296117131
 20
57.2691276104
 11
338.3757250917
 21
57.2615817458
 72
1
 10
338.3757250917
 20
57.2615817458
 11
338.4221400476
 21
57.2570554372
 72
1
 10
338.4221400476
 20
57.2570554372
 11
338.4687057921
 21
57.2555443104
 97
1
330
5BD
 75
0
 76
1
 98
1
 10
0.0
 20
0.0
  0
LWPOLYLINE
  5
5BF
100
AcDbEntity
  8
0
100
AcDbPolyline
 62
7
  6
CONTINUOUS
 90
34
 70
0
 10
337.5334330035
 20
56.340502163
 10
337.4172759781
 20
56.2706227365
 10
337.3066084003
 20
56.1930038065
 10
337.2018039673
 20
56.1080326507
 10
337.1032363761
 20
56.0160723421
 10
337.0112793239
 20
55.9175101583
 10
336.9263065078
 20
55.812703121
 10
336.8486916249
 20
55.7020324567
 10
336.7788083724
 20
55.585879392
 10
335.4738145641
 20
55.4149023228
 10
335.9491270281
 20
55.6896819277
 10
335.9875377758
 20
55.7134389963
 10
336.0241102387
 20
55.7393563485
 10
336.0587812168
 20
55.7673311137
 10
336.0914875104
 20
55.7972543701
 10
336.1221659196
 20
55.8290050932
 10
336.1507532445
 20
55.8624864637
 10
336.1771862853
 20
55.8975835085
 10
336.2014018421
 20
55.9341752034
 10
336.2233367152
 20
55.9721647288
 10
336.2429277045
 20
56.0114371117
 10
336.2601116104
 20
56.051877379
 10
336.2748252329
 20
56.0933826601
 10
336.2870053721
 20
56.1358319307
 10
336.2965888284
 20
56.1791283713
 10
336.3035124017
 20
56.2231449065
 10
336.3077128922
 20
56.2677847168
 10
336.3091271001
 20
56.3129328291
 10
338.1834804453
 20
56.5608631947
 10
338.0454816387
 20
56.5352484032
 10
337.9111037941
 20
56.5000242829
 10
337.7807206086
 20
56.4555781115
 10
337.6547057793
 20
56.4022790131
 10
337.5334330035
 20
56.340502163
  0
HATCH
  5
5C0
100
AcDbEntity
  8
0
100
AcDbHatch
 62
7
  6
CONTINUOUS
 10
0.0
 20
0.0
 30
0.0
210
0.0
220
0.0
230
1.0
  2
SOLID
 70
1
 71
1
 91
1
 92
1
 93
33
 72
1
 10
337.5334330035
 20
56.340502163
 11
337.4172759781
 21
56.2706227365
 72
1
 10
337.4172759781
 20
56.2706227365
 11
337.3066084003
 21
56.1930038065
 72
1
 10
337.3066084003
 20
56.1930038065
 11
337.2018039673
 21
56.1080326507
 72
1
 10
337.2018039673
 20
56.1080326507
 11
337.1032363761
 21
56.0160723421
 72
1
 10
337.1032363761
 20
56.0160723421
 11
337.0112793239
 21
55.9175101583
 72
1
 10
337.0112793239
 20
55.9175101583
 11
336.9263065078
 21
55.812703121
 72
1
 10
336.9263065078
 20
55.812703121
 11
336.8486916249
 21
55.7020324567
 72
1
 10
336.8486916249
 20
55.7020324567
 11
336.7788083724
 21
55.585879392
 72
1
 10
336.7788083724
 20
55.585879392
 11
335.4738145641
 21
55.4149023228
 72
1
 10
335.4738145641
 20
55.4149023228
 11
335.9491270281
 21
55.6896819277
 72
1
 10
335.9491270281
 20
55.6896819277
 11
335.9875377758
 21
55.7134389963
 72
1
 10
335.9875377758
 20
55.7134389963
 11
336.0241102387
 21
55.7393563485
 72
1
 10
336.0241102387
 20
55.7393563485
 11
336.0587812168
 21
55.7673311137
 72
1
 10
336.0587812168
 20
55.7673311137
 11
336.0914875104
 21
55.7972543701
 72
1
 10
336.0914875104
 20
55.7972543701
 11
336.1221659196
 21
55.8290050932
 72
1
 10
336.1221659196
 20
55.8290050932
 11
336.1507532445
 21
55.8624864637
 72
1
 10
336.1507532445
 20
55.8624864637
 11
336.1771862853
 21
55.8975835085
 72
1
 10
336.1771862853
 20
55.8975835085
 11
336.2014018421
 21
55.9341752034
 72
1
 10
336.2014018421
 20
55.9341752034
 11
336.2233367152
 21
55.9721647288
 72
1
 10
336.2233367152
 20
55.9721647288
 11
336.2429277045
 21
56.0114371117
 72
1
 10
336.2429277045
 20
56.0114371117
 11
336.2601116104
 21
56.051877379
 72
1
 10
336.2601116104
 20
56.051877379
 11
336.2748252329
 21
56.0933826601
 72
1
 10
336.2748252329
 20
56.0933826601
 11
336.2870053721
 21
56.1358319307
 72
1
 10
336.2870053721
 20
56.1358319307
 11
336.2965888284
 21
56.1791283713
 72
1
 10
336.2965888284
 20
56.1791283713
 11
336.3035124017
 21
56.2231449065
 72
1
 10
336.3035124017
 20
56.2231449065
 11
336.3077128922
 21
56.2677847168
 72
1
 10
336.3077128922
 20
56.2677847168
 11
336.3091271001
 21
56.3129328291
 72
1
 10
336.3091271001
 20
56.3129328291
 11
338.1834804453
 21
56.5608631947
 72
1
 10
338.1834804453
 20
56.5608631947
 11
338.0454816387
 21
56.5352484032
 72
1
 10
338.0454816387
 20
56.5352484032
 11
337.9111037941
 21
56.5000242829
 72
1
 10
337.9111037941
 20
56.5000242829
 11
337.7807206086
 21
56.4555781115
 72
1
 10
337.7807206086
 20
56.4555781115
 11
337.6547057793
 21
56.4022790131
 72
1
 10
337.6547057793
 20
56.4022790131
 11
337.5334330035
 21
56.340502163
 97
1
330
5BF
 75
0
 76
1
 98
1
 10
0.0
 20
0.0
  0
LWPOLYLINE
  5
5C1
100
AcDbEntity
  8
0
100
AcDbPolyline
 62
7
  6
CONTINUOUS
 90
16
 70
0
 10
338.4688461561
 20
56.5818095484
 10
338.3247265168
 20
56.5765116357
 10
338.1834804453
 20
56.5608631947
 10
340.6282844121
 20
56.86165092
 10
340.6282844121
 20
56.3129328291
 10
340.6296986201
 20
56.2677847168
 10
339.6309811443
 20
56.1930038065
 10
339.5203317517
 20
56.2706227365
 10
339.40419196
 20
56.340502163
 10
339.2829351491
 20
56.4022790131
 10
339.1569346988
 20
56.4555781115
 10
339.0265639893
 20
56.5000242829
 10
338.8921964003
 20
56.5352484032
 10
338.7542053118
 20
56.5608631947
 10
338.6129641037
 20
56.5765116357
 10
338.4688461561
 20
56.5818095484
  0
HATCH
  5
5C2
100
AcDbEntity
  8
0
100
AcDbHatch
 62
7
  6
CONTINUOUS
 10
0.0
 20
0.0
 30
0.0
210
0.0
220
0.0
230
1.0
  2
SOLID
 70
1
 71
1
 91
1
 92
1
 93
15
 72
1
 10
338.4688461561
 20
56.5818095484
 11
338.3247265168
 21
56.5765116357
 72
1
 10
338.3247265168
 20
56.5765116357
 11
338.1834804453
 21
56.5608631947
 72
1
 10
338.1834804453
 20
56.5608631947
 11
340.6282844121
 21
56.86165092
 72
1
 10
340.6282844121
 20
56.86165092
 11
340.6282844121
 21
56.3129328291
 72
1
 10
340.6282844121
 20
56.3129328291
 11
340.6296986201
 21
56.2677847168
 72
1
 10
340.6296986201
 20
56.2677847168
 11
339.6309811443
 21
56.1930038065
 72
1
 10
339.6309811443
 20
56.1930038065
 11
339.5203317517
 21
56.2706227365
 72
1
 10
339.5203317517
 20
56.2706227365
 11
339.40419196
 21
56.340502163
 72
1
 10
339.40419196
 20
56.340502163
 11
339.2829351491
 21
56.4022790131
 72
1
 10
339.2829351491
 20
56.4022790131
 11
339.1569346988
 21
56.4555781115
 72
1
 10
339.1569346988
 20
56.4555781115
 11
339.0265639893
 21
56.5000242829
 72
1
 10
339.0265639893
 20
56.5000242829
 11
338.8921964003
 21
56.5352484032
 72
1
 10
338.8921964003
 20
56.5352484032
 11
338.7542053118
 21
56.5608631947
 72
1
 10
338.7542053118
 20
56.5608631947
 11
338.6129641037
 21
56.5765116357
 72
1
 10
338.6129641037
 20
56.5765116357
 11
338.4688461561
 21
56.5818095484
 97
1
330
5C1
 75
0
 76
1
 98
1
 10
0.0
 20
0.0
  0
LWPOLYLINE
  5
5C3
100
AcDbEntity
  8
0
100
AcDbPolyline
 62
7
  6
CONTINUOUS
 90
6
 70
0
 10
340.6338991107
 20
56.2231449065
 10
340.6408226843
 20
56.1791283713
 10
339.7357667577
 20
56.1080326507
 10
339.6309811443
 20
56.1930038065
 10
340.6296986201
 20
56.2677847168
 10
340.6338991107
 20
56.2231449065
  0
HATCH
  5
5C4
100
AcDbEntity
  8
0
100
AcDbHatch
 62
7
  6
CONTINUOUS
 10
0.0
 20
0.0
 30
0.0
210
0.0
220
0.0
230
1.0
  2
SOLID
 70
1
 71
1
 91
1
 92
1
 93
5
 72
1
 10
340.6338991107
 20
56.2231449065
 11
340.6408226843
 21
56.1791283713
 72
1
 10
340.6408226843
 20
56.1791283713
 11
339.7357667577
 21
56.1080326507
 72
1
 10
339.7357667577
 20
56.1080326507
 11
339.6309811443
 21
56.1930038065
 72
1
 10
339.6309811443
 20
56.1930038065
 11
340.6296986201
 21
56.2677847168
 72
1
 10
340.6296986201
 20
56.2677847168
 11
340.6338991107
 21
56.2231449065
 97
1
330
5C3
 75
0
 76
1
 98
1
 10
0.0
 20
0.0
  0
LWPOLYLINE
  5
5C5
100
AcDbEntity
  8
0
100
AcDbPolyline
 62
7
  6
CONTINUOUS
 90
6
 70
0
 10
340.650406141
 20
56.1358319307
 10
340.6625862812
 20
56.0933826601
 10
339.8343152121
 20
56.0160723421
 10
339.7357667577
 20
56.1080326507
 10
340.6408226843
 20
56.1791283713
 10
340.650406141
 20
56.1358319307
  0
HATCH
  5
5C6
100
AcDbEntity
  8
0
100
AcDbHatch
 62
7
  6
CONTINUOUS
 10
0.0
 20
0.0
 30
0.0
210
0.0
220
0.0
230
1.0
  2
SOLID
 70
1
 71
1
 91
1
 92
1
 93
5
 72
1
 10
340.650406141
 20
56.1358319307
 11
340.6625862812
 21
56.0933826601
 72
1
 10
340.6625862812
 20
56.0933826601
 11
339.8343152121
 21
56.0160723421
 72
1
 10
339.8343152121
 20
56.0160723421
 11
339.7357667577
 21
56.1080326507
 72
1
 10
339.7357667577
 20
56.1080326507
 11
340.6408226843
 21
56.1791283713
 72
1
 10
340.6408226843
 20
56.1791283713
 11
340.650406141
 21
56.1358319307
 97
1
330
5C5
 75
0
 76
1
 98
1
 10
0.0
 20
0.0
  0
LWPOLYLINE
  5
5C7
100
AcDbEntity
  8
0
100
AcDbPolyline
 62
7
  6
CONTINUOUS
 90
6
 70
0
 10
340.677299905
 20
56.051877379
 10
340.6944838127
 20
56.0114371117
 10
339.9262531275
 20
55.9175101583
 10
339.8343152121
 20
56.0160723421
 10
340.6625862812
 20
56.0933826601
 10
340.677299905
 20
56.051877379
  0
HATCH
  5
5C8
100
AcDbEntity
  8
0
100
AcDbHatch
 62
7
  6
CONTINUOUS
 10
0.0
 20
0.0
 30
0.0
210
0.0
220
0.0
230
1.0
  2
SOLID
 70
1
 71
1
 91
1
 92
1
 93
5
 72
1
 10
340.677299905
 20
56.051877379
 11
340.6944838127
 21
56.0114371117
 72
1
 10
340.6944838127
 20
56.0114371117
 11
339.9262531275
 21
55.9175101583
 72
1
 10
339.9262531275
 20
55.9175101583
 11
339.8343152121
 21
56.0160723421
 72
1
 10
339.8343152121
 20
56.0160723421
 11
340.6625862812
 21
56.0933826601
 72
1
 10
340.6625862812
 20
56.0933826601
 11
340.677299905
 21
56.051877379
 97
1
330
5C7
 75
0
 76
1
 98
1
 10
0.0
 20
0.0
  0
LWPOLYLINE
  5
5C9
100
AcDbEntity
  8
0
100
AcDbPolyline
 62
7
  6
CONTINUOUS
 90
7
 70
0
 10
340.7360096808
 20
55.9341752034
 10
340.7602252416
 20
55.8975835085
 10
340.0112071241
 20
55.812703121
 10
339.9262531275
 20
55.9175101583
 10
340.6944838127
 20
56.0114371117
 10
340.7140748046
 20
55.9721647288
 10
340.7360096808
 20
55.9341752034
  0
HATCH
  5
5CA
100
AcDbEntity
  8
0
100
AcDbHatch
 62
7
  6
CONTINUOUS
 10
0.0
 20
0.0
 30
0.0
210
0.0
220
0.0
230
1.0
  2
SOLID
 70
1
 71
1
 91
1
 92
1
 93
6
 72
1
 10
340.7360096808
 20
55.9341752034
 11
340.7602252416
 21
55.8975835085
 72
1
 10
340.7602252416
 20
55.8975835085
 11
340.0112071241
 21
55.812703121
 72
1
 10
340.0112071241
 20
55.812703121
 11
339.9262531275
 21
55.9175101583
 72
1
 10
339.9262531275
 20
55.9175101583
 11
340.6944838127
 21
56.0114371117
 72
1
 10
340.6944838127
 20
56.0114371117
 11
340.7140748046
 21
55.9721647288
 72
1
 10
340.7140748046
 20
55.9721647288
 11
340.7360096808
 21
55.9341752034
 97
1
330
5C9
 75
0
 76
1
 98
1
 10
0.0
 20
0.0
  0
LWPOLYLINE
  5
5CB
100
AcDbEntity
  8
0
100
AcDbPolyline
 62
7
  6
CONTINUOUS
 90
7
 70
0
 10
340.815245618
 20
55.8290050932
 10
340.845924034
 20
55.7972543701
 10
340.0888038217
 20
55.7020324567
 10
340.0112071241
 20
55.812703121
 10
340.7602252416
 20
55.8975835085
 10
340.7866582872
 20
55.8624864637
 10
340.815245618
 20
55.8290050932
  0
HATCH
  5
5CC
100
AcDbEntity
  8
0
100
AcDbHatch
 62
7
  6
CONTINUOUS
 10
0.0
 20
0.0
 30
0.0
210
0.0
220
0.0
230
1.0
  2
SOLID
 70
1
 71
1
 91
1
 92
1
 93
6
 72
1
 10
340.815245618
 20
55.8290050932
 11
340.845924034
 21
55.7972543701
 72
1
 10
340.845924034
 20
55.7972543701
 11
340.0888038217
 21
55.7020324567
 72
1
 10
340.0888038217
 20
55.7020324567
 11
340.0112071241
 21
55.812703121
 72
1
 10
340.0112071241
 20
55.812703121
 11
340.7602252416
 21
55.8975835085
 72
1
 10
340.7602252416
 20
55.8975835085
 11
340.7866582872
 21
55.8624864637
 72
1
 10
340.7866582872
 20
55.8624864637
 11
340.815245618
 21
55.8290050932
 97
1
330
5CB
 75
0
 76
1
 98
1
 10
0.0
 20
0.0
  0
LWPOLYLINE
  5
5CD
100
AcDbEntity
  8
0
100
AcDbPolyline
 62
7
  6
CONTINUOUS
 90
11
 70
0
 10
340.9498737964
 20
55.7134389963
 10
340.9882845561
 20
55.6896819277
 10
341.4638785401
 20
55.4149023228
 10
340.2737163223
 20
55.3385904552
 10
340.2204318008
 20
55.4646069997
 10
340.1586698406
 20
55.585879392
 10
340.0888038217
 20
55.7020324567
 10
340.845924034
 20
55.7972543701
 10
340.8786303356
 20
55.7673311137
 10
340.913301323
 20
55.7393563485
 10
340.9498737964
 20
55.7134389963
  0
HATCH
  5
5CE
100
AcDbEntity
  8
0
100
AcDbHatch
 62
7
  6
CONTINUOUS
 10
0.0
 20
0.0
 30
0.0
210
0.0
220
0.0
230
1.0
  2
SOLID
 70
1
 71
1
 91
1
 92
1
 93
10
 72
1
 10
340.9498737964
 20
55.7134389963
 11
340.9882845561
 21
55.6896819277
 72
1
 10
340.9882845561
 20
55.6896819277
 11
341.4638785401
 21
55.4149023228
 72
1
 10
341.4638785401
 20
55.4149023228
 11
340.2737163223
 21
55.3385904552
 72
1
 10
340.2737163223
 20
55.3385904552
 11
340.2204318008
 21
55.4646069997
 72
1
 10
340.2204318008
 20
55.4646069997
 11
340.1586698406
 21
55.585879392
 72
1
 10
340.1586698406
 20
55.585879392
 11
340.0888038217
 21
55.7020324567
 72
1
 10
340.0888038217
 20
55.7020324567
 11
340.845924034
 21
55.7972543701
 72
1
 10
340.845924034
 20
55.7972543701
 11
340.8786303356
 21
55.7673311137
 72
1
 10
340.8786303356
 20
55.7673311137
 11
340.913301323
 21
55.7393563485
 72
1
 10
340.913301323
 20
55.7393563485
 11
340.9498737964
 21
55.7134389963
 97
1
330
5CD
 75
0
 76
1
 98
1
 10
0.0
 20
0.0
  0
LWPOLYLINE
  5
5CF
100
AcDbEntity
  8
0
100
AcDbPolyline
 62
7
  6
CONTINUOUS
 90
50
 70
0
 10
336.7170304473
 20
55.4646069997
 10
336.6637315468
 20
55.3385904552
 10
336.6192853679
 20
55.2082049337
 10
336.5840656079
 20
55.0738316617
 10
336.5584459639
 20
54.9358337122
 10
336.5428001329
 20
54.7945862604
 10
336.5375018121
 20
54.6504644817
 10
336.5428001329
 20
54.506342703
 10
336.5584459639
 20
54.3651013025
 10
336.5840656079
 20
54.227103353
 10
336.6192853679
 20
54.0927240298
 10
335.3731400872
 20
53.9713729717
 10
335.359744976
 20
53.9887218041
 10
335.3473993801
 20
54.0068330894
 10
335.3361342996
 20
54.0256523669
 10
335.3259807348
 20
54.0451312268
 10
335.3169696858
 20
54.0652212593
 10
335.3091321529
 20
54.0858740549
 10
335.3024991361
 20
54.1070351524
 10
335.2971016358
 20
54.1286561423
 10
335.2929706521
 20
54.1506825635
 10
335.2812088621
 20
54.2324284218
 10
335.2715329721
 20
54.3148217602
 10
335.2639664421
 20
54.3978323224
 10
335.2585327321
 20
54.4814540573
 10
335.2552553021
 20
54.5656688112
 10
335.2541576121
 20
54.6504644817
 10
335.2552553021
 20
54.7352601523
 10
335.2585327321
 20
54.8194870086
 10
335.2639664421
 20
54.9031329484
 10
335.2715329721
 20
54.9861919203
 10
335.2812088621
 20
55.0686639244
 10
335.2929706521
 20
55.1505247559
 10
335.2971016358
 20
55.1725027674
 10
335.3024991361
 20
55.1940692963
 10
335.3091321529
 20
55.2151759329
 10
335.3169696858
 20
55.2357742675
 10
335.3259807348
 20
55.2558219415
 10
335.3361342996
 20
55.2752584429
 10
335.3473993801
 20
55.2940414131
 10
335.359744976
 20
55.3121284936
 10
335.3731400872
 20
55.3294591723
 10
335.3875537134
 20
55.3459850394
 10
335.4029548546
 20
55.3616637365
 10
335.4193125104
 20
55.3764468539
 10
335.4365956807
 20
55.3902799305
 10
335.4547733654
 20
55.4031145567
 10
335.4738145641
 20
55.4149023228
 10
336.7788083724
 20
55.585879392
 10
336.7170304473
 20
55.4646069997
  0
HATCH
  5
5D0
100
AcDbEntity
  8
0
100
AcDbHatch
 62
7
  6
CONTINUOUS
 10
0.0
 20
0.0
 30
0.0
210
0.0
220
0.0
230
1.0
  2
SOLID
 70
1
 71
1
 91
1
 92
1
 93
49
 72
1
 10
336.7170304473
 20
55.4646069997
 11
336.6637315468
 21
55.3385904552
 72
1
 10
336.6637315468
 20
55.3385904552
 11
336.6192853679
 21
55.2082049337
 72
1
 10
336.6192853679
 20
55.2082049337
 11
336.5840656079
 21
55.0738316617
 72
1
 10
336.5840656079
 20
55.0738316617
 11
336.5584459639
 21
54.9358337122
 72
1
 10
336.5584459639
 20
54.9358337122
 11
336.5428001329
 21
54.7945862604
 72
1
 10
336.5428001329
 20
54.7945862604
 11
336.5375018121
 21
54.6504644817
 72
1
 10
336.5375018121
 20
54.6504644817
 11
336.5428001329
 21
54.506342703
 72
1
 10
336.5428001329
 20
54.506342703
 11
336.5584459639
 21
54.3651013025
 72
1
 10
336.5584459639
 20
54.3651013025
 11
336.5840656079
 21
54.227103353
 72
1
 10
336.5840656079
 20
54.227103353
 11
336.6192853679
 21
54.0927240298
 72
1
 10
336.6192853679
 20
54.0927240298
 11
335.3731400872
 21
53.9713729717
 72
1
 10
335.3731400872
 20
53.9713729717
 11
335.359744976
 21
53.9887218041
 72
1
 10
335.359744976
 20
53.9887218041
 11
335.3473993801
 21
54.0068330894
 72
1
 10
335.3473993801
 20
54.0068330894
 11
335.3361342996
 21
54.0256523669
 72
1
 10
335.3361342996
 20
54.0256523669
 11
335.3259807348
 21
54.0451312268
 72
1
 10
335.3259807348
 20
54.0451312268
 11
335.3169696858
 21
54.0652212593
 72
1
 10
335.3169696858
 20
54.0652212593
 11
335.3091321529
 21
54.0858740549
 72
1
 10
335.3091321529
 20
54.0858740549
 11
335.3024991361
 21
54.1070351524
 72
1
 10
335.3024991361
 20
54.1070351524
 11
335.2971016358
 21
54.1286561423
 72
1
 10
335.2971016358
 20
54.1286561423
 11
335.2929706521
 21
54.1506825635
 72
1
 10
335.2929706521
 20
54.1506825635
 11
335.2812088621
 21
54.2324284218
 72
1
 10
335.2812088621
 20
54.2324284218
 11
335.2715329721
 21
54.3148217602
 72
1
 10
335.2715329721
 20
54.3148217602
 11
335.2639664421
 21
54.3978323224
 72
1
 10
335.2639664421
 20
54.3978323224
 11
335.2585327321
 21
54.4814540573
 72
1
 10
335.2585327321
 20
54.4814540573
 11
335.2552553021
 21
54.5656688112
 72
1
 10
335.2552553021
 20
54.5656688112
 11
335.2541576121
 21
54.6504644817
 72
1
 10
335.2541576121
 20
54.6504644817
 11
335.2552553021
 21
54.7352601523
 72
1
 10
335.2552553021
 20
54.7352601523
 11
335.2585327321
 21
54.8194870086
 72
1
 10
335.2585327321
 20
54.8194870086
 11
335.2639664421
 21
54.9031329484
 72
1
 10
335.2639664421
 20
54.9031329484
 11
335.2715329721
 21
54.9861919203
 72
1
 10
335.2715329721
 20
54.9861919203
 11
335.2812088621
 21
55.0686639244
 72
1
 10
335.2812088621
 20
55.0686639244
 11
335.2929706521
 21
55.1505247559
 72
1
 10
335.2929706521
 20
55.1505247559
 11
335.2971016358
 21
55.1725027674
 72
1
 10
335.2971016358
 20
55.1725027674
 11
335.3024991361
 21
55.1940692963
 72
1
 10
335.3024991361
 20
55.1940692963
 11
335.3091321529
 21
55.2151759329
 72
1
 10
335.3091321529
 20
55.2151759329
 11
335.3169696858
 21
55.2357742675
 72
1
 10
335.3169696858
 20
55.2357742675
 11
335.3259807348
 21
55.2558219415
 72
1
 10
335.3259807348
 20
55.2558219415
 11
335.3361342996
 21
55.2752584429
 72
1
 10
335.3361342996
 20
55.2752584429
 11
335.3473993801
 21
55.2940414131
 72
1
 10
335.3473993801
 20
55.2940414131
 11
335.359744976
 21
55.3121284936
 72
1
 10
335.359744976
 20
55.3121284936
 11
335.3731400872
 21
55.3294591723
 72
1
 10
335.3731400872
 20
55.3294591723
 11
335.3875537134
 21
55.3459850394
 72
1
 10
335.3875537134
 20
55.3459850394
 11
335.4029548546
 21
55.3616637365
 72
1
 10
335.4029548546
 20
55.3616637365
 11
335.4193125104
 21
55.3764468539
 72
1
 10
335.4193125104
 20
55.3764468539
 11
335.4365956807
 21
55.3902799305
 72
1
 10
335.4365956807
 20
55.3902799305
 11
335.4547733654
 21
55.4031145567
 72
1
 10
335.4547733654
 20
55.4031145567
 11
335.4738145641
 21
55.4149023228
 72
1
 10
335.4738145641
 20
55.4149023228
 11
336.7788083724
 21
55.585879392
 72
1
 10
336.7788083724
 20
55.585879392
 11
336.7170304473
 21
55.4646069997
 97
1
330
5CF
 75
0
 76
1
 98
1
 10
0.0
 20
0.0
  0
LWPOLYLINE
  5
5D1
100
AcDbEntity
  8
0
100
AcDbPolyline
 62
7
  6
CONTINUOUS
 90
10
 70
0
 10
341.5501284334
 20
55.3459850394
 10
341.5645344249
 20
55.3294591723
 10
340.3181500252
 20
55.2082049337
 10
340.2737163223
 20
55.3385904552
 10
341.4638785401
 20
55.4149023228
 10
341.4829195076
 20
55.4031145567
 10
341.5010964814
 20
55.3902799305
 10
341.5183779609
 20
55.3764468539
 10
341.5347324452
 20
55.3616637365
 10
341.5501284334
 20
55.3459850394
  0
HATCH
  5
5D2
100
AcDbEntity
  8
0
100
AcDbHatch
 62
7
  6
CONTINUOUS
 10
0.0
 20
0.0
 30
0.0
210
0.0
220
0.0
230
1.0
  2
SOLID
 70
1
 71
1
 91
1
 92
1
 93
9
 72
1
 10
341.5501284334
 20
55.3459850394
 11
341.5645344249
 21
55.3294591723
 72
1
 10
341.5645344249
 20
55.3294591723
 11
340.3181500252
 21
55.2082049337
 72
1
 10
340.3181500252
 20
55.2082049337
 11
340.2737163223
 21
55.3385904552
 72
1
 10
340.2737163223
 20
55.3385904552
 11
341.4638785401
 21
55.4149023228
 72
1
 10
341.4638785401
 20
55.4149023228
 11
341.4829195076
 21
55.4031145567
 72
1
 10
341.4829195076
 20
55.4031145567
 11
341.5010964814
 21
55.3902799305
 72
1
 10
341.5010964814
 20
55.3902799305
 11
341.5183779609
 21
55.3764468539
 72
1
 10
341.5183779609
 20
55.3764468539
 11
341.5347324452
 21
55.3616637365
 72
1
 10
341.5347324452
 20
55.3616637365
 11
341.5501284334
 21
55.3459850394
 97
1
330
5D1
 75
0
 76
1
 98
1
 10
0.0
 20
0.0
  0
LWPOLYLINE
  5
5D3
100
AcDbEntity
  8
0
100
AcDbPolyline
 62
7
  6
CONTINUOUS
 90
11
 70
0
 10
341.6284163961
 20
55.2151759329
 10
341.6350103876
 20
55.1940692963
 10
340.3533595296
 20
55.0738316617
 10
340.3181500252
 20
55.2082049337
 10
341.5645344249
 20
55.3294591723
 10
341.5779189188
 20
55.3121284936
 10
341.5902504142
 20
55.2940414131
 10
341.6014974105
 20
55.2752584429
 10
341.6116284068
 20
55.2558219415
 10
341.6206119022
 20
55.2357742675
 10
341.6284163961
 20
55.2151759329
  0
HATCH
  5
5D4
100
AcDbEntity
  8
0
100
AcDbHatch
 62
7
  6
CONTINUOUS
 10
0.0
 20
0.0
 30
0.0
210
0.0
220
0.0
230
1.0
  2
SOLID
 70
1
 71
1
 91
1
 92
1
 93
10
 72
1
 10
341.6284163961
 20
55.2151759329
 11
341.6350103876
 21
55.1940692963
 72
1
 10
341.6350103876
 20
55.1940692963
 11
340.3533595296
 21
55.0738316617
 72
1
 10
340.3533595296
 20
55.0738316617
 11
340.3181500252
 21
55.2082049337
 72
1
 10
340.3181500252
 20
55.2082049337
 11
341.5645344249
 21
55.3294591723
 72
1
 10
341.5645344249
 20
55.3294591723
 11
341.5779189188
 21
55.3121284936
 72
1
 10
341.5779189188
 20
55.3121284936
 11
341.5902504142
 21
55.2940414131
 72
1
 10
341.5902504142
 20
55.2940414131
 11
341.6014974105
 21
55.2752584429
 72
1
 10
341.6014974105
 20
55.2752584429
 11
341.6116284068
 21
55.2558219415
 72
1
 10
341.6116284068
 20
55.2558219415
 11
341.6206119022
 21
55.2357742675
 72
1
 10
341.6206119022
 20
55.2357742675
 11
341.6284163961
 21
55.2151759329
 97
1
330
5D3
 75
0
 76
1
 98
1
 10
0.0
 20
0.0
  0
LWPOLYLINE
  5
5D5
100
AcDbEntity
  8
0
100
AcDbPolyline
 62
7
  6
CONTINUOUS
 90
7
 70
0
 10
341.6444408601
 20
55.1505247559
 10
341.6562234501
 20
55.0686639244
 10
340.3789714555
 20
54.9358337122
 10
340.3533595296
 20
55.0738316617
 10
341.6350103876
 20
55.1940692963
 10
341.6403623758
 20
55.1725027674
 10
341.6444408601
 20
55.1505247559
  0
HATCH
  5
5D6
100
AcDbEntity
  8
0
100
AcDbHatch
 62
7
  6
CONTINUOUS
 10
0.0
 20
0.0
 30
0.0
210
0.0
220
0.0
230
1.0
  2
SOLID
 70
1
 71
1
 91
1
 92
1
 93
6
 72
1
 10
341.6444408601
 20
55.1505247559
 11
341.6562234501
 21
55.0686639244
 72
1
 10
341.6562234501
 20
55.0686639244
 11
340.3789714555
 21
54.9358337122
 72
1
 10
340.3789714555
 20
54.9358337122
 11
340.3533595296
 21
55.0738316617
 72
1
 10
340.3533595296
 20
55.0738316617
 11
341.6350103876
 21
55.1940692963
 72
1
 10
341.6350103876
 20
55.1940692963
 11
341.6403623758
 21
55.1725027674
 72
1
 10
341.6403623758
 20
55.1725027674
 11
341.6444408601
 21
55.1505247559
 97
1
330
5D5
 75
0
 76
1
 98
1
 10
0.0
 20
0.0
  0
LWPOLYLINE
  5
5D7
100
AcDbEntity
  8
0
100
AcDbPolyline
 62
7
  6
CONTINUOUS
 90
6
 70
0
 10
341.6659513401
 20
54.9861919203
 10
341.6735854701
 20
54.9031329484
 10
340.394612423
 20
54.7945862604
 10
340.3789714555
 20
54.9358337122
 10
341.6562234501
 20
55.0686639244
 10
341.6659513401
 20
54.9861919203
  0
HATCH
  5
5D8
100
AcDbEntity
  8
0
100
AcDbHatch
 62
7
  6
CONTINUOUS
 10
0.0
 20
0.0
 30
0.0
210
0.0
220
0.0
230
1.0
  2
SOLID
 70
1
 71
1
 91
1
 92
1
 93
5
 72
1
 10
341.6659513401
 20
54.9861919203
 11
341.6735854701
 21
54.9031329484
 72
1
 10
341.6735854701
 20
54.9031329484
 11
340.394612423
 21
54.7945862604
 72
1
 10
340.394612423
 20
54.7945862604
 11
340.3789714555
 21
54.9358337122
 72
1
 10
340.3789714555
 20
54.9358337122
 11
341.6562234501
 21
55.0686639244
 72
1
 10
341.6562234501
 20
55.0686639244
 11
341.6659513401
 21
54.9861919203
 97
1
330
5D7
 75
0
 76
1
 98
1
 10
0.0
 20
0.0
  0
LWPOLYLINE
  5
5D9
100
AcDbEntity
  8
0
100
AcDbPolyline
 62
7
  6
CONTINUOUS
 90
8
 70
0
 10
341.6790867801
 20
54.8194870086
 10
341.6824162101
 20
54.7352601523
 10
341.6835347001
 20
54.6504644817
 10
340.394612423
 20
54.506342703
 10
340.3999090521
 20
54.6504644817
 10
340.394612423
 20
54.7945862604
 10
341.6735854701
 20
54.9031329484
 10
341.6790867801
 20
54.8194870086
  0
HATCH
  5
5DA
100
AcDbEntity
  8
0
100
AcDbHatch
 62
7
  6
CONTINUOUS
 10
0.0
 20
0.0
 30
0.0
210
0.0
220
0.0
230
1.0
  2
SOLID
 70
1
 71
1
 91
1
 92
1
 93
7
 72
1
 10
341.6790867801
 20
54.8194870086
 11
341.6824162101
 21
54.7352601523
 72
1
 10
341.6824162101
 20
54.7352601523
 11
341.6835347001
 21
54.6504644817
 72
1
 10
341.6835347001
 20
54.6504644817
 11
340.394612423
 21
54.506342703
 72
1
 10
340.394612423
 20
54.506342703
 11
340.3999090521
 21
54.6504644817
 72
1
 10
340.3999090521
 20
54.6504644817
 11
340.394612423
 21
54.7945862604
 72
1
 10
340.394612423
 20
54.7945862604
 11
341.6735854701
 21
54.9031329484
 72
1
 10
341.6735854701
 20
54.9031329484
 11
341.6790867801
 21
54.8194870086
 97
1
330
5D9
 75
0
 76
1
 98
1
 10
0.0
 20
0.0
  0
LWPOLYLINE
  5
5DB
100
AcDbEntity
  8
0
100
AcDbPolyline
 62
7
  6
CONTINUOUS
 90
6
 70
0
 10
341.6824162101
 20
54.5656688112
 10
341.6790867801
 20
54.4814540573
 10
340.3789714555
 20
54.3651013025
 10
340.394612423
 20
54.506342703
 10
341.6835347001
 20
54.6504644817
 10
341.6824162101
 20
54.5656688112
  0
HATCH
  5
5DC
100
AcDbEntity
  8
0
100
AcDbHatch
 62
7
  6
CONTINUOUS
 10
0.0
 20
0.0
 30
0.0
210
0.0
220
0.0
230
1.0
  2
SOLID
 70
1
 71
1
 91
1
 92
1
 93
5
 72
1
 10
341.6824162101
 20
54.5656688112
 11
341.6790867801
 21
54.4814540573
 72
1
 10
341.6790867801
 20
54.4814540573
 11
340.3789714555
 21
54.3651013025
 72
1
 10
340.3789714555
 20
54.3651013025
 11
340.394612423
 21
54.506342703
 72
1
 10
340.394612423
 20
54.506342703
 11
341.6835347001
 21
54.6504644817
 72
1
 10
341.6835347001
 20
54.6504644817
 11
341.6824162101
 21
54.5656688112
 97
1
330
5DB
 75
0
 76
1
 98
1
 10
0.0
 20
0.0
  0
LWPOLYLINE
  5
5DD
100
AcDbEntity
  8
0
100
AcDbPolyline
 62
7
  6
CONTINUOUS
 90
6
 70
0
 10
341.6735854701
 20
54.3978323224
 10
341.6659513401
 20
54.3148217602
 10
340.3533595296
 20
54.227103353
 10
340.3789714555
 20
54.3651013025
 10
341.6790867801
 20
54.4814540573
 10
341.6735854701
 20
54.3978323224
  0
HATCH
  5
5DE
100
AcDbEntity
  8
0
100
AcDbHatch
 62
7
  6
CONTINUOUS
 10
0.0
 20
0.0
 30
0.0
210
0.0
220
0.0
230
1.0
  2
SOLID
 70
1
 71
1
 91
1
 92
1
 93
5
 72
1
 10
341.6735854701
 20
54.3978323224
 11
341.6659513401
 21
54.3148217602
 72
1
 10
341.6659513401
 20
54.3148217602
 11
340.3533595296
 21
54.227103353
 72
1
 10
340.3533595296
 20
54.227103353
 11
340.3789714555
 21
54.3651013025
 72
1
 10
340.3789714555
 20
54.3651013025
 11
341.6790867801
 21
54.4814540573
 72
1
 10
341.6790867801
 20
54.4814540573
 11
341.6735854701
 21
54.3978323224
 97
1
330
5DD
 75
0
 76
1
 98
1
 10
0.0
 20
0.0
  0
LWPOLYLINE
  5
5DF
100
AcDbEntity
  8
0
100
AcDbPolyline
 62
7
  6
CONTINUOUS
 90
6
 70
0
 10
341.6562234501
 20
54.2324284218
 10
341.6444408601
 20
54.1506825635
 10
340.3181500252
 20
54.0927240298
 10
340.3533595296
 20
54.227103353
 10
341.6659513401
 20
54.3148217602
 10
341.6562234501
 20
54.2324284218
  0
HATCH
  5
5E0
100
AcDbEntity
  8
0
100
AcDbHatch
 62
7
  6
CONTINUOUS
 10
0.0
 20
0.0
 30
0.0
210
0.0
220
0.0
230
1.0
  2
SOLID
 70
1
 71
1
 91
1
 92
1
 93
5
 72
1
 10
341.6562234501
 20
54.2324284218
 11
341.6444408601
 21
54.1506825635
 72
1
 10
341.6444408601
 20
54.1506825635
 11
340.3181500252
 21
54.0927240298
 72
1
 10
340.3181500252
 20
54.0927240298
 11
340.3533595296
 21
54.227103353
 72
1
 10
340.3533595296
 20
54.227103353
 11
341.6659513401
 21
54.3148217602
 72
1
 10
341.6659513401
 20
54.3148217602
 11
341.6562234501
 21
54.2324284218
 97
1
330
5DF
 75
0
 76
1
 98
1
 10
0.0
 20
0.0
  0
LWPOLYLINE
  5
5E1
100
AcDbEntity
  8
0
100
AcDbPolyline
 62
7
  6
CONTINUOUS
 90
7
 70
0
 10
341.6350103876
 20
54.1070351524
 10
341.6284163961
 20
54.0858740549
 10
340.2737163223
 20
53.9623385083
 10
340.3181500252
 20
54.0927240298
 10
341.6444408601
 20
54.1506825635
 10
341.6403623758
 20
54.1286561423
 10
341.6350103876
 20
54.1070351524
  0
HATCH
  5
5E2
100
AcDbEntity
  8
0
100
AcDbHatch
 62
7
  6
CONTINUOUS
 10
0.0
 20
0.0
 30
0.0
210
0.0
220
0.0
230
1.0
  2
SOLID
 70
1
 71
1
 91
1
 92
1
 93
6
 72
1
 10
341.6350103876
 20
54.1070351524
 11
341.6284163961
 21
54.0858740549
 72
1
 10
341.6284163961
 20
54.0858740549
 11
340.2737163223
 21
53.9623385083
 72
1
 10
340.2737163223
 20
53.9623385083
 11
340.3181500252
 21
54.0927240298
 72
1
 10
340.3181500252
 20
54.0927240298
 11
341.6444408601
 21
54.1506825635
 72
1
 10
341.6444408601
 20
54.1506825635
 11
341.6403623758
 21
54.1286561423
 72
1
 10
341.6403623758
 20
54.1286561423
 11
341.6350103876
 21
54.1070351524
 97
1
330
5E1
 75
0
 76
1
 98
1
 10
0.0
 20
0.0
  0
LWPOLYLINE
  5
5E3
100
AcDbEntity
  8
0
100
AcDbPolyline
 62
7
  6
CONTINUOUS
 90
12
 70
0
 10
336.6192853679
 20
54.0927240298
 10
336.6637315468
 20
53.9623385083
 10
336.7170304473
 20
53.8363219638
 10
335.9491270281
 20
53.6115253917
 10
335.4738145641
 20
53.8860266407
 10
335.4547733654
 20
53.897765997
 10
335.4365956807
 20
53.9105703672
 10
335.4193125104
 20
53.924379239
 10
335.4029548546
 20
53.9391502539
 10
335.3875537134
 20
53.954828951
 10
335.3731400872
 20
53.9713729717
 10
336.6192853679
 20
54.0927240298
  0
HATCH
  5
5E4
100
AcDbEntity
  8
0
100
AcDbHatch
 62
7
  6
CONTINUOUS
 10
0.0
 20
0.0
 30
0.0
210
0.0
220
0.0
230
1.0
  2
SOLID
 70
1
 71
1
 91
1
 92
1
 93
11
 72
1
 10
336.6192853679
 20
54.0927240298
 11
336.6637315468
 21
53.9623385083
 72
1
 10
336.6637315468
 20
53.9623385083
 11
336.7170304473
 21
53.8363219638
 72
1
 10
336.7170304473
 20
53.8363219638
 11
335.9491270281
 21
53.6115253917
 72
1
 10
335.9491270281
 20
53.6115253917
 11
335.4738145641
 21
53.8860266407
 72
1
 10
335.4738145641
 20
53.8860266407
 11
335.4547733654
 21
53.897765997
 72
1
 10
335.4547733654
 20
53.897765997
 11
335.4365956807
 21
53.9105703672
 72
1
 10
335.4365956807
 20
53.9105703672
 11
335.4193125104
 21
53.924379239
 72
1
 10
335.4193125104
 20
53.924379239
 11
335.4029548546
 21
53.9391502539
 72
1
 10
335.4029548546
 20
53.9391502539
 11
335.3875537134
 21
53.954828951
 72
1
 10
335.3875537134
 20
53.954828951
 11
335.3731400872
 21
53.9713729717
 72
1
 10
335.3731400872
 20
53.9713729717
 11
336.6192853679
 21
54.0927240298
 97
1
330
5E3
 75
0
 76
1
 98
1
 10
0.0
 20
0.0
  0
LWPOLYLINE
  5
5E5
100
AcDbEntity
  8
0
100
AcDbPolyline
 62
7
  6
CONTINUOUS
 90
11
 70
0
 10
341.5645344249
 20
53.9713729717
 10
341.5501284334
 20
53.954828951
 10
340.2204318008
 20
53.8363219638
 10
340.2737163223
 20
53.9623385083
 10
341.6284163961
 20
54.0858740549
 10
341.6206119022
 20
54.0652212593
 10
341.6116284068
 20
54.0451312268
 10
341.6014974105
 20
54.0256523669
 10
341.5902504142
 20
54.0068330894
 10
341.5779189188
 20
53.9887218041
 10
341.5645344249
 20
53.9713729717
  0
HATCH
  5
5E6
100
AcDbEntity
  8
0
100
AcDbHatch
 62
7
  6
CONTINUOUS
 10
0.0
 20
0.0
 30
0.0
210
0.0
220
0.0
230
1.0
  2
SOLID
 70
1
 71
1
 91
1
 92
1
 93
10
 72
1
 10
341.5645344249
 20
53.9713729717
 11
341.5501284334
 21
53.954828951
 72
1
 10
341.5501284334
 20
53.954828951
 11
340.2204318008
 21
53.8363219638
 72
1
 10
340.2204318008
 20
53.8363219638
 11
340.2737163223
 21
53.9623385083
 72
1
 10
340.2737163223
 20
53.9623385083
 11
341.6284163961
 21
54.0858740549
 72
1
 10
341.6284163961
 20
54.0858740549
 11
341.6206119022
 21
54.0652212593
 72
1
 10
341.6206119022
 20
54.0652212593
 11
341.6116284068
 21
54.0451312268
 72
1
 10
341.6116284068
 20
54.0451312268
 11
341.6014974105
 21
54.0256523669
 72
1
 10
341.6014974105
 20
54.0256523669
 11
341.5902504142
 21
54.0068330894
 72
1
 10
341.5902504142
 20
54.0068330894
 11
341.5779189188
 21
53.9887218041
 72
1
 10
341.5779189188
 20
53.9887218041
 11
341.5645344249
 21
53.9713729717
 97
1
330
5E5
 75
0
 76
1
 98
1
 10
0.0
 20
0.0
  0
LWPOLYLINE
  5
5E7
100
AcDbEntity
  8
0
100
AcDbPolyline
 62
7
  6
CONTINUOUS
 90
13
 70
0
 10
341.4638785401
 20
53.8860266407
 10
340.9882845561
 20
53.6115253917
 10
340.947533505
 20
53.5861223927
 10
340.0112071241
 20
53.4882258425
 10
340.0888038217
 20
53.5988965068
 10
340.1586698406
 20
53.7150495715
 10
340.2204318008
 20
53.8363219638
 10
341.5501284334
 20
53.954828951
 10
341.5347324452
 20
53.9391502539
 10
341.5183779609
 20
53.924379239
 10
341.5010964814
 20
53.9105703672
 10
341.4829195076
 20
53.897765997
 10
341.4638785401
 20
53.8860266407
  0
HATCH
  5
5E8
100
AcDbEntity
  8
0
100
AcDbHatch
 62
7
  6
CONTINUOUS
 10
0.0
 20
0.0
 30
0.0
210
0.0
220
0.0
230
1.0
  2
SOLID
 70
1
 71
1
 91
1
 92
1
 93
12
 72
1
 10
341.4638785401
 20
53.8860266407
 11
340.9882845561
 21
53.6115253917
 72
1
 10
340.9882845561
 20
53.6115253917
 11
340.947533505
 21
53.5861223927
 72
1
 10
340.947533505
 20
53.5861223927
 11
340.0112071241
 21
53.4882258425
 72
1
 10
340.0112071241
 20
53.4882258425
 11
340.0888038217
 21
53.5988965068
 72
1
 10
340.0888038217
 20
53.5988965068
 11
340.1586698406
 21
53.7150495715
 72
1
 10
340.1586698406
 20
53.7150495715
 11
340.2204318008
 21
53.8363219638
 72
1
 10
340.2204318008
 20
53.8363219638
 11
341.5501284334
 21
53.954828951
 72
1
 10
341.5501284334
 20
53.954828951
 11
341.5347324452
 21
53.9391502539
 72
1
 10
341.5347324452
 20
53.9391502539
 11
341.5183779609
 21
53.924379239
 72
1
 10
341.5183779609
 20
53.924379239
 11
341.5010964814
 21
53.9105703672
 72
1
 10
341.5010964814
 20
53.9105703672
 11
341.4829195076
 21
53.897765997
 72
1
 10
341.4829195076
 20
53.897765997
 11
341.4638785401
 21
53.8860266407
 97
1
330
5E7
 75
0
 76
1
 98
1
 10
0.0
 20
0.0
  0
LWPOLYLINE
  5
5E9
100
AcDbEntity
  8
0
100
AcDbPolyline
 62
7
  6
CONTINUOUS
 90
29
 70
0
 10
336.7788083724
 20
53.7150495715
 10
336.8486916249
 20
53.5988965068
 10
336.9263065078
 20
53.4882258425
 10
337.0112793239
 20
53.3834248564
 10
337.1032363761
 20
53.2848566214
 10
337.2018039673
 20
53.1928963127
 10
337.3066084003
 20
53.107925157
 10
337.4172759781
 20
53.0303122782
 10
337.5334330035
 20
52.9604268005
 10
336.3091271001
 20
52.4392780434
 10
336.3091271001
 20
52.9879961344
 10
336.3075313351
 20
53.0359943688
 10
336.3027945775
 20
53.0833935329
 10
336.294992633
 20
53.1300605001
 10
336.2842013076
 20
53.175874246
 10
336.2704964071
 20
53.2207016439
 10
336.2539537375
 20
53.2644095672
 10
336.2346491045
 20
53.3068769914
 10
336.2126583141
 20
53.3479586875
 10
336.1880571721
 20
53.3875396824
 10
336.1609214845
 20
53.4254868493
 10
336.131327057
 20
53.4616610103
 10
336.0993496956
 20
53.4959471924
 10
336.0650652061
 20
53.5282062175
 10
336.0285493945
 20
53.5583049591
 10
335.9898780665
 20
53.5861223927
 10
335.9491270281
 20
53.6115253917
 10
336.7170304473
 20
53.8363219638
 10
336.7788083724
 20
53.7150495715
  0
HATCH
  5
5EA
100
AcDbEntity
  8
0
100
AcDbHatch
 62
7
  6
CONTINUOUS
 10
0.0
 20
0.0
 30
0.0
210
0.0
220
0.0
230
1.0
  2
SOLID
 70
1
 71
1
 91
1
 92
1
 93
28
 72
1
 10
336.7788083724
 20
53.7150495715
 11
336.8486916249
 21
53.5988965068
 72
1
 10
336.8486916249
 20
53.5988965068
 11
336.9263065078
 21
53.4882258425
 72
1
 10
336.9263065078
 20
53.4882258425
 11
337.0112793239
 21
53.3834248564
 72
1
 10
337.0112793239
 20
53.3834248564
 11
337.1032363761
 21
53.2848566214
 72
1
 10
337.1032363761
 20
53.2848566214
 11
337.2018039673
 21
53.1928963127
 72
1
 10
337.2018039673
 20
53.1928963127
 11
337.3066084003
 21
53.107925157
 72
1
 10
337.3066084003
 20
53.107925157
 11
337.4172759781
 21
53.0303122782
 72
1
 10
337.4172759781
 20
53.0303122782
 11
337.5334330035
 21
52.9604268005
 72
1
 10
337.5334330035
 20
52.9604268005
 11
336.3091271001
 21
52.4392780434
 72
1
 10
336.3091271001
 20
52.4392780434
 11
336.3091271001
 21
52.9879961344
 72
1
 10
336.3091271001
 20
52.9879961344
 11
336.3075313351
 21
53.0359943688
 72
1
 10
336.3075313351
 20
53.0359943688
 11
336.3027945775
 21
53.0833935329
 72
1
 10
336.3027945775
 20
53.0833935329
 11
336.294992633
 21
53.1300605001
 72
1
 10
336.294992633
 20
53.1300605001
 11
336.2842013076
 21
53.175874246
 72
1
 10
336.2842013076
 20
53.175874246
 11
336.2704964071
 21
53.2207016439
 72
1
 10
336.2704964071
 20
53.2207016439
 11
336.2539537375
 21
53.2644095672
 72
1
 10
336.2539537375
 20
53.2644095672
 11
336.2346491045
 21
53.3068769914
 72
1
 10
336.2346491045
 20
53.3068769914
 11
336.2126583141
 21
53.3479586875
 72
1
 10
336.2126583141
 20
53.3479586875
 11
336.1880571721
 21
53.3875396824
 72
1
 10
336.1880571721
 20
53.3875396824
 11
336.1609214845
 21
53.4254868493
 72
1
 10
336.1609214845
 20
53.4254868493
 11
336.131327057
 21
53.4616610103
 72
1
 10
336.131327057
 20
53.4616610103
 11
336.0993496956
 21
53.4959471924
 72
1
 10
336.0993496956
 20
53.4959471924
 11
336.0650652061
 21
53.5282062175
 72
1
 10
336.0650652061
 20
53.5282062175
 11
336.0285493945
 21
53.5583049591
 72
1
 10
336.0285493945
 20
53.5583049591
 11
335.9898780665
 21
53.5861223927
 72
1
 10
335.9898780665
 20
53.5861223927
 11
335.9491270281
 21
53.6115253917
 72
1
 10
335.9491270281
 20
53.6115253917
 11
336.7170304473
 21
53.8363219638
 72
1
 10
336.7170304473
 20
53.8363219638
 11
336.7788083724
 21
53.7150495715
 97
1
330
5E9
 75
0
 76
1
 98
1
 10
0.0
 20
0.0
  0
LWPOLYLINE
  5
5EB
100
AcDbEntity
  8
0
100
AcDbPolyline
 62
7
  6
CONTINUOUS
 90
8
 70
0
 10
340.838061847
 20
53.4959471924
 10
340.8060844786
 20
53.4616610103
 10
339.9262531275
 20
53.3834248564
 10
340.0112071241
 20
53.4882258425
 10
340.947533505
 20
53.5861223927
 10
340.908862166
 20
53.5583049591
 10
340.8723463447
 20
53.5282062175
 10
340.838061847
 20
53.4959471924
  0
HATCH
  5
5EC
100
AcDbEntity
  8
0
100
AcDbHatch
 62
7
  6
CONTINUOUS
 10
0.0
 20
0.0
 30
0.0
210
0.0
220
0.0
230
1.0
  2
SOLID
 70
1
 71
1
 91
1
 92
1
 93
7
 72
1
 10
340.838061847
 20
53.4959471924
 11
340.8060844786
 21
53.4616610103
 72
1
 10
340.8060844786
 20
53.4616610103
 11
339.9262531275
 21
53.3834248564
 72
1
 10
339.9262531275
 20
53.3834248564
 11
340.0112071241
 21
53.4882258425
 72
1
 10
340.0112071241
 20
53.4882258425
 11
340.947533505
 21
53.5861223927
 72
1
 10
340.947533505
 20
53.5861223927
 11
340.908862166
 21
53.5583049591
 72
1
 10
340.908862166
 20
53.5583049591
 11
340.8723463447
 21
53.5282062175
 72
1
 10
340.8723463447
 20
53.5282062175
 11
340.838061847
 21
53.4959471924
 97
1
330
5EB
 75
0
 76
1
 98
1
 10
0.0
 20
0.0
  0
LWPOLYLINE
  5
5ED
100
AcDbEntity
  8
0
100
AcDbPolyline
 62
7
  6
CONTINUOUS
 90
7
 70
0
 10
340.7493543529
 20
53.3875396824
 10
340.7247532071
 20
53.3479586875
 10
339.8343152121
 20
53.2848566214
 10
339.9262531275
 20
53.3834248564
 10
340.8060844786
 20
53.4616610103
 10
340.7764900453
 20
53.4254868493
 10
340.7493543529
 20
53.3875396824
  0
HATCH
  5
5EE
100
AcDbEntity
  8
0
100
AcDbHatch
 62
7
  6
CONTINUOUS
 10
0.0
 20
0.0
 30
0.0
210
0.0
220
0.0
230
1.0
  2
SOLID
 70
1
 71
1
 91
1
 92
1
 93
6
 72
1
 10
340.7493543529
 20
53.3875396824
 11
340.7247532071
 21
53.3479586875
 72
1
 10
340.7247532071
 20
53.3479586875
 11
339.8343152121
 21
53.2848566214
 72
1
 10
339.8343152121
 20
53.2848566214
 11
339.9262531275
 21
53.3834248564
 72
1
 10
339.9262531275
 20
53.3834248564
 11
340.8060844786
 21
53.4616610103
 72
1
 10
340.8060844786
 20
53.4616610103
 11
340.7764900453
 21
53.4254868493
 72
1
 10
340.7764900453
 20
53.4254868493
 11
340.7493543529
 21
53.3875396824
 97
1
330
5ED
 75
0
 76
1
 98
1
 10
0.0
 20
0.0
  0
LWPOLYLINE
  5
5EF
100
AcDbEntity
  8
0
100
AcDbPolyline
 62
7
  6
CONTINUOUS
 90
6
 70
0
 10
340.7027624137
 20
53.3068769914
 10
340.6834577785
 20
53.2644095672
 10
339.7357667577
 20
53.1928963127
 10
339.8343152121
 20
53.2848566214
 10
340.7247532071
 20
53.3479586875
 10
340.7027624137
 20
53.3068769914
  0
HATCH
  5
5F0
100
AcDbEntity
  8
0
100
AcDbHatch
 62
7
  6
CONTINUOUS
 10
0.0
 20
0.0
 30
0.0
210
0.0
220
0.0
230
1.0
  2
SOLID
 70
1
 71
1
 91
1
 92
1
 93
5
 72
1
 10
340.7027624137
 20
53.3068769914
 11
340.6834577785
 21
53.2644095672
 72
1
 10
340.6834577785
 20
53.2644095672
 11
339.7357667577
 21
53.1928963127
 72
1
 10
339.7357667577
 20
53.1928963127
 11
339.8343152121
 21
53.2848566214
 72
1
 10
339.8343152121
 20
53.2848566214
 11
340.7247532071
 21
53.3479586875
 72
1
 10
340.7247532071
 20
53.3479586875
 11
340.7027624137
 21
53.3068769914
 97
1
330
5EF
 75
0
 76
1
 98
1
 10
0.0
 20
0.0
  0
LWPOLYLINE
  5
5F1
100
AcDbEntity
  8
0
100
AcDbPolyline
 62
7
  6
CONTINUOUS
 90
6
 70
0
 10
340.6669151073
 20
53.2207016439
 10
340.6532102057
 20
53.175874246
 10
339.6309811443
 20
53.107925157
 10
339.7357667577
 20
53.1928963127
 10
340.6834577785
 20
53.2644095672
 10
340.6669151073
 20
53.2207016439
  0
HATCH
  5
5F2
100
AcDbEntity
  8
0
100
AcDbHatch
 62
7
  6
CONTINUOUS
 10
0.0
 20
0.0
 30
0.0
210
0.0
220
0.0
230
1.0
  2
SOLID
 70
1
 71
1
 91
1
 92
1
 93
5
 72
1
 10
340.6669151073
 20
53.2207016439
 11
340.6532102057
 21
53.175874246
 72
1
 10
340.6532102057
 20
53.175874246
 11
339.6309811443
 21
53.107925157
 72
1
 10
339.6309811443
 20
53.107925157
 11
339.7357667577
 21
53.1928963127
 72
1
 10
339.7357667577
 20
53.1928963127
 11
340.6834577785
 21
53.2644095672
 72
1
 10
340.6834577785
 20
53.2644095672
 11
340.6669151073
 21
53.2207016439
 97
1
330
5F1
 75
0
 76
1
 98
1
 10
0.0
 20
0.0
  0
LWPOLYLINE
  5
5F3
100
AcDbEntity
  8
0
100
AcDbPolyline
 62
7
  6
CONTINUOUS
 90
6
 70
0
 10
340.6424188797
 20
53.1300605001
 10
340.6346169349
 20
53.0833935329
 10
339.5203317517
 20
53.0303122782
 10
339.6309811443
 20
53.107925157
 10
340.6532102057
 20
53.175874246
 10
340.6424188797
 20
53.1300605001
  0
HATCH
  5
5F4
100
AcDbEntity
  8
0
100
AcDbHatch
 62
7
  6
CONTINUOUS
 10
0.0
 20
0.0
 30
0.0
210
0.0
220
0.0
230
1.0
  2
SOLID
 70
1
 71
1
 91
1
 92
1
 93
5
 72
1
 10
340.6424188797
 20
53.1300605001
 11
340.6346169349
 21
53.0833935329
 72
1
 10
340.6346169349
 20
53.0833935329
 11
339.5203317517
 21
53.0303122782
 72
1
 10
339.5203317517
 20
53.0303122782
 11
339.6309811443
 21
53.107925157
 72
1
 10
339.6309811443
 20
53.107925157
 11
340.6532102057
 21
53.175874246
 72
1
 10
340.6532102057
 20
53.175874246
 11
340.6424188797
 21
53.1300605001
 97
1
330
5F3
 75
0
 76
1
 98
1
 10
0.0
 20
0.0
  0
LWPOLYLINE
  5
5F5
100
AcDbEntity
  8
0
100
AcDbPolyline
 62
7
  6
CONTINUOUS
 90
12
 70
0
 10
340.6298801771
 20
53.0359943688
 10
340.6282844121
 20
52.9879961344
 10
340.6282844121
 20
52.4392780434
 10
338.7542053118
 20
52.7400657688
 10
338.8921964003
 20
52.7656866115
 10
339.0265639893
 20
52.8009046806
 10
339.1569346988
 20
52.845350852
 10
339.2829351491
 20
52.8986499504
 10
339.40419196
 20
52.9604268005
 10
339.5203317517
 20
53.0303122782
 10
340.6346169349
 20
53.0833935329
 10
340.6298801771
 20
53.0359943688
  0
HATCH
  5
5F6
100
AcDbEntity
  8
0
100
AcDbHatch
 62
7
  6
CONTINUOUS
 10
0.0
 20
0.0
 30
0.0
210
0.0
220
0.0
230
1.0
  2
SOLID
 70
1
 71
1
 91
1
 92
1
 93
11
 72
1
 10
340.6298801771
 20
53.0359943688
 11
340.6282844121
 21
52.9879961344
 72
1
 10
340.6282844121
 20
52.9879961344
 11
340.6282844121
 21
52.4392780434
 72
1
 10
340.6282844121
 20
52.4392780434
 11
338.7542053118
 21
52.7400657688
 72
1
 10
338.7542053118
 20
52.7400657688
 11
338.8921964003
 21
52.7656866115
 72
1
 10
338.8921964003
 20
52.7656866115
 11
339.0265639893
 21
52.8009046806
 72
1
 10
339.0265639893
 20
52.8009046806
 11
339.1569346988
 21
52.845350852
 72
1
 10
339.1569346988
 20
52.845350852
 11
339.2829351491
 21
52.8986499504
 72
1
 10
339.2829351491
 20
52.8986499504
 11
339.40419196
 21
52.9604268005
 72
1
 10
339.40419196
 20
52.9604268005
 11
339.5203317517
 21
53.0303122782
 72
1
 10
339.5203317517
 20
53.0303122782
 11
340.6346169349
 21
53.0833935329
 72
1
 10
340.6346169349
 20
53.0833935329
 11
340.6298801771
 21
53.0359943688
 97
1
330
5F5
 75
0
 76
1
 98
1
 10
0.0
 20
0.0
  0
LWPOLYLINE
  5
5F7
100
AcDbEntity
  8
0
100
AcDbPolyline
 62
7
  6
CONTINUOUS
 90
50
 70
0
 10
338.4688461561
 20
52.7191207884
 10
338.6129641037
 20
52.7244173277
 10
338.7542053118
 20
52.7400657688
 10
340.6282844121
 20
52.4392780434
 10
340.6276064098
 20
52.4169248566
 10
340.6255904029
 20
52.3947895135
 10
340.622263392
 20
52.3729264751
 10
340.6176523771
 20
52.351384151
 10
340.6117843588
 20
52.3302170023
 10
340.6046863372
 20
52.3094734385
 10
340.5963853128
 20
52.289213972
 10
340.5869082858
 20
52.2694870123
 10
340.5762822566
 20
52.2503470204
 10
340.5645342254
 20
52.2318424061
 10
340.5516911927
 20
52.214021579
 10
340.5377801587
 20
52.1969511026
 10
340.5228281237
 20
52.1806733353
 10
340.5068620881
 20
52.165242738
 10
340.4899090521
 20
52.1507137716
 10
340.3914578957
 20
52.0741114457
 10
338.6077998711
 20
52.0318981725
 10
338.5616864926
 20
52.0394319347
 10
338.5152715367
 20
52.043952192
 10
338.4687057921
 20
52.0454569464
 10
336.6475060874
 20
52.0013032314
 10
336.5461418011
 20
52.0741114457
 10
336.4477833321
 20
52.1507137716
 10
336.4307777835
 20
52.165242738
 10
336.4147662258
 20
52.1806733353
 10
336.39977516
 20
52.1969511026
 10
336.3858310871
 20
52.214021579
 10
336.3729605081
 20
52.2318424061
 10
336.361189924
 20
52.2503470204
 10
336.3505458357
 20
52.2694870123
 10
336.3410547443
 20
52.289213972
 10
336.3327431508
 20
52.3094734385
 10
336.3256375561
 20
52.3302170023
 10
336.3197644613
 20
52.351384151
 10
336.3151503673
 20
52.3729264751
 10
336.3118217751
 20
52.3947895135
 10
336.3098051857
 20
52.4169248566
 10
336.3091271001
 20
52.4392780434
 10
337.5334330035
 20
52.9604268005
 10
337.6547057793
 20
52.8986499504
 10
337.7807206086
 20
52.845350852
 10
337.9111037941
 20
52.8009046806
 10
338.0454816387
 20
52.7656866115
 10
338.1834804453
 20
52.7400657688
 10
338.3247265168
 20
52.7244173277
 10
338.4688461561
 20
52.7191207884
  0
HATCH
  5
5F8
100
AcDbEntity
  8
0
100
AcDbHatch
 62
7
  6
CONTINUOUS
 10
0.0
 20
0.0
 30
0.0
210
0.0
220
0.0
230
1.0
  2
SOLID
 70
1
 71
1
 91
1
 92
1
 93
49
 72
1
 10
338.4688461561
 20
52.7191207884
 11
338.6129641037
 21
52.7244173277
 72
1
 10
338.6129641037
 20
52.7244173277
 11
338.7542053118
 21
52.7400657688
 72
1
 10
338.7542053118
 20
52.7400657688
 11
340.6282844121
 21
52.4392780434
 72
1
 10
340.6282844121
 20
52.4392780434
 11
340.6276064098
 21
52.4169248566
 72
1
 10
340.6276064098
 20
52.4169248566
 11
340.6255904029
 21
52.3947895135
 72
1
 10
340.6255904029
 20
52.3947895135
 11
340.622263392
 21
52.3729264751
 72
1
 10
340.622263392
 20
52.3729264751
 11
340.6176523771
 21
52.351384151
 72
1
 10
340.6176523771
 20
52.351384151
 11
340.6117843588
 21
52.3302170023
 72
1
 10
340.6117843588
 20
52.3302170023
 11
340.6046863372
 21
52.3094734385
 72
1
 10
340.6046863372
 20
52.3094734385
 11
340.5963853128
 21
52.289213972
 72
1
 10
340.5963853128
 20
52.289213972
 11
340.5869082858
 21
52.2694870123
 72
1
 10
340.5869082858
 20
52.2694870123
 11
340.5762822566
 21
52.2503470204
 72
1
 10
340.5762822566
 20
52.2503470204
 11
340.5645342254
 21
52.2318424061
 72
1
 10
340.5645342254
 20
52.2318424061
 11
340.5516911927
 21
52.214021579
 72
1
 10
340.5516911927
 20
52.214021579
 11
340.5377801587
 21
52.1969511026
 72
1
 10
340.5377801587
 20
52.1969511026
 11
340.5228281237
 21
52.1806733353
 72
1
 10
340.5228281237
 20
52.1806733353
 11
340.5068620881
 21
52.165242738
 72
1
 10
340.5068620881
 20
52.165242738
 11
340.4899090521
 21
52.1507137716
 72
1
 10
340.4899090521
 20
52.1507137716
 11
340.3914578957
 21
52.0741114457
 72
1
 10
340.3914578957
 20
52.0741114457
 11
338.6077998711
 21
52.0318981725
 72
1
 10
338.6077998711
 20
52.0318981725
 11
338.5616864926
 21
52.0394319347
 72
1
 10
338.5616864926
 20
52.0394319347
 11
338.5152715367
 21
52.043952192
 72
1
 10
338.5152715367
 20
52.043952192
 11
338.4687057921
 21
52.0454569464
 72
1
 10
338.4687057921
 20
52.0454569464
 11
336.6475060874
 21
52.0013032314
 72
1
 10
336.6475060874
 20
52.0013032314
 11
336.5461418011
 21
52.0741114457
 72
1
 10
336.5461418011
 20
52.0741114457
 11
336.4477833321
 21
52.1507137716
 72
1
 10
336.4477833321
 20
52.1507137716
 11
336.4307777835
 21
52.165242738
 72
1
 10
336.4307777835
 20
52.165242738
 11
336.4147662258
 21
52.1806733353
 72
1
 10
336.4147662258
 20
52.1806733353
 11
336.39977516
 21
52.1969511026
 72
1
 10
336.39977516
 20
52.1969511026
 11
336.3858310871
 21
52.214021579
 72
1
 10
336.3858310871
 20
52.214021579
 11
336.3729605081
 21
52.2318424061
 72
1
 10
336.3729605081
 20
52.2318424061
 11
336.361189924
 21
52.2503470204
 72
1
 10
336.361189924
 20
52.2503470204
 11
336.3505458357
 21
52.2694870123
 72
1
 10
336.3505458357
 20
52.2694870123
 11
336.3410547443
 21
52.289213972
 72
1
 10
336.3410547443
 20
52.289213972
 11
336.3327431508
 21
52.3094734385
 72
1
 10
336.3327431508
 20
52.3094734385
 11
336.3256375561
 21
52.3302170023
 72
1
 10
336.3256375561
 20
52.3302170023
 11
336.3197644613
 21
52.351384151
 72
1
 10
336.3197644613
 20
52.351384151
 11
336.3151503673
 21
52.3729264751
 72
1
 10
336.3151503673
 20
52.3729264751
 11
336.3118217751
 21
52.3947895135
 72
1
 10
336.3118217751
 20
52.3947895135
 11
336.3098051857
 21
52.4169248566
 72
1
 10
336.3098051857
 20
52.4169248566
 11
336.3091271001
 21
52.4392780434
 72
1
 10
336.3091271001
 20
52.4392780434
 11
337.5334330035
 21
52.9604268005
 72
1
 10
337.5334330035
 20
52.9604268005
 11
337.6547057793
 21
52.8986499504
 72
1
 10
337.6547057793
 20
52.8986499504
 11
337.7807206086
 21
52.845350852
 72
1
 10
337.7807206086
 20
52.845350852
 11
337.9111037941
 21
52.8009046806
 72
1
 10
337.9111037941
 20
52.8009046806
 11
338.0454816387
 21
52.7656866115
 72
1
 10
338.0454816387
 20
52.7656866115
 11
338.1834804453
 21
52.7400657688
 72
1
 10
338.1834804453
 20
52.7400657688
 11
338.3247265168
 21
52.7244173277
 72
1
 10
338.3247265168
 20
52.7244173277
 11
338.4688461561
 21
52.7191207884
 97
1
330
5F7
 75
0
 76
1
 98
1
 10
0.0
 20
0.0
  0
LWPOLYLINE
  5
5F9
100
AcDbEntity
  8
0
100
AcDbPolyline
 62
7
  6
CONTINUOUS
 90
10
 70
0
 10
338.2388928428
 20
52.0078022359
 10
338.1945889283
 20
51.9912340102
 10
336.7517707305
 20
51.9323919992
 10
336.6475060874
 20
52.0013032314
 10
338.4687057921
 20
52.0454569464
 10
338.4221400476
 20
52.043952192
 10
338.3757250917
 20
52.0394319347
 10
338.3296117131
 20
52.0318981725
 10
338.2839507006
 20
52.0213569566
 10
338.2388928428
 20
52.0078022359
  0
HATCH
  5
5FA
100
AcDbEntity
  8
0
100
AcDbHatch
 62
7
  6
CONTINUOUS
 10
0.0
 20
0.0
 30
0.0
210
0.0
220
0.0
230
1.0
  2
SOLID
 70
1
 71
1
 91
1
 92
1
 93
9
 72
1
 10
338.2388928428
 20
52.0078022359
 11
338.1945889283
 21
51.9912340102
 72
1
 10
338.1945889283
 20
51.9912340102
 11
336.7517707305
 21
51.9323919992
 72
1
 10
336.7517707305
 20
51.9323919992
 11
336.6475060874
 21
52.0013032314
 72
1
 10
336.6475060874
 20
52.0013032314
 11
338.4687057921
 21
52.0454569464
 72
1
 10
338.4687057921
 20
52.0454569464
 11
338.4221400476
 21
52.043952192
 72
1
 10
338.4221400476
 20
52.043952192
 11
338.3757250917
 21
52.0394319347
 72
1
 10
338.3757250917
 20
52.0394319347
 11
338.3296117131
 21
52.0318981725
 72
1
 10
338.3296117131
 20
52.0318981725
 11
338.2839507006
 21
52.0213569566
 72
1
 10
338.2839507006
 20
52.0213569566
 11
338.2388928428
 21
52.0078022359
 97
1
330
5F9
 75
0
 76
1
 98
1
 10
0.0
 20
0.0
  0
LWPOLYLINE
  5
5FB
100
AcDbEntity
  8
0
100
AcDbPolyline
 62
7
  6
CONTINUOUS
 90
11
 70
0
 10
338.6077998711
 20
52.0318981725
 10
340.3914578957
 20
52.0741114457
 10
340.2900239481
 20
52.0013032314
 10
340.1857093705
 20
51.9323919992
 10
339.3047217321
 20
51.6739930323
 10
338.8285655001
 20
51.9490570443
 10
338.7862218384
 20
51.9716522797
 10
338.7428226559
 20
51.9912340102
 10
338.6985187415
 20
52.0078022359
 10
338.6534608836
 20
52.0213569566
 10
338.6077998711
 20
52.0318981725
  0
HATCH
  5
5FC
100
AcDbEntity
  8
0
100
AcDbHatch
 62
7
  6
CONTINUOUS
 10
0.0
 20
0.0
 30
0.0
210
0.0
220
0.0
230
1.0
  2
SOLID
 70
1
 71
1
 91
1
 92
1
 93
10
 72
1
 10
338.6077998711
 20
52.0318981725
 11
340.3914578957
 21
52.0741114457
 72
1
 10
340.3914578957
 20
52.0741114457
 11
340.2900239481
 21
52.0013032314
 72
1
 10
340.2900239481
 20
52.0013032314
 11
340.1857093705
 21
51.9323919992
 72
1
 10
340.1857093705
 20
51.9323919992
 11
339.3047217321
 21
51.6739930323
 72
1
 10
339.3047217321
 20
51.6739930323
 11
338.8285655001
 21
51.9490570443
 72
1
 10
338.8285655001
 20
51.9490570443
 11
338.7862218384
 21
51.9716522797
 72
1
 10
338.7862218384
 20
51.9716522797
 11
338.7428226559
 21
51.9912340102
 72
1
 10
338.7428226559
 20
51.9912340102
 11
338.6985187415
 21
52.0078022359
 72
1
 10
338.6985187415
 20
52.0078022359
 11
338.6534608836
 21
52.0213569566
 72
1
 10
338.6534608836
 20
52.0213569566
 11
338.6077998711
 21
52.0318981725
 97
1
330
5FB
 75
0
 76
1
 98
1
 10
0.0
 20
0.0
  0
LWPOLYLINE
  5
5FD
100
AcDbEntity
  8
0
100
AcDbPolyline
 62
7
  6
CONTINUOUS
 90
11
 70
0
 10
338.1088460841
 20
51.9490570443
 10
337.6329713001
 20
51.6739930323
 10
337.3129081881
 20
51.6500907346
 10
337.1957236653
 20
51.6979013813
 10
337.0809121979
 20
51.7501415172
 10
336.968579246
 20
51.8067082715
 10
336.8588302701
 20
51.8674987736
 10
336.7517707305
 20
51.9323919992
 10
338.1945889283
 20
51.9912340102
 10
338.1511897459
 20
51.9716522797
 10
338.1088460841
 20
51.9490570443
  0
HATCH
  5
5FE
100
AcDbEntity
  8
0
100
AcDbHatch
 62
7
  6
CONTINUOUS
 10
0.0
 20
0.0
 30
0.0
210
0.0
220
0.0
230
1.0
  2
SOLID
 70
1
 71
1
 91
1
 92
1
 93
10
 72
1
 10
338.1088460841
 20
51.9490570443
 11
337.6329713001
 21
51.6739930323
 72
1
 10
337.6329713001
 20
51.6739930323
 11
337.3129081881
 21
51.6500907346
 72
1
 10
337.3129081881
 20
51.6500907346
 11
337.1957236653
 21
51.6979013813
 72
1
 10
337.1957236653
 20
51.6979013813
 11
337.0809121979
 21
51.7501415172
 72
1
 10
337.0809121979
 20
51.7501415172
 11
336.968579246
 21
51.8067082715
 72
1
 10
336.968579246
 20
51.8067082715
 11
336.8588302701
 21
51.8674987736
 72
1
 10
336.8588302701
 20
51.8674987736
 11
336.7517707305
 21
51.9323919992
 72
1
 10
336.7517707305
 20
51.9323919992
 11
338.1945889283
 21
51.9912340102
 72
1
 10
338.1945889283
 20
51.9912340102
 11
338.1511897459
 21
51.9716522797
 72
1
 10
338.1511897459
 20
51.9716522797
 11
338.1088460841
 21
51.9490570443
 97
1
330
5FD
 75
0
 76
1
 98
1
 10
0.0
 20
0.0
  0
LWPOLYLINE
  5
5FF
100
AcDbEntity
  8
0
100
AcDbPolyline
 62
7
  6
CONTINUOUS
 90
22
 70
0
 10
339.741687985
 20
51.6979013813
 10
339.6245026761
 20
51.6500907346
 10
339.6033624318
 20
51.6426356381
 10
339.5819431914
 20
51.6364815529
 10
339.5603034545
 20
51.6316224275
 10
339.5385017206
 20
51.6280582621
 10
339.5165964894
 20
51.6257890566
 10
339.4946462605
 20
51.6248087599
 10
339.4727095334
 20
51.625123423
 10
339.4508448077
 20
51.6267269949
 10
339.4291105829
 20
51.6296194755
 10
339.4075653588
 20
51.6338008648
 10
339.3862676348
 20
51.6392651116
 10
339.3652759105
 20
51.6460243183
 10
339.3446486856
 20
51.6540603314
 10
339.3244444596
 20
51.6633852531
 10
339.3047217321
 20
51.6739930323
 10
340.1857093705
 20
51.9323919992
 10
340.0786163241
 20
51.8674987736
 10
339.9688469702
 20
51.8067082715
 10
339.8565034701
 20
51.7501415172
 10
339.741687985
 20
51.6979013813
  0
HATCH
  5
600
100
AcDbEntity
  8
0
100
AcDbHatch
 62
7
  6
CONTINUOUS
 10
0.0
 20
0.0
 30
0.0
210
0.0
220
0.0
230
1.0
  2
SOLID
 70
1
 71
1
 91
1
 92
1
 93
21
 72
1
 10
339.741687985
 20
51.6979013813
 11
339.6245026761
 21
51.6500907346
 72
1
 10
339.6245026761
 20
51.6500907346
 11
339.6033624318
 21
51.6426356381
 72
1
 10
339.6033624318
 20
51.6426356381
 11
339.5819431914
 21
51.6364815529
 72
1
 10
339.5819431914
 20
51.6364815529
 11
339.5603034545
 21
51.6316224275
 72
1
 10
339.5603034545
 20
51.6316224275
 11
339.5385017206
 21
51.6280582621
 72
1
 10
339.5385017206
 20
51.6280582621
 11
339.5165964894
 21
51.6257890566
 72
1
 10
339.5165964894
 20
51.6257890566
 11
339.4946462605
 21
51.6248087599
 72
1
 10
339.4946462605
 20
51.6248087599
 11
339.4727095334
 21
51.625123423
 72
1
 10
339.4727095334
 20
51.625123423
 11
339.4508448077
 21
51.6267269949
 72
1
 10
339.4508448077
 20
51.6267269949
 11
339.4291105829
 21
51.6296194755
 72
1
 10
339.4291105829
 20
51.6296194755
 11
339.4075653588
 21
51.6338008648
 72
1
 10
339.4075653588
 20
51.6338008648
 11
339.3862676348
 21
51.6392651116
 72
1
 10
339.3862676348
 20
51.6392651116
 11
339.3652759105
 21
51.6460243183
 72
1
 10
339.3652759105
 20
51.6460243183
 11
339.3446486856
 21
51.6540603314
 72
1
 10
339.3446486856
 20
51.6540603314
 11
339.3244444596
 21
51.6633852531
 72
1
 10
339.3244444596
 20
51.6633852531
 11
339.3047217321
 21
51.6739930323
 72
1
 10
339.3047217321
 20
51.6739930323
 11
340.1857093705
 21
51.9323919992
 72
1
 10
340.1857093705
 20
51.9323919992
 11
340.0786163241
 21
51.8674987736
 72
1
 10
340.0786163241
 20
51.8674987736
 11
339.9688469702
 21
51.8067082715
 72
1
 10
339.9688469702
 20
51.8067082715
 11
339.8565034701
 21
51.7501415172
 72
1
 10
339.8565034701
 20
51.7501415172
 11
339.741687985
 21
51.6979013813
 97
1
330
5FF
 75
0
 76
1
 98
1
 10
0.0
 20
0.0
  0
LWPOLYLINE
  5
601
100
AcDbEntity
  8
0
100
AcDbPolyline
 62
7
  6
CONTINUOUS
 90
17
 70
0
 10
337.5929461058
 20
51.6540603314
 10
337.5722797624
 20
51.6460243183
 10
337.5512549193
 20
51.6392651116
 10
337.5299295748
 20
51.6338008648
 10
337.5083617273
 20
51.6296194755
 10
337.486609375
 20
51.6267269949
 10
337.4647305164
 20
51.625123423
 10
337.4427831498
 20
51.6248087599
 10
337.4208252734
 20
51.6257890566
 10
337.3989148858
 20
51.6280582621
 10
337.377109985
 20
51.6316224275
 10
337.3554685696
 20
51.6364815529
 10
337.3340486379
 20
51.6426356381
 10
337.3129081881
 20
51.6500907346
 10
337.6329713001
 20
51.6739930323
 10
337.6131959511
 20
51.6633852531
 10
337.5929461058
 20
51.6540603314
  0
HATCH
  5
602
100
AcDbEntity
  8
0
100
AcDbHatch
 62
7
  6
CONTINUOUS
 10
0.0
 20
0.0
 30
0.0
210
0.0
220
0.0
230
1.0
  2
SOLID
 70
1
 71
1
 91
1
 92
1
 93
16
 72
1
 10
337.5929461058
 20
51.6540603314
 11
337.5722797624
 21
51.6460243183
 72
1
 10
337.5722797624
 20
51.6460243183
 11
337.5512549193
 21
51.6392651116
 72
1
 10
337.5512549193
 20
51.6392651116
 11
337.5299295748
 21
51.6338008648
 72
1
 10
337.5299295748
 20
51.6338008648
 11
337.5083617273
 21
51.6296194755
 72
1
 10
337.5083617273
 20
51.6296194755
 11
337.486609375
 21
51.6267269949
 72
1
 10
337.486609375
 20
51.6267269949
 11
337.4647305164
 21
51.625123423
 72
1
 10
337.4647305164
 20
51.625123423
 11
337.4427831498
 21
51.6248087599
 72
1
 10
337.4427831498
 20
51.6248087599
 11
337.4208252734
 21
51.6257890566
 72
1
 10
337.4208252734
 20
51.6257890566
 11
337.3989148858
 21
51.6280582621
 72
1
 10
337.3989148858
 20
51.6280582621
 11
337.377109985
 21
51.6316224275
 72
1
 10
337.377109985
 20
51.6316224275
 11
337.3554685696
 21
51.6364815529
 72
1
 10
337.3554685696
 20
51.6364815529
 11
337.3340486379
 21
51.6426356381
 72
1
 10
337.3340486379
 20
51.6426356381
 11
337.3129081881
 21
51.6500907346
 72
1
 10
337.3129081881
 20
51.6500907346
 11
337.6329713001
 21
51.6739930323
 72
1
 10
337.6329713001
 20
51.6739930323
 11
337.6131959511
 21
51.6633852531
 72
1
 10
337.6131959511
 20
51.6633852531
 11
337.5929461058
 21
51.6540603314
 97
1
330
601
 75
0
 76
1
 98
1
 10
0.0
 20
0.0
  0
MTEXT
  5
603
100
AcDbEntity
  8
0
100
AcDbMText
 62
2
  6
CONTINUOUS
  7
TEXTSTYLE_2
 71
1
 72
1
 10
46.25
 20
20.0
 30
0.0
 11
1.0
 21
0.0
 31
0.0
 73
2
 44
0.9
  1
A
 40
3.0
 41
3.0
  0
MTEXT
  5
604
100
AcDbEntity
  8
0
100
AcDbMText
 62
2
  6
CONTINUOUS
  7
TEXTSTYLE_2
 71
1
 72
1
 10
91.75
 20
20.0
 30
0.0
 11
1.0
 21
0.0
 31
0.0
 73
2
 44
0.9
  1
B
 40
3.0
 41
3.0
  0
MTEXT
  5
605
100
AcDbEntity
  8
0
100
AcDbMText
 62
2
  6
CONTINUOUS
  7
TEXTSTYLE_2
 71
1
 72
1
 10
20.5
 20
49.2
 30
0.0
 11
1.0
 21
0.0
 31
0.0
 73
2
 44
0.9
  1
5
 40
3.0
 41
3.0
  0
MTEXT
  5
606
100
AcDbEntity
  8
0
100
AcDbMText
 62
2
  6
CONTINUOUS
  7
TEXTSTYLE_2
 71
1
 72
1
 10
20.5
 20
99.6
 30
0.0
 11
1.0
 21
0.0
 31
0.0
 73
2
 44
0.9
  1
4
 40
3.0
 41
3.0
  0
MTEXT
  5
607
100
AcDbEntity
  8
0
100
AcDbMText
 62
2
  6
CONTINUOUS
  7
TEXTSTYLE_2
 71
1
 72
1
 10
20.5
 20
150.0
 30
0.0
 11
1.0
 21
0.0
 31
0.0
 73
2
 44
0.9
  1
3
 40
3.0
 41
3.0
  0
MTEXT
  5
608
100
AcDbEntity
  8
0
100
AcDbMText
 62
2
  6
CONTINUOUS
  7
TEXTSTYLE_2
 71
1
 72
1
 10
20.5
 20
200.4
 30
0.0
 11
1.0
 21
0.0
 31
0.0
 73
2
 44
0.9
  1
2
 40
3.0
 41
3.0
  0
MTEXT
  5
609
100
AcDbEntity
  8
0
100
AcDbMText
 62
2
  6
CONTINUOUS
  7
TEXTSTYLE_2
 71
1
 72
1
 10
46.25
 20
280.0
 30
0.0
 11
1.0
 21
0.0
 31
0.0
 73
2
 44
0.9
  1
A
 40
3.0
 41
3.0
  0
MTEXT
  5
60A
100
AcDbEntity
  8
0
100
AcDbMText
 62
2
  6
CONTINUOUS
  7
TEXTSTYLE_2
 71
1
 72
1
 10
20.5
 20
250.8
 30
0.0
 11
1.0
 21
0.0
 31
0.0
 73
2
 44
0.9
  1
1
 40
3.0
 41
3.0
  0
MTEXT
  5
60B
100
AcDbEntity
  8
0
100
AcDbMText
 62
2
  6
CONTINUOUS
  7
TEXTSTYLE_2
 71
1
 72
1
 10
91.75
 20
280.0
 30
0.0
 11
1.0
 21
0.0
 31
0.0
 73
2
 44
0.9
  1
B
 40
3.0
 41
3.0
  0
MTEXT
  5
60C
100
AcDbEntity
  8
0
100
AcDbMText
 62
2
  6
CONTINUOUS
  7
TEXTSTYLE_2
 71
1
 72
1
 10
137.25
 20
20.0
 30
0.0
 11
1.0
 21
0.0
 31
0.0
 73
2
 44
0.9
  1
C
 40
3.0
 41
3.0
  0
MTEXT
  5
60D
100
AcDbEntity
  8
0
100
AcDbMText
 62
2
  6
CONTINUOUS
  7
TEXTSTYLE_2
 71
1
 72
1
 10
182.75
 20
20.0
 30
0.0
 11
1.0
 21
0.0
 31
0.0
 73
2
 44
0.9
  1
D
 40
3.0
 41
3.0
  0
MTEXT
  5
60E
100
AcDbEntity
  8
0
100
AcDbMText
 62
2
  6
CONTINUOUS
  7
TEXTSTYLE_2
 71
1
 72
1
 10
228.25
 20
20.0
 30
0.0
 11
1.0
 21
0.0
 31
0.0
 73
2
 44
0.9
  1
E
 40
3.0
 41
3.0
  0
MTEXT
  5
60F
100
AcDbEntity
  8
0
100
AcDbMText
 62
2
  6
CONTINUOUS
  7
TEXTSTYLE_2
 71
1
 72
1
 10
273.75
 20
20.0
 30
0.0
 11
1.0
 21
0.0
 31
0.0
 73
2
 44
0.9
  1
F
 40
3.0
 41
3.0
  0
MTEXT
  5
610
100
AcDbEntity
  8
0
100
AcDbMText
 62
2
  6
CONTINUOUS
  7
TEXTSTYLE_2
 71
1
 72
1
 10
137.25
 20
280.0
 30
0.0
 11
1.0
 21
0.0
 31
0.0
 73
2
 44
0.9
  1
C
 40
3.0
 41
3.0
  0
MTEXT
  5
611
100
AcDbEntity
  8
0
100
AcDbMText
 62
2
  6
CONTINUOUS
  7
TEXTSTYLE_2
 71
1
 72
1
 10
182.75
 20
280.0
 30
0.0
 11
1.0
 21
0.0
 31
0.0
 73
2
 44
0.9
  1
D
 40
3.0
 41
3.0
  0
MTEXT
  5
612
100
AcDbEntity
  8
0
100
AcDbMText
 62
2
  6
CONTINUOUS
  7
TEXTSTYLE_2
 71
1
 72
1
 10
228.25
 20
280.0
 30
0.0
 11
1.0
 21
0.0
 31
0.0
 73
2
 44
0.9
  1
E
 40
3.0
 41
3.0
  0
MTEXT
  5
613
100
AcDbEntity
  8
0
100
AcDbMText
 62
2
  6
CONTINUOUS
  7
TEXTSTYLE_2
 71
1
 72
1
 10
273.75
 20
280.0
 30
0.0
 11
1.0
 21
0.0
 31
0.0
 73
2
 44
0.9
  1
F
 40
3.0
 41
3.0
  0
MTEXT
  5
614
100
AcDbEntity
  8
0
100
AcDbMText
 62
2
  6
CONTINUOUS
  7
TEXTSTYLE_2
 71
1
 72
1
 10
319.25
 20
20.0
 30
0.0
 11
1.0
 21
0.0
 31
0.0
 73
2
 44
0.9
  1
G
 40
3.0
 41
3.0
  0
MTEXT
  5
615
100
AcDbEntity
  8
0
100
AcDbMText
 62
2
  6
CONTINUOUS
  7
TEXTSTYLE_2
 71
1
 72
1
 10
364.75
 20
20.0
 30
0.0
 11
1.0
 21
0.0
 31
0.0
 73
2
 44
0.9
  1
H
 40
3.0
 41
3.0
  0
MTEXT
  5
616
100
AcDbEntity
  8
0
100
AcDbMText
 62
2
  6
CONTINUOUS
  7
TEXTSTYLE_2
 71
1
 72
1
 10
397.0
 20
49.2
 30
0.0
 11
1.0
 21
0.0
 31
0.0
 73
2
 44
0.9
  1
5
 40
3.0
 41
3.0
  0
MTEXT
  5
617
100
AcDbEntity
  8
0
100
AcDbMText
 62
2
  6
CONTINUOUS
  7
TEXTSTYLE_2
 71
1
 72
1
 10
397.0
 20
99.6
 30
0.0
 11
1.0
 21
0.0
 31
0.0
 73
2
 44
0.9
  1
4
 40
3.0
 41
3.0
  0
MTEXT
  5
618
100
AcDbEntity
  8
0
100
AcDbMText
 62
2
  6
CONTINUOUS
  7
TEXTSTYLE_2
 71
1
 72
1
 10
319.25
 20
280.0
 30
0.0
 11
1.0
 21
0.0
 31
0.0
 73
2
 44
0.9
  1
G
 40
3.0
 41
3.0
  0
MTEXT
  5
619
100
AcDbEntity
  8
0
100
AcDbMText
 62
2
  6
CONTINUOUS
  7
TEXTSTYLE_2
 71
1
 72
1
 10
364.75
 20
280.0
 30
0.0
 11
1.0
 21
0.0
 31
0.0
 73
2
 44
0.9
  1
H
 40
3.0
 41
3.0
  0
MTEXT
  5
61A
100
AcDbEntity
  8
0
100
AcDbMText
 62
2
  6
CONTINUOUS
  7
TEXTSTYLE_2
 71
1
 72
1
 10
397.0
 20
150.0
 30
0.0
 11
1.0
 21
0.0
 31
0.0
 73
2
 44
0.9
  1
3
 40
3.0
 41
3.0
  0
MTEXT
  5
61B
100
AcDbEntity
  8
0
100
AcDbMText
 62
2
  6
CONTINUOUS
  7
TEXTSTYLE_2
 71
1
 72
1
 10
397.0
 20
200.4
 30
0.0
 11
1.0
 21
0.0
 31
0.0
 73
2
 44
0.9
  1
2
 40
3.0
 41
3.0
  0
MTEXT
  5
61C
100
AcDbEntity
  8
0
100
AcDbMText
 62
2
  6
CONTINUOUS
  7
TEXTSTYLE_2
 71
1
 72
1
 10
397.0
 20
250.8
 30
0.0
 11
1.0
 21
0.0
 31
0.0
 73
2
 44
0.9
  1
1
 40
3.0
 41
3.0
  0
INSERT
  5
61D
100
AcDbEntity
  8
0
100
AcDbBlockReference
 62
2
  6
CONTINUOUS
  2
SYM301_BL0
 10
310.5289843344
 20
34.4962659381
  0
INSERT
  5
61E
100
AcDbEntity
  8
0
100
AcDbBlockReference
 62
2
  6
CONTINUOUS
  2
SYM301_BL1
 10
310.6692604679
 20
37.5110682975
  0
INSERT
  5
61F
100
AcDbEntity
  8
0
100
AcDbBlockReference
 62
2
  6
CONTINUOUS
  2
SYM301_BL2
 10
310.1239413542
 20
40.4607489579
  0
INSERT
  5
620
100
AcDbEntity
  8
0
100
AcDbBlockReference
 62
2
  6
CONTINUOUS
  2
SYM001_BL3
 10
306.3060295647
 20
34.5212028383
  0
INSERT
  5
621
100
AcDbEntity
  8
0
100
AcDbBlockReference
 62
2
  6
CONTINUOUS
  2
SYM001_BL4
 10
306.314597998
 20
37.4827628938
  0
INSERT
  5
622
100
AcDbEntity
  8
0
100
AcDbBlockReference
 62
2
  6
CONTINUOUS
  2
SYM301_BL5
 10
306.0943526642
 20
40.5623453798
  0
DIMENSION
  5
623
100
AcDbEntity
  8
0
100
AcDbDimension
 62
2
  6
CONTINUOUS
  2
*D0
 10
227.5159241861
 20
242.0466590828
 11
217.3723471069
 21
242.0466590828
 70
160
 71
3
 72
2
 41
0.9
 42
1.2
  3
DIMSTYLE_1
100
AcDbAlignedDimension
 13
228.7159241861
 23
230.7180225078
 14
227.5159241861
 24
230.7180225078
 50
180.0
100
AcDbRotatedDimension
  0
DIMENSION
  5
624
100
AcDbEntity
  8
0
100
AcDbDimension
 62
2
  6
CONTINUOUS
  2
*D1
 10
111.9508601281
 20
161.3180225078
 11
109.7008608664
 21
247.6617883152
 70
230
 71
1
 72
2
 41
0.9
  3
DIMSTYLE_2
100
AcDbOrdinateDimension
 13
111.9508601281
 23
162.3180225078
 14
111.9508601281
 24
241.3617835752
1001
ACAD
1000
DSTYLE
1002
{
1070
73
1070
0
1070
74
1070
0
1070
77
1070
1
1002
}
  0
DIMENSION
  5
625
100
AcDbEntity
  8
0
100
AcDbDimension
 62
2
  6
CONTINUOUS
  2
*D2
 10
111.9508601281
 20
234.3180225078
 11
116.9008608664
 21
247.6617864841
 70
230
 71
1
 72
2
 41
0.9
 42
7.2
  3
DIMSTYLE_2
100
AcDbOrdinateDimension
 13
119.1508601281
 23
235.3180225078
 14
119.1508601281
 24
241.3617835752
1001
ACAD
1000
DSTYLE
1002
{
1070
73
1070
0
1070
74
1070
0
1070
77
1070
1
1002
}
  0
DIMENSION
  5
626
100
AcDbEntity
  8
0
100
AcDbDimension
 62
2
  6
CONTINUOUS
  2
*D3
 10
111.9508601281
 20
234.3180225078
 11
122.5008608664
 21
249.1617834324
 70
230
 71
1
 72
2
 41
0.9
 42
12.8
  3
DIMSTYLE_2
100
AcDbOrdinateDimension
 13
124.7508601281
 23
235.3180225078
 14
124.7508601281
 24
241.3617835752
1001
ACAD
1000
DSTYLE
1002
{
1070
73
1070
0
1070
74
1070
0
1070
77
1070
1
1002
}
  0
DIMENSION
  5
627
100
AcDbEntity
  8
0
100
AcDbDimension
 62
2
  6
CONTINUOUS
  2
*D4
 10
111.9508601281
 20
233.6109157266
 11
133.1008599994
 21
245.4454733613
 70
230
 71
1
 72
2
 41
0.9
 42
23.4
  3
DIMSTYLE_2
100
AcDbOrdinateDimension
 13
135.3508601281
 23
234.6109157266
 14
135.3508601281
 24
237.9454759455
1001
ACAD
1000
DSTYLE
1002
{
1070
73
1070
0
1070
74
1070
0
1070
77
1070
1
1002
}
  0
DIMENSION
  5
628
100
AcDbEntity
  8
0
100
AcDbDimension
 62
2
  6
CONTINUOUS
  2
*D5
 10
111.9508601281
 20
233.6109157266
 11
135.700860671
 21
258.5142118259
 70
230
 71
1
 72
2
 41
0.9
 42
26.0
  3
DIMSTYLE_2
100
AcDbOrdinateDimension
 13
137.9508601281
 23
234.6109157266
 14
137.9508601281
 24
251.0142083065
1001
ACAD
1000
DSTYLE
1002
{
1070
73
1070
0
1070
74
1070
0
1070
77
1070
1
1002
}
  0
DIMENSION
  5
629
100
AcDbEntity
  8
0
100
AcDbDimension
 62
2
  6
CONTINUOUS
  2
*D6
 10
111.9508601281
 20
230.7180225078
 11
99.7008608664
 21
249.1617838901
 70
230
 71
1
 72
2
 41
0.9
 42
10.0
  3
DIMSTYLE_2
100
AcDbOrdinateDimension
 13
101.9508601281
 23
231.7180225078
 14
101.9508601281
 24
241.3617835752
1001
ACAD
1000
DSTYLE
1002
{
1070
73
1070
0
1070
74
1070
0
1070
77
1070
1
1002
}
  0
DIMENSION
  5
62A
100
AcDbEntity
  8
0
100
AcDbDimension
 62
2
  6
CONTINUOUS
  2
*D7
 10
111.9508601281
 20
209.1779400068
 11
90.8007618692
 21
249.1617838578
 70
230
 71
1
 72
2
 41
0.9
 42
18.9000989972
  3
DIMSTYLE_2
100
AcDbOrdinateDimension
 13
93.0507611309
 23
210.1779400068
 14
93.0507611309
 24
241.3617835752
1001
ACAD
1000
DSTYLE
1002
{
1070
73
1070
0
1070
74
1070
0
1070
77
1070
1
1002
}
  0
DIMENSION
  5
62B
100
AcDbEntity
  8
0
100
AcDbDimension
 62
2
  6
CONTINUOUS
  2
*D8
 10
111.9508601281
 20
209.3279400068
 11
141.8007618692
 21
248.8617811112
 70
230
 71
1
 72
2
 41
0.9
 42
32.0999010028
  3
DIMSTYLE_2
100
AcDbOrdinateDimension
 13
144.0507611309
 23
210.3279400068
 14
144.0507611309
 24
241.3617835752
1001
ACAD
1000
DSTYLE
1002
{
1070
73
1070
0
1070
74
1070
0
1070
77
1070
1
1002
}
  0
DIMENSION
  5
62C
100
AcDbEntity
  8
0
100
AcDbDimension
 62
2
  6
CONTINUOUS
  2
*D9
 10
111.9508601281
 20
161.1779400068
 11
141.8007613036
 21
179.8027152991
 70
230
 71
1
 72
2
 41
0.9
 42
32.0999010028
  3
DIMSTYLE_2
100
AcDbOrdinateDimension
 13
144.0507611309
 23
162.1779400068
 14
144.0507611309
 24
172.302717763
1001
ACAD
1000
DSTYLE
1002
{
1070
73
1070
0
1070
74
1070
0
1070
77
1070
1
1002
}
  0
DIMENSION
  5
62D
100
AcDbEntity
  8
0
100
AcDbDimension
 62
2
  6
CONTINUOUS
  2
*D10
 10
111.9508601281
 20
163.0279400068
 11
90.8007654016
 21
184.943616919
 70
230
 71
1
 72
2
 41
0.9
 42
18.9000989972
  3
DIMSTYLE_2
100
AcDbOrdinateDimension
 13
93.0507611309
 23
164.0279400068
 14
93.0507611309
 24
177.1436166364
1001
ACAD
1000
DSTYLE
1002
{
1070
73
1070
0
1070
74
1070
0
1070
77
1070
1
1002
}
  0
DIMENSION
  5
62E
100
AcDbEntity
  8
0
100
AcDbDimension
 62
2
  6
CONTINUOUS
  2
*D11
 10
111.9508601281
 20
149.3180225078
 11
66.0008562888
 21
123.0060436863
 70
230
 71
3
 72
2
 41
0.9
 42
43.7
  3
DIMSTYLE_2
100
AcDbOrdinateDimension
 13
68.2508601281
 23
141.3180225078
 14
68.2508601281
 24
130.5060450498
1001
ACAD
1000
DSTYLE
1002
{
1070
73
1070
0
1070
74
1070
0
1070
77
1070
1
1002
}
  0
DIMENSION
  5
62F
100
AcDbEntity
  8
0
100
AcDbDimension
 62
2
  6
CONTINUOUS
  2
*D12
 10
111.9508601281
 20
142.3180225078
 11
93.2008550937
 21
123.3695935167
 70
230
 71
3
 72
2
 41
0.9
 42
16.5
  3
DIMSTYLE_2
100
AcDbOrdinateDimension
 13
95.4508601281
 23
141.3180225078
 14
95.4508601281
 24
130.5695924388
1001
ACAD
1000
DSTYLE
1002
{
1070
73
1070
0
1070
74
1070
0
1070
77
1070
1
1002
}
  0
DIMENSION
  5
630
100
AcDbEntity
  8
0
100
AcDbDimension
 62
2
  6
CONTINUOUS
  2
*D13
 10
111.9508601281
 20
144.2180225078
 11
99.2008550937
 21
123.3695898546
 70
230
 71
3
 72
2
 41
0.9
 42
10.5
  3
DIMSTYLE_2
100
AcDbOrdinateDimension
 13
101.4508601281
 23
141.3180225078
 14
101.4508601281
 24
130.5695924388
1001
ACAD
1000
DSTYLE
1002
{
1070
73
1070
0
1070
74
1070
0
1070
77
1070
1
1002
}
  0
DIMENSION
  5
631
100
AcDbEntity
  8
0
100
AcDbDimension
 62
2
  6
CONTINUOUS
  2
*D14
 10
111.9508601281
 20
144.2180225078
 11
134.2008550937
 21
123.0695904649
 70
230
 71
3
 72
2
 41
0.9
 42
24.5
  3
DIMSTYLE_2
100
AcDbOrdinateDimension
 13
136.4508601281
 23
141.3180225078
 14
136.4508601281
 24
130.5695924388
1001
ACAD
1000
DSTYLE
1002
{
1070
73
1070
0
1070
74
1070
0
1070
77
1070
1
1002
}
  0
DIMENSION
  5
632
100
AcDbEntity
  8
0
100
AcDbDimension
 62
2
  6
CONTINUOUS
  2
*D15
 10
111.9508601281
 20
144.2180225078
 11
140.2008550937
 21
123.0695932115
 70
230
 71
3
 72
2
 41
0.9
 42
30.5
  3
DIMSTYLE_2
100
AcDbOrdinateDimension
 13
142.4508601281
 23
141.3180225078
 14
142.4508601281
 24
130.5695924388
1001
ACAD
1000
DSTYLE
1002
{
1070
73
1070
0
1070
74
1070
0
1070
77
1070
1
1002
}
  0
DIMENSION
  5
633
100
AcDbEntity
  8
0
100
AcDbDimension
 62
2
  6
CONTINUOUS
  2
*D16
 10
111.9508601281
 20
148.7180225078
 11
158.2008550937
 21
123.0695886339
 70
230
 71
3
 72
2
 41
0.9
 42
48.5
  3
DIMSTYLE_2
100
AcDbOrdinateDimension
 13
160.4508601281
 23
141.3180225078
 14
160.4508601281
 24
130.5695924388
1001
ACAD
1000
DSTYLE
1002
{
1070
73
1070
0
1070
74
1070
0
1070
77
1070
1
1002
}
  0
DIMENSION
  5
634
100
AcDbEntity
  8
0
100
AcDbDimension
 62
2
  6
CONTINUOUS
  2
*D17
 10
111.9508601281
 20
153.2180225078
 11
161.7008550937
 21
123.0695929063
 70
230
 71
3
 72
2
 41
0.9
 42
52.0
  3
DIMSTYLE_2
100
AcDbOrdinateDimension
 13
163.9508601281
 23
152.2180225078
 14
163.9508601281
 24
130.5695924388
1001
ACAD
1000
DSTYLE
1002
{
1070
73
1070
0
1070
74
1070
0
1070
77
1070
1
1002
}
  0
DIMENSION
  5
635
100
AcDbEntity
  8
0
100
AcDbDimension
 62
2
  6
CONTINUOUS
  2
*D18
 10
111.9508601281
 20
143.4180225078
 11
149.5508550937
 21
123.1445929063
 70
230
 71
3
 72
2
 41
0.9
 42
39.85
  3
DIMSTYLE_2
100
AcDbOrdinateDimension
 13
151.8008601281
 23
142.4180225078
 14
151.8008601281
 24
130.5695924388
1001
ACAD
1000
DSTYLE
1002
{
1070
73
1070
0
1070
74
1070
0
1070
77
1070
1
1002
}
  0
DIMENSION
  5
636
100
AcDbEntity
  8
0
100
AcDbDimension
 62
2
  6
CONTINUOUS
  2
*D19
 10
111.9508601281
 20
144.2180225078
 11
76.2008550937
 21
123.0695906175
 70
230
 71
3
 72
2
 41
0.9
 42
33.5
  3
DIMSTYLE_2
100
AcDbOrdinateDimension
 13
78.4508601281
 23
143.2180225078
 14
78.4508601281
 24
130.5695924388
1001
ACAD
1000
DSTYLE
1002
{
1070
73
1070
0
1070
74
1070
0
1070
77
1070
1
1002
}
  0
DIMENSION
  5
637
100
AcDbEntity
  8
0
100
AcDbDimension
 62
2
  6
CONTINUOUS
  2
*D20
 10
111.9508601281
 20
144.6180225078
 11
81.1508550937
 21
123.1445942796
 70
230
 71
3
 72
2
 41
0.9
 42
28.55
  3
DIMSTYLE_2
100
AcDbOrdinateDimension
 13
83.4008601281
 23
143.6180225078
 14
83.4008601281
 24
130.5695924388
1001
ACAD
1000
DSTYLE
1002
{
1070
73
1070
0
1070
74
1070
0
1070
77
1070
1
1002
}
  0
DIMENSION
  5
638
100
AcDbEntity
  8
0
100
AcDbDimension
 62
2
  6
CONTINUOUS
  2
*D21
 10
111.9508601281
 20
147.0680225078
 11
108.7008572818
 21
129.4839264542
 70
230
 71
3
 72
2
 41
0.9
 42
1.0
  3
DIMSTYLE_2
100
AcDbOrdinateDimension
 13
110.9508601281
 23
146.0680225078
 14
110.9508601281
 24
135.4839238505
1001
ACAD
1000
DSTYLE
1002
{
1070
73
1070
0
1070
74
1070
0
1070
77
1070
1
1002
}
  0
DIMENSION
  5
639
100
AcDbEntity
  8
0
100
AcDbDimension
 62
2
  6
CONTINUOUS
  2
*D22
 10
111.9508601281
 20
147.0680225078
 11
125.3508640916
 21
129.1003071654
 70
230
 71
3
 72
2
 41
0.9
 42
15.65
  3
DIMSTYLE_2
100
AcDbOrdinateDimension
 13
127.6008601281
 23
146.0680225078
 14
127.6008601281
 24
136.2253100548
1001
ACAD
1000
DSTYLE
1002
{
1070
73
1070
0
1070
74
1070
0
1070
77
1070
1
1002
}
  0
DIMENSION
  5
63A
100
AcDbEntity
  8
0
100
AcDbDimension
 62
2
  6
CONTINUOUS
  2
*D23
 10
111.9508601281
 20
161.3180225078
 11
74.6803656006
 21
237.8680224609
 70
166
 71
3
 72
2
 41
0.9
 42
74.3
  3
DIMSTYLE_2
100
AcDbOrdinateDimension
 13
105.7508601281
 23
235.6180225078
 14
82.1803658526
 24
235.6180225078
1001
ACAD
1000
DSTYLE
1002
{
1070
73
1070
0
1070
74
1070
0
1070
77
1070
1
1002
}
  0
DIMENSION
  5
63B
100
AcDbEntity
  8
0
100
AcDbDimension
 62
2
  6
CONTINUOUS
  2
*D24
 10
111.9508601281
 20
161.3180225078
 11
42.5786856079
 21
163.568019104
 70
166
 71
3
 72
2
 41
0.9
  3
DIMSTYLE_2
100
AcDbOrdinateDimension
 13
110.9508601281
 23
161.3180225078
 14
48.8786853927
 24
161.3180225078
1001
ACAD
1000
DSTYLE
1002
{
1070
73
1070
0
1070
74
1070
0
1070
77
1070
1
1002
}
  0
DIMENSION
  5
63C
100
AcDbEntity
  8
0
100
AcDbDimension
 62
2
  6
CONTINUOUS
  2
*D25
 10
106.1508601281
 20
161.3180225078
 11
45.9540969086
 21
236.5680194092
 70
166
 71
3
 72
2
 41
0.9
 42
73.0
  3
DIMSTYLE_2
100
AcDbOrdinateDimension
 13
55.2508601281
 23
234.3180225078
 14
53.4540973967
 24
234.3180225078
1001
ACAD
1000
DSTYLE
1002
{
1070
73
1070
0
1070
74
1070
0
1070
77
1070
1
1002
}
  0
DIMENSION
  5
63D
100
AcDbEntity
  8
0
100
AcDbDimension
 62
2
  6
CONTINUOUS
  2
*D26
 10
100.6008601281
 20
161.3180225078
 11
33.6682701874
 21
232.9680267334
 70
166
 71
3
 72
2
 41
0.9
 42
69.4
  3
DIMSTYLE_2
100
AcDbOrdinateDimension
 13
99.6008601281
 23
230.7180225078
 14
41.1682688674
 24
230.7180225078
1001
ACAD
1000
DSTYLE
1002
{
1070
73
1070
0
1070
74
1070
0
1070
77
1070
1
1002
}
  0
DIMENSION
  5
63E
100
AcDbEntity
  8
0
100
AcDbDimension
 62
2
  6
CONTINUOUS
  2
*D27
 10
93.0507611309
 20
161.3180225078
 11
45.0220681
 21
211.4279406738
 70
166
 71
3
 72
2
 41
0.9
 42
47.859917499
  3
DIMSTYLE_2
100
AcDbOrdinateDimension
 13
92.0507611309
 23
209.1779400068
 14
52.5220690255
 24
209.1779400068
1001
ACAD
1000
DSTYLE
1002
{
1070
73
1070
0
1070
74
1070
0
1070
77
1070
1
1002
}
  0
DIMENSION
  5
63F
100
AcDbEntity
  8
0
100
AcDbDimension
 62
2
  6
CONTINUOUS
  2
*D28
 10
92.9007611309
 20
161.3180225078
 11
42.6536849213
 21
163.4279379272
 70
166
 71
3
 72
2
 41
0.9
 42
0.140082501
  3
DIMSTYLE_2
100
AcDbOrdinateDimension
 13
91.9007611309
 23
161.1779400068
 14
48.8786853927
 24
161.1779400068
1001
ACAD
1000
DSTYLE
1002
{
1070
73
1070
0
1070
74
1070
0
1070
77
1070
1
1002
}
  0
DIMENSION
  5
640
100
AcDbEntity
  8
0
100
AcDbDimension
 62
2
  6
CONTINUOUS
  2
*D29
 10
121.9508601281
 20
161.3180225078
 11
196.9857421875
 21
232.9680267334
 70
166
 71
1
 72
2
 41
0.9
 42
69.4
  3
DIMSTYLE_2
100
AcDbOrdinateDimension
 13
122.9508601281
 23
230.7180225078
 14
189.4857465137
 24
230.7180225078
1001
ACAD
1000
DSTYLE
1002
{
1070
73
1070
0
1070
74
1070
0
1070
77
1070
1
1002
}
  0
DIMENSION
  5
641
100
AcDbEntity
  8
0
100
AcDbDimension
 62
2
  6
CONTINUOUS
  2
*D30
 10
144.0507611309
 20
161.3180225078
 11
183.0518307495
 21
163.4279379272
 70
166
 71
1
 72
2
 41
0.9
 42
0.140082501
  3
DIMSTYLE_2
100
AcDbOrdinateDimension
 13
145.0507611309
 23
161.1779400068
 14
176.6768288292
 24
161.1779400068
1001
ACAD
1000
DSTYLE
1002
{
1070
73
1070
0
1070
74
1070
0
1070
77
1070
1
1002
}
  0
DIMENSION
  5
642
100
AcDbEntity
  8
0
100
AcDbDimension
 62
2
  6
CONTINUOUS
  2
*D31
 10
145.9007611309
 20
161.3180225078
 11
184.9394018555
 21
211.4279406738
 70
166
 71
1
 72
2
 41
0.9
 42
47.859917499
  3
DIMSTYLE_2
100
AcDbOrdinateDimension
 13
146.9007611309
 23
209.1779400068
 14
177.4393974965
 24
209.1779400068
1001
ACAD
1000
DSTYLE
1002
{
1070
73
1070
0
1070
74
1070
0
1070
77
1070
1
1002
}
  0
DIMENSION
  5
643
100
AcDbEntity
  8
0
100
AcDbDimension
 62
2
  6
CONTINUOUS
  2
*D32
 10
56.2508601281
 20
161.3180225078
 11
41.6786858368
 21
152.5680258179
 70
166
 71
3
 72
2
 41
0.9
 42
11.0
  3
DIMSTYLE_2
100
AcDbOrdinateDimension
 13
55.2508601281
 23
150.3180225078
 14
48.8786853927
 24
150.3180225078
1001
ACAD
1000
DSTYLE
1002
{
1070
73
1070
0
1070
74
1070
0
1070
77
1070
1
1002
}
  0
DIMENSION
  5
644
100
AcDbEntity
  8
0
100
AcDbDimension
 62
2
  6
CONTINUOUS
  2
*D33
 10
172.3008601281
 20
161.3180225078
 11
190.7976763916
 21
151.9680184937
 70
166
 71
1
 72
2
 41
0.9
 42
11.6
  3
DIMSTYLE_2
100
AcDbOrdinateDimension
 13
173.3008601281
 23
149.7180225078
 14
182.9976757829
 24
149.7180225078
1001
ACAD
1000
DSTYLE
1002
{
1070
73
1070
0
1070
74
1070
0
1070
77
1070
1
1002
}
  0
DIMENSION
  5
645
100
AcDbEntity
  8
0
100
AcDbDimension
 62
2
  6
CONTINUOUS
  2
*D34
 10
69.2508601281
 20
161.3180225078
 11
25.8371961594
 21
143.5680184937
 70
166
 71
3
 72
2
 41
0.9
 42
20.0
  3
DIMSTYLE_2
100
AcDbOrdinateDimension
 13
68.2508601281
 23
141.3180225078
 14
33.337197033
 24
141.3180225078
1001
ACAD
1000
DSTYLE
1002
{
1070
73
1070
0
1070
74
1070
0
1070
77
1070
1
1002
}
  0
DIMENSION
  5
646
100
AcDbEntity
  8
0
100
AcDbDimension
 62
2
  6
CONTINUOUS
  2
*D35
 10
78.4508601281
 20
161.3180225078
 11
53.3650243378
 21
146.4680218506
 70
166
 71
3
 72
2
 41
0.9
 42
17.1
  3
DIMSTYLE_2
100
AcDbOrdinateDimension
 13
77.4508601281
 23
144.2180225078
 14
60.5650261329
 24
144.2180225078
1001
ACAD
1000
DSTYLE
1002
{
1070
73
1070
0
1070
74
1070
0
1070
77
1070
1
1002
}
  0
DIMENSION
  5
647
100
AcDbEntity
  8
0
100
AcDbDimension
 62
2
  6
CONTINUOUS
  2
*D36
 10
83.3008601281
 20
161.3180225078
 11
39.0757830048
 21
145.6680184937
 70
166
 71
3
 72
2
 41
0.9
 42
17.9
  3
DIMSTYLE_2
100
AcDbOrdinateDimension
 13
82.3008601281
 23
143.4180225078
 14
46.2757843415
 24
143.4180225078
1001
ACAD
1000
DSTYLE
1002
{
1070
73
1070
0
1070
74
1070
0
1070
77
1070
1
1002
}
  0
DIMENSION
  5
648
100
AcDbEntity
  8
0
100
AcDbDimension
 62
2
  6
CONTINUOUS
  2
*D37
 10
163.9508601281
 20
161.3180225078
 11
181.9155697632
 21
155.4680227661
 70
166
 71
1
 72
2
 41
0.9
 42
8.1
  3
DIMSTYLE_2
100
AcDbOrdinateDimension
 13
164.9508601281
 23
153.2180225078
 14
175.6905733528
 24
153.2180225078
1001
ACAD
1000
DSTYLE
1002
{
1070
73
1070
0
1070
74
1070
0
1070
77
1070
1
1002
}
  0
DIMENSION
  5
649
100
AcDbEntity
  8
0
100
AcDbDimension
 62
2
  6
CONTINUOUS
  2
*D38
 10
151.8008601281
 20
161.3180225078
 11
211.1328387451
 21
145.6680184937
 70
166
 71
1
 72
2
 41
0.9
 42
17.9
  3
DIMSTYLE_2
100
AcDbOrdinateDimension
 13
152.8008601281
 23
143.4180225078
 14
203.3328402451
 24
143.4180225078
1001
ACAD
1000
DSTYLE
1002
{
1070
73
1070
0
1070
74
1070
0
1070
77
1070
1
1002
}
  0
DIMENSION
  5
64A
100
AcDbEntity
  8
0
100
AcDbDimension
 62
2
  6
CONTINUOUS
  2
*D39
 10
127.6008601281
 20
161.3180225078
 11
201.7180929565
 21
149.3180245972
 70
166
 71
1
 72
2
 41
0.9
 42
14.25
  3
DIMSTYLE_2
100
AcDbOrdinateDimension
 13
128.6008601281
 23
147.0680225078
 14
193.8430968294
 24
147.0680225078
1001
ACAD
1000
DSTYLE
1002
{
1070
73
1070
0
1070
74
1070
0
1070
77
1070
1
1002
}
  0
DIMENSION
  5
64B
100
AcDbEntity
  8
0
100
AcDbDimension
 62
2
  6
CONTINUOUS
  2
*D40
 10
136.6508601281
 20
161.3180225078
 11
183.9532324219
 21
235.2680291748
 70
166
 71
1
 72
2
 41
0.9
 42
71.7
  3
DIMSTYLE_2
100
AcDbOrdinateDimension
 13
137.6508601281
 23
233.0180225078
 14
176.4532361644
 24
233.0180225078
1001
ACAD
1000
DSTYLE
1002
{
1070
73
1070
0
1070
74
1070
0
1070
77
1070
1
1002
}
  0
DIMENSION
  5
64C
100
AcDbEntity
  8
0
100
AcDbDimension
 62
2
  6
CONTINUOUS
  2
*D41
 10
137.2335529854
 20
231.8559256813
 11
143.9517926852
 21
223.4771632264
 70
163
 71
1
 72
2
 41
0.9
 42
2.6
  1
{\fSymbol_ASME;\W1.0;⌀}<>
  3
DIMSTYLE_3
100
AcDbDiametricDimension
 15
136.0681672709
 25
234.1801193343
  0
DIMENSION
  5
64D
100
AcDbEntity
  8
0
100
AcDbDimension
 62
2
  6
CONTINUOUS
  2
*D42
 10
123.5805046489
 20
228.4411257741
 11
132.7853363313
 21
219.4462492812
 70
163
 71
1
 72
2
 41
0.9
 42
5.6
  1
{\fSymbol_ASME;\W1.0;⌀}<>
  3
DIMSTYLE_3
100
AcDbDiametricDimension
 15
120.3212156074
 25
232.9949192415
  0
DIMENSION
  5
64E
100
AcDbEntity
  8
0
100
AcDbDimension
 62
2
  6
CONTINUOUS
  2
*D43
 10
102.1873911787
 20
229.3889051081
 11
106.2440076365
 21
219.4357953042
 70
163
 71
1
 72
2
 41
0.9
 42
2.7
  1
{\fSymbol_ASME;\W1.0;⌀}<>
  3
DIMSTYLE_3
100
AcDbDiametricDimension
 15
101.7143290776
 25
232.0471399075
  0
DIMENSION
  5
64F
100
AcDbEntity
  8
0
100
AcDbDimension
 62
2
  6
CONTINUOUS
  2
*D44
 10
94.1101326534
 20
207.6612884392
 11
102.6615180467
 21
199.3478951923
 70
163
 71
1
 72
2
 41
0.9
 42
3.7
  1
{\fSymbol_ASME;\W1.0;⌀}<>
  3
DIMSTYLE_3
100
AcDbDiametricDimension
 15
91.9913896084
 25
210.6945915743
  0
DIMENSION
  5
650
100
AcDbEntity
  8
0
100
AcDbDimension
 62
2
  6
CONTINUOUS
  2
*D45
 10
142.3058769212
 20
162.1553749635
 11
132.2614245511
 21
170.3609617797
 70
163
 71
3
 72
2
 41
0.9
 42
4.0
  1
{\fSymbol_ASME;\W1.0;⌀}<>
  3
DIMSTYLE_3
100
AcDbDiametricDimension
 15
145.7956453407
 25
160.2005050501
  0
DIMENSION
  5
651
100
AcDbEntity
  8
0
100
AcDbDimension
 62
2
  6
CONTINUOUS
  2
*D46
 10
145.9007611309
 20
200.9151277029
 11
134.2814263916
 21
200.9151277029
 70
160
 71
3
 72
2
 41
0.9
 42
3.7
  3
DIMSTYLE_1
100
AcDbAlignedDimension
 13
142.2007611309
 23
209.0279400068
 14
145.9007611309
 24
209.0279400068
100
AcDbRotatedDimension
  0
DIMENSION
  5
652
100
AcDbEntity
  8
0
100
AcDbDimension
 62
2
  6
CONTINUOUS
  2
*D47
 10
162.5803772782
 20
211.1779400068
 11
162.5803772782
 21
219.1437854332
 70
160
 71
1
 72
2
 41
0.9
 42
4.0
  3
DIMSTYLE_1
100
AcDbAlignedDimension
 13
144.0507611309
 23
207.1779400068
 14
144.0507611309
 24
211.1779400068
 50
90.0
100
AcDbRotatedDimension
  0
DIMENSION
  5
653
100
AcDbEntity
  8
0
100
AcDbDimension
 62
2
  6
CONTINUOUS
  2
*D48
 10
95.0507611309
 20
172.2768019248
 11
80.7536260986
 21
172.2768019248
 70
160
 71
3
 72
2
 41
0.9
 42
4.0
  3
DIMSTYLE_1
100
AcDbAlignedDimension
 13
91.0507611309
 23
161.1779400068
 14
95.0507611309
 24
161.1779400068
100
AcDbRotatedDimension
  0
DIMENSION
  5
654
100
AcDbEntity
  8
0
100
AcDbDimension
 62
2
  6
CONTINUOUS
  2
*D49
 10
101.9412612704
 20
159.3279400068
 11
101.9412612704
 21
173.4928608816
 70
160
 71
1
 72
2
 41
0.9
 42
3.7
  3
DIMSTYLE_1
100
AcDbAlignedDimension
 13
93.2007611309
 23
163.0279400068
 14
93.2007611309
 24
159.3279400068
 50
270.0
100
AcDbRotatedDimension
  0
DIMENSION
  5
655
100
AcDbEntity
  8
0
100
AcDbDimension
 62
2
  6
CONTINUOUS
  2
*D50
 10
162.8453117441
 20
153.8013429776
 11
153.9317951204
 21
161.0483679111
 70
163
 71
3
 72
2
 41
0.9
 42
2.5
  1
{\fSymbol_ASME;\W1.0;⌀}<>
  3
DIMSTYLE_3
100
AcDbDiametricDimension
 15
165.0564085122
 25
152.634702038
  0
DIMENSION
  5
656
100
AcDbEntity
  8
0
100
AcDbDimension
 62
2
  6
CONTINUOUS
  2
*D51
 10
151.0669468226
 20
144.3674282483
 11
145.6277012686
 21
155.0826597254
 70
163
 71
3
 72
2
 41
0.9
 42
2.4
  1
{\fSymbol_ASME;\W1.0;⌀}<>
  3
DIMSTYLE_3
100
AcDbDiametricDimension
 15
152.5347734336
 25
142.4686167674
  0
DIMENSION
  5
657
100
AcDbEntity
  8
0
100
AcDbDimension
 62
2
  6
CONTINUOUS
  2
*D52
 10
77.4934876912
 20
145.0217251998
 11
70.0418072755
 21
154.2150498357
 70
163
 71
3
 72
2
 41
0.9
 42
2.5
  1
{\fSymbol_ASME;\W1.0;⌀}<>
  3
DIMSTYLE_3
100
AcDbDiametricDimension
 15
79.408232565
 25
143.4143198158
  0
DIMENSION
  5
658
100
AcDbEntity
  8
0
100
AcDbDimension
 62
2
  6
CONTINUOUS
  2
*D53
 10
84.7008601281
 20
150.674114535
 11
94.5594406128
 21
150.674114535
 70
160
 71
1
 72
2
 41
0.9
 42
2.6
  3
DIMSTYLE_1
100
AcDbAlignedDimension
 13
82.1008601281
 23
143.4180225078
 14
84.7008601281
 24
143.4180225078
100
AcDbRotatedDimension
  0
DIMENSION
  5
659
100
AcDbEntity
  8
0
100
AcDbDimension
 62
2
  6
CONTINUOUS
  2
*D54
 10
87.7977868086
 20
144.6180225078
 11
87.7977868086
 21
134.5915405547
 70
160
 71
3
 72
2
 41
0.9
 42
2.4
  3
DIMSTYLE_1
100
AcDbAlignedDimension
 13
83.5008601281
 23
142.2180225078
 14
83.5008601281
 24
144.6180225078
 50
90.0
100
AcDbRotatedDimension
  0
DIMENSION
  5
65A
100
AcDbEntity
  8
0
100
AcDbDimension
 62
2
  6
CONTINUOUS
  2
*D55
 10
323.4090151837
 20
161.3180225078
 11
307.3590143168
 21
259.0064136368
 70
230
 71
1
 72
2
 41
0.9
 42
13.8
  3
DIMSTYLE_2
100
AcDbOrdinateDimension
 13
309.6090151837
 23
233.6980225078
 14
309.6090151837
 24
251.206403552
1001
ACAD
1000
DSTYLE
1002
{
1070
73
1070
0
1070
74
1070
0
1070
77
1070
1
1002
}
  0
DIMENSION
  5
65B
100
AcDbEntity
  8
0
100
AcDbDimension
 62
2
  6
CONTINUOUS
  2
*D56
 10
323.4090151837
 20
161.3180225078
 11
321.1590154495
 21
242.6786730703
 70
230
 71
1
 72
2
 41
0.9
  3
DIMSTYLE_2
100
AcDbOrdinateDimension
 13
323.4090151837
 23
162.3180225078
 14
323.4090151837
 24
236.378679465
1001
ACAD
1000
DSTYLE
1002
{
1070
73
1070
0
1070
74
1070
0
1070
77
1070
1
1002
}
  0
DIMENSION
  5
65C
100
AcDbEntity
  8
0
100
AcDbDimension
 62
2
  6
CONTINUOUS
  2
*D57
 10
323.4090151837
 20
232.6980225078
 11
306.5590154495
 21
244.1786797842
 70
230
 71
1
 72
2
 41
0.9
 42
14.6
  3
DIMSTYLE_2
100
AcDbOrdinateDimension
 13
308.8090151837
 23
233.6980225078
 14
308.8090151837
 24
236.378679465
1001
ACAD
1000
DSTYLE
1002
{
1070
73
1070
0
1070
74
1070
0
1070
77
1070
1
1002
}
  0
DIMENSION
  5
65D
100
AcDbEntity
  8
0
100
AcDbDimension
 62
2
  6
CONTINUOUS
  2
*D58
 10
323.4090151837
 20
161.3180225078
 11
253.3802526855
 21
235.3480224609
 70
166
 71
3
 72
2
 41
0.9
 42
71.78
  3
DIMSTYLE_2
100
AcDbOrdinateDimension
 13
308.2090151837
 23
233.0980225078
 14
260.8052463727
 24
233.0980225078
1001
ACAD
1000
DSTYLE
1002
{
1070
73
1070
0
1070
74
1070
0
1070
77
1070
1
1002
}
  0
DIMENSION
  5
65E
100
AcDbEntity
  8
0
100
AcDbDimension
 62
2
  6
CONTINUOUS
  2
*D59
 10
323.4090151837
 20
161.3180225078
 11
254.505234375
 21
163.568019104
 70
166
 71
3
 72
2
 41
0.9
  3
DIMSTYLE_2
100
AcDbOrdinateDimension
 13
322.4090151837
 23
161.3180225078
 14
260.8052463727
 24
161.3180225078
1001
ACAD
1000
DSTYLE
1002
{
1070
73
1070
0
1070
74
1070
0
1070
77
1070
1
1002
}
  0
DIMENSION
  5
65F
100
AcDbEntity
  8
0
100
AcDbDimension
 62
2
  6
CONTINUOUS
  2
*D60
 10
309.2090151837
 20
161.3180225078
 11
253.3802526855
 21
230.9480200195
 70
166
 71
3
 72
2
 41
0.9
 42
67.38
  3
DIMSTYLE_2
100
AcDbOrdinateDimension
 13
308.2090151837
 23
228.6980225078
 14
260.8052463727
 24
228.6980225078
1001
ACAD
1000
DSTYLE
1002
{
1070
73
1070
0
1070
74
1070
0
1070
77
1070
1
1002
}
  0
DIMENSION
  5
660
100
AcDbEntity
  8
0
100
AcDbDimension
 62
2
  6
CONTINUOUS
  2
*D61
 10
100.4284740734
 20
146.4739132595
 11
105.3785129808
 21
155.5336931194
 70
163
 71
1
 72
2
 41
0.9
 42
6.0
  1
{\fSymbol_ASME;\W1.0;⌀}<>
  3
DIMSTYLE_3
100
AcDbDiametricDimension
 15
96.4732461829
 25
141.9621317561
  0
DIMENSION
  5
661
100
AcDbEntity
  8
0
100
AcDbDimension
 62
2
  6
CONTINUOUS
  2
*D62
 10
138.0251827888
 20
146.8576141664
 11
132.5869483203
 21
161.660906439
 70
163
 71
3
 72
2
 41
0.9
 42
6.0
  1
{\fSymbol_ASME;\W1.0;⌀}<>
  3
DIMSTYLE_3
100
AcDbDiametricDimension
 15
140.8765374675
 25
141.5784308492
  0
DIMENSION
  5
662
100
AcDbEntity
  8
0
100
AcDbDimension
 62
2
  6
CONTINUOUS
  2
*D63
 10
137.3019870246
 20
65.3692236335
 11
126.828355162
 21
70.3705483779
 70
163
 71
3
 72
2
 41
0.9
 42
2.7
  1
{\fSymbol_ASME;\W1.0;⌀}<>
  3
DIMSTYLE_4
100
AcDbDiametricDimension
 15
145.1493624944
 25
63.3620618971
  0
DIMENSION
  5
663
100
AcDbEntity
  8
0
100
AcDbDimension
 62
2
  6
CONTINUOUS
  2
*D64
 10
195.1806242778
 20
64.9680374501
 11
205.1694865949
 21
68.745797319
 70
163
 71
1
 72
2
 41
0.9
 42
2.7
  1
{\fSymbol_ASME;\W1.0;⌀}<>
  3
DIMSTYLE_4
100
AcDbDiametricDimension
 15
187.1707252413
 25
63.7632480805
  0
DIMENSION
  5
664
100
AcDbEntity
  8
0
100
AcDbDimension
 62
2
  6
CONTINUOUS
  2
*D65
 10
162.0902545311
 20
78.6523167853
 11
169.2952706459
 21
86.2824851401
 70
163
 71
1
 72
2
 41
0.9
 42
1.5
  1
{\fSymbol_ASME;\W1.0;⌀}<>
  3
DIMSTYLE_4
100
AcDbDiametricDimension
 15
158.3710949879
 25
76.1189687453
  0
DIMENSION
  5
665
100
AcDbEntity
  8
0
100
AcDbDimension
 62
2
  6
CONTINUOUS
  2
*D66
 10
123.923815351
 20
78.8204680823
 11
131.4880468386
 21
88.0037108732
 70
163
 71
1
 72
2
 41
0.9
 42
1.5
  1
{\fSymbol_ASME;\W1.0;⌀}<>
  3
DIMSTYLE_4
100
AcDbDiametricDimension
 15
120.4575341681
 25
75.9508174483
  0
DIMENSION
  5
666
100
AcDbEntity
  8
0
100
AcDbDimension
 62
2
  6
CONTINUOUS
  2
*D67
 10
143.0861996234
 20
52.7103154521
 11
156.6596998235
 21
62.0663710511
 70
163
 71
1
 72
2
 41
0.9
 42
1.4
  1
{\fSymbol_ASME;\W1.0;⌀}<>
  3
DIMSTYLE_4
100
AcDbDiametricDimension
 15
139.3351498957
 25
50.8209700785
  0
DIMENSION
  5
667
100
AcDbEntity
  8
0
100
AcDbDimension
 62
2
  6
CONTINUOUS
  2
*D68
 10
192.448579061
 20
78.6358866514
 11
200.7106489403
 21
93.1889616004
 70
163
 71
1
 72
2
 41
0.9
 42
1.4
  1
{\fSymbol_ASME;\W1.0;⌀}<>
  3
DIMSTYLE_4
100
AcDbDiametricDimension
 15
189.902770458
 25
75.2953988791
  0
DIMENSION
  5
668
100
AcDbEntity
  8
0
100
AcDbDimension
 62
2
  6
CONTINUOUS
  2
*D69
 10
170.7205030087
 20
49.6127890364
 11
155.9693748484
 21
35.3294480867
 70
163
 71
3
 72
2
 41
0.9
 42
1.5
  1
{\fSymbol_ASME;\W1.0;⌀}<>
  3
DIMSTYLE_4
100
AcDbDiametricDimension
 15
173.5908465103
 25
53.0784964942
  0
DIMENSION
  5
669
100
AcDbEntity
  8
0
100
AcDbDimension
 62
2
  6
CONTINUOUS
  2
*D70
 10
212.2656693167
 20
52.2274718491
 11
228.5695955358
 21
61.6186928324
 70
163
 71
1
 72
2
 41
0.9
 42
1.5
  1
{\fSymbol_ASME;\W1.0;⌀}<>
  3
DIMSTYLE_4
100
AcDbDiametricDimension
 15
208.1256802023
 25
50.4638136814
  0
DIMENSION
  5
66A
100
AcDbEntity
  8
0
100
AcDbDimension
 62
2
  6
CONTINUOUS
  2
*D71
 10
191.1756747595
 20
105.8351227062
 11
176.2017599487
 21
105.8351227062
 70
160
 71
2
 72
2
 41
0.9
 42
16.65
  3
DIMSTYLE_5
100
AcDbAlignedDimension
 13
141.2256747595
 23
47.1058581137
 14
191.1756747595
 24
64.3656427653
100
AcDbRotatedDimension
  0
DIMENSION
  5
66B
100
AcDbEntity
  8
0
100
AcDbDimension
 62
2
  6
CONTINUOUS
  2
*D72
 10
160.2306747595
 20
84.9520001764
 11
150.8031802368
 21
84.9520001764
 70
160
 71
2
 72
2
 41
0.9
 42
6.335
  3
DIMSTYLE_5
100
AcDbAlignedDimension
 13
141.2256747595
 23
64.3656427653
 14
160.2306747595
 24
77.3856427653
100
AcDbRotatedDimension
  0
DIMENSION
  5
66C
100
AcDbEntity
  8
0
100
AcDbDimension
 62
2
  6
CONTINUOUS
  2
*D73
 10
172.1556747595
 20
33.922066766
 11
180.0087918091
 21
33.922066766
 70
160
 71
2
 72
2
 41
0.9
 42
6.34
  3
DIMSTYLE_5
100
AcDbAlignedDimension
 13
191.1756747595
 23
64.3656427653
 14
172.1556747595
 24
51.3456427653
 50
180.0
100
AcDbRotatedDimension
  0
DIMENSION
  5
66D
100
AcDbEntity
  8
0
100
AcDbDimension
 62
2
  6
CONTINUOUS
  2
*D74
 10
210.1956747595
 20
33.922066766
 11
200.7606729126
 21
33.922066766
 70
160
 71
2
 72
2
 41
0.9
 42
6.34
  3
DIMSTYLE_5
100
AcDbAlignedDimension
 13
191.1756747595
 23
64.3656427653
 14
210.1956747595
 24
51.3456427653
100
AcDbRotatedDimension
  0
DIMENSION
  5
66E
100
AcDbEntity
  8
0
100
AcDbDimension
 62
2
  6
CONTINUOUS
  2
*D75
 10
122.1906747595
 20
105.8351227062
 11
131.7359575281
 21
105.8351227062
 70
160
 71
2
 72
2
 41
0.9
 42
6.345
  1
6.34\P 
  3
DIMSTYLE_5
100
AcDbAlignedDimension
 13
141.2256747595
 23
64.3656427653
 14
122.1906747595
 24
77.3856427653
 50
180.0
100
AcDbRotatedDimension
  0
DIMENSION
  5
66F
100
AcDbEntity
  8
0
100
AcDbDimension
 62
2
  6
CONTINUOUS
  2
*D76
 10
97.5274443582
 20
77.3856427653
 11
97.5274443582
 21
71.3783921223
 70
160
 71
2
 72
2
 41
0.9
 42
4.34
  3
DIMSTYLE_5
100
AcDbAlignedDimension
 13
202.5175236642
 23
64.3656427653
 14
201.9722314171
 24
77.3856427653
 50
90.0
100
AcDbRotatedDimension
  0
DIMENSION
  5
670
100
AcDbEntity
  8
0
100
AcDbDimension
 62
2
  6
CONTINUOUS
  2
*D77
 10
102.3254469053
 20
51.7656427653
 11
102.3254469053
 21
44.0624330408
 70
160
 71
3
 72
2
 41
0.9
 42
4.2
  3
DIMSTYLE_5
100
AcDbAlignedDimension
 13
141.2256747595
 23
64.3656427653
 14
141.2106747595
 24
51.7656427653
 50
270.0
100
AcDbRotatedDimension
  0
DIMENSION
  5
671
100
AcDbEntity
  8
0
100
AcDbDimension
 62
2
  6
CONTINUOUS
  2
*D78
 10
111.9508601281
 20
233.3180225078
 11
171.0508608664
 21
248.9367837375
 70
230
 71
1
 72
2
 41
0.9
 42
61.35
  3
DIMSTYLE_2
100
AcDbOrdinateDimension
 13
173.3008601281
 23
234.3180225078
 14
173.3008601281
 24
241.3617835752
1001
ACAD
1000
DSTYLE
1002
{
1070
73
1070
0
1070
74
1070
0
1070
77
1070
1
1002
}
  0
DIMENSION
  5
672
100
AcDbEntity
  8
0
100
AcDbDimension
 62
2
  6
CONTINUOUS
  2
*D79
 10
111.9508601281
 20
233.3180225078
 11
53.0008608664
 21
248.8617837375
 70
230
 71
1
 72
2
 41
0.9
 42
56.7
  3
DIMSTYLE_2
100
AcDbOrdinateDimension
 13
55.2508601281
 23
234.3180225078
 14
55.2508601281
 24
241.3617835752
1001
ACAD
1000
DSTYLE
1002
{
1070
73
1070
0
1070
74
1070
0
1070
77
1070
1
1002
}
  0
DIMENSION
  5
673
100
AcDbEntity
  8
0
100
AcDbDimension
 62
2
  6
CONTINUOUS
  2
*D80
 10
111.9508601281
 20
218.7680225078
 11
163.9008608664
 21
248.8617852634
 70
230
 71
1
 72
2
 41
0.9
 42
54.2
  3
DIMSTYLE_2
100
AcDbOrdinateDimension
 13
166.1508601281
 23
219.7680225078
 14
166.1508601281
 24
241.3617835752
1001
ACAD
1000
DSTYLE
1002
{
1070
73
1070
0
1070
74
1070
0
1070
77
1070
1
1002
}
  0
DIMENSION
  5
674
100
AcDbEntity
  8
0
100
AcDbDimension
 62
2
  6
CONTINUOUS
  2
*D81
 10
111.9508601281
 20
218.7680225078
 11
58.2008608664
 21
248.8617831272
 70
230
 71
1
 72
2
 41
0.9
 42
51.5
  3
DIMSTYLE_2
100
AcDbOrdinateDimension
 13
60.4508601281
 23
219.7680225078
 14
60.4508601281
 24
241.3617835752
1001
ACAD
1000
DSTYLE
1002
{
1070
73
1070
0
1070
74
1070
0
1070
77
1070
1
1002
}
  0
DIMENSION
  5
675
100
AcDbEntity
  8
0
100
AcDbDimension
 62
2
  6
CONTINUOUS
  2
*D82
 10
308.8090151837
 20
221.6154274173
 11
300.1079699707
 21
221.6154274173
 70
160
 71
3
 72
2
 41
0.9
 42
0.8
  3
DIMSTYLE_1
100
AcDbAlignedDimension
 13
309.6090151837
 23
229.0980225078
 14
308.8090151837
 24
229.0980225078
 50
180.0
100
AcDbRotatedDimension
  0
DIMENSION
  5
676
100
AcDbEntity
  8
0
100
AcDbDimension
 62
2
  6
CONTINUOUS
  2
*D83
 10
294.4110291837
 20
233.0980225078
 11
294.4110291837
 21
243.2207094761
 70
160
 71
1
 72
2
 41
0.9
 42
4.4
  3
DIMSTYLE_1
100
AcDbAlignedDimension
 13
309.2090151837
 23
228.6980225078
 14
309.2090151837
 24
233.0980225078
 50
90.0
100
AcDbRotatedDimension
  0
ACAD_TABLE
  5
677
100
AcDbEntity
  8
0
 62
2
  6
CONTINUOUS
100
AcDbBlockReference
  2
*T1
 10
320.0
 20
276.0
 30
0.0
100
AcDbTable
342
       8C5
343
283
 11
1.0
 21
0.0
 31
0.0
 90
22
 91
2
 92
4
 93
0
 94
0
 95
0
 96
0
141
3.0
141
4.0
142
6.0
142
40.0
142
15.0
142
15.0
171
1
172
0
173
0
174
0
175
1
176
1
 91
49
178
0
145
0.0
  7
TEXTSTYLE_4
301
CELL_VALUE
 90
4
  1
REV
304
ACVALUE_END
170
5
140
2.0
171
1
172
0
173
0
174
0
175
1
176
1
 91
49
178
0
145
0.0
  7
TEXTSTYLE_4
301
CELL_VALUE
 90
4
  1
DESCRIPTION OF CHANGE
304
ACVALUE_END
170
5
140
2.0
171
1
172
0
173
0
174
0
175
1
176
1
 91
49
178
0
145
0.0
  7
TEXTSTYLE_4
301
CELL_VALUE
 90
4
  1
REV BY
304
ACVALUE_END
170
5
140
2.0
171
1
172
0
173
0
174
0
175
1
176
1
 91
49
178
0
145
0.0
  7
TEXTSTYLE_4
301
CELL_VALUE
 90
4
  1
DATE
304
ACVALUE_END
170
5
140
2.0
171
1
172
0
173
0
174
0
175
1
176
1
 91
33
178
0
145
0.0
301
CELL_VALUE
 90
4
  1
 
304
ACVALUE_END
170
5
140
2.0
171
1
172
0
173
0
174
0
175
1
176
1
 91
33
178
0
145
0.0
301
CELL_VALUE
 90
4
  1
 
304
ACVALUE_END
170
4
140
2.0
171
1
172
0
173
0
174
0
175
1
176
1
 91
33
178
0
145
0.0
301
CELL_VALUE
 90
4
  1
 
304
ACVALUE_END
170
5
140
2.0
171
1
172
0
173
0
174
0
175
1
176
1
 91
33
178
0
145
0.0
301
CELL_VALUE
 90
4
  1
 
304
ACVALUE_END
170
5
140
2.0
  0
ACAD_TABLE
  5
678
100
AcDbEntity
  8
0
 62
2
  6
CONTINUOUS
100
AcDbBlockReference
  2
*T2
 10
324.0
 20
60.0
 30
0.0
100
AcDbTable
342
       8C5
343
284
 11
1.0
 21
0.0
 31
0.0
 90
22
 91
12
 92
9
 93
24
 94
0
 95
0
 96
0
 40
1.1
 41
1.1
141
1.0
141
8.0
141
3.0
141
3.0
141
3.0
141
3.0
141
3.0
141
3.0
141
3.0
141
3.0
141
3.0
141
3.0
142
8.0
142
8.0
142
8.0
142
8.0
142
8.0
142
8.0
142
8.0
142
8.0
142
8.0
171
1
172
0
173
0
174
0
175
9
176
1
 91
33
178
0
145
0.0
301
CELL_VALUE
 90
4
  1
 
304
ACVALUE_END
170
1
140
2.2
171
1
172
0
173
1
174
0
175
1
176
1
 91
1
178
0
145
0.0
170
1
171
1
172
0
173
1
174
0
175
1
176
1
 91
1
178
0
145
0.0
170
1
171
1
172
0
173
1
174
0
175
1
176
1
 91
1
178
0
145
0.0
170
1
171
1
172
0
173
1
174
0
175
1
176
1
 91
1
178
0
145
0.0
170
1
171
1
172
0
173
1
174
0
175
1
176
1
 91
1
178
0
145
0.0
170
1
171
1
172
0
173
1
174
0
175
1
176
1
 91
1
178
0
145
0.0
170
1
171
1
172
0
173
1
174
0
175
1
176
1
 91
1
178
0
145
0.0
170
1
171
1
172
0
173
1
174
0
175
1
176
1
 91
1
178
0
145
0.0
170
1
171
1
172
0
173
0
174
0
175
9
176
1
 91
33
178
0
145
0.0
301
CELL_VALUE
 90
4
  1
 
304
ACVALUE_END
170
1
140
2.2
171
1
172
0
173
1
174
0
175
1
176
1
 91
1
178
0
145
0.0
170
1
171
1
172
0
173
1
174
0
175
1
176
1
 91
1
178
0
145
0.0
170
1
171
1
172
0
173
1
174
0
175
1
176
1
 91
1
178
0
145
0.0
170
1
171
1
172
0
173
1
174
0
175
1
176
1
 91
1
178
0
145
0.0
170
1
171
1
172
0
173
1
174
0
175
1
176
1
 91
1
178
0
145
0.0
170
1
171
1
172
0
173
1
174
0
175
1
176
1
 91
1
178
0
145
0.0
170
1
171
1
172
0
173
1
174
0
175
1
176
1
 91
1
178
0
145
0.0
170
1
171
1
172
0
173
1
174
0
175
1
176
1
 91
1
178
0
145
0.0
170
1
171
1
172
0
173
0
174
0
175
3
176
3
 91
33
178
0
145
0.0
301
CELL_VALUE
 90
4
  1
 
304
ACVALUE_END
170
1
140
2.2
171
1
172
0
173
1
174
0
175
1
176
1
 91
1
178
0
145
0.0
170
1
171
1
172
0
173
1
174
0
175
1
176
1
 91
1
178
0
145
0.0
170
1
171
1
172
0
173
0
174
0
175
3
176
1
 91
49
178
0
145
0.0
  7
TEXTSTYLE_6
301
CELL_VALUE
 90
4
  1
DESIGNED BY
304
ACVALUE_END
170
4
140
1.5
171
1
172
0
173
1
174
0
175
1
176
1
 91
1
178
0
145
0.0
170
1
171
1
172
0
173
1
174
0
175
1
176
1
 91
1
178
0
145
0.0
170
1
171
1
172
0
173
0
174
0
175
3
176
1
 91
49
178
0
145
0.0
  7
TEXTSTYLE_6
301
CELL_VALUE
 90
4
  1
DRAWN BY
304
ACVALUE_END
170
4
140
1.5
171
1
172
0
173
1
174
0
175
1
176
1
 91
1
178
0
145
0.0
170
1
171
1
172
0
173
1
174
0
175
1
176
1
 91
1
178
0
145
0.0
170
1
171
1
172
0
173
1
174
0
175
1
176
1
 91
1
178
0
145
0.0
170
1
171
1
172
0
173
1
174
0
175
1
176
1
 91
1
178
0
145
0.0
170
1
171
1
172
0
173
1
174
0
175
1
176
1
 91
1
178
0
145
0.0
170
1
171
1
172
0
173
0
174
0
175
3
176
1
 91
49
178
0
145
0.0
  7
TEXTSTYLE_7
301
CELL_VALUE
 90
4
  1
Framework
304
ACVALUE_END
170
6
140
1.5
171
1
172
0
173
1
174
0
175
1
176
1
 91
1
178
0
145
0.0
170
1
171
1
172
0
173
1
174
0
175
1
176
1
 91
1
178
0
145
0.0
170
1
171
1
172
0
173
0
174
0
175
3
176
1
 91
33
178
0
145
0.0
301
CELL_VALUE
 90
4
  1
 
304
ACVALUE_END
170
1
140
2.2
171
1
172
0
173
1
174
0
175
1
176
1
 91
1
178
0
145
0.0
170
1
171
1
172
0
173
1
174
0
175
1
176
1
 91
1
178
0
145
0.0
170
1
171
1
172
0
173
1
174
0
175
1
176
1
 91
1
178
0
145
0.0
170
1
171
1
172
0
173
1
174
0
175
1
176
1
 91
1
178
0
145
0.0
170
1
171
1
172
0
173
1
174
0
175
1
176
1
 91
1
178
0
145
0.0
170
1
171
1
172
0
173
0
174
0
175
3
176
1
 91
49
178
0
145
0.0
  7
TEXTSTYLE_6
301
CELL_VALUE
 90
4
  1
CHECKED BY
304
ACVALUE_END
170
4
140
1.5
171
1
172
0
173
1
174
0
175
1
176
1
 91
1
178
0
145
0.0
170
1
171
1
172
0
173
1
174
0
175
1
176
1
 91
1
178
0
145
0.0
170
1
171
1
172
0
173
0
174
0
175
3
176
1
 91
49
178
0
145
0.0
  7
TEXTSTYLE_6
301
CELL_VALUE
 90
4
  1
APPROVED BY
304
ACVALUE_END
170
4
140
1.5
171
1
172
0
173
1
174
0
175
1
176
1
 91
1
178
0
145
0.0
170
1
171
1
172
0
173
1
174
0
175
1
176
1
 91
1
178
0
145
0.0
170
1
171
1
172
0
173
0
174
0
175
3
176
1
 91
49
178
0
145
0.0
  7
TEXTSTYLE_6
301
CELL_VALUE
 90
4
  1
MODEL
304
ACVALUE_END
170
5
140
2.0
171
1
172
0
173
1
174
0
175
1
176
1
 91
1
178
0
145
0.0
170
1
171
1
172
0
173
1
174
0
175
1
176
1
 91
1
178
0
145
0.0
170
1
171
1
172
0
173
0
174
0
175
3
176
1
 91
49
178
0
145
0.0
  7
TEXTSTYLE_7
301
CELL_VALUE
 90
4
  1
Framework
304
ACVALUE_END
170
6
140
1.5
171
1
172
0
173
1
174
0
175
1
176
1
 91
1
178
0
145
0.0
170
1
171
1
172
0
173
1
174
0
175
1
176
1
 91
1
178
0
145
0.0
170
1
171
1
172
0
173
0
174
0
175
3
176
1
 91
49
178
0
145
0.0
  7
TEXTSTYLE_7
301
CELL_VALUE
 90
4
  1
Framework
304
ACVALUE_END
170
6
140
1.5
171
1
172
0
173
1
174
0
175
1
176
1
 91
1
178
0
145
0.0
170
1
171
1
172
0
173
1
174
0
175
1
176
1
 91
1
178
0
145
0.0
170
1
171
1
172
0
173
0
174
0
175
3
176
2
 91
49
178
0
145
0.0
  7
TEXTSTYLE_6
301
CELL_VALUE
 90
4
  1
THIRD ANGLE PROJECTION
304
ACVALUE_END
170
5
140
1.1
171
1
172
0
173
1
174
0
175
1
176
1
 91
1
178
0
145
0.0
170
1
171
1
172
0
173
1
174
0
175
1
176
1
 91
1
178
0
145
0.0
170
1
171
1
172
0
173
0
174
0
175
4
176
1
 91
49
178
0
145
0.0
  7
TEXTSTYLE_6
301
CELL_VALUE
 90
4
  1
ISSUED DATE
304
ACVALUE_END
170
4
140
1.5
171
1
172
0
173
1
174
0
175
1
176
1
 91
1
178
0
145
0.0
170
1
171
1
172
0
173
1
174
0
175
1
176
1
 91
1
178
0
145
0.0
170
1
171
1
172
0
173
1
174
0
175
1
176
1
 91
1
178
0
145
0.0
170
1
171
1
172
0
173
0
174
0
175
1
176
1
 91
49
178
0
145
0.0
  7
TEXTSTYLE_6
301
CELL_VALUE
 90
4
  1
SCALE
304
ACVALUE_END
170
5
140
1.5
171
1
172
0
173
0
174
0
175
1
176
1
 91
49
178
0
145
0.0
  7
TEXTSTYLE_6
301
CELL_VALUE
 90
4
  1
UNIT
304
ACVALUE_END
170
5
140
2.0
171
1
172
0
173
1
174
0
175
1
176
1
 91
1
178
0
145
0.0
170
1
171
1
172
0
173
1
174
0
175
1
176
1
 91
1
178
0
145
0.0
170
1
171
1
172
0
173
1
174
0
175
1
176
1
 91
1
178
0
145
0.0
170
1
171
1
172
0
173
0
174
0
175
4
176
1
 91
33
178
0
145
0.0
301
CELL_VALUE
 90
4
  1
 
304
ACVALUE_END
170
1
140
2.2
171
1
172
0
173
1
174
0
175
1
176
1
 91
1
178
0
145
0.0
170
1
171
1
172
0
173
1
174
0
175
1
176
1
 91
1
178
0
145
0.0
170
1
171
1
172
0
173
1
174
0
175
1
176
1
 91
1
178
0
145
0.0
170
1
171
1
172
0
173
0
174
0
175
1
176
1
 91
49
178
0
145
0.0
  7
TEXTSTYLE_7
301
CELL_VALUE
 90
4
  1
1.000
304
ACVALUE_END
170
5
140
2.0
171
1
172
0
173
0
174
0
175
1
176
1
 91
49
178
0
145
0.0
  7
TEXTSTYLE_6
301
CELL_VALUE
 90
4
  1
mm
304
ACVALUE_END
170
5
140
2.0
171
1
172
0
173
0
174
0
175
3
176
4
 91
33
178
0
145
0.0
301
CELL_VALUE
 90
4
  1
 
304
ACVALUE_END
170
1
140
2.2
171
1
172
0
173
1
174
0
175
1
176
1
 91
1
178
0
145
0.0
170
1
171
1
172
0
173
1
174
0
175
1
176
1
 91
1
178
0
145
0.0
170
1
171
1
172
0
173
0
174
0
175
6
176
1
 91
49
178
0
145
0.0
  7
TEXTSTYLE_6
301
CELL_VALUE
 90
4
  1
DRAWING FILE NAME
304
ACVALUE_END
170
4
140
1.5
171
1
172
0
173
1
174
0
175
1
176
1
 91
1
178
0
145
0.0
170
1
171
1
172
0
173
1
174
0
175
1
176
1
 91
1
178
0
145
0.0
170
1
171
1
172
0
173
1
174
0
175
1
176
1
 91
1
178
0
145
0.0
170
1
171
1
172
0
173
1
174
0
175
1
176
1
 91
1
178
0
145
0.0
170
1
171
1
172
0
173
1
174
0
175
1
176
1
 91
1
178
0
145
0.0
170
1
171
1
172
0
173
1
174
0
175
1
176
1
 91
1
178
0
145
0.0
170
1
171
1
172
0
173
1
174
0
175
1
176
1
 91
1
178
0
145
0.0
170
1
171
1
172
0
173
1
174
0
175
1
176
1
 91
1
178
0
145
0.0
170
1
171
1
172
0
173
0
174
0
175
6
176
1
 91
49
178
0
145
0.0
  7
TEXTSTYLE_7
301
CELL_VALUE
 90
4
  1
NV GPU Board
304
ACVALUE_END
170
6
140
2.5
171
1
172
0
173
1
174
0
175
1
176
1
 91
1
178
0
145
0.0
170
1
171
1
172
0
173
1
174
0
175
1
176
1
 91
1
178
0
145
0.0
170
1
171
1
172
0
173
1
174
0
175
1
176
1
 91
1
178
0
145
0.0
170
1
171
1
172
0
173
1
174
0
175
1
176
1
 91
1
178
0
145
0.0
170
1
171
1
172
0
173
1
174
0
175
1
176
1
 91
1
178
0
145
0.0
170
1
171
1
172
0
173
1
174
0
175
1
176
1
 91
1
178
0
145
0.0
170
1
171
1
172
0
173
1
174
0
175
1
176
1
 91
1
178
0
145
0.0
170
1
171
1
172
0
173
1
174
0
175
1
176
1
 91
1
178
0
145
0.0
170
1
171
1
172
0
173
0
174
0
175
1
176
1
 91
49
178
0
145
0.0
  7
TEXTSTYLE_6
301
CELL_VALUE
 90
4
  1
SIZE
304
ACVALUE_END
170
5
140
2.0
171
1
172
0
173
0
174
0
175
3
176
1
 91
49
178
0
145
0.0
  7
TEXTSTYLE_6
301
CELL_VALUE
 90
4
  1
SHEET
304
ACVALUE_END
170
5
140
2.0
171
1
172
0
173
1
174
0
175
1
176
1
 91
1
178
0
145
0.0
170
1
171
1
172
0
173
1
174
0
175
1
176
1
 91
1
178
0
145
0.0
170
1
171
1
172
0
173
0
174
0
175
1
176
1
 91
49
178
0
145
0.0
  7
TEXTSTYLE_6
301
CELL_VALUE
 90
4
  1
REVISION
304
ACVALUE_END
170
5
140
1.1
171
1
172
0
173
0
174
0
175
1
176
1
 91
49
178
0
145
0.0
  7
TEXTSTYLE_6
301
CELL_VALUE
 90
4
  1
VERSION
304
ACVALUE_END
170
5
140
1.1
171
1
172
0
173
1
174
0
175
1
176
1
 91
1
178
0
145
0.0
170
1
171
1
172
0
173
1
174
0
175
1
176
1
 91
1
178
0
145
0.0
170
1
171
1
172
0
173
1
174
0
175
1
176
1
 91
1
178
0
145
0.0
170
1
171
1
172
0
173
0
174
0
175
1
176
1
 91
49
178
0
145
0.0
  7
TEXTSTYLE_6
301
CELL_VALUE
 90
4
  1
A3
304
ACVALUE_END
170
5
140
2.0
171
1
172
0
173
0
174
0
175
1
176
1
 91
49
178
0
145
0.0
  7
TEXTSTYLE_7
301
CELL_VALUE
 90
4
  1
5
304
ACVALUE_END
170
6
140
2.0
171
1
172
0
173
0
174
0
175
1
176
1
 91
49
178
0
145
0.0
  7
TEXTSTYLE_6
301
CELL_VALUE
 90
4
  1
OF
304
ACVALUE_END
170
5
140
2.0
171
1
172
0
173
0
174
0
175
1
176
1
 91
49
178
0
145
0.0
  7
TEXTSTYLE_7
301
CELL_VALUE
 90
4
  1
7
304
ACVALUE_END
170
4
140
2.0
171
1
172
0
173
0
174
0
175
1
176
1
 91
49
178
0
145
0.0
  7
TEXTSTYLE_7
301
CELL_VALUE
 90
4
  1
0
304
ACVALUE_END
170
5
140
2.0
171
1
172
0
173
0
174
0
175
1
176
1
 91
33
178
0
145
0.0
301
CELL_VALUE
 90
4
  1
 
304
ACVALUE_END
170
1
140
2.2
  0
ACAD_TABLE
  5
679
100
AcDbEntity
  8
0
 62
2
  6
CONTINUOUS
100
AcDbBlockReference
  2
*T3
 10
302.0000000915
 20
51.0
 30
0.0
100
AcDbTable
342
       8C5
343
285
 11
1.0
 21
0.0
 31
0.0
 90
22
 91
10
 92
3
 93
0
 94
0
 95
0
 96
0
141
3.0
141
3.0
141
3.0
141
3.0
141
3.0
141
3.0
141
3.0
141
3.0
141
3.0
141
3.0
142
7.0
142
7.0
142
8.0
171
1
172
0
173
0
174
0
175
3
176
2
 91
49
178
0
145
0.0
  7
TEXTSTYLE_2
301
CELL_VALUE
 90
4
  1
UNLESS SPECIFIED\PTOLERANCE ARE:
304
ACVALUE_END
170
5
140
1.0
171
1
172
0
173
1
174
0
175
1
176
1
 91
1
178
0
145
0.0
170
1
171
1
172
0
173
1
174
0
175
1
176
1
 91
1
178
0
145
0.0
170
1
171
1
172
0
173
1
174
0
175
1
176
1
 91
1
178
0
145
0.0
170
1
171
1
172
0
173
1
174
0
175
1
176
1
 91
1
178
0
145
0.0
170
1
171
1
172
0
173
1
174
0
175
1
176
1
 91
1
178
0
145
0.0
170
1
171
1
172
0
173
0
174
0
175
2
176
1
 91
33
178
0
145
0.0
301
CELL_VALUE
 90
4
  1
300 ABOVE :
304
ACVALUE_END
170
3
140
1.0
171
1
172
0
173
1
174
0
175
1
176
1
 91
1
178
0
145
0.0
170
1
171
1
172
0
173
0
174
0
175
1
176
1
 91
49
178
0
145
0.0
  7
TEXTSTYLE_8
301
CELL_VALUE
 90
4
  1
{\fgdt;`}\ftxt;{\W0.8; 0.20}
304
ACVALUE_END
170
1
140
1.0
171
1
172
0
173
0
174
0
175
2
176
1
 91
49
178
0
145
0.0
  7
TEXTSTYLE_9
301
CELL_VALUE
 90
4
  1
300    X    150 :
304
ACVALUE_END
170
3
140
1.0
171
1
172
0
173
1
174
0
175
1
176
1
 91
1
178
0
145
0.0
170
1
171
1
172
0
173
0
174
0
175
1
176
1
 91
49
178
0
145
0.0
  7
TEXTSTYLE_8
301
CELL_VALUE
 90
4
  1
{\fgdt;`}\ftxt;{\W0.8; 0.15}
304
ACVALUE_END
170
1
140
1.0
171
1
172
0
173
0
174
0
175
2
176
1
 91
33
178
0
145
0.0
301
CELL_VALUE
 90
4
  1
150    X    50 :
304
ACVALUE_END
170
3
140
1.0
171
1
172
0
173
1
174
0
175
1
176
1
 91
1
178
0
145
0.0
170
1
171
1
172
0
173
0
174
0
175
1
176
1
 91
49
178
0
145
0.0
  7
TEXTSTYLE_8
301
CELL_VALUE
 90
4
  1
{\fgdt;`}\ftxt;{\W0.8; 0.10}
304
ACVALUE_END
170
4
140
1.0
171
1
172
0
173
0
174
0
175
2
176
1
 91
33
178
0
145
0.0
301
CELL_VALUE
 90
4
  1
50    X    20 :
304
ACVALUE_END
170
6
140
1.0
171
1
172
0
173
1
174
0
175
1
176
1
 91
1
178
0
145
0.0
170
1
171
1
172
0
173
0
174
0
175
1
176
1
 91
49
178
0
145
0.0
  7
TEXTSTYLE_8
301
CELL_VALUE
 90
4
  1
{\fgdt;`}\ftxt;{\W0.8; 0.075}
304
ACVALUE_END
170
4
140
1.0
171
1
172
0
173
0
174
0
175
2
176
1
 91
33
178
0
145
0.0
301
CELL_VALUE
 90
4
  1
20mm BELOW :
304
ACVALUE_END
170
6
140
1.0
171
1
172
0
173
1
174
0
175
1
176
1
 91
1
178
0
145
0.0
170
1
171
1
172
0
173
0
174
0
175
1
176
1
 91
49
178
0
145
0.0
  7
TEXTSTYLE_8
301
CELL_VALUE
 90
4
  1
{\fgdt;`}\ftxt;{\W0.8; 0.05}
304
ACVALUE_END
170
4
140
1.0
171
1
172
0
173
0
174
0
175
2
176
1
 91
33
178
0
145
0.0
301
CELL_VALUE
 90
4
  1
ANGLES :
304
ACVALUE_END
170
6
140
1.0
171
1
172
0
173
1
174
0
175
1
176
1
 91
1
178
0
145
0.0
170
1
171
1
172
0
173
0
174
0
175
1
176
1
 91
49
178
0
145
0.0
  7
TEXTSTYLE_8
301
CELL_VALUE
 90
4
  1
{\fgdt;`}\ftxt;{\W0.8; 1}\fgdt;{\fgdt;~}
304
ACVALUE_END
170
4
140
1.0
171
1
172
0
173
0
174
0
175
2
176
1
 91
33
178
0
145
0.0
301
CELL_VALUE
 90
4
  1
FLATNESS :
304
ACVALUE_END
170
6
140
1.0
171
1
172
0
173
1
174
0
175
1
176
1
 91
1
178
0
145
0.0
170
1
171
1
172
0
173
0
174
0
175
1
176
1
 91
49
178
0
145
0.0
  7
TEXTSTYLE_8
301
CELL_VALUE
 90
4
  1
{\fgdt;c}\ftxt;{\W0.8; 0.20}
304
ACVALUE_END
170
4
140
1.0
171
1
172
0
173
0
174
0
175
2
176
1
 91
33
178
0
145
0.0
301
CELL_VALUE
 90
4
  1
CONCENTRICITY :
304
ACVALUE_END
170
6
140
1.0
171
1
172
0
173
1
174
0
175
1
176
1
 91
1
178
0
145
0.0
170
1
171
1
172
0
173
0
174
0
175
1
176
1
 91
49
178
0
145
0.0
  7
TEXTSTYLE_8
301
CELL_VALUE
 90
4
  1
{\fgdt;`}\ftxt;{\W0.8; 0.05}
304
ACVALUE_END
170
4
140
1.0
  0
MTEXT
  5
67A
100
AcDbEntity
  8
DETAIL
100
AcDbMText
 62
2
  6
CONTINUOUS
  7
STANDARD
 71
1
 72
1
 10
32.9302543925
 20
34.6912341276
 30
0.0
 11
1.0
 21
0.0
 31
0.0
 73
2
 44
0.9
  1
Outline
 40
6.0
 41
33.6
  0
MTEXT
  5
67B
100
AcDbEntity
  8
DETAIL
100
AcDbMText
 62
2
  6
CONTINUOUS
  7
STANDARD
 71
1
 72
1
 10
29.6224038799
 20
263.5709394877
 30
0.0
 11
1.0
 21
0.0
 31
0.0
 73
2
 44
0.9
  1
Top View
 40
3.0
 41
19.2
  0
MTEXT
  5
67C
100
AcDbEntity
  8
DETAIL
100
AcDbMText
 62
2
  6
CONTINUOUS
  7
STANDARD
 71
1
 72
1
 10
255.7624202984
 20
258.9765649091
 30
0.0
 11
1.0
 21
0.0
 31
0.0
 73
2
 44
0.9
  1
Bottom View
 40
3.0
 41
26.4
  0
LEADER
  5
67D
100
AcDbEntity
  8
DETAIL
100
AcDbLeader
 62
2
  6
CONTINUOUS
  3
STANDARD
 71
1
 72
0
 73
0
 75
0
 40
3.0
 41
24.0
 76
3
 10
100.8586871857
 20
229.9245124172
 30
0.0
 10
88.7274575375
 20
260.1717391723
 30
0.0
 10
84.7274575375
 20
260.1717391723
 30
0.0
340
67E
1001
ACAD
1000
DSTYLE
1002
{
1070
77
1070
0
1002
}
  0
MTEXT
  5
67E
102
{ACAD_REACTORS
330
67D
102
}
100
AcDbEntity
  8
DETAIL
100
AcDbMText
 62
2
  6
CONTINUOUS
  7
STANDARD
 71
3
 72
1
 10
84.7274575375
 20
261.6717391723
 30
0.0
 11
1.0
 21
0.0
 31
0.0
 73
2
 44
0.9
  1
(PTH hole)
 40
3.0
 41
24.0
  0
LEADER
  5
67F
100
AcDbEntity
  8
DETAIL
100
AcDbLeader
 62
2
  6
CONTINUOUS
  3
STANDARD
 71
1
 72
0
 73
0
 75
0
 40
3.0
 41
24.0
 76
3
 10
91.9633584142
 20
207.6812585672
 30
0.0
 10
52.8979290633
 20
198.4348129829
 30
0.0
 10
48.8979290633
 20
198.4348129829
 30
0.0
340
680
1001
ACAD
1000
DSTYLE
1002
{
1070
77
1070
0
1002
}
  0
MTEXT
  5
680
102
{ACAD_REACTORS
330
67F
102
}
100
AcDbEntity
  8
DETAIL
100
AcDbMText
 62
2
  6
CONTINUOUS
  7
STANDARD
 71
3
 72
1
 10
48.8979290633
 20
199.9348129829
 30
0.0
 11
1.0
 21
0.0
 31
0.0
 73
2
 44
0.9
  1
(PTH hole)
 40
3.0
 41
24.0
  0
LEADER
  5
681
100
AcDbEntity
  8
DETAIL
100
AcDbLeader
 62
2
  6
CONTINUOUS
  3
STANDARD
 71
1
 72
0
 73
0
 75
0
 40
3.0
 41
24.0
 76
3
 10
145.5474425705
 20
207.94053729
 30
0.0
 10
177.7796929088
 20
199.6475089886
 30
0.0
 10
181.7796929088
 20
199.6475089886
 30
0.0
340
682
1001
ACAD
1000
DSTYLE
1002
{
1070
77
1070
0
1002
}
  0
MTEXT
  5
682
102
{ACAD_REACTORS
330
681
102
}
100
AcDbEntity
  8
DETAIL
100
AcDbMText
 62
2
  6
CONTINUOUS
  7
STANDARD
 71
1
 72
1
 10
181.7796929088
 20
201.1475089886
 30
0.0
 11
1.0
 21
0.0
 31
0.0
 73
2
 44
0.9
  1
(PTH hole)
 40
3.0
 41
24.0
  0
LEADER
  5
683
100
AcDbEntity
  8
DETAIL
100
AcDbLeader
 62
2
  6
CONTINUOUS
  3
STANDARD
 71
1
 72
0
 73
0
 75
0
 40
3.0
 41
24.0
 76
3
 10
145.3604825988
 20
162.6894391555
 30
0.0
 10
178.452286842
 20
182.2395990999
 30
0.0
 10
182.452286842
 20
182.2395990999
 30
0.0
340
684
1001
ACAD
1000
DSTYLE
1002
{
1070
77
1070
0
1002
}
  0
MTEXT
  5
684
102
{ACAD_REACTORS
330
683
102
}
100
AcDbEntity
  8
DETAIL
100
AcDbMText
 62
2
  6
CONTINUOUS
  7
STANDARD
 71
1
 72
1
 10
182.452286842
 20
183.7395990999
 30
0.0
 11
1.0
 21
0.0
 31
0.0
 73
2
 44
0.9
  1
(PTH hole)
 40
3.0
 41
24.0
  0
LEADER
  5
685
100
AcDbEntity
  8
DETAIL
100
AcDbLeader
 62
2
  6
CONTINUOUS
  3
STANDARD
 71
1
 72
0
 73
0
 75
0
 40
3.0
 41
24.0
 76
3
 10
92.3290796913
 20
162.9373945619
 30
0.0
 10
54.1697557512
 20
186.3655019552
 30
0.0
 10
50.1697557512
 20
186.3655019552
 30
0.0
340
686
1001
ACAD
1000
DSTYLE
1002
{
1070
77
1070
0
1002
}
  0
MTEXT
  5
686
102
{ACAD_REACTORS
330
685
102
}
100
AcDbEntity
  8
DETAIL
100
AcDbMText
 62
2
  6
CONTINUOUS
  7
STANDARD
 71
3
 72
1
 10
50.1697557512
 20
187.8655019552
 30
0.0
 11
1.0
 21
0.0
 31
0.0
 73
2
 44
0.9
  1
(PTH hole)
 40
3.0
 41
24.0
  0
LEADER
  5
687
100
AcDbEntity
  8
DETAIL
100
AcDbLeader
 62
2
  6
CONTINUOUS
  3
STANDARD
 71
1
 72
0
 73
0
 75
0
 40
3.0
 41
26.4
 76
3
 10
299.9875534787
 20
134.9123714091
 30
0.0
 10
291.5258631255
 20
127.7339229682
 30
0.0
 10
287.5258631255
 20
127.7339229682
 30
0.0
340
688
1001
ACAD
1000
DSTYLE
1002
{
1070
77
1070
0
1002
}
  0
MTEXT
  5
688
102
{ACAD_REACTORS
330
687
102
}
100
AcDbEntity
  8
DETAIL
100
AcDbMText
 62
2
  6
CONTINUOUS
  7
STANDARD
 71
3
 72
1
 10
287.5258631255
 20
129.2339229682
 30
0.0
 11
1.0
 21
0.0
 31
0.0
 73
2
 44
0.9
  1
SEE DETAIL B
 40
3.0
 41
28.8
  0
MTEXT
  5
689
100
AcDbEntity
  8
DETAIL
100
AcDbMText
 62
2
  6
CONTINUOUS
  7
STANDARD
 71
3
 72
1
 10
84.8206241641
 20
56.2786291046
 30
0.0
 11
1.0
 21
0.0
 31
0.0
 73
2
 44
0.9
  1
DETAIL B\PSCALE 3.000
 40
3.0
 41
26.4
  0
LEADER
  5
68A
100
AcDbEntity
  8
DETAIL
100
AcDbLeader
 62
2
  6
CONTINUOUS
  3
STANDARD
 71
1
 72
0
 73
0
 75
0
 40
3.0
 41
24.0
 76
3
 10
137.9491559323
 20
61.9851124935
 30
0.0
 10
131.217371111
 20
32.4571704174
 30
0.0
 10
127.217371111
 20
32.4571704174
 30
0.0
340
68B
1001
ACAD
1000
DSTYLE
1002
{
1070
77
1070
0
1002
}
  0
MTEXT
  5
68B
102
{ACAD_REACTORS
330
68A
102
}
100
AcDbEntity
  8
DETAIL
100
AcDbMText
 62
2
  6
CONTINUOUS
  7
STANDARD
 71
3
 72
1
 10
127.217371111
 20
33.9571704174
 30
0.0
 11
1.0
 21
0.0
 31
0.0
 73
2
 44
0.9
  1
(PTH hole)
 40
3.0
 41
24.0
  0
LEADER
  5
68C
100
AcDbEntity
  8
DETAIL
100
AcDbLeader
 62
2
  6
CONTINUOUS
  3
STANDARD
 71
1
 72
0
 73
0
 75
0
 40
3.0
 41
24.0
 76
3
 10
193.3121850322
 20
67.8057078995
 30
0.0
 10
213.5281769264
 20
83.492637524
 30
0.0
 10
217.5281769264
 20
83.492637524
 30
0.0
340
68D
1001
ACAD
1000
DSTYLE
1002
{
1070
77
1070
0
1002
}
  0
MTEXT
  5
68D
102
{ACAD_REACTORS
330
68C
102
}
100
AcDbEntity
  8
DETAIL
100
AcDbMText
 62
2
  6
CONTINUOUS
  7
STANDARD
 71
1
 72
1
 10
217.5281769264
 20
84.992637524
 30
0.0
 11
1.0
 21
0.0
 31
0.0
 73
2
 44
0.9
  1
(PTH hole)
 40
3.0
 41
24.0
  0
LINE
  5
68E
100
AcDbEntity
  8
0
100
AcDbLine
 62
7
  6
CONTINUOUS
 10
0.0
 20
0.0
 11
0.0
 21
297.0
  0
LINE
  5
68F
100
AcDbEntity
  8
0
100
AcDbLine
 62
4
  6
CONTINUOUS
 10
19.0
 20
15.5
 11
19.0
 21
281.5
  0
LINE
  5
690
100
AcDbEntity
  8
0
100
AcDbLine
 62
4
  6
CONTINUOUS
 10
23.5
 20
276.0
 11
23.5
 21
21.0
  0
LINE
  5
691
100
AcDbEntity
  8
0
100
AcDbLine
 62
7
  6
CONTINUOUS
 10
0.0
 20
0.0
 11
420.0
 21
0.0
  0
LINE
  5
692
100
AcDbEntity
  8
0
100
AcDbLine
 62
4
  6
CONTINUOUS
 10
69.0
 20
21.0
 11
69.0
 21
20.0
  0
LINE
  5
693
100
AcDbEntity
  8
0
100
AcDbLine
 62
4
  6
CONTINUOUS
 10
69.0
 20
276.0
 11
69.0
 21
277.0
  0
LINE
  5
694
100
AcDbEntity
  8
0
100
AcDbLine
 62
7
  6
CONTINUOUS
 10
338.0103285397
 20
30.1080794565
 11
345.8896573778
 21
31.8284205456
  0
LINE
  5
695
100
AcDbEntity
  8
0
100
AcDbLine
 62
4
  6
CONTINUOUS
 10
401.0
 20
15.5
 11
19.0
 21
15.5
  0
LINE
  5
696
100
AcDbEntity
  8
0
100
AcDbLine
 62
4
  6
CONTINUOUS
 10
396.0
 20
21.0
 11
23.5
 21
21.0
  0
LINE
  5
697
100
AcDbEntity
  8
0
100
AcDbLine
 62
7
  6
CONTINUOUS
 10
340.4727480527
 20
28.046997873
 11
336.3272650851
 21
28.0469978559
  0
LINE
  5
698
100
AcDbEntity
  8
0
100
AcDbLine
 62
7
  6
CONTINUOUS
 10
328.1223543053
 20
28.0469978559
 11
324.9305536822
 21
28.0469978559
  0
LINE
  5
699
100
AcDbEntity
  8
0
100
AcDbLine
 62
7
  6
CONTINUOUS
 10
328.9341151191
 20
28.0469978559
 11
331.0731428852
 21
28.0469978559
  0
LINE
  5
69A
100
AcDbEntity
  8
0
100
AcDbLine
 62
7
  6
CONTINUOUS
 10
331.884903699
 20
28.0469978559
 11
335.0767043221
 21
28.0469978559
  0
LINE
  5
69B
100
AcDbEntity
  8
0
100
AcDbLine
 62
7
  6
CONTINUOUS
 10
341.2702847977
 20
28.0469978763
 11
342.2990696471
 21
28.0469978806
  0
LINE
  5
69C
100
AcDbEntity
  8
0
100
AcDbLine
 62
7
  6
CONTINUOUS
 10
343.0966063922
 20
28.0469978838
 11
347.2420893597
 21
28.0469979009
  0
LINE
  5
69D
100
AcDbEntity
  8
0
100
AcDbLine
 62
4
  6
CONTINUOUS
 10
114.5
 20
21.0
 11
114.5
 21
20.0
  0
LINE
  5
69E
100
AcDbEntity
  8
0
100
AcDbLine
 62
4
  6
CONTINUOUS
 10
114.5
 20
276.0
 11
114.5
 21
277.0
  0
LINE
  5
69F
100
AcDbEntity
  8
0
100
AcDbLine
 62
7
  6
CONTINUOUS
 10
366.0678922081
 20
52.1653528744
 11
366.8466732241
 21
52.1653528744
  0
LINE
  5
6A0
100
AcDbEntity
  8
0
100
AcDbLine
 62
7
  6
CONTINUOUS
 10
368.6334544561
 20
52.1653528744
 11
369.4330434721
 21
52.1653528744
  0
LINE
  5
6A1
100
AcDbEntity
  8
0
100
AcDbLine
 62
7
  6
CONTINUOUS
 10
343.8229770481
 20
52.1931967144
 11
344.7128526241
 21
52.1931967144
  0
LINE
  5
6A2
100
AcDbEntity
  8
0
100
AcDbLine
 62
7
  6
CONTINUOUS
 10
346.4937277681
 20
52.1931967144
 11
347.3768534161
 21
52.1931967144
  0
LINE
  5
6A3
100
AcDbEntity
  8
0
100
AcDbLine
 62
7
  6
CONTINUOUS
 10
352.4418855841
 20
52.1931967144
 11
353.3250111601
 21
52.1931967144
  0
LINE
  5
6A4
100
AcDbEntity
  8
0
100
AcDbLine
 62
7
  6
CONTINUOUS
 10
354.2309176081
 20
52.1931967144
 11
355.1137616641
 21
52.1931967144
  0
LINE
  5
6A5
100
AcDbEntity
  8
0
100
AcDbLine
 62
7
  6
CONTINUOUS
 10
356.8172928961
 20
52.1931967144
 11
357.7071685441
 21
52.1931967144
  0
LINE
  5
6A6
100
AcDbEntity
  8
0
100
AcDbLine
 62
7
  6
CONTINUOUS
 10
359.4104189761
 20
52.1931967144
 11
360.3002939041
 21
52.1931967144
  0
LINE
  5
6A7
100
AcDbEntity
  8
0
100
AcDbLine
 62
7
  6
CONTINUOUS
 10
375.2768603281
 20
52.1931967144
 11
376.1599837441
 21
52.1931967144
  0
LINE
  5
6A8
100
AcDbEntity
  8
0
100
AcDbLine
 62
7
  6
CONTINUOUS
 10
378.6425803921
 20
52.1931967144
 11
379.5186766801
 21
52.1931967144
  0
LINE
  5
6A9
100
AcDbEntity
  8
0
100
AcDbLine
 62
7
  6
CONTINUOUS
 10
381.2011155121
 20
52.1931967144
 11
382.3899582721
 21
52.1931967144
  0
LINE
  5
6AA
100
AcDbEntity
  8
0
100
AcDbLine
 62
7
  6
CONTINUOUS
 10
364.5612341761
 20
53.2220093224
 11
363.6851378881
 21
53.2220093224
  0
LINE
  5
6AB
100
AcDbEntity
  8
0
100
AcDbLine
 62
7
  6
CONTINUOUS
 10
361.8080757841
 20
53.8061656264
 11
364.6028573761
 21
53.8061656264
  0
LINE
  5
6AC
100
AcDbEntity
  8
0
100
AcDbLine
 62
7
  6
CONTINUOUS
 10
363.6710762881
 20
54.4178849704
 11
361.8359181841
 21
54.4178849704
  0
LINE
  5
6AD
100
AcDbEntity
  8
0
100
AcDbLine
 62
7
  6
CONTINUOUS
 10
348.3986344321
 20
54.8490412744
 11
349.3371662401
 21
54.8490412744
  0
LINE
  5
6AE
100
AcDbEntity
  8
0
100
AcDbLine
 62
7
  6
CONTINUOUS
 10
377.1817648321
 20
54.8490412744
 11
378.1205802481
 21
54.8490412744
  0
LINE
  5
6AF
100
AcDbEntity
  8
0
100
AcDbLine
 62
7
  6
CONTINUOUS
 10
342.8566021201
 20
54.9601351144
 11
343.8229770481
 21
54.9601351144
  0
LINE
  5
6B0
100
AcDbEntity
  8
0
100
AcDbLine
 62
7
  6
CONTINUOUS
 10
344.7128526241
 20
54.9601351144
 11
345.9714461041
 21
54.9601351144
  0
LINE
  5
6B1
100
AcDbEntity
  8
0
100
AcDbLine
 62
7
  6
CONTINUOUS
 10
382.2926430001
 20
55.7110730104
 11
381.1316427121
 21
55.7110730104
  0
LINE
  5
6B2
100
AcDbEntity
  8
0
100
AcDbLine
 62
7
  6
CONTINUOUS
 10
376.1599837441
 20
55.7110730104
 11
375.2768603281
 21
55.7110730104
  0
LINE
  5
6B3
100
AcDbEntity
  8
0
100
AcDbLine
 62
7
  6
CONTINUOUS
 10
370.7192014321
 20
55.7110730104
 11
369.8568932161
 21
55.7110730104
  0
LINE
  5
6B4
100
AcDbEntity
  8
0
100
AcDbLine
 62
7
  6
CONTINUOUS
 10
365.7202616641
 20
55.7110730104
 11
364.7538918481
 21
55.7110730104
  0
LINE
  5
6B5
100
AcDbEntity
  8
0
100
AcDbLine
 62
7
  6
CONTINUOUS
 10
355.1137616641
 20
55.7110730104
 11
354.2309176081
 21
55.7110730104
  0
LINE
  5
6B6
100
AcDbEntity
  8
0
100
AcDbLine
 62
7
  6
CONTINUOUS
 10
353.3250111601
 20
55.7110730104
 11
352.4351355841
 21
55.7110730104
  0
LINE
  5
6B7
100
AcDbEntity
  8
0
100
AcDbLine
 62
7
  6
CONTINUOUS
 10
347.3768534161
 20
55.7110730104
 11
346.4937277681
 21
55.7110730104
  0
LINE
  5
6B8
100
AcDbEntity
  8
0
100
AcDbLine
 62
7
  6
CONTINUOUS
 10
345.9714461041
 20
55.7110730104
 11
344.7128526241
 21
55.7110730104
  0
LINE
  5
6B9
100
AcDbEntity
  8
0
100
AcDbLine
 62
7
  6
CONTINUOUS
 10
343.8229770481
 20
55.7110730104
 11
342.8566021201
 21
55.7110730104
  0
LINE
  5
6BA
100
AcDbEntity
  8
0
100
AcDbLine
 62
7
  6
CONTINUOUS
 10
378.1205802481
 20
55.7318853304
 11
377.3001760321
 21
55.7318853304
  0
LINE
  5
6BB
100
AcDbEntity
  8
0
100
AcDbLine
 62
7
  6
CONTINUOUS
 10
349.3371662401
 20
55.7318853304
 11
348.5170406641
 21
55.7318853304
  0
LINE
  5
6BC
100
AcDbEntity
  8
0
100
AcDbLine
 62
7
  6
CONTINUOUS
 10
368.1885159841
 20
55.7389161304
 11
367.4027005681
 21
55.7389161304
  0
LINE
  5
6BD
100
AcDbEntity
  8
0
100
AcDbLine
 62
7
  6
CONTINUOUS
 10
345.2691650881
 20
56.6009479384
 11
346.5136962481
 21
56.6009479384
  0
LINE
  5
6BE
100
AcDbEntity
  8
0
100
AcDbLine
 62
7
  6
CONTINUOUS
 10
379.5186766801
 20
57.3102604024
 11
378.6425803921
 21
57.3102604024
  0
LINE
  5
6BF
100
AcDbEntity
  8
0
100
AcDbLine
 62
7
  6
CONTINUOUS
 10
346.5136962481
 20
57.3102604024
 11
344.9980396561
 21
57.3102604024
  0
LINE
  5
6C0
100
AcDbEntity
  8
0
100
AcDbLine
 62
7
  6
CONTINUOUS
 10
338.0103285397
 20
25.9859162553
 11
345.8896573778
 21
24.2655751662
  0
LINE
  5
6C1
100
AcDbEntity
  8
0
100
AcDbLine
 62
4
  6
CONTINUOUS
 10
23.5
 20
71.4
 11
22.5
 21
71.4
  0
LINE
  5
6C2
100
AcDbEntity
  8
0
100
AcDbLine
 62
4
  6
CONTINUOUS
 10
396.0
 20
71.4
 11
397.0
 21
71.4
  0
LINE
  5
6C3
100
AcDbEntity
  8
0
100
AcDbLine
 62
4
  6
CONTINUOUS
 10
160.0
 20
21.0
 11
160.0
 21
20.0
  0
LINE
  5
6C4
100
AcDbEntity
  8
0
100
AcDbLine
 62
4
  6
CONTINUOUS
 10
160.0
 20
276.0
 11
160.0
 21
277.0
  0
LINE
  5
6C5
100
AcDbEntity
  8
0
100
AcDbLine
 62
4
  6
CONTINUOUS
 10
23.5
 20
121.8
 11
22.5
 21
121.8
  0
LINE
  5
6C6
100
AcDbEntity
  8
0
100
AcDbLine
 62
4
  6
CONTINUOUS
 10
396.0
 20
121.8
 11
397.0
 21
121.8
  0
LINE
  5
6C7
100
AcDbEntity
  8
0
100
AcDbLine
 62
7
  6
CONTINUOUS
 10
338.1088460841
 20
57.3521536044
 11
337.6329713001
 21
57.6266536764
  0
LINE
  5
6C8
100
AcDbEntity
  8
0
100
AcDbLine
 62
7
  6
CONTINUOUS
 10
335.4738145641
 20
53.8860273084
 11
335.9491270281
 21
53.6115272364
  0
LINE
  5
6C9
100
AcDbEntity
  8
0
100
AcDbLine
 62
7
  6
CONTINUOUS
 10
338.8285655001
 20
51.9490582524
 11
339.3047217321
 21
51.6739958604
  0
LINE
  5
6CA
100
AcDbEntity
  8
0
100
AcDbLine
 62
7
  6
CONTINUOUS
 10
341.4638785401
 20
55.4149030284
 11
340.9882845561
 21
55.6896839004
  0
LINE
  5
6CB
100
AcDbEntity
  8
0
100
AcDbLine
 62
4
  6
CONTINUOUS
 10
205.5
 20
21.0
 11
205.5
 21
20.0
  0
LINE
  5
6CC
100
AcDbEntity
  8
0
100
AcDbLine
 62
4
  6
CONTINUOUS
 10
205.5
 20
276.0
 11
205.5
 21
277.0
  0
LINE
  5
6CD
100
AcDbEntity
  8
0
100
AcDbLine
 62
4
  6
CONTINUOUS
 10
23.5
 20
172.2
 11
22.5
 21
172.2
  0
LINE
  5
6CE
100
AcDbEntity
  8
0
100
AcDbLine
 62
4
  6
CONTINUOUS
 10
396.0
 20
172.2
 11
397.0
 21
172.2
  0
LINE
  5
6CF
100
AcDbEntity
  8
0
100
AcDbLine
 62
4
  6
CONTINUOUS
 10
251.0
 20
21.0
 11
251.0
 21
20.0
  0
LINE
  5
6D0
100
AcDbEntity
  8
0
100
AcDbLine
 62
4
  6
CONTINUOUS
 10
251.0
 20
276.0
 11
251.0
 21
277.0
  0
LINE
  5
6D1
100
AcDbEntity
  8
0
100
AcDbLine
 62
7
  6
CONTINUOUS
 10
379.5186766801
 20
53.7923848264
 11
381.2011155121
 21
52.1931967144
  0
LINE
  5
6D2
100
AcDbEntity
  8
0
100
AcDbLine
 62
7
  6
CONTINUOUS
 10
382.3899582721
 20
52.1931967144
 11
380.4226152961
 21
54.0702595384
  0
LINE
  5
6D3
100
AcDbEntity
  8
0
100
AcDbLine
 62
4
  6
CONTINUOUS
 10
23.5
 20
222.6
 11
22.5
 21
222.6
  0
LINE
  5
6D4
100
AcDbEntity
  8
0
100
AcDbLine
 62
4
  6
CONTINUOUS
 10
396.0
 20
222.6
 11
397.0
 21
222.6
  0
LINE
  5
6D5
100
AcDbEntity
  8
0
100
AcDbLine
 62
4
  6
CONTINUOUS
 10
296.5
 20
21.0
 11
296.5
 21
20.0
  0
LINE
  5
6D6
100
AcDbEntity
  8
0
100
AcDbLine
 62
4
  6
CONTINUOUS
 10
296.5
 20
276.0
 11
296.5
 21
277.0
  0
LINE
  5
6D7
100
AcDbEntity
  8
0
100
AcDbLine
 62
7
  6
CONTINUOUS
 10
364.7538918481
 20
55.7110730104
 11
366.0678922081
 21
52.1653528744
  0
LINE
  5
6D8
100
AcDbEntity
  8
0
100
AcDbLine
 62
7
  6
CONTINUOUS
 10
367.7365430401
 20
54.6125096824
 11
368.6334544561
 21
52.1653528744
  0
LINE
  5
6D9
100
AcDbEntity
  8
0
100
AcDbLine
 62
7
  6
CONTINUOUS
 10
369.0505434001
 20
53.3679785224
 11
368.1885159841
 21
55.7389161304
  0
LINE
  5
6DA
100
AcDbEntity
  8
0
100
AcDbLine
 62
7
  6
CONTINUOUS
 10
366.5339194801
 20
53.3471654824
 11
365.7202616641
 21
55.7110730104
  0
LINE
  5
6DB
100
AcDbEntity
  8
0
100
AcDbLine
 62
7
  6
CONTINUOUS
 10
330.0036290022
 20
26.1657231591
 11
330.0036290022
 21
22.9739225359
  0
LINE
  5
6DC
100
AcDbEntity
  8
0
100
AcDbLine
 62
7
  6
CONTINUOUS
 10
330.0036290022
 20
26.9774839729
 11
330.0036290022
 21
29.116511739
  0
LINE
  5
6DD
100
AcDbEntity
  8
0
100
AcDbLine
 62
7
  6
CONTINUOUS
 10
330.0036290022
 20
29.9282725528
 11
330.0036290022
 21
33.1200731759
  0
LINE
  5
6DE
100
AcDbEntity
  8
0
100
AcDbLine
 62
7
  6
CONTINUOUS
 10
336.3091271001
 20
56.8616534604
 11
336.3091271001
 21
56.3129341164
  0
LINE
  5
6DF
100
AcDbEntity
  8
0
100
AcDbLine
 62
7
  6
CONTINUOUS
 10
336.3091271001
 20
52.9879962204
 11
336.3091271001
 21
52.4392768764
  0
LINE
  5
6E0
100
AcDbEntity
  8
0
100
AcDbLine
 62
7
  6
CONTINUOUS
 10
338.0103285397
 20
30.1080794565
 11
338.0103285397
 21
25.9859162553
  0
LINE
  5
6E1
100
AcDbEntity
  8
0
100
AcDbLine
 62
7
  6
CONTINUOUS
 10
340.6282844121
 20
52.4392768764
 11
340.6282844121
 21
52.9879962204
  0
LINE
  5
6E2
100
AcDbEntity
  8
0
100
AcDbLine
 62
7
  6
CONTINUOUS
 10
340.6282844121
 20
56.3129341164
 11
340.6282844121
 21
56.8616534604
  0
LINE
  5
6E3
100
AcDbEntity
  8
0
100
AcDbLine
 62
4
  6
CONTINUOUS
 10
342.0
 20
21.0
 11
342.0
 21
20.0
  0
LINE
  5
6E4
100
AcDbEntity
  8
0
100
AcDbLine
 62
4
  6
CONTINUOUS
 10
342.0
 20
276.0
 11
342.0
 21
277.0
  0
LINE
  5
6E5
100
AcDbEntity
  8
0
100
AcDbLine
 62
7
  6
CONTINUOUS
 10
342.8566021201
 20
55.7110730104
 11
342.8566021201
 21
54.9601351144
  0
LINE
  5
6E6
100
AcDbEntity
  8
0
100
AcDbLine
 62
7
  6
CONTINUOUS
 10
343.8229770481
 20
56.2254793144
 11
343.8229770481
 21
55.7110730104
  0
LINE
  5
6E7
100
AcDbEntity
  8
0
100
AcDbLine
 62
7
  6
CONTINUOUS
 10
343.8229770481
 20
54.9601351144
 11
343.8229770481
 21
52.1931967144
  0
LINE
  5
6E8
100
AcDbEntity
  8
0
100
AcDbLine
 62
4
  6
CONTINUOUS
 10
23.5
 20
276.0
 11
396.0
 21
276.0
  0
LINE
  5
6E9
100
AcDbEntity
  8
0
100
AcDbLine
 62
4
  6
CONTINUOUS
 10
19.0
 20
281.5
 11
401.0
 21
281.5
  0
LINE
  5
6EA
100
AcDbEntity
  8
0
100
AcDbLine
 62
7
  6
CONTINUOUS
 10
344.7128526241
 20
52.1931967144
 11
344.7128526241
 21
54.9601351144
  0
LINE
  5
6EB
100
AcDbEntity
  8
0
100
AcDbLine
 62
7
  6
CONTINUOUS
 10
344.7128526241
 20
55.7110730104
 11
344.7128526241
 21
56.0516662744
  0
LINE
  5
6EC
100
AcDbEntity
  8
0
100
AcDbLine
 62
7
  6
CONTINUOUS
 10
345.8896573778
 20
31.8284205456
 11
345.8896573778
 21
24.2655751662
  0
LINE
  5
6ED
100
AcDbEntity
  8
0
100
AcDbLine
 62
7
  6
CONTINUOUS
 10
345.9714461041
 20
54.9601351144
 11
345.9714461041
 21
55.7110730104
  0
LINE
  5
6EE
100
AcDbEntity
  8
0
100
AcDbLine
 62
7
  6
CONTINUOUS
 10
346.4937277681
 20
55.7110730104
 11
346.4937277681
 21
52.1931967144
  0
LINE
  5
6EF
100
AcDbEntity
  8
0
100
AcDbLine
 62
7
  6
CONTINUOUS
 10
346.5136962481
 20
56.6009479384
 11
346.5136962481
 21
57.3102604024
  0
LINE
  5
6F0
100
AcDbEntity
  8
0
100
AcDbLine
 62
7
  6
CONTINUOUS
 10
347.3768534161
 20
52.1931967144
 11
347.3768534161
 21
54.0424156984
  0
LINE
  5
6F1
100
AcDbEntity
  8
0
100
AcDbLine
 62
7
  6
CONTINUOUS
 10
347.3768534161
 20
55.1201659864
 11
347.3768534161
 21
55.7110730104
  0
LINE
  5
6F2
100
AcDbEntity
  8
0
100
AcDbLine
 62
7
  6
CONTINUOUS
 10
349.3371662401
 20
54.8490412744
 11
349.3371662401
 21
55.7318853304
  0
LINE
  5
6F3
100
AcDbEntity
  8
0
100
AcDbLine
 62
7
  6
CONTINUOUS
 10
352.4351355841
 20
55.7110730104
 11
352.4351355841
 21
55.1826036664
  0
LINE
  5
6F4
100
AcDbEntity
  8
0
100
AcDbLine
 62
7
  6
CONTINUOUS
 10
352.4418855841
 20
52.7492283784
 11
352.4418855841
 21
52.1931967144
  0
LINE
  5
6F5
100
AcDbEntity
  8
0
100
AcDbLine
 62
7
  6
CONTINUOUS
 10
353.3250111601
 20
52.1931967144
 11
353.3250111601
 21
55.7110730104
  0
LINE
  5
6F6
100
AcDbEntity
  8
0
100
AcDbLine
 62
7
  6
CONTINUOUS
 10
354.2309176081
 20
55.7110730104
 11
354.2309176081
 21
52.1931967144
  0
LINE
  5
6F7
100
AcDbEntity
  8
0
100
AcDbLine
 62
7
  6
CONTINUOUS
 10
355.1137616641
 20
52.1931967144
 11
355.1137616641
 21
54.0702595384
  0
LINE
  5
6F8
100
AcDbEntity
  8
0
100
AcDbLine
 62
7
  6
CONTINUOUS
 10
355.1137616641
 20
55.1201659864
 11
355.1137616641
 21
55.7110730104
  0
LINE
  5
6F9
100
AcDbEntity
  8
0
100
AcDbLine
 62
7
  6
CONTINUOUS
 10
356.8172928961
 20
54.0702595384
 11
356.8172928961
 21
52.1931967144
  0
LINE
  5
6FA
100
AcDbEntity
  8
0
100
AcDbLine
 62
7
  6
CONTINUOUS
 10
357.7071685441
 20
52.1931967144
 11
357.7071685441
 21
54.0702595384
  0
LINE
  5
6FB
100
AcDbEntity
  8
0
100
AcDbLine
 62
7
  6
CONTINUOUS
 10
335.9491270281
 20
55.6896839004
 11
335.4738145641
 21
55.4149030284
  0
LINE
  5
6FC
100
AcDbEntity
  8
0
100
AcDbLine
 62
7
  6
CONTINUOUS
 10
337.6329713001
 20
51.6739958604
 11
338.1088460841
 21
51.9490582524
  0
LINE
  5
6FD
100
AcDbEntity
  8
0
100
AcDbLine
 62
7
  6
CONTINUOUS
 10
340.9882845561
 20
53.6115272364
 11
341.4638785401
 21
53.8860273084
  0
LINE
  5
6FE
100
AcDbEntity
  8
0
100
AcDbLine
 62
7
  6
CONTINUOUS
 10
339.3047217321
 20
57.6266536764
 11
338.8285655001
 21
57.3521536044
  0
LINE
  5
6FF
100
AcDbEntity
  8
0
100
AcDbLine
 62
7
  6
CONTINUOUS
 10
0.0
 20
297.0
 11
420.0
 21
297.0
  0
LINE
  5
700
100
AcDbEntity
  8
0
100
AcDbLine
 62
7
  6
CONTINUOUS
 10
359.4104189761
 20
54.0702595384
 11
359.4104189761
 21
52.1931967144
  0
LINE
  5
701
100
AcDbEntity
  8
0
100
AcDbLine
 62
7
  6
CONTINUOUS
 10
360.3002939041
 20
52.1931967144
 11
360.3002939041
 21
54.2440726504
  0
LINE
  5
702
100
AcDbEntity
  8
0
100
AcDbLine
 62
7
  6
CONTINUOUS
 10
364.6028573761
 20
53.8061656264
 11
364.6028573761
 21
53.9034786664
  0
LINE
  5
703
100
AcDbEntity
  8
0
100
AcDbLine
 62
7
  6
CONTINUOUS
 10
375.2768603281
 20
55.7110730104
 11
375.2768603281
 21
52.1931967144
  0
LINE
  5
704
100
AcDbEntity
  8
0
100
AcDbLine
 62
7
  6
CONTINUOUS
 10
376.1599837441
 20
52.1931967144
 11
376.1599837441
 21
54.0424156984
  0
LINE
  5
705
100
AcDbEntity
  8
0
100
AcDbLine
 62
7
  6
CONTINUOUS
 10
376.1599837441
 20
55.1201659864
 11
376.1599837441
 21
55.7110730104
  0
LINE
  5
706
100
AcDbEntity
  8
0
100
AcDbLine
 62
7
  6
CONTINUOUS
 10
378.1205802481
 20
54.8490412744
 11
378.1205802481
 21
55.7318853304
  0
LINE
  5
707
100
AcDbEntity
  8
0
100
AcDbLine
 62
7
  6
CONTINUOUS
 10
378.6425803921
 20
57.3102604024
 11
378.6425803921
 21
52.1931967144
  0
LINE
  5
708
100
AcDbEntity
  8
0
100
AcDbLine
 62
7
  6
CONTINUOUS
 10
379.5186766801
 20
52.1931967144
 11
379.5186766801
 21
53.7923848264
  0
LINE
  5
709
100
AcDbEntity
  8
0
100
AcDbLine
 62
7
  6
CONTINUOUS
 10
379.5186766801
 20
54.2789472904
 11
379.5186766801
 21
57.3102604024
  0
LINE
  5
70A
100
AcDbEntity
  8
0
100
AcDbLine
 62
4
  6
CONTINUOUS
 10
396.0
 20
21.0
 11
396.0
 21
276.0
  0
LINE
  5
70B
100
AcDbEntity
  8
0
100
AcDbLine
 62
4
  6
CONTINUOUS
 10
401.0
 20
281.5
 11
401.0
 21
15.5
  0
LINE
  5
70C
100
AcDbEntity
  8
0
100
AcDbLine
 62
7
  6
CONTINUOUS
 10
369.8568932161
 20
55.7110730104
 11
369.0505434001
 21
53.3679785224
  0
LINE
  5
70D
100
AcDbEntity
  8
0
100
AcDbLine
 62
7
  6
CONTINUOUS
 10
369.4330434721
 20
52.1653528744
 11
370.7192014321
 21
55.7110730104
  0
LINE
  5
70E
100
AcDbEntity
  8
0
100
AcDbLine
 62
7
  6
CONTINUOUS
 10
367.4027005681
 20
55.7389161304
 11
366.5339194801
 21
53.3471654824
  0
LINE
  5
70F
100
AcDbEntity
  8
0
100
AcDbLine
 62
7
  6
CONTINUOUS
 10
366.8466732241
 20
52.1653528744
 11
367.7365430401
 21
54.6125096824
  0
LINE
  5
710
100
AcDbEntity
  8
0
100
AcDbLine
 62
7
  6
CONTINUOUS
 10
381.1316427121
 20
55.7110730104
 11
379.5186766801
 21
54.2789472904
  0
LINE
  5
711
100
AcDbEntity
  8
0
100
AcDbLine
 62
7
  6
CONTINUOUS
 10
380.4226152961
 20
54.0702595384
 11
382.2926430001
 21
55.7110730104
  0
LINE
  5
712
100
AcDbEntity
  8
0
100
AcDbLine
 62
7
  6
CONTINUOUS
 10
420.0
 20
0.0
 11
420.0
 21
297.0
  0
LINE
  5
713
100
AcDbEntity
  8
ASSEM_MEM
100
AcDbLine
 62
7
  6
CONTINUOUS
 10
55.2508601281
 20
233.3180225078
 11
55.2508601281
 21
220.7680225078
  0
LINE
  5
714
100
AcDbEntity
  8
ASSEM_MEM
100
AcDbLine
 62
7
  6
CONTINUOUS
 10
55.2508601281
 20
208.7680225078
 11
55.2508601281
 21
196.2680225078
  0
LINE
  5
715
100
AcDbEntity
  8
ASSEM_MEM
100
AcDbLine
 62
7
  6
CONTINUOUS
 10
55.2508601281
 20
168.8180225078
 11
55.2508601281
 21
151.3180225078
  0
LINE
  5
716
100
AcDbEntity
  8
ASSEM_MEM
100
AcDbLine
 62
4
  6
CONTINUOUS
 10
74.9949534717
 20
146.1162026689
 11
74.5619407698
 21
146.3662026689
  0
LINE
  5
717
100
AcDbEntity
  8
ASSEM_MEM
100
AcDbLine
 62
7
  6
CONTINUOUS
 10
60.2508601281
 20
194.2680225078
 11
60.2508601281
 21
170.8180225078
  0
LINE
  5
718
100
AcDbEntity
  8
ASSEM_MEM
100
AcDbLine
 62
7
  6
CONTINUOUS
 10
60.4508601281
 20
218.7680225078
 11
60.4508601281
 21
212.1680225078
  0
LINE
  5
719
100
AcDbEntity
  8
ASSEM_MEM
100
AcDbLine
 62
7
  6
CONTINUOUS
 10
68.2508601281
 20
142.3180225078
 11
68.2508601281
 21
149.3180225078
  0
LINE
  5
71A
100
AcDbEntity
  8
ASSEM_MEM
100
AcDbLine
 62
7
  6
CONTINUOUS
 10
159.4508601281
 20
141.3180225078
 11
143.4508601281
 21
141.3180225078
  0
LINE
  5
71B
100
AcDbEntity
  8
ASSEM_MEM
100
AcDbLine
 62
7
  6
CONTINUOUS
 10
135.4508601281
 20
141.3180225078
 11
102.4508601281
 21
141.3180225078
  0
LINE
  5
71C
100
AcDbEntity
  8
ASSEM_MEM
100
AcDbLine
 62
7
  6
CONTINUOUS
 10
94.4508601281
 20
141.3180225078
 11
69.2508601281
 21
141.3180225078
  0
LINE
  5
71D
100
AcDbEntity
  8
ASSEM_MEM
100
AcDbLine
 62
7
  6
CONTINUOUS
 10
83.3008601281
 20
142.2180225078
 11
83.5008601281
 21
142.2180225078
  0
LINE
  5
71E
100
AcDbEntity
  8
ASSEM_MEM
100
AcDbLine
 62
4
  6
CONTINUOUS
 10
116.0413580564
 20
143.1410498593
 11
116.5413580564
 21
143.1410498593
  0
LINE
  5
71F
100
AcDbEntity
  8
ASSEM_MEM
100
AcDbLine
 62
7
  6
CONTINUOUS
 10
83.5008601281
 20
144.6180225078
 11
83.3008601281
 21
144.6180225078
  0
LINE
  5
720
100
AcDbEntity
  8
ASSEM_MEM
100
AcDbLine
 62
4
  6
CONTINUOUS
 10
74.9949534717
 20
146.6162026689
 11
74.9949534717
 21
146.1162026689
  0
LINE
  5
721
100
AcDbEntity
  8
ASSEM_MEM
100
AcDbLine
 62
7
  6
CONTINUOUS
 10
161.4508601281
 20
149.7180225078
 11
172.3008601281
 21
149.7180225078
  0
LINE
  5
722
100
AcDbEntity
  8
ASSEM_MEM
100
AcDbLine
 62
7
  6
CONTINUOUS
 10
56.2508601281
 20
150.3180225078
 11
67.2508601281
 21
150.3180225078
  0
LINE
  5
723
100
AcDbEntity
  8
ASSEM_MEM
100
AcDbLine
 62
4
  6
CONTINUOUS
 10
121.9994169176
 20
150.8883355603
 11
122.4994169176
 21
150.8883355603
  0
LINE
  5
724
100
AcDbEntity
  8
ASSEM_MEM
100
AcDbLine
 62
7
  6
CONTINUOUS
 10
92.9007611309
 20
159.3279400068
 11
93.2007611309
 21
159.3279400068
  0
LINE
  5
725
100
AcDbEntity
  8
ASSEM_MEM
100
AcDbLine
 62
7
  6
CONTINUOUS
 10
93.2007611309
 20
163.0279400068
 11
92.9007611309
 21
163.0279400068
  0
LINE
  5
726
100
AcDbEntity
  8
ASSEM_MEM
100
AcDbLine
 62
4
  6
CONTINUOUS
 10
116.5413580564
 20
143.1410498593
 11
116.2913580564
 21
143.5740625612
  0
LINE
  5
727
100
AcDbEntity
  8
ASSEM_MEM
100
AcDbLine
 62
7
  6
CONTINUOUS
 10
95.4508601281
 20
142.3180225078
 11
95.4508601281
 21
144.2180225078
  0
LINE
  5
728
100
AcDbEntity
  8
ASSEM_MEM
100
AcDbLine
 62
4
  6
CONTINUOUS
 10
114.5892274921
 20
227.9389431915
 11
114.3392274921
 21
227.5059304896
  0
LINE
  5
729
100
AcDbEntity
  8
ASSEM_MEM
100
AcDbLine
 62
7
  6
CONTINUOUS
 10
138.3044135187
 20
234.1715758984
 11
138.0973067375
 21
233.9644691172
  0
LINE
  5
72A
100
AcDbEntity
  8
ASSEM_MEM
100
AcDbLine
 62
7
  6
CONTINUOUS
 10
59.2508601281
 20
169.8180225078
 11
56.2508601281
 21
169.8180225078
  0
LINE
  5
72B
100
AcDbEntity
  8
ASSEM_MEM
100
AcDbLine
 62
4
  6
CONTINUOUS
 10
153.5347411778
 20
144.8386813575
 11
153.1017284759
 21
145.0886813575
  0
LINE
  5
72C
100
AcDbEntity
  8
ASSEM_MEM
100
AcDbLine
 62
7
  6
CONTINUOUS
 10
101.4508601281
 20
142.3180225078
 11
101.4508601281
 21
144.2180225078
  0
LINE
  5
72D
100
AcDbEntity
  8
ASSEM_MEM
100
AcDbLine
 62
4
  6
CONTINUOUS
 10
122.2494169176
 20
150.4553228584
 11
121.9994169176
 21
150.8883355603
  0
LINE
  5
72E
100
AcDbEntity
  8
ASSEM_MEM
100
AcDbLine
 62
7
  6
CONTINUOUS
 10
106.4508601281
 20
235.3180225078
 11
106.4508601281
 21
234.6180225078
  0
LINE
  5
72F
100
AcDbEntity
  8
ASSEM_MEM
100
AcDbLine
 62
7
  6
CONTINUOUS
 10
107.2808601281
 20
234.6180225078
 11
107.2808601281
 21
233.3180225078
  0
LINE
  5
730
100
AcDbEntity
  8
ASSEM_MEM
100
AcDbLine
 62
7
  6
CONTINUOUS
 10
107.3308601281
 20
229.5680225078
 11
107.3308601281
 21
228.2680225078
  0
LINE
  5
731
100
AcDbEntity
  8
ASSEM_MEM
100
AcDbLine
 62
7
  6
CONTINUOUS
 10
107.9308601281
 20
228.2680225078
 11
107.9308601281
 21
229.1680225078
  0
LINE
  5
732
100
AcDbEntity
  8
ASSEM_MEM
100
AcDbLine
 62
7
  6
CONTINUOUS
 10
107.9808601281
 20
233.3180225078
 11
107.9808601281
 21
234.6180225078
  0
LINE
  5
733
100
AcDbEntity
  8
ASSEM_MEM
100
AcDbLine
 62
7
  6
CONTINUOUS
 10
108.5808601281
 20
229.4680225078
 11
108.5808601281
 21
229.5680225078
  0
LINE
  5
734
100
AcDbEntity
  8
ASSEM_MEM
100
AcDbLine
 62
7
  6
CONTINUOUS
 10
115.3208601281
 20
229.5680225078
 11
115.3208601281
 21
229.4680225078
  0
LINE
  5
735
100
AcDbEntity
  8
ASSEM_MEM
100
AcDbLine
 62
7
  6
CONTINUOUS
 10
115.9208601281
 20
234.6180225078
 11
115.9208601281
 21
233.3180225078
  0
LINE
  5
736
100
AcDbEntity
  8
ASSEM_MEM
100
AcDbLine
 62
7
  6
CONTINUOUS
 10
115.9708601281
 20
229.1680225078
 11
115.9708601281
 21
228.2680225078
  0
LINE
  5
737
100
AcDbEntity
  8
ASSEM_MEM
100
AcDbLine
 62
7
  6
CONTINUOUS
 10
116.5708601281
 20
228.2680225078
 11
116.5708601281
 21
229.5680225078
  0
LINE
  5
738
100
AcDbEntity
  8
ASSEM_MEM
100
AcDbLine
 62
7
  6
CONTINUOUS
 10
116.6208601281
 20
233.3180225078
 11
116.6208601281
 21
234.6180225078
  0
LINE
  5
739
100
AcDbEntity
  8
ASSEM_MEM
100
AcDbLine
 62
7
  6
CONTINUOUS
 10
117.4508601281
 20
235.3180225078
 11
117.4508601281
 21
234.6180225078
  0
LINE
  5
73A
100
AcDbEntity
  8
ASSEM_MEM
100
AcDbLine
 62
7
  6
CONTINUOUS
 10
119.1508601281
 20
234.3180225078
 11
119.1508601281
 21
230.7180225078
  0
LINE
  5
73B
100
AcDbEntity
  8
ASSEM_MEM
100
AcDbLine
 62
7
  6
CONTINUOUS
 10
124.7508601281
 20
230.7180225078
 11
124.7508601281
 21
234.3180225078
  0
LINE
  5
73C
100
AcDbEntity
  8
ASSEM_MEM
100
AcDbLine
 62
7
  6
CONTINUOUS
 10
56.2508601281
 20
195.2680225078
 11
59.2508601281
 21
195.2680225078
  0
LINE
  5
73D
100
AcDbEntity
  8
ASSEM_MEM
100
AcDbLine
 62
7
  6
CONTINUOUS
 10
125.7508601281
 20
232.6980225078
 11
125.7508601281
 21
229.0980225078
  0
LINE
  5
73E
100
AcDbEntity
  8
ASSEM_MEM
100
AcDbLine
 62
7
  6
CONTINUOUS
 10
126.5508601281
 20
229.0980225078
 11
126.5508601281
 21
232.6980225078
  0
LINE
  5
73F
100
AcDbEntity
  8
ASSEM_MEM
100
AcDbLine
 62
4
  6
CONTINUOUS
 10
74.5619407698
 20
146.3662026689
 11
74.9949534717
 21
146.6162026689
  0
LINE
  5
740
100
AcDbEntity
  8
ASSEM_MEM
100
AcDbLine
 62
4
  6
CONTINUOUS
 10
114.8392274921
 20
227.5059304896
 11
114.5892274921
 21
227.9389431915
  0
LINE
  5
741
100
AcDbEntity
  8
ASSEM_MEM
100
AcDbLine
 62
7
  6
CONTINUOUS
 10
135.3508601281
 20
233.6109157266
 11
135.3508601281
 21
233.0180225078
  0
LINE
  5
742
100
AcDbEntity
  8
ASSEM_MEM
100
AcDbLine
 62
7
  6
CONTINUOUS
 10
136.4508601281
 20
142.3180225078
 11
136.4508601281
 21
144.2180225078
  0
LINE
  5
743
100
AcDbEntity
  8
ASSEM_MEM
100
AcDbLine
 62
7
  6
CONTINUOUS
 10
137.9508601281
 20
233.0180225078
 11
137.9508601281
 21
233.6109157266
  0
LINE
  5
744
100
AcDbEntity
  8
ASSEM_MEM
100
AcDbLine
 62
4
  6
CONTINUOUS
 10
116.2913580564
 20
143.5740625612
 11
116.0413580564
 21
143.1410498593
  0
LINE
  5
745
100
AcDbEntity
  8
ASSEM_MEM
100
AcDbLine
 62
7
  6
CONTINUOUS
 10
172.3008601281
 20
209.7680225078
 11
168.5508601281
 21
209.7680225078
  0
LINE
  5
746
100
AcDbEntity
  8
ASSEM_MEM
100
AcDbLine
 62
7
  6
CONTINUOUS
 10
58.0508601281
 20
209.7680225078
 11
56.2508601281
 21
209.7680225078
  0
LINE
  5
747
100
AcDbEntity
  8
ASSEM_MEM
100
AcDbLine
 62
7
  6
CONTINUOUS
 10
142.2007611309
 20
209.3279400068
 11
142.2007611309
 21
209.0279400068
  0
LINE
  5
748
100
AcDbEntity
  8
ASSEM_MEM
100
AcDbLine
 62
7
  6
CONTINUOUS
 10
142.4508601281
 20
142.3180225078
 11
142.4508601281
 21
144.2180225078
  0
LINE
  5
749
100
AcDbEntity
  8
ASSEM_MEM
100
AcDbLine
 62
4
  6
CONTINUOUS
 10
122.4994169176
 20
150.8883355603
 11
122.2494169176
 21
150.4553228584
  0
LINE
  5
74A
100
AcDbEntity
  8
ASSEM_MEM
100
AcDbLine
 62
7
  6
CONTINUOUS
 10
145.9007611309
 20
209.0279400068
 11
145.9007611309
 21
209.3279400068
  0
LINE
  5
74B
100
AcDbEntity
  8
ASSEM_MEM
100
AcDbLine
 62
7
  6
CONTINUOUS
 10
56.2508601281
 20
219.7680225078
 11
59.4508601281
 21
219.7680225078
  0
LINE
  5
74C
100
AcDbEntity
  8
ASSEM_MEM
100
AcDbLine
 62
7
  6
CONTINUOUS
 10
167.1508601281
 20
219.7680225078
 11
170.4008601281
 21
219.7680225078
  0
LINE
  5
74D
100
AcDbEntity
  8
ASSEM_MEM
100
AcDbLine
 62
7
  6
CONTINUOUS
 10
172.3008601281
 20
221.2680225078
 11
171.8008601281
 21
221.2680225078
  0
LINE
  5
74E
100
AcDbEntity
  8
ASSEM_MEM
100
AcDbLine
 62
4
  6
CONTINUOUS
 10
153.1017284759
 20
145.0886813575
 11
153.1017284759
 21
144.5886813575
  0
LINE
  5
74F
100
AcDbEntity
  8
ASSEM_MEM
100
AcDbLine
 62
4
  6
CONTINUOUS
 10
114.3392274921
 20
227.5059304896
 11
114.8392274921
 21
227.5059304896
  0
LINE
  5
750
100
AcDbEntity
  8
ASSEM_MEM
100
AcDbLine
 62
7
  6
CONTINUOUS
 10
107.9308601281
 20
229.1680225078
 11
108.2808601281
 21
229.1680225078
  0
LINE
  5
751
100
AcDbEntity
  8
ASSEM_MEM
100
AcDbLine
 62
7
  6
CONTINUOUS
 10
115.6208601281
 20
229.1680225078
 11
115.9708601281
 21
229.1680225078
  0
LINE
  5
752
100
AcDbEntity
  8
ASSEM_MEM
100
AcDbLine
 62
7
  6
CONTINUOUS
 10
116.2708601281
 20
229.8680225078
 11
115.6208601281
 21
229.8680225078
  0
LINE
  5
753
100
AcDbEntity
  8
ASSEM_MEM
100
AcDbLine
 62
7
  6
CONTINUOUS
 10
108.2808601281
 20
229.8680225078
 11
107.6308601281
 21
229.8680225078
  0
LINE
  5
754
100
AcDbEntity
  8
ASSEM_MEM
100
AcDbLine
 62
7
  6
CONTINUOUS
 10
108.1758527338
 20
230.6030361155
 11
108.5258527338
 21
230.6030361155
  0
LINE
  5
755
100
AcDbEntity
  8
ASSEM_MEM
100
AcDbLine
 62
7
  6
CONTINUOUS
 10
108.5258527338
 20
231.1030361155
 11
108.1758527338
 21
231.1030361155
  0
LINE
  5
756
100
AcDbEntity
  8
ASSEM_MEM
100
AcDbLine
 62
7
  6
CONTINUOUS
 10
172.3008601281
 20
234.3180225078
 11
138.6579669093
 21
234.3180225078
  0
LINE
  5
757
100
AcDbEntity
  8
ASSEM_MEM
100
AcDbLine
 62
7
  6
CONTINUOUS
 10
134.6437533469
 20
234.3180225078
 11
124.7508601281
 21
234.3180225078
  0
LINE
  5
758
100
AcDbEntity
  8
ASSEM_MEM
100
AcDbLine
 62
7
  6
CONTINUOUS
 10
119.1508601281
 20
234.3180225078
 11
117.7508601281
 21
234.3180225078
  0
LINE
  5
759
100
AcDbEntity
  8
ASSEM_MEM
100
AcDbLine
 62
7
  6
CONTINUOUS
 10
106.1508601281
 20
234.3180225078
 11
56.2508601281
 21
234.3180225078
  0
LINE
  5
75A
100
AcDbEntity
  8
ASSEM_MEM
100
AcDbLine
 62
7
  6
CONTINUOUS
 10
160.4508601281
 20
142.3180225078
 11
160.4508601281
 21
148.7180225078
  0
LINE
  5
75B
100
AcDbEntity
  8
ASSEM_MEM
100
AcDbLine
 62
7
  6
CONTINUOUS
 10
106.7508601281
 20
235.6180225078
 11
117.1508601281
 21
235.6180225078
  0
LINE
  5
75C
100
AcDbEntity
  8
ASSEM_MEM
100
AcDbLine
 62
7
  6
CONTINUOUS
 10
135.2044135187
 20
233.9644691172
 11
134.9973067375
 21
234.1715758984
  0
LINE
  5
75D
100
AcDbEntity
  8
ASSEM_MEM
100
AcDbLine
 62
7
  6
CONTINUOUS
 10
166.1508601281
 20
218.7680225078
 11
166.1508601281
 21
212.1680225078
  0
LINE
  5
75E
100
AcDbEntity
  8
ASSEM_MEM
100
AcDbLine
 62
7
  6
CONTINUOUS
 10
171.1008601281
 20
220.5680225078
 11
171.1008601281
 21
220.4680225078
  0
LINE
  5
75F
100
AcDbEntity
  8
ASSEM_MEM
100
AcDbLine
 62
7
  6
CONTINUOUS
 10
173.3008601281
 20
150.7180225078
 11
173.3008601281
 21
208.7680225078
  0
LINE
  5
760
100
AcDbEntity
  8
ASSEM_MEM
100
AcDbLine
 62
7
  6
CONTINUOUS
 10
173.3008601281
 20
222.2680225078
 11
173.3008601281
 21
233.3180225078
  0
LINE
  5
761
100
AcDbEntity
  8
ASSEM_MEM
100
AcDbLine
 62
4
  6
CONTINUOUS
 10
153.1017284759
 20
144.5886813575
 11
153.5347411778
 21
144.8386813575
  0
LINE
  5
762
100
AcDbEntity
  8
ASSEM_MEM
100
AcDbLine
 62
7
  6
CONTINUOUS
 10
228.7159241861
 20
141.3180225078
 11
227.5159241861
 21
141.3180225078
  0
LINE
  5
763
100
AcDbEntity
  8
ASSEM_MEM
100
AcDbLine
 62
9
  6
CONTINUOUS
 10
228.7159241861
 20
142.3180225078
 11
227.5159241861
 21
142.3180225078
  0
LINE
  5
764
100
AcDbEntity
  8
ASSEM_MEM
100
AcDbLine
 62
9
  6
CONTINUOUS
 10
227.5159241861
 20
148.7180225078
 11
228.7159241861
 21
148.7180225078
  0
LINE
  5
765
100
AcDbEntity
  8
ASSEM_MEM
100
AcDbLine
 62
7
  6
CONTINUOUS
 10
227.5159241861
 20
149.7180225078
 11
228.7159241861
 21
149.7180225078
  0
LINE
  5
766
100
AcDbEntity
  8
ASSEM_MEM
100
AcDbLine
 62
9
  6
CONTINUOUS
 10
227.5159241861
 20
150.7180225078
 11
228.7159241861
 21
150.7180225078
  0
LINE
  5
767
100
AcDbEntity
  8
ASSEM_MEM
100
AcDbLine
 62
7
  6
CONTINUOUS
 10
227.5159241861
 20
141.3180225078
 11
227.5159241861
 21
235.6180225078
  0
LINE
  5
768
100
AcDbEntity
  8
ASSEM_MEM
100
AcDbLine
 62
7
  6
CONTINUOUS
 10
228.7159241861
 20
141.3180225078
 11
228.7159241861
 21
235.6180225078
  0
LINE
  5
769
100
AcDbEntity
  8
ASSEM_MEM
100
AcDbLine
 62
9
  6
CONTINUOUS
 10
227.5159241861
 20
208.7680225078
 11
228.7159241861
 21
208.7680225078
  0
LINE
  5
76A
100
AcDbEntity
  8
ASSEM_MEM
100
AcDbLine
 62
7
  6
CONTINUOUS
 10
227.5159241861
 20
209.7680225078
 11
228.7159241861
 21
209.7680225078
  0
LINE
  5
76B
100
AcDbEntity
  8
ASSEM_MEM
100
AcDbLine
 62
9
  6
CONTINUOUS
 10
228.7159241861
 20
212.1680225078
 11
227.5159241861
 21
212.1680225078
  0
LINE
  5
76C
100
AcDbEntity
  8
ASSEM_MEM
100
AcDbLine
 62
9
  6
CONTINUOUS
 10
227.5159241861
 20
218.7680225078
 11
228.7159241861
 21
218.7680225078
  0
LINE
  5
76D
100
AcDbEntity
  8
ASSEM_MEM
100
AcDbLine
 62
7
  6
CONTINUOUS
 10
228.7159241861
 20
219.7680225078
 11
227.5159241861
 21
219.7680225078
  0
LINE
  5
76E
100
AcDbEntity
  8
ASSEM_MEM
100
AcDbLine
 62
9
  6
CONTINUOUS
 10
228.7159241861
 20
220.4680225078
 11
227.5159241861
 21
220.4680225078
  0
LINE
  5
76F
100
AcDbEntity
  8
ASSEM_MEM
100
AcDbLine
 62
9
  6
CONTINUOUS
 10
227.5159241861
 20
220.5680225078
 11
228.7159241861
 21
220.5680225078
  0
LINE
  5
770
100
AcDbEntity
  8
ASSEM_MEM
100
AcDbLine
 62
7
  6
CONTINUOUS
 10
227.5159241861
 20
221.2680225078
 11
228.7159241861
 21
221.2680225078
  0
LINE
  5
771
100
AcDbEntity
  8
ASSEM_MEM
100
AcDbLine
 62
9
  6
CONTINUOUS
 10
227.5159241861
 20
222.2680225078
 11
228.7159241861
 21
222.2680225078
  0
LINE
  5
772
100
AcDbEntity
  8
ASSEM_MEM
100
AcDbLine
 62
9
  6
CONTINUOUS
 10
227.5159241861
 20
233.3180225078
 11
228.7159241861
 21
233.3180225078
  0
LINE
  5
773
100
AcDbEntity
  8
ASSEM_MEM
100
AcDbLine
 62
7
  6
CONTINUOUS
 10
227.5159241861
 20
234.3180225078
 11
228.7159241861
 21
234.3180225078
  0
LINE
  5
774
100
AcDbEntity
  8
ASSEM_MEM
100
AcDbLine
 62
9
  6
CONTINUOUS
 10
227.5159241861
 20
234.6180225078
 11
228.7159241861
 21
234.6180225078
  0
LINE
  5
775
100
AcDbEntity
  8
ASSEM_MEM
100
AcDbLine
 62
9
  6
CONTINUOUS
 10
227.5159241861
 20
235.3180225078
 11
228.7159241861
 21
235.3180225078
  0
LINE
  5
776
100
AcDbEntity
  8
ASSEM_MEM
100
AcDbLine
 62
7
  6
CONTINUOUS
 10
227.5159241861
 20
235.6180225078
 11
228.7159241861
 21
235.6180225078
  0
LINE
  5
777
100
AcDbEntity
  8
ASSEM_MEM
100
AcDbLine
 62
7
  6
CONTINUOUS
 10
262.0590151837
 20
208.7680225078
 11
262.0590151837
 21
150.7180225078
  0
LINE
  5
778
100
AcDbEntity
  8
ASSEM_MEM
100
AcDbLine
 62
7
  6
CONTINUOUS
 10
262.0590151837
 20
222.2680225078
 11
262.0590151837
 21
233.3180225078
  0
LINE
  5
779
100
AcDbEntity
  8
ASSEM_MEM
100
AcDbLine
 62
7
  6
CONTINUOUS
 10
264.2590151837
 20
220.5680225078
 11
264.2590151837
 21
220.4680225078
  0
LINE
  5
77A
100
AcDbEntity
  8
ASSEM_MEM
100
AcDbLine
 62
7
  6
CONTINUOUS
 10
269.2090151837
 20
218.7680225078
 11
269.2090151837
 21
212.1680225078
  0
LINE
  5
77B
100
AcDbEntity
  8
ASSEM_MEM
100
AcDbLine
 62
7
  6
CONTINUOUS
 10
274.9090151837
 20
142.3180225078
 11
274.9090151837
 21
148.7180225078
  0
LINE
  5
77C
100
AcDbEntity
  8
ASSEM_MEM
100
AcDbLine
 62
7
  6
CONTINUOUS
 10
300.3625685743
 20
234.1715758984
 11
300.1554617931
 21
233.9644691172
  0
LINE
  5
77D
100
AcDbEntity
  8
ASSEM_MEM
100
AcDbLine
 62
7
  6
CONTINUOUS
 10
275.9090151837
 20
141.3180225078
 11
291.9090151837
 21
141.3180225078
  0
LINE
  5
77E
100
AcDbEntity
  8
ASSEM_MEM
100
AcDbLine
 62
7
  6
CONTINUOUS
 10
299.9090151837
 20
141.3180225078
 11
332.9090151837
 21
141.3180225078
  0
LINE
  5
77F
100
AcDbEntity
  8
ASSEM_MEM
100
AcDbLine
 62
7
  6
CONTINUOUS
 10
340.9090151837
 20
141.3180225078
 11
366.1090151837
 21
141.3180225078
  0
LINE
  5
780
100
AcDbEntity
  8
ASSEM_MEM
100
AcDbLine
 62
7
  6
CONTINUOUS
 10
352.0590151837
 20
142.2180225078
 11
351.8590151837
 21
142.2180225078
  0
LINE
  5
781
100
AcDbEntity
  8
ASSEM_MEM
100
AcDbLine
 62
7
  6
CONTINUOUS
 10
351.8590151837
 20
144.6180225078
 11
352.0590151837
 21
144.6180225078
  0
LINE
  5
782
100
AcDbEntity
  8
ASSEM_MEM
100
AcDbLine
 62
7
  6
CONTINUOUS
 10
273.9090151837
 20
149.7180225078
 11
263.0590151837
 21
149.7180225078
  0
LINE
  5
783
100
AcDbEntity
  8
ASSEM_MEM
100
AcDbLine
 62
7
  6
CONTINUOUS
 10
379.1090151837
 20
150.3180225078
 11
368.1090151837
 21
150.3180225078
  0
LINE
  5
784
100
AcDbEntity
  8
ASSEM_MEM
100
AcDbLine
 62
7
  6
CONTINUOUS
 10
289.4591141809
 20
209.3279400068
 11
289.4591141809
 21
209.0279400068
  0
LINE
  5
785
100
AcDbEntity
  8
ASSEM_MEM
100
AcDbLine
 62
7
  6
CONTINUOUS
 10
292.9090151837
 20
142.3180225078
 11
292.9090151837
 21
144.2180225078
  0
LINE
  5
786
100
AcDbEntity
  8
ASSEM_MEM
100
AcDbLine
 62
7
  6
CONTINUOUS
 10
293.1591141809
 20
209.0279400068
 11
293.1591141809
 21
209.3279400068
  0
LINE
  5
787
100
AcDbEntity
  8
ASSEM_MEM
100
AcDbLine
 62
7
  6
CONTINUOUS
 10
342.1591141809
 20
159.3279400068
 11
342.4591141809
 21
159.3279400068
  0
LINE
  5
788
100
AcDbEntity
  8
ASSEM_MEM
100
AcDbLine
 62
7
  6
CONTINUOUS
 10
342.4591141809
 20
163.0279400068
 11
342.1591141809
 21
163.0279400068
  0
LINE
  5
789
100
AcDbEntity
  8
ASSEM_MEM
100
AcDbLine
 62
7
  6
CONTINUOUS
 10
297.4090151837
 20
233.6109157266
 11
297.4090151837
 21
233.0180225078
  0
LINE
  5
78A
100
AcDbEntity
  8
ASSEM_MEM
100
AcDbLine
 62
7
  6
CONTINUOUS
 10
298.9090151837
 20
142.3180225078
 11
298.9090151837
 21
144.2180225078
  0
LINE
  5
78B
100
AcDbEntity
  8
ASSEM_MEM
100
AcDbLine
 62
7
  6
CONTINUOUS
 10
300.0090151837
 20
233.0180225078
 11
300.0090151837
 21
233.6109157266
  0
LINE
  5
78C
100
AcDbEntity
  8
ASSEM_MEM
100
AcDbLine
 62
7
  6
CONTINUOUS
 10
376.1090151837
 20
169.8180225078
 11
379.1090151837
 21
169.8180225078
  0
LINE
  5
78D
100
AcDbEntity
  8
ASSEM_MEM
100
AcDbLine
 62
7
  6
CONTINUOUS
 10
308.8090151837
 20
229.0980225078
 11
308.8090151837
 21
232.6980225078
  0
LINE
  5
78E
100
AcDbEntity
  8
ASSEM_MEM
100
AcDbLine
 62
7
  6
CONTINUOUS
 10
309.6090151837
 20
232.6980225078
 11
309.6090151837
 21
229.0980225078
  0
LINE
  5
78F
100
AcDbEntity
  8
ASSEM_MEM
100
AcDbLine
 62
7
  6
CONTINUOUS
 10
310.6090151837
 20
230.7180225078
 11
310.6090151837
 21
234.3180225078
  0
LINE
  5
790
100
AcDbEntity
  8
ASSEM_MEM
100
AcDbLine
 62
7
  6
CONTINUOUS
 10
316.2090151837
 20
234.3180225078
 11
316.2090151837
 21
230.7180225078
  0
LINE
  5
791
100
AcDbEntity
  8
ASSEM_MEM
100
AcDbLine
 62
7
  6
CONTINUOUS
 10
317.9090151837
 20
235.3180225078
 11
317.9090151837
 21
234.6180225078
  0
LINE
  5
792
100
AcDbEntity
  8
ASSEM_MEM
100
AcDbLine
 62
7
  6
CONTINUOUS
 10
318.7390151837
 20
233.3180225078
 11
318.7390151837
 21
234.6180225078
  0
LINE
  5
793
100
AcDbEntity
  8
ASSEM_MEM
100
AcDbLine
 62
7
  6
CONTINUOUS
 10
318.7890151837
 20
228.2680225078
 11
318.7890151837
 21
229.5680225078
  0
LINE
  5
794
100
AcDbEntity
  8
ASSEM_MEM
100
AcDbLine
 62
7
  6
CONTINUOUS
 10
319.3890151837
 20
229.1680225078
 11
319.3890151837
 21
228.2680225078
  0
LINE
  5
795
100
AcDbEntity
  8
ASSEM_MEM
100
AcDbLine
 62
7
  6
CONTINUOUS
 10
319.4390151837
 20
234.6180225078
 11
319.4390151837
 21
233.3180225078
  0
LINE
  5
796
100
AcDbEntity
  8
ASSEM_MEM
100
AcDbLine
 62
7
  6
CONTINUOUS
 10
320.0390151837
 20
229.5680225078
 11
320.0390151837
 21
229.4680225078
  0
LINE
  5
797
100
AcDbEntity
  8
ASSEM_MEM
100
AcDbLine
 62
7
  6
CONTINUOUS
 10
326.7790151837
 20
229.4680225078
 11
326.7790151837
 21
229.5680225078
  0
LINE
  5
798
100
AcDbEntity
  8
ASSEM_MEM
100
AcDbLine
 62
7
  6
CONTINUOUS
 10
327.3790151837
 20
233.3180225078
 11
327.3790151837
 21
234.6180225078
  0
LINE
  5
799
100
AcDbEntity
  8
ASSEM_MEM
100
AcDbLine
 62
7
  6
CONTINUOUS
 10
327.4290151837
 20
228.2680225078
 11
327.4290151837
 21
229.1680225078
  0
LINE
  5
79A
100
AcDbEntity
  8
ASSEM_MEM
100
AcDbLine
 62
7
  6
CONTINUOUS
 10
328.0290151837
 20
229.5680225078
 11
328.0290151837
 21
228.2680225078
  0
LINE
  5
79B
100
AcDbEntity
  8
ASSEM_MEM
100
AcDbLine
 62
7
  6
CONTINUOUS
 10
328.0790151837
 20
234.6180225078
 11
328.0790151837
 21
233.3180225078
  0
LINE
  5
79C
100
AcDbEntity
  8
ASSEM_MEM
100
AcDbLine
 62
7
  6
CONTINUOUS
 10
328.9090151837
 20
235.3180225078
 11
328.9090151837
 21
234.6180225078
  0
LINE
  5
79D
100
AcDbEntity
  8
ASSEM_MEM
100
AcDbLine
 62
7
  6
CONTINUOUS
 10
379.1090151837
 20
195.2680225078
 11
376.1090151837
 21
195.2680225078
  0
LINE
  5
79E
100
AcDbEntity
  8
ASSEM_MEM
100
AcDbLine
 62
7
  6
CONTINUOUS
 10
333.9090151837
 20
142.3180225078
 11
333.9090151837
 21
144.2180225078
  0
LINE
  5
79F
100
AcDbEntity
  8
ASSEM_MEM
100
AcDbLine
 62
7
  6
CONTINUOUS
 10
297.2625685743
 20
233.9644691172
 11
297.0554617931
 21
234.1715758984
  0
LINE
  5
7A0
100
AcDbEntity
  8
ASSEM_MEM
100
AcDbLine
 62
7
  6
CONTINUOUS
 10
339.9090151837
 20
142.3180225078
 11
339.9090151837
 21
144.2180225078
  0
LINE
  5
7A1
100
AcDbEntity
  8
ASSEM_MEM
100
AcDbLine
 62
7
  6
CONTINUOUS
 10
266.8090151837
 20
209.7680225078
 11
263.0590151837
 21
209.7680225078
  0
LINE
  5
7A2
100
AcDbEntity
  8
ASSEM_MEM
100
AcDbLine
 62
7
  6
CONTINUOUS
 10
377.3090151837
 20
209.7680225078
 11
379.1090151837
 21
209.7680225078
  0
LINE
  5
7A3
100
AcDbEntity
  8
ASSEM_MEM
100
AcDbLine
 62
7
  6
CONTINUOUS
 10
379.1090151837
 20
219.7680225078
 11
375.9090151837
 21
219.7680225078
  0
LINE
  5
7A4
100
AcDbEntity
  8
ASSEM_MEM
100
AcDbLine
 62
7
  6
CONTINUOUS
 10
268.2090151837
 20
219.7680225078
 11
264.9590151837
 21
219.7680225078
  0
LINE
  5
7A5
100
AcDbEntity
  8
ASSEM_MEM
100
AcDbLine
 62
7
  6
CONTINUOUS
 10
263.0590151837
 20
221.2680225078
 11
263.5590151837
 21
221.2680225078
  0
LINE
  5
7A6
100
AcDbEntity
  8
ASSEM_MEM
100
AcDbLine
 62
7
  6
CONTINUOUS
 10
327.4290151837
 20
229.1680225078
 11
327.0790151837
 21
229.1680225078
  0
LINE
  5
7A7
100
AcDbEntity
  8
ASSEM_MEM
100
AcDbLine
 62
7
  6
CONTINUOUS
 10
319.7390151837
 20
229.1680225078
 11
319.3890151837
 21
229.1680225078
  0
LINE
  5
7A8
100
AcDbEntity
  8
ASSEM_MEM
100
AcDbLine
 62
7
  6
CONTINUOUS
 10
319.0890151837
 20
229.8680225078
 11
319.7390151837
 21
229.8680225078
  0
LINE
  5
7A9
100
AcDbEntity
  8
ASSEM_MEM
100
AcDbLine
 62
7
  6
CONTINUOUS
 10
327.0790151837
 20
229.8680225078
 11
327.7290151837
 21
229.8680225078
  0
LINE
  5
7AA
100
AcDbEntity
  8
ASSEM_MEM
100
AcDbLine
 62
7
  6
CONTINUOUS
 10
327.1840225781
 20
230.6030361155
 11
326.8340225781
 21
230.6030361155
  0
LINE
  5
7AB
100
AcDbEntity
  8
ASSEM_MEM
100
AcDbLine
 62
7
  6
CONTINUOUS
 10
326.8340225781
 20
231.1030361155
 11
327.1840225781
 21
231.1030361155
  0
LINE
  5
7AC
100
AcDbEntity
  8
ASSEM_MEM
100
AcDbLine
 62
7
  6
CONTINUOUS
 10
263.0590151837
 20
234.3180225078
 11
296.7019084026
 21
234.3180225078
  0
LINE
  5
7AD
100
AcDbEntity
  8
ASSEM_MEM
100
AcDbLine
 62
7
  6
CONTINUOUS
 10
300.7161219649
 20
234.3180225078
 11
310.6090151837
 21
234.3180225078
  0
LINE
  5
7AE
100
AcDbEntity
  8
ASSEM_MEM
100
AcDbLine
 62
7
  6
CONTINUOUS
 10
316.2090151837
 20
234.3180225078
 11
317.6090151837
 21
234.3180225078
  0
LINE
  5
7AF
100
AcDbEntity
  8
ASSEM_MEM
100
AcDbLine
 62
7
  6
CONTINUOUS
 10
329.2090151837
 20
234.3180225078
 11
379.1090151837
 21
234.3180225078
  0
LINE
  5
7B0
100
AcDbEntity
  8
ASSEM_MEM
100
AcDbLine
 62
7
  6
CONTINUOUS
 10
367.1090151837
 20
142.3180225078
 11
367.1090151837
 21
149.3180225078
  0
LINE
  5
7B1
100
AcDbEntity
  8
ASSEM_MEM
100
AcDbLine
 62
7
  6
CONTINUOUS
 10
328.6090151837
 20
235.6180225078
 11
318.2090151837
 21
235.6180225078
  0
LINE
  5
7B2
100
AcDbEntity
  8
ASSEM_MEM
100
AcDbLine
 62
7
  6
CONTINUOUS
 10
374.9090151837
 20
218.7680225078
 11
374.9090151837
 21
212.1680225078
  0
LINE
  5
7B3
100
AcDbEntity
  8
ASSEM_MEM
100
AcDbLine
 62
7
  6
CONTINUOUS
 10
375.1090151837
 20
194.2680225078
 11
375.1090151837
 21
170.8180225078
  0
LINE
  5
7B4
100
AcDbEntity
  8
ASSEM_MEM
100
AcDbLine
 62
7
  6
CONTINUOUS
 10
380.1090151837
 20
233.3180225078
 11
380.1090151837
 21
220.7680225078
  0
LINE
  5
7B5
100
AcDbEntity
  8
ASSEM_MEM
100
AcDbLine
 62
7
  6
CONTINUOUS
 10
380.1090151837
 20
208.7680225078
 11
380.1090151837
 21
196.2680225078
  0
LINE
  5
7B6
100
AcDbEntity
  8
ASSEM_MEM
100
AcDbLine
 62
7
  6
CONTINUOUS
 10
380.1090151837
 20
168.8180225078
 11
380.1090151837
 21
151.3180225078
  0
LINE
  5
7B7
100
AcDbEntity
  8
0
100
AcDbLine
 62
7
  6
CONTINUOUS
 10
104.5523417826
 20
78.6443950626
 11
104.7890080842
 21
66.4247476963
  0
LINE
  5
7B8
100
AcDbEntity
  8
0
100
AcDbLine
 62
7
  6
CONTINUOUS
 10
107.8829373518
 20
89.3739170992
 11
104.5523417826
 21
78.6443950626
  0
LINE
  5
7B9
100
AcDbEntity
  8
0
100
AcDbLine
 62
7
  6
CONTINUOUS
 10
104.7890080842
 20
66.4247476963
 11
105.3394732667
 21
64.8081867068
  0
LINE
  5
7BA
100
AcDbEntity
  8
ASSEM_MEM
100
AcDbLine
 62
7
  6
CONTINUOUS
 10
114.6756747595
 20
50.1156427653
 11
114.6756747595
 21
55.8156427653
  0
LINE
  5
7BB
100
AcDbEntity
  8
0
100
AcDbLine
 62
7
  6
CONTINUOUS
 10
121.8251611517
 20
100.0894160504
 11
107.8829373518
 21
89.3739170992
  0
LINE
  5
7BC
100
AcDbEntity
  8
ASSEM_MEM
100
AcDbLine
 62
7
  6
CONTINUOUS
 10
117.6756747595
 20
47.1156427653
 11
215.2018949429
 21
47.1156427653
  0
LINE
  5
7BD
100
AcDbEntity
  8
0
100
AcDbLine
 62
7
  6
CONTINUOUS
 10
168.2171011173
 20
96.8438611845
 11
143.1528642481
 21
101.599962139
  0
LINE
  5
7BE
100
AcDbEntity
  8
0
100
AcDbLine
 62
7
  6
CONTINUOUS
 10
194.6229695316
 20
87.5673829679
 11
168.2171011173
 21
96.8438611845
  0
LINE
  5
7BF
100
AcDbEntity
  8
0
100
AcDbLine
 62
7
  6
CONTINUOUS
 10
143.1528642481
 20
101.599962139
 11
121.8251611517
 21
100.0894160504
  0
LINE
  5
7C0
100
AcDbEntity
  8
0
100
AcDbLine
 62
7
  6
CONTINUOUS
 10
214.2739916336
 20
74.5763527179
 11
194.6229695316
 21
87.5673829679
  0
LINE
  5
7C1
100
AcDbEntity
  8
0
100
AcDbLine
 62
7
  6
CONTINUOUS
 10
220.1038174881
 20
58.5431154227
 11
214.2739916336
 21
74.5763527179
  0
LINE
  5
7C2
100
AcDbEntity
  8
0
100
AcDbLine
 62
7
  6
CONTINUOUS
 10
216.8101263661
 20
49.1008105411
 11
219.6943718625
 21
56.3924110102
  0
LINE
  5
7C3
100
AcDbEntity
  8
0
100
AcDbLine
 62
7
  6
CONTINUOUS
 10
215.2018949429
 20
47.1156427653
 11
216.8101263661
 21
49.1008105411
  0
CIRCLE
  5
7C4
100
AcDbEntity
  8
0
100
AcDbCircle
 62
7
  6
CONTINUOUS
 10
330.0036290022
 20
28.0469978559
 40
3.7814226897
  0
ARC
  5
7C5
100
AcDbEntity
  8
0
100
AcDbCircle
 62
7
  6
CONTINUOUS
 10
338.4765277357
 20
54.6518939131
 40
3.2223704403
100
AcDbArc
 50
171.0982091237
 51
180.0254033426
  0
ARC
  5
7C6
100
AcDbEntity
  8
0
100
AcDbCircle
 62
7
  6
CONTINUOUS
 10
338.461228989
 20
54.650111365
 40
3.2223057305
100
AcDbArc
 50
0.0062916147
 51
8.9340544095
  0
ARC
  5
7C7
100
AcDbEntity
  8
0
100
AcDbCircle
 62
7
  6
CONTINUOUS
 10
338.4702145656
 20
54.6488262193
 40
3.2160573711
100
AcDbArc
 50
179.9708006042
 51
188.9105528707
  0
ARC
  5
7C8
100
AcDbEntity
  8
0
100
AcDbCircle
 62
7
  6
CONTINUOUS
 10
338.4675605821
 20
54.6506047806
 40
3.215974121
100
AcDbArc
 50
351.0571392314
 51
359.9975133114
  0
ARC
  5
7C9
100
AcDbEntity
  8
0
100
AcDbCircle
 62
7
  6
CONTINUOUS
 10
338.4712110761
 20
54.658898402
 40
3.2065252466
100
AcDbArc
 50
50.9823797456
 51
68.9200562911
  0
ARC
  5
7CA
100
AcDbEntity
  8
0
100
AcDbCircle
 62
7
  6
CONTINUOUS
 10
338.4712138843
 20
54.6420313835
 40
3.2065230503
100
AcDbArc
 50
291.0799050596
 51
309.0175874707
  0
ARC
  5
7CB
100
AcDbEntity
  8
0
100
AcDbCircle
 62
7
  6
CONTINUOUS
 10
338.4637840305
 20
54.6642081518
 40
3.2007019704
100
AcDbArc
 50
111.0737797655
 51
129.039945428
  0
ARC
  5
7CC
100
AcDbEntity
  8
0
100
AcDbCircle
 62
7
  6
CONTINUOUS
 10
338.4637812287
 20
54.6367216385
 40
3.2006997812
100
AcDbArc
 50
230.9600873669
 51
248.9262588842
  0
CIRCLE
  5
7CD
100
AcDbEntity
  8
0
100
AcDbCircle
 62
7
  6
CONTINUOUS
 10
330.0036290022
 20
28.0469978559
 40
2.0610816006
  0
ARC
  5
7CE
100
AcDbEntity
  8
0
100
AcDbCircle
 62
7
  6
CONTINUOUS
 10
338.4690404722
 20
54.6506594485
 40
1.9315386698
100
AcDbArc
 50
180.0057619167
 51
269.9942359473
  0
ARC
  5
7CF
100
AcDbEntity
  8
0
100
AcDbCircle
 62
7
  6
CONTINUOUS
 10
338.4690404568
 20
54.6502709037
 40
1.9315386545
100
AcDbArc
 50
90.005763597
 51
179.994236403
  0
ARC
  5
7D0
100
AcDbEntity
  8
0
100
AcDbCircle
 62
7
  6
CONTINUOUS
 10
338.4686106278
 20
54.6504191989
 40
1.9312984248
100
AcDbArc
 50
270.0069874117
 51
0.0013648445
  0
ARC
  5
7D1
100
AcDbEntity
  8
0
100
AcDbCircle
 62
7
  6
CONTINUOUS
 10
338.4686106432
 20
54.6505111533
 40
1.9312984095
100
AcDbArc
 50
359.9986368356
 51
89.9930130441
  0
ARC
  5
7D2
100
AcDbEntity
  8
0
100
AcDbCircle
 62
7
  6
CONTINUOUS
 10
335.5889974276
 20
52.9879140367
 40
0.7201296772
100
AcDbArc
 50
0.0065387918
 51
59.9940500414
  0
ARC
  5
7D3
100
AcDbEntity
  8
0
100
AcDbCircle
 62
7
  6
CONTINUOUS
 10
341.3484140006
 20
52.9879140437
 40
0.7201295932
100
AcDbArc
 50
120.0059394845
 51
179.9934617583
  0
ARC
  5
7D4
100
AcDbEntity
  8
0
100
AcDbCircle
 62
7
  6
CONTINUOUS
 10
338.4687057921
 20
51.3255731394
 40
0.719883807
100
AcDbArc
 50
60.0075537225
 51
119.9924462775
  0
ARC
  5
7D5
100
AcDbEntity
  8
0
100
AcDbCircle
 62
7
  6
CONTINUOUS
 10
335.5897913348
 20
56.3128386259
 40
0.7193357716
100
AcDbArc
 50
299.969451958
 51
0.0076059118
  0
ARC
  5
7D6
100
AcDbEntity
  8
0
100
AcDbCircle
 62
7
  6
CONTINUOUS
 10
341.3476200936
 20
56.312838619
 40
0.7193356879
100
AcDbArc
 50
179.9923935393
 51
240.030558517
  0
ARC
  5
7D7
100
AcDbEntity
  8
0
100
AcDbCircle
 62
7
  6
CONTINUOUS
 10
338.4687057921
 20
57.9740692027
 40
0.7185248923
100
AcDbArc
 50
239.9449907891
 51
300.0550092109
  0
ARC
  5
7D8
100
AcDbEntity
  8
0
100
AcDbCircle
 62
7
  6
CONTINUOUS
 10
340.2572404608
 20
52.4397459021
 40
0.3710442478
100
AcDbArc
 50
308.8338604789
 51
359.9275741369
  0
ARC
  5
7D9
100
AcDbEntity
  8
0
100
AcDbCircle
 62
7
  6
CONTINUOUS
 10
341.2782068025
 20
55.0942458505
 40
0.3705334261
100
AcDbArc
 50
8.7366934844
 51
59.9276556865
  0
ARC
  5
7DA
100
AcDbEntity
  8
0
100
AcDbCircle
 62
7
  6
CONTINUOUS
 10
336.679564711
 20
52.4396808824
 40
0.3704378312
100
AcDbArc
 50
180.0624877991
 51
231.2667276562
  0
ARC
  5
7DB
100
AcDbEntity
  8
ASSEM_MEM
100
AcDbCircle
 62
7
  6
CONTINUOUS
 10
98.4508601281
 20
144.2180225078
 40
3.0
100
AcDbArc
 50
0.0
 51
180.0
  0
ARC
  5
7DC
100
AcDbEntity
  8
0
100
AcDbCircle
 62
2
  6
CONTINUOUS
 10
98.4508601281
 20
144.2180225078
 40
3.0
100
AcDbArc
 50
180.0
 51
247.1957058876
  0
ARC
  5
7DD
100
AcDbEntity
  8
ASSEM_MEM
100
AcDbCircle
 62
7
  6
CONTINUOUS
 10
92.9007611309
 20
161.1779400068
 40
1.85
100
AcDbArc
 50
90.0
 51
270.0
  0
ARC
  5
7DE
100
AcDbEntity
  8
ASSEM_MEM
100
AcDbCircle
 62
7
  6
CONTINUOUS
 10
93.2007611309
 20
161.1779400068
 40
1.85
100
AcDbArc
 50
270.0
 51
90.0
  0
CIRCLE
  5
7DF
100
AcDbEntity
  8
ASSEM_MEM
100
AcDbCircle
 62
7
  6
CONTINUOUS
 10
110.9508601281
 20
147.0680225078
 40
1.35
  0
CIRCLE
  5
7E0
100
AcDbEntity
  8
ASSEM_MEM
100
AcDbCircle
 62
7
  6
CONTINUOUS
 10
78.4508601281
 20
144.2180225078
 40
1.25
  0
ARC
  5
7E1
100
AcDbEntity
  8
0
100
AcDbCircle
 62
2
  6
CONTINUOUS
 10
78.4508601281
 20
144.2180225078
 40
1.25
100
AcDbArc
 50
281.3271356045
 51
323.1301023542
  0
ARC
  5
7E2
100
AcDbEntity
  8
ASSEM_MEM
100
AcDbCircle
 62
7
  6
CONTINUOUS
 10
83.3008601281
 20
143.4180225078
 40
1.2
100
AcDbArc
 50
90.0
 51
270.0
  0
ARC
  5
7E3
100
AcDbEntity
  8
ASSEM_MEM
100
AcDbCircle
 62
7
  6
CONTINUOUS
 10
83.5008601281
 20
143.4180225078
 40
1.2
100
AcDbArc
 50
270.0
 51
90.0
  0
ARC
  5
7E4
100
AcDbEntity
  8
ASSEM_MEM
100
AcDbCircle
 62
7
  6
CONTINUOUS
 10
102.4508601281
 20
142.3180225078
 40
1.0
100
AcDbArc
 50
180.0
 51
270.0
  0
ARC
  5
7E5
100
AcDbEntity
  8
ASSEM_MEM
100
AcDbCircle
 62
7
  6
CONTINUOUS
 10
94.4508601281
 20
142.3180225078
 40
1.0
100
AcDbArc
 50
270.0
 51
360.0
  0
ARC
  5
7E6
100
AcDbEntity
  8
ASSEM_MEM
100
AcDbCircle
 62
7
  6
CONTINUOUS
 10
69.2508601281
 20
142.3180225078
 40
1.0
100
AcDbArc
 50
180.0
 51
270.0
  0
ARC
  5
7E7
100
AcDbEntity
  8
ASSEM_MEM
100
AcDbCircle
 62
7
  6
CONTINUOUS
 10
56.2508601281
 20
151.3180225078
 40
1.0
100
AcDbArc
 50
180.0
 51
270.0
  0
ARC
  5
7E8
100
AcDbEntity
  8
ASSEM_MEM
100
AcDbCircle
 62
7
  6
CONTINUOUS
 10
56.2508601281
 20
168.8180225078
 40
1.0
100
AcDbArc
 50
90.0
 51
180.0
  0
ARC
  5
7E9
100
AcDbEntity
  8
ASSEM_MEM
100
AcDbCircle
 62
7
  6
CONTINUOUS
 10
59.2508601281
 20
170.8180225078
 40
1.0
100
AcDbArc
 50
270.0
 51
360.0
  0
ARC
  5
7EA
100
AcDbEntity
  8
ASSEM_MEM
100
AcDbCircle
 62
7
  6
CONTINUOUS
 10
67.2508601281
 20
149.3180225078
 40
1.0
100
AcDbArc
 50
0.0
 51
90.0
  0
CIRCLE
  5
7EB
100
AcDbEntity
  8
ASSEM_MEM
100
AcDbCircle
 62
7
  6
CONTINUOUS
 10
104.6108601281
 20
142.7280225078
 40
0.75
  0
CIRCLE
  5
7EC
100
AcDbEntity
  8
ASSEM_MEM
100
AcDbCircle
 62
7
  6
CONTINUOUS
 10
110.9508601281
 20
151.2680225078
 40
0.7
  0
CIRCLE
  5
7ED
100
AcDbEntity
  8
ASSEM_MEM
100
AcDbCircle
 62
7
  6
CONTINUOUS
 10
111.9508601281
 20
161.3180225078
 40
0.15
  0
CIRCLE
  5
7EE
100
AcDbEntity
  8
ASSEM_MEM
100
AcDbCircle
 62
4
  6
CONTINUOUS
 10
61.2508601281
 20
150.1180225078
 40
0.05
  0
ARC
  5
7EF
100
AcDbEntity
  8
ASSEM_MEM
100
AcDbCircle
 62
7
  6
CONTINUOUS
 10
58.0508601281
 20
212.1680225078
 40
2.4
100
AcDbArc
 50
270.0
 51
360.0
  0
CIRCLE
  5
7F0
100
AcDbEntity
  8
ASSEM_MEM
100
AcDbCircle
 62
7
  6
CONTINUOUS
 10
93.0507611309
 20
209.1779400068
 40
1.85
  0
ARC
  5
7F1
100
AcDbEntity
  8
0
100
AcDbCircle
 62
2
  6
CONTINUOUS
 10
93.0507611309
 20
209.1779400068
 40
1.85
100
AcDbArc
 50
96.5410361272
 51
180.0
  0
CIRCLE
  5
7F2
100
AcDbEntity
  8
ASSEM_MEM
100
AcDbCircle
 62
7
  6
CONTINUOUS
 10
101.9508601281
 20
230.7180225078
 40
1.35
  0
ARC
  5
7F3
100
AcDbEntity
  8
0
100
AcDbCircle
 62
2
  6
CONTINUOUS
 10
101.9508601281
 20
230.7180225078
 40
1.35
100
AcDbArc
 50
63.5619180784
 51
180.0
  0
ARC
  5
7F4
100
AcDbEntity
  8
ASSEM_MEM
100
AcDbCircle
 62
7
  6
CONTINUOUS
 10
56.2508601281
 20
196.2680225078
 40
1.0
100
AcDbArc
 50
180.0
 51
270.0
  0
ARC
  5
7F5
100
AcDbEntity
  8
ASSEM_MEM
100
AcDbCircle
 62
7
  6
CONTINUOUS
 10
56.2508601281
 20
208.7680225078
 40
1.0
100
AcDbArc
 50
90.0
 51
180.0
  0
ARC
  5
7F6
100
AcDbEntity
  8
ASSEM_MEM
100
AcDbCircle
 62
7
  6
CONTINUOUS
 10
56.2508601281
 20
220.7680225078
 40
1.0
100
AcDbArc
 50
180.0
 51
270.0
  0
ARC
  5
7F7
100
AcDbEntity
  8
ASSEM_MEM
100
AcDbCircle
 62
7
  6
CONTINUOUS
 10
56.2508601281
 20
233.3180225078
 40
1.0
100
AcDbArc
 50
90.0
 51
180.0
  0
ARC
  5
7F8
100
AcDbEntity
  8
ASSEM_MEM
100
AcDbCircle
 62
7
  6
CONTINUOUS
 10
59.2508601281
 20
194.2680225078
 40
1.0
100
AcDbArc
 50
0.0
 51
90.0
  0
ARC
  5
7F9
100
AcDbEntity
  8
ASSEM_MEM
100
AcDbCircle
 62
7
  6
CONTINUOUS
 10
59.4508601281
 20
218.7680225078
 40
1.0
100
AcDbArc
 50
0.0
 51
90.0
  0
ARC
  5
7FA
100
AcDbEntity
  8
ASSEM_MEM
100
AcDbCircle
 62
7
  6
CONTINUOUS
 10
107.6308601281
 20
233.3180225078
 40
0.35
100
AcDbArc
 50
180.0
 51
360.0
  0
ARC
  5
7FB
100
AcDbEntity
  8
ASSEM_MEM
100
AcDbCircle
 62
7
  6
CONTINUOUS
 10
107.6308601281
 20
234.6180225078
 40
0.35
100
AcDbArc
 50
0.0
 51
180.0
  0
ARC
  5
7FC
100
AcDbEntity
  8
ASSEM_MEM
100
AcDbCircle
 62
7
  6
CONTINUOUS
 10
107.6308601281
 20
228.2680225078
 40
0.3
100
AcDbArc
 50
180.0
 51
360.0
  0
ARC
  5
7FD
100
AcDbEntity
  8
ASSEM_MEM
100
AcDbCircle
 62
7
  6
CONTINUOUS
 10
108.2808601281
 20
229.4680225078
 40
0.3
100
AcDbArc
 50
270.0
 51
360.0
  0
ARC
  5
7FE
100
AcDbEntity
  8
ASSEM_MEM
100
AcDbCircle
 62
7
  6
CONTINUOUS
 10
108.2808601281
 20
229.5680225078
 40
0.3
100
AcDbArc
 50
0.0
 51
90.0
  0
ARC
  5
7FF
100
AcDbEntity
  8
ASSEM_MEM
100
AcDbCircle
 62
7
  6
CONTINUOUS
 10
107.6308601281
 20
229.5680225078
 40
0.3
100
AcDbArc
 50
90.0
 51
180.0
  0
ARC
  5
800
100
AcDbEntity
  8
ASSEM_MEM
100
AcDbCircle
 62
7
  6
CONTINUOUS
 10
106.7508601281
 20
235.3180225078
 40
0.3
100
AcDbArc
 50
90.0
 51
180.0
  0
ARC
  5
801
100
AcDbEntity
  8
ASSEM_MEM
100
AcDbCircle
 62
7
  6
CONTINUOUS
 10
106.1508601281
 20
234.6180225078
 40
0.3
100
AcDbArc
 50
270.0
 51
360.0
  0
ARC
  5
802
100
AcDbEntity
  8
ASSEM_MEM
100
AcDbCircle
 62
7
  6
CONTINUOUS
 10
108.1758527338
 20
230.8530361155
 40
0.25
100
AcDbArc
 50
90.0
 51
270.0
  0
ARC
  5
803
100
AcDbEntity
  8
ASSEM_MEM
100
AcDbCircle
 62
7
  6
CONTINUOUS
 10
108.5258527338
 20
230.8530361155
 40
0.25
100
AcDbArc
 50
270.0
 51
90.0
  0
ARC
  5
804
100
AcDbEntity
  8
ASSEM_MEM
100
AcDbCircle
 62
7
  6
CONTINUOUS
 10
139.4508601281
 20
144.2180225078
 40
3.0
100
AcDbArc
 50
0.0
 51
180.0
  0
ARC
  5
805
100
AcDbEntity
  8
0
100
AcDbCircle
 62
2
  6
CONTINUOUS
 10
139.4508601281
 20
144.2180225078
 40
3.0
100
AcDbArc
 50
279.9391027202
 51
360.0
  0
CIRCLE
  5
806
100
AcDbEntity
  8
ASSEM_MEM
100
AcDbCircle
 62
7
  6
CONTINUOUS
 10
144.0507611309
 20
161.1779400068
 40
2.0
  0
ARC
  5
807
100
AcDbEntity
  8
0
100
AcDbCircle
 62
2
  6
CONTINUOUS
 10
144.0507611309
 20
161.1779400068
 40
2.0
100
AcDbArc
 50
304.1786288678
 51
360.0
  0
CIRCLE
  5
808
100
AcDbEntity
  8
ASSEM_MEM
100
AcDbCircle
 62
7
  6
CONTINUOUS
 10
127.6008601281
 20
147.0680225078
 40
1.35
  0
CIRCLE
  5
809
100
AcDbEntity
  8
ASSEM_MEM
100
AcDbCircle
 62
7
  6
CONTINUOUS
 10
163.9508601281
 20
153.2180225078
 40
1.25
  0
ARC
  5
80A
100
AcDbEntity
  8
0
100
AcDbCircle
 62
2
  6
CONTINUOUS
 10
163.9508601281
 20
153.2180225078
 40
1.25
100
AcDbArc
 50
293.5227191243
 51
360.0
  0
CIRCLE
  5
80B
100
AcDbEntity
  8
ASSEM_MEM
100
AcDbCircle
 62
7
  6
CONTINUOUS
 10
151.8008601281
 20
143.4180225078
 40
1.2
  0
ARC
  5
80C
100
AcDbEntity
  8
0
100
AcDbCircle
 62
2
  6
CONTINUOUS
 10
151.8008601281
 20
143.4180225078
 40
1.2
100
AcDbArc
 50
267.8993084114
 51
360.0
  0
ARC
  5
80D
100
AcDbEntity
  8
ASSEM_MEM
100
AcDbCircle
 62
7
  6
CONTINUOUS
 10
172.3008601281
 20
150.7180225078
 40
1.0
100
AcDbArc
 50
270.0
 51
360.0
  0
ARC
  5
80E
100
AcDbEntity
  8
ASSEM_MEM
100
AcDbCircle
 62
7
  6
CONTINUOUS
 10
159.4508601281
 20
142.3180225078
 40
1.0
100
AcDbArc
 50
270.0
 51
360.0
  0
ARC
  5
80F
100
AcDbEntity
  8
ASSEM_MEM
100
AcDbCircle
 62
7
  6
CONTINUOUS
 10
143.4508601281
 20
142.3180225078
 40
1.0
100
AcDbArc
 50
180.0
 51
270.0
  0
ARC
  5
810
100
AcDbEntity
  8
ASSEM_MEM
100
AcDbCircle
 62
7
  6
CONTINUOUS
 10
135.4508601281
 20
142.3180225078
 40
1.0
100
AcDbArc
 50
270.0
 51
360.0
  0
ARC
  5
811
100
AcDbEntity
  8
ASSEM_MEM
100
AcDbCircle
 62
7
  6
CONTINUOUS
 10
161.4508601281
 20
148.7180225078
 40
1.0
100
AcDbArc
 50
90.0
 51
180.0
  0
CIRCLE
  5
812
100
AcDbEntity
  8
ASSEM_MEM
100
AcDbCircle
 62
7
  6
CONTINUOUS
 10
117.2908601281
 20
142.7280225078
 40
0.75
  0
CIRCLE
  5
813
100
AcDbEntity
  8
ASSEM_MEM
100
AcDbCircle
 62
7
  6
CONTINUOUS
 10
121.2658601281
 20
151.4080225078
 40
0.75
  0
CIRCLE
  5
814
100
AcDbEntity
  8
ASSEM_MEM
100
AcDbCircle
 62
7
  6
CONTINUOUS
 10
133.9458601281
 20
151.4080225078
 40
0.75
  0
CIRCLE
  5
815
100
AcDbEntity
  8
ASSEM_MEM
100
AcDbCircle
 62
7
  6
CONTINUOUS
 10
127.6058601281
 20
142.8680225078
 40
0.7
  0
ARC
  5
816
100
AcDbEntity
  8
ASSEM_MEM
100
AcDbCircle
 62
7
  6
CONTINUOUS
 10
121.9508601281
 20
230.7180225078
 40
2.8
100
AcDbArc
 50
180.0
 51
360.0
  0
ARC
  5
817
100
AcDbEntity
  8
0
100
AcDbCircle
 62
2
  6
CONTINUOUS
 10
121.9508601281
 20
230.7180225078
 40
2.8
100
AcDbArc
 50
105.9386315351
 51
180.0
  0
ARC
  5
818
100
AcDbEntity
  8
ASSEM_MEM
100
AcDbCircle
 62
7
  6
CONTINUOUS
 10
168.5508601281
 20
212.1680225078
 40
2.4
100
AcDbArc
 50
180.0
 51
270.0
  0
ARC
  5
819
100
AcDbEntity
  8
ASSEM_MEM
100
AcDbCircle
 62
7
  6
CONTINUOUS
 10
144.0507611309
 20
209.3279400068
 40
1.85
100
AcDbArc
 50
0.0
 51
180.0
  0
ARC
  5
81A
100
AcDbEntity
  8
ASSEM_MEM
100
AcDbCircle
 62
7
  6
CONTINUOUS
 10
144.0507611309
 20
209.0279400068
 40
1.85
100
AcDbArc
 50
180.0
 51
360.0
  0
ARC
  5
81B
100
AcDbEntity
  8
ASSEM_MEM
100
AcDbCircle
 62
7
  6
CONTINUOUS
 10
136.6508601281
 20
233.0180225078
 40
1.3
100
AcDbArc
 50
180.0
 51
360.0
  0
ARC
  5
81C
100
AcDbEntity
  8
0
100
AcDbCircle
 62
2
  6
CONTINUOUS
 10
136.6508601281
 20
233.0180225078
 40
1.3
100
AcDbArc
 50
79.0612842861
 51
180.0
  0
ARC
  5
81D
100
AcDbEntity
  8
ASSEM_MEM
100
AcDbCircle
 62
7
  6
CONTINUOUS
 10
172.3008601281
 20
222.2680225078
 40
1.0
100
AcDbArc
 50
270.0
 51
360.0
  0
ARC
  5
81E
100
AcDbEntity
  8
ASSEM_MEM
100
AcDbCircle
 62
7
  6
CONTINUOUS
 10
172.3008601281
 20
208.7680225078
 40
1.0
100
AcDbArc
 50
0.0
 51
90.0
  0
ARC
  5
81F
100
AcDbEntity
  8
ASSEM_MEM
100
AcDbCircle
 62
7
  6
CONTINUOUS
 10
172.3008601281
 20
233.3180225078
 40
1.0
100
AcDbArc
 50
0.0
 51
90.0
  0
ARC
  5
820
100
AcDbEntity
  8
ASSEM_MEM
100
AcDbCircle
 62
7
  6
CONTINUOUS
 10
167.1508601281
 20
218.7680225078
 40
1.0
100
AcDbArc
 50
90.0
 51
180.0
  0
ARC
  5
821
100
AcDbEntity
  8
ASSEM_MEM
100
AcDbCircle
 62
7
  6
CONTINUOUS
 10
170.4008601281
 20
220.4680225078
 40
0.7
100
AcDbArc
 50
270.0
 51
360.0
  0
ARC
  5
822
100
AcDbEntity
  8
ASSEM_MEM
100
AcDbCircle
 62
7
  6
CONTINUOUS
 10
171.8008601281
 20
220.5680225078
 40
0.7
100
AcDbArc
 50
90.0
 51
180.0
  0
ARC
  5
823
100
AcDbEntity
  8
ASSEM_MEM
100
AcDbCircle
 62
7
  6
CONTINUOUS
 10
134.6437533469
 20
233.8180225078
 40
0.5
100
AcDbArc
 50
45.0
 51
90.0
  0
ARC
  5
824
100
AcDbEntity
  8
ASSEM_MEM
100
AcDbCircle
 62
7
  6
CONTINUOUS
 10
134.8508601281
 20
233.6109157266
 40
0.5
100
AcDbArc
 50
0.0
 51
45.0
  0
ARC
  5
825
100
AcDbEntity
  8
ASSEM_MEM
100
AcDbCircle
 62
7
  6
CONTINUOUS
 10
138.4508601281
 20
233.6109157266
 40
0.5
100
AcDbArc
 50
135.0
 51
180.0
  0
ARC
  5
826
100
AcDbEntity
  8
ASSEM_MEM
100
AcDbCircle
 62
7
  6
CONTINUOUS
 10
138.6579669093
 20
233.8180225078
 40
0.5
100
AcDbArc
 50
90.0
 51
135.0
  0
ARC
  5
827
100
AcDbEntity
  8
ASSEM_MEM
100
AcDbCircle
 62
7
  6
CONTINUOUS
 10
126.1508601281
 20
232.6980225078
 40
0.4
100
AcDbArc
 50
0.0
 51
180.0
  0
ARC
  5
828
100
AcDbEntity
  8
ASSEM_MEM
100
AcDbCircle
 62
7
  6
CONTINUOUS
 10
126.1508601281
 20
229.0980225078
 40
0.4
100
AcDbArc
 50
180.0
 51
360.0
  0
ARC
  5
829
100
AcDbEntity
  8
ASSEM_MEM
100
AcDbCircle
 62
7
  6
CONTINUOUS
 10
116.2708601281
 20
233.3180225078
 40
0.35
100
AcDbArc
 50
180.0
 51
360.0
  0
ARC
  5
82A
100
AcDbEntity
  8
ASSEM_MEM
100
AcDbCircle
 62
7
  6
CONTINUOUS
 10
116.2708601281
 20
234.6180225078
 40
0.35
100
AcDbArc
 50
0.0
 51
180.0
  0
CIRCLE
  5
82B
100
AcDbEntity
  8
ASSEM_MEM
100
AcDbCircle
 62
7
  6
CONTINUOUS
 10
115.5508601281
 20
230.9180225078
 40
0.3
  0
ARC
  5
82C
100
AcDbEntity
  8
ASSEM_MEM
100
AcDbCircle
 62
7
  6
CONTINUOUS
 10
116.2708601281
 20
228.2680225078
 40
0.3
100
AcDbArc
 50
180.0
 51
360.0
  0
ARC
  5
82D
100
AcDbEntity
  8
ASSEM_MEM
100
AcDbCircle
 62
7
  6
CONTINUOUS
 10
116.2708601281
 20
229.5680225078
 40
0.3
100
AcDbArc
 50
0.0
 51
90.0
  0
ARC
  5
82E
100
AcDbEntity
  8
ASSEM_MEM
100
AcDbCircle
 62
7
  6
CONTINUOUS
 10
115.6208601281
 20
229.5680225078
 40
0.3
100
AcDbArc
 50
90.0
 51
180.0
  0
ARC
  5
82F
100
AcDbEntity
  8
ASSEM_MEM
100
AcDbCircle
 62
7
  6
CONTINUOUS
 10
115.6208601281
 20
229.4680225078
 40
0.3
100
AcDbArc
 50
180.0
 51
270.0
  0
ARC
  5
830
100
AcDbEntity
  8
ASSEM_MEM
100
AcDbCircle
 62
7
  6
CONTINUOUS
 10
117.1508601281
 20
235.3180225078
 40
0.3
100
AcDbArc
 50
0.0
 51
90.0
  0
ARC
  5
831
100
AcDbEntity
  8
ASSEM_MEM
100
AcDbCircle
 62
7
  6
CONTINUOUS
 10
117.7508601281
 20
234.6180225078
 40
0.3
100
AcDbArc
 50
180.0
 51
270.0
  0
ARC
  5
832
100
AcDbEntity
  8
ASSEM_MEM
100
AcDbCircle
 62
7
  6
CONTINUOUS
 10
295.9090151837
 20
144.2180225078
 40
3.0
100
AcDbArc
 50
0.0
 51
180.0
  0
CIRCLE
  5
833
100
AcDbEntity
  8
ASSEM_MEM
100
AcDbCircle
 62
7
  6
CONTINUOUS
 10
291.3091141809
 20
161.1779400068
 40
2.0
  0
CIRCLE
  5
834
100
AcDbEntity
  8
ASSEM_MEM
100
AcDbCircle
 62
7
  6
CONTINUOUS
 10
307.7590151837
 20
147.0680225078
 40
1.35
  0
CIRCLE
  5
835
100
AcDbEntity
  8
ASSEM_MEM
100
AcDbCircle
 62
7
  6
CONTINUOUS
 10
271.4090151837
 20
153.2180225078
 40
1.25
  0
CIRCLE
  5
836
100
AcDbEntity
  8
ASSEM_MEM
100
AcDbCircle
 62
7
  6
CONTINUOUS
 10
283.5590151837
 20
143.4180225078
 40
1.2
  0
ARC
  5
837
100
AcDbEntity
  8
ASSEM_MEM
100
AcDbCircle
 62
7
  6
CONTINUOUS
 10
273.9090151837
 20
148.7180225078
 40
1.0
100
AcDbArc
 50
0.0
 51
90.0
  0
ARC
  5
838
100
AcDbEntity
  8
ASSEM_MEM
100
AcDbCircle
 62
7
  6
CONTINUOUS
 10
263.0590151837
 20
150.7180225078
 40
1.0
100
AcDbArc
 50
180.0
 51
270.0
  0
ARC
  5
839
100
AcDbEntity
  8
ASSEM_MEM
100
AcDbCircle
 62
7
  6
CONTINUOUS
 10
275.9090151837
 20
142.3180225078
 40
1.0
100
AcDbArc
 50
180.0
 51
270.0
  0
ARC
  5
83A
100
AcDbEntity
  8
ASSEM_MEM
100
AcDbCircle
 62
7
  6
CONTINUOUS
 10
291.9090151837
 20
142.3180225078
 40
1.0
100
AcDbArc
 50
270.0
 51
360.0
  0
ARC
  5
83B
100
AcDbEntity
  8
ASSEM_MEM
100
AcDbCircle
 62
7
  6
CONTINUOUS
 10
299.9090151837
 20
142.3180225078
 40
1.0
100
AcDbArc
 50
180.0
 51
270.0
  0
CIRCLE
  5
83C
100
AcDbEntity
  8
ASSEM_MEM
100
AcDbCircle
 62
7
  6
CONTINUOUS
 10
301.4140151837
 20
151.4080225078
 40
0.75
  0
CIRCLE
  5
83D
100
AcDbEntity
  8
ASSEM_MEM
100
AcDbCircle
 62
7
  6
CONTINUOUS
 10
314.0940151837
 20
151.4080225078
 40
0.75
  0
CIRCLE
  5
83E
100
AcDbEntity
  8
ASSEM_MEM
100
AcDbCircle
 62
7
  6
CONTINUOUS
 10
318.0690151837
 20
142.7280225078
 40
0.75
  0
CIRCLE
  5
83F
100
AcDbEntity
  8
ASSEM_MEM
100
AcDbCircle
 62
7
  6
CONTINUOUS
 10
307.7540151837
 20
142.8680225078
 40
0.7
  0
ARC
  5
840
100
AcDbEntity
  8
ASSEM_MEM
100
AcDbCircle
 62
7
  6
CONTINUOUS
 10
313.4090151837
 20
230.7180225078
 40
2.8
100
AcDbArc
 50
180.0
 51
360.0
  0
ARC
  5
841
100
AcDbEntity
  8
ASSEM_MEM
100
AcDbCircle
 62
7
  6
CONTINUOUS
 10
266.8090151837
 20
212.1680225078
 40
2.4
100
AcDbArc
 50
270.0
 51
360.0
  0
ARC
  5
842
100
AcDbEntity
  8
ASSEM_MEM
100
AcDbCircle
 62
7
  6
CONTINUOUS
 10
291.3091141809
 20
209.0279400068
 40
1.85
100
AcDbArc
 50
180.0
 51
360.0
  0
ARC
  5
843
100
AcDbEntity
  8
ASSEM_MEM
100
AcDbCircle
 62
7
  6
CONTINUOUS
 10
291.3091141809
 20
209.3279400068
 40
1.85
100
AcDbArc
 50
0.0
 51
180.0
  0
ARC
  5
844
100
AcDbEntity
  8
ASSEM_MEM
100
AcDbCircle
 62
7
  6
CONTINUOUS
 10
298.7090151837
 20
233.0180225078
 40
1.3
100
AcDbArc
 50
180.0
 51
360.0
  0
ARC
  5
845
100
AcDbEntity
  8
ASSEM_MEM
100
AcDbCircle
 62
7
  6
CONTINUOUS
 10
268.2090151837
 20
218.7680225078
 40
1.0
100
AcDbArc
 50
0.0
 51
90.0
  0
ARC
  5
846
100
AcDbEntity
  8
ASSEM_MEM
100
AcDbCircle
 62
7
  6
CONTINUOUS
 10
263.0590151837
 20
208.7680225078
 40
1.0
100
AcDbArc
 50
90.0
 51
180.0
  0
ARC
  5
847
100
AcDbEntity
  8
ASSEM_MEM
100
AcDbCircle
 62
7
  6
CONTINUOUS
 10
263.0590151837
 20
233.3180225078
 40
1.0
100
AcDbArc
 50
90.0
 51
180.0
  0
ARC
  5
848
100
AcDbEntity
  8
ASSEM_MEM
100
AcDbCircle
 62
7
  6
CONTINUOUS
 10
263.0590151837
 20
222.2680225078
 40
1.0
100
AcDbArc
 50
180.0
 51
270.0
  0
ARC
  5
849
100
AcDbEntity
  8
ASSEM_MEM
100
AcDbCircle
 62
7
  6
CONTINUOUS
 10
263.5590151837
 20
220.5680225078
 40
0.7
100
AcDbArc
 50
0.0
 51
90.0
  0
ARC
  5
84A
100
AcDbEntity
  8
ASSEM_MEM
100
AcDbCircle
 62
7
  6
CONTINUOUS
 10
264.9590151837
 20
220.4680225078
 40
0.7
100
AcDbArc
 50
180.0
 51
270.0
  0
ARC
  5
84B
100
AcDbEntity
  8
ASSEM_MEM
100
AcDbCircle
 62
7
  6
CONTINUOUS
 10
300.7161219649
 20
233.8180225078
 40
0.5
100
AcDbArc
 50
90.0
 51
135.0
  0
ARC
  5
84C
100
AcDbEntity
  8
ASSEM_MEM
100
AcDbCircle
 62
7
  6
CONTINUOUS
 10
300.5090151837
 20
233.6109157266
 40
0.5
100
AcDbArc
 50
135.0
 51
180.0
  0
ARC
  5
84D
100
AcDbEntity
  8
ASSEM_MEM
100
AcDbCircle
 62
7
  6
CONTINUOUS
 10
296.9090151837
 20
233.6109157266
 40
0.5
100
AcDbArc
 50
0.0
 51
45.0
  0
ARC
  5
84E
100
AcDbEntity
  8
ASSEM_MEM
100
AcDbCircle
 62
7
  6
CONTINUOUS
 10
296.7019084026
 20
233.8180225078
 40
0.5
100
AcDbArc
 50
45.0
 51
90.0
  0
ARC
  5
84F
100
AcDbEntity
  8
ASSEM_MEM
100
AcDbCircle
 62
7
  6
CONTINUOUS
 10
309.2090151837
 20
229.0980225078
 40
0.4
100
AcDbArc
 50
180.0
 51
360.0
  0
ARC
  5
850
100
AcDbEntity
  8
ASSEM_MEM
100
AcDbCircle
 62
7
  6
CONTINUOUS
 10
309.2090151837
 20
232.6980225078
 40
0.4
100
AcDbArc
 50
0.0
 51
180.0
  0
ARC
  5
851
100
AcDbEntity
  8
ASSEM_MEM
100
AcDbCircle
 62
7
  6
CONTINUOUS
 10
319.0890151837
 20
234.6180225078
 40
0.35
100
AcDbArc
 50
0.0
 51
180.0
  0
ARC
  5
852
100
AcDbEntity
  8
ASSEM_MEM
100
AcDbCircle
 62
7
  6
CONTINUOUS
 10
319.0890151837
 20
233.3180225078
 40
0.35
100
AcDbArc
 50
180.0
 51
360.0
  0
ARC
  5
853
100
AcDbEntity
  8
ASSEM_MEM
100
AcDbCircle
 62
7
  6
CONTINUOUS
 10
317.6090151837
 20
234.6180225078
 40
0.3
100
AcDbArc
 50
270.0
 51
360.0
  0
ARC
  5
854
100
AcDbEntity
  8
ASSEM_MEM
100
AcDbCircle
 62
7
  6
CONTINUOUS
 10
318.2090151837
 20
235.3180225078
 40
0.3
100
AcDbArc
 50
90.0
 51
180.0
  0
ARC
  5
855
100
AcDbEntity
  8
ASSEM_MEM
100
AcDbCircle
 62
7
  6
CONTINUOUS
 10
319.0890151837
 20
229.5680225078
 40
0.3
100
AcDbArc
 50
90.0
 51
180.0
  0
ARC
  5
856
100
AcDbEntity
  8
ASSEM_MEM
100
AcDbCircle
 62
7
  6
CONTINUOUS
 10
319.7390151837
 20
229.5680225078
 40
0.3
100
AcDbArc
 50
0.0
 51
90.0
  0
ARC
  5
857
100
AcDbEntity
  8
ASSEM_MEM
100
AcDbCircle
 62
7
  6
CONTINUOUS
 10
319.7390151837
 20
229.4680225078
 40
0.3
100
AcDbArc
 50
270.0
 51
360.0
  0
ARC
  5
858
100
AcDbEntity
  8
ASSEM_MEM
100
AcDbCircle
 62
7
  6
CONTINUOUS
 10
319.0890151837
 20
228.2680225078
 40
0.3
100
AcDbArc
 50
180.0
 51
360.0
  0
CIRCLE
  5
859
100
AcDbEntity
  8
ASSEM_MEM
100
AcDbCircle
 62
7
  6
CONTINUOUS
 10
319.8090151837
 20
230.9180225078
 40
0.3
  0
ARC
  5
85A
100
AcDbEntity
  8
ASSEM_MEM
100
AcDbCircle
 62
7
  6
CONTINUOUS
 10
336.9090151837
 20
144.2180225078
 40
3.0
100
AcDbArc
 50
0.0
 51
180.0
  0
ARC
  5
85B
100
AcDbEntity
  8
ASSEM_MEM
100
AcDbCircle
 62
7
  6
CONTINUOUS
 10
342.1591141809
 20
161.1779400068
 40
1.85
100
AcDbArc
 50
90.0
 51
270.0
  0
ARC
  5
85C
100
AcDbEntity
  8
ASSEM_MEM
100
AcDbCircle
 62
7
  6
CONTINUOUS
 10
342.4591141809
 20
161.1779400068
 40
1.85
100
AcDbArc
 50
270.0
 51
90.0
  0
CIRCLE
  5
85D
100
AcDbEntity
  8
ASSEM_MEM
100
AcDbCircle
 62
7
  6
CONTINUOUS
 10
324.4090151837
 20
147.0680225078
 40
1.35
  0
CIRCLE
  5
85E
100
AcDbEntity
  8
ASSEM_MEM
100
AcDbCircle
 62
7
  6
CONTINUOUS
 10
356.9090151837
 20
144.2180225078
 40
1.25
  0
ARC
  5
85F
100
AcDbEntity
  8
ASSEM_MEM
100
AcDbCircle
 62
7
  6
CONTINUOUS
 10
351.8590151837
 20
143.4180225078
 40
1.2
100
AcDbArc
 50
90.0
 51
270.0
  0
ARC
  5
860
100
AcDbEntity
  8
ASSEM_MEM
100
AcDbCircle
 62
7
  6
CONTINUOUS
 10
352.0590151837
 20
143.4180225078
 40
1.2
100
AcDbArc
 50
270.0
 51
90.0
  0
ARC
  5
861
100
AcDbEntity
  8
ASSEM_MEM
100
AcDbCircle
 62
7
  6
CONTINUOUS
 10
376.1090151837
 20
170.8180225078
 40
1.0
100
AcDbArc
 50
180.0
 51
270.0
  0
ARC
  5
862
100
AcDbEntity
  8
ASSEM_MEM
100
AcDbCircle
 62
7
  6
CONTINUOUS
 10
368.1090151837
 20
149.3180225078
 40
1.0
100
AcDbArc
 50
90.0
 51
180.0
  0
ARC
  5
863
100
AcDbEntity
  8
ASSEM_MEM
100
AcDbCircle
 62
7
  6
CONTINUOUS
 10
332.9090151837
 20
142.3180225078
 40
1.0
100
AcDbArc
 50
270.0
 51
360.0
  0
ARC
  5
864
100
AcDbEntity
  8
ASSEM_MEM
100
AcDbCircle
 62
7
  6
CONTINUOUS
 10
340.9090151837
 20
142.3180225078
 40
1.0
100
AcDbArc
 50
180.0
 51
270.0
  0
ARC
  5
865
100
AcDbEntity
  8
ASSEM_MEM
100
AcDbCircle
 62
7
  6
CONTINUOUS
 10
366.1090151837
 20
142.3180225078
 40
1.0
100
AcDbArc
 50
270.0
 51
360.0
  0
ARC
  5
866
100
AcDbEntity
  8
ASSEM_MEM
100
AcDbCircle
 62
7
  6
CONTINUOUS
 10
379.1090151837
 20
151.3180225078
 40
1.0
100
AcDbArc
 50
270.0
 51
360.0
  0
ARC
  5
867
100
AcDbEntity
  8
ASSEM_MEM
100
AcDbCircle
 62
7
  6
CONTINUOUS
 10
379.1090151837
 20
168.8180225078
 40
1.0
100
AcDbArc
 50
0.0
 51
90.0
  0
CIRCLE
  5
868
100
AcDbEntity
  8
ASSEM_MEM
100
AcDbCircle
 62
7
  6
CONTINUOUS
 10
330.7490151837
 20
142.7280225078
 40
0.75
  0
CIRCLE
  5
869
100
AcDbEntity
  8
ASSEM_MEM
100
AcDbCircle
 62
7
  6
CONTINUOUS
 10
324.4090151837
 20
151.2680225078
 40
0.7
  0
CIRCLE
  5
86A
100
AcDbEntity
  8
ASSEM_MEM
100
AcDbCircle
 62
7
  6
CONTINUOUS
 10
323.4090151837
 20
161.3180225078
 40
0.15
  0
CIRCLE
  5
86B
100
AcDbEntity
  8
ASSEM_MEM
100
AcDbCircle
 62
4
  6
CONTINUOUS
 10
374.1090151837
 20
150.1180225078
 40
0.05
  0
ARC
  5
86C
100
AcDbEntity
  8
ASSEM_MEM
100
AcDbCircle
 62
7
  6
CONTINUOUS
 10
377.3090151837
 20
212.1680225078
 40
2.4
100
AcDbArc
 50
180.0
 51
270.0
  0
CIRCLE
  5
86D
100
AcDbEntity
  8
ASSEM_MEM
100
AcDbCircle
 62
7
  6
CONTINUOUS
 10
342.3091141809
 20
209.1779400068
 40
1.85
  0
CIRCLE
  5
86E
100
AcDbEntity
  8
ASSEM_MEM
100
AcDbCircle
 62
7
  6
CONTINUOUS
 10
333.4090151837
 20
230.7180225078
 40
1.35
  0
ARC
  5
86F
100
AcDbEntity
  8
ASSEM_MEM
100
AcDbCircle
 62
7
  6
CONTINUOUS
 10
376.1090151837
 20
194.2680225078
 40
1.0
100
AcDbArc
 50
90.0
 51
180.0
  0
ARC
  5
870
100
AcDbEntity
  8
ASSEM_MEM
100
AcDbCircle
 62
7
  6
CONTINUOUS
 10
375.9090151837
 20
218.7680225078
 40
1.0
100
AcDbArc
 50
90.0
 51
180.0
  0
ARC
  5
871
100
AcDbEntity
  8
ASSEM_MEM
100
AcDbCircle
 62
7
  6
CONTINUOUS
 10
379.1090151837
 20
196.2680225078
 40
1.0
100
AcDbArc
 50
270.0
 51
360.0
  0
ARC
  5
872
100
AcDbEntity
  8
ASSEM_MEM
100
AcDbCircle
 62
7
  6
CONTINUOUS
 10
379.1090151837
 20
208.7680225078
 40
1.0
100
AcDbArc
 50
0.0
 51
90.0
  0
ARC
  5
873
100
AcDbEntity
  8
ASSEM_MEM
100
AcDbCircle
 62
7
  6
CONTINUOUS
 10
379.1090151837
 20
220.7680225078
 40
1.0
100
AcDbArc
 50
270.0
 51
360.0
  0
ARC
  5
874
100
AcDbEntity
  8
ASSEM_MEM
100
AcDbCircle
 62
7
  6
CONTINUOUS
 10
379.1090151837
 20
233.3180225078
 40
1.0
100
AcDbArc
 50
0.0
 51
90.0
  0
ARC
  5
875
100
AcDbEntity
  8
ASSEM_MEM
100
AcDbCircle
 62
7
  6
CONTINUOUS
 10
327.7290151837
 20
233.3180225078
 40
0.35
100
AcDbArc
 50
180.0
 51
360.0
  0
ARC
  5
876
100
AcDbEntity
  8
ASSEM_MEM
100
AcDbCircle
 62
7
  6
CONTINUOUS
 10
327.7290151837
 20
234.6180225078
 40
0.35
100
AcDbArc
 50
0.0
 51
180.0
  0
ARC
  5
877
100
AcDbEntity
  8
ASSEM_MEM
100
AcDbCircle
 62
7
  6
CONTINUOUS
 10
329.2090151837
 20
234.6180225078
 40
0.3
100
AcDbArc
 50
180.0
 51
270.0
  0
ARC
  5
878
100
AcDbEntity
  8
ASSEM_MEM
100
AcDbCircle
 62
7
  6
CONTINUOUS
 10
328.6090151837
 20
235.3180225078
 40
0.3
100
AcDbArc
 50
0.0
 51
90.0
  0
ARC
  5
879
100
AcDbEntity
  8
ASSEM_MEM
100
AcDbCircle
 62
7
  6
CONTINUOUS
 10
327.0790151837
 20
229.4680225078
 40
0.3
100
AcDbArc
 50
180.0
 51
270.0
  0
ARC
  5
87A
100
AcDbEntity
  8
ASSEM_MEM
100
AcDbCircle
 62
7
  6
CONTINUOUS
 10
327.0790151837
 20
229.5680225078
 40
0.3
100
AcDbArc
 50
90.0
 51
180.0
  0
ARC
  5
87B
100
AcDbEntity
  8
ASSEM_MEM
100
AcDbCircle
 62
7
  6
CONTINUOUS
 10
327.7290151837
 20
229.5680225078
 40
0.3
100
AcDbArc
 50
0.0
 51
90.0
  0
ARC
  5
87C
100
AcDbEntity
  8
ASSEM_MEM
100
AcDbCircle
 62
7
  6
CONTINUOUS
 10
327.7290151837
 20
228.2680225078
 40
0.3
100
AcDbArc
 50
180.0
 51
360.0
  0
ARC
  5
87D
100
AcDbEntity
  8
ASSEM_MEM
100
AcDbCircle
 62
7
  6
CONTINUOUS
 10
327.1840225781
 20
230.8530361155
 40
0.25
100
AcDbArc
 50
270.0
 51
90.0
  0
ARC
  5
87E
100
AcDbEntity
  8
ASSEM_MEM
100
AcDbCircle
 62
7
  6
CONTINUOUS
 10
326.8340225781
 20
230.8530361155
 40
0.25
100
AcDbArc
 50
90.0
 51
270.0
  0
CIRCLE
  5
87F
100
AcDbEntity
  8
0
100
AcDbCircle
 62
2
  6
CONTINUOUS
 10
314.6369747387
 20
147.3401619348
 40
19.2108178015
  0
ARC
  5
880
100
AcDbEntity
  8
ASSEM_MEM
100
AcDbCircle
 62
7
  6
CONTINUOUS
 10
228.6756747595
 20
55.8156427653
 40
9.0
100
AcDbArc
 50
162.3494902006
 51
176.3255810073
  0
ARC
  5
881
100
AcDbEntity
  8
ASSEM_MEM
100
AcDbCircle
 62
7
  6
CONTINUOUS
 10
105.6756747595
 20
55.8156427653
 40
9.0
100
AcDbArc
 50
0.0
 51
92.0728422634
  0
CIRCLE
  5
882
100
AcDbEntity
  8
ASSEM_MEM
100
AcDbCircle
 62
7
  6
CONTINUOUS
 10
191.1756747595
 20
64.3656427653
 40
4.05
  0
CIRCLE
  5
883
100
AcDbEntity
  8
ASSEM_MEM
100
AcDbCircle
 62
7
  6
CONTINUOUS
 10
141.2256747595
 20
64.3656427653
 40
4.05
  0
ARC
  5
884
100
AcDbEntity
  8
0
100
AcDbCircle
 62
2
  6
CONTINUOUS
 10
141.2256747595
 20
64.3656427653
 40
4.05
100
AcDbArc
 50
151.7830812884
 51
180.0
  0
ARC
  5
885
100
AcDbEntity
  8
0
100
AcDbCircle
 62
2
  6
CONTINUOUS
 10
191.1756747595
 20
64.3656427653
 40
4.05
100
AcDbArc
 50
0.0
 51
22.423568096
  0
ARC
  5
886
100
AcDbEntity
  8
ASSEM_MEM
100
AcDbCircle
 62
7
  6
CONTINUOUS
 10
117.6756747595
 20
50.1156427653
 40
3.0
100
AcDbArc
 50
180.0
 51
270.0
  0
CIRCLE
  5
887
100
AcDbEntity
  8
ASSEM_MEM
100
AcDbCircle
 62
7
  6
CONTINUOUS
 10
122.1906747595
 20
77.3856427653
 40
2.25
  0
CIRCLE
  5
888
100
AcDbEntity
  8
ASSEM_MEM
100
AcDbCircle
 62
7
  6
CONTINUOUS
 10
160.2306747595
 20
77.3856427653
 40
2.25
  0
CIRCLE
  5
889
100
AcDbEntity
  8
ASSEM_MEM
100
AcDbCircle
 62
7
  6
CONTINUOUS
 10
172.1556747595
 20
51.3456427653
 40
2.25
  0
CIRCLE
  5
88A
100
AcDbEntity
  8
ASSEM_MEM
100
AcDbCircle
 62
7
  6
CONTINUOUS
 10
210.1956747595
 20
51.3456427653
 40
2.25
  0
ARC
  5
88B
100
AcDbEntity
  8
0
100
AcDbCircle
 62
2
  6
CONTINUOUS
 10
160.2306747595
 20
77.3856427653
 40
2.25
100
AcDbArc
 50
180.0
 51
238.2236706035
  0
ARC
  5
88C
100
AcDbEntity
  8
0
100
AcDbCircle
 62
2
  6
CONTINUOUS
 10
122.1906747595
 20
77.3856427653
 40
2.25
100
AcDbArc
 50
180.0
 51
243.5830267674
  0
ARC
  5
88D
100
AcDbEntity
  8
0
100
AcDbCircle
 62
2
  6
CONTINUOUS
 10
172.1556747595
 20
51.3456427653
 40
2.25
100
AcDbArc
 50
0.0
 51
74.3304975019
  0
ARC
  5
88E
100
AcDbEntity
  8
0
100
AcDbCircle
 62
2
  6
CONTINUOUS
 10
210.1956747595
 20
51.3456427653
 40
2.25
100
AcDbArc
 50
0.0
 51
47.0367606815
  0
CIRCLE
  5
88F
100
AcDbEntity
  8
ASSEM_MEM
100
AcDbCircle
 62
7
  6
CONTINUOUS
 10
141.2106747595
 20
51.7656427653
 40
2.1
  0
CIRCLE
  5
890
100
AcDbEntity
  8
ASSEM_MEM
100
AcDbCircle
 62
7
  6
CONTINUOUS
 10
191.1756747595
 20
76.9656427653
 40
2.1
  0
ARC
  5
891
100
AcDbEntity
  8
0
100
AcDbCircle
 62
2
  6
CONTINUOUS
 10
141.2106747595
 20
51.7656427653
 40
2.1
100
AcDbArc
 50
180.0
 51
232.197029417
  0
ARC
  5
892
100
AcDbEntity
  8
0
100
AcDbCircle
 62
2
  6
CONTINUOUS
 10
191.1756747595
 20
76.9656427653
 40
2.1
100
AcDbArc
 50
180.0
 51
258.1520715743
  0
SPLINE
  5
893
100
AcDbEntity
  8
0
100
AcDbSpline
 62
7
  6
CONTINUOUS
 70
0
 71
3
 72
8
 73
4
 74
0
 42
0.0000001
 43
0.0000001
 44
0.0000000001
 40
0.0
 40
0.0
 40
0.0
 40
0.0
 40
1.0
 40
1.0
 40
1.0
 40
1.0
 10
344.7128526241
 20
56.0516662744
 30
0.0
 10
344.7128526241
 20
56.4063232264
 30
0.0
 10
344.8796334961
 20
56.6009479384
 30
0.0
 10
345.2691650881
 20
56.6009479384
 30
0.0
  0
SPLINE
  5
894
100
AcDbEntity
  8
0
100
AcDbSpline
 62
7
  6
CONTINUOUS
 70
0
 71
3
 72
8
 73
4
 74
0
 42
0.0000001
 43
0.0000001
 44
0.0000000001
 40
0.0
 40
0.0
 40
0.0
 40
0.0
 40
1.0
 40
1.0
 40
1.0
 40
1.0
 10
344.9980396561
 20
57.3102604024
 30
0.0
 10
344.1984456001
 20
57.3102604024
 30
0.0
 10
343.8229770481
 20
56.9069480104
 30
0.0
 10
343.8229770481
 20
56.2254793144
 30
0.0
  0
SPLINE
  5
895
100
AcDbEntity
  8
0
100
AcDbSpline
 62
7
  6
CONTINUOUS
 70
0
 71
3
 72
8
 73
4
 74
0
 42
0.0000001
 43
0.0000001
 44
0.0000000001
 40
0.0
 40
0.0
 40
0.0
 40
0.0
 40
1.0
 40
1.0
 40
1.0
 40
1.0
 10
347.3768534161
 20
54.0424156984
 30
0.0
 10
347.3768534161
 20
54.5987288824
 30
0.0
 10
347.6479781281
 20
54.8490412744
 30
0.0
 10
348.3986344321
 20
54.8490412744
 30
0.0
  0
SPLINE
  5
896
100
AcDbEntity
  8
0
100
AcDbSpline
 62
7
  6
CONTINUOUS
 70
0
 71
3
 72
8
 73
4
 74
0
 42
0.0000001
 43
0.0000001
 44
0.0000000001
 40
0.0
 40
0.0
 40
0.0
 40
0.0
 40
1.0
 40
1.0
 40
1.0
 40
1.0
 10
348.5170406641
 20
55.7318853304
 30
0.0
 10
347.7382596481
 20
55.7318853304
 30
0.0
 10
347.4671342161
 20
55.3218229384
 30
0.0
 10
347.3768534161
 20
55.1201659864
 30
0.0
  0
SPLINE
  5
897
100
AcDbEntity
  8
0
100
AcDbSpline
 62
7
  6
CONTINUOUS
 70
0
 71
3
 72
8
 73
4
 74
0
 42
0.0000001
 43
0.0000001
 44
0.0000000001
 40
0.0
 40
0.0
 40
0.0
 40
0.0
 40
1.0
 40
1.0
 40
1.0
 40
1.0
 10
351.4892914561
 20
52.8951969304
 30
0.0
 10
350.8916351521
 20
52.8951969304
 30
0.0
 10
350.5021042081
 20
53.3541970024
 30
0.0
 10
350.5021042081
 20
53.9521348984
 30
0.0
  0
SPLINE
  5
898
100
AcDbEntity
  8
0
100
AcDbSpline
 62
7
  6
CONTINUOUS
 70
0
 71
3
 72
8
 73
4
 74
0
 42
0.0000001
 43
0.0000001
 44
0.0000000001
 40
0.0
 40
0.0
 40
0.0
 40
0.0
 40
1.0
 40
1.0
 40
1.0
 40
1.0
 10
350.5021042081
 20
53.9521348984
 30
0.0
 10
350.5021042081
 20
54.5500727224
 30
0.0
 10
350.8916351521
 20
55.0087913464
 30
0.0
 10
351.4892914561
 20
55.0087913464
 30
0.0
  0
SPLINE
  5
899
100
AcDbEntity
  8
0
100
AcDbSpline
 62
7
  6
CONTINUOUS
 70
0
 71
3
 72
8
 73
4
 74
0
 42
0.0000001
 43
0.0000001
 44
0.0000000001
 40
0.0
 40
0.0
 40
0.0
 40
0.0
 40
1.0
 40
1.0
 40
1.0
 40
1.0
 10
351.4892914561
 20
55.0087913464
 30
0.0
 10
352.0664169601
 20
55.0087913464
 30
0.0
 10
352.4489171041
 20
54.5500727224
 30
0.0
 10
352.4489171041
 20
53.9521348984
 30
0.0
  0
SPLINE
  5
89A
100
AcDbEntity
  8
0
100
AcDbSpline
 62
7
  6
CONTINUOUS
 70
0
 71
3
 72
8
 73
4
 74
0
 42
0.0000001
 43
0.0000001
 44
0.0000000001
 40
0.0
 40
0.0
 40
0.0
 40
0.0
 40
1.0
 40
1.0
 40
1.0
 40
1.0
 10
352.4489171041
 20
53.9521348984
 30
0.0
 10
352.4489171041
 20
53.3541970024
 30
0.0
 10
352.0664169601
 20
52.8951969304
 30
0.0
 10
351.4892914561
 20
52.8951969304
 30
0.0
  0
SPLINE
  5
89B
100
AcDbEntity
  8
0
100
AcDbSpline
 62
7
  6
CONTINUOUS
 70
0
 71
3
 72
8
 73
4
 74
0
 42
0.0000001
 43
0.0000001
 44
0.0000000001
 40
0.0
 40
0.0
 40
0.0
 40
0.0
 40
1.0
 40
1.0
 40
1.0
 40
1.0
 10
352.4351355841
 20
55.1826036664
 30
0.0
 10
352.3583547121
 20
55.3288537384
 30
0.0
 10
352.0039792801
 20
55.7875730824
 30
0.0
 10
351.2600729041
 20
55.7875730824
 30
0.0
  0
SPLINE
  5
89C
100
AcDbEntity
  8
0
100
AcDbSpline
 62
7
  6
CONTINUOUS
 70
0
 71
3
 72
8
 73
4
 74
0
 42
0.0000001
 43
0.0000001
 44
0.0000000001
 40
0.0
 40
0.0
 40
0.0
 40
0.0
 40
1.0
 40
1.0
 40
1.0
 40
1.0
 10
351.2600729041
 20
55.7875730824
 30
0.0
 10
350.3491042081
 20
55.7875730824
 30
0.0
 10
349.5984471121
 20
55.0923228664
 30
0.0
 10
349.5984471121
 20
53.9521348984
 30
0.0
  0
SPLINE
  5
89D
100
AcDbEntity
  8
0
100
AcDbSpline
 62
7
  6
CONTINUOUS
 70
0
 71
3
 72
8
 73
4
 74
0
 42
0.0000001
 43
0.0000001
 44
0.0000000001
 40
0.0
 40
0.0
 40
0.0
 40
0.0
 40
1.0
 40
1.0
 40
1.0
 40
1.0
 10
349.5984471121
 20
53.9521348984
 30
0.0
 10
349.5984471121
 20
52.7978845384
 30
0.0
 10
350.3491042081
 20
52.1166967144
 30
0.0
 10
351.2530413841
 20
52.1166967144
 30
0.0
  0
SPLINE
  5
89E
100
AcDbEntity
  8
0
100
AcDbSpline
 62
7
  6
CONTINUOUS
 70
0
 71
3
 72
8
 73
4
 74
0
 42
0.0000001
 43
0.0000001
 44
0.0000000001
 40
0.0
 40
0.0
 40
0.0
 40
0.0
 40
1.0
 40
1.0
 40
1.0
 40
1.0
 10
351.2530413841
 20
52.1166967144
 30
0.0
 10
352.0247916001
 20
52.1166967144
 30
0.0
 10
352.3724170321
 20
52.6032591784
 30
0.0
 10
352.4418855841
 20
52.7492283784
 30
0.0
  0
SPLINE
  5
89F
100
AcDbEntity
  8
0
100
AcDbSpline
 62
7
  6
CONTINUOUS
 70
0
 71
3
 72
8
 73
4
 74
0
 42
0.0000001
 43
0.0000001
 44
0.0000000001
 40
0.0
 40
0.0
 40
0.0
 40
0.0
 40
1.0
 40
1.0
 40
1.0
 40
1.0
 10
358.8403249921
 20
55.7875730824
 30
0.0
 10
358.0964186161
 20
55.7875730824
 30
0.0
 10
357.7071685441
 20
55.3218229384
 30
0.0
 10
357.5471369521
 20
55.0020413464
 30
0.0
  0
SPLINE
  5
8A0
100
AcDbEntity
  8
0
100
AcDbSpline
 62
7
  6
CONTINUOUS
 70
0
 71
3
 72
8
 73
4
 74
0
 42
0.0000001
 43
0.0000001
 44
0.0000000001
 40
0.0
 40
0.0
 40
0.0
 40
0.0
 40
1.0
 40
1.0
 40
1.0
 40
1.0
 10
357.5471369521
 20
55.0020413464
 30
0.0
 10
357.3246684001
 20
55.4815729384
 30
0.0
 10
356.8659491281
 20
55.7875730824
 30
0.0
 10
356.2680119521
 20
55.7875730824
 30
0.0
  0
SPLINE
  5
8A1
100
AcDbEntity
  8
0
100
AcDbSpline
 62
7
  6
CONTINUOUS
 70
0
 71
3
 72
8
 73
4
 74
0
 42
0.0000001
 43
0.0000001
 44
0.0000000001
 40
0.0
 40
0.0
 40
0.0
 40
0.0
 40
1.0
 40
1.0
 40
1.0
 40
1.0
 10
356.2680119521
 20
55.7875730824
 30
0.0
 10
355.6351987681
 20
55.7875730824
 30
0.0
 10
355.2459486241
 20
55.3775098984
 30
0.0
 10
355.1137616641
 20
55.1201659864
 30
0.0
  0
SPLINE
  5
8A2
100
AcDbEntity
  8
0
100
AcDbSpline
 62
7
  6
CONTINUOUS
 70
0
 71
3
 72
8
 73
4
 74
0
 42
0.0000001
 43
0.0000001
 44
0.0000000001
 40
0.0
 40
0.0
 40
0.0
 40
0.0
 40
1.0
 40
1.0
 40
1.0
 40
1.0
 10
355.1137616641
 20
54.0702595384
 30
0.0
 10
355.1137616641
 20
54.6125096824
 30
0.0
 10
355.4546363761
 20
54.9950098264
 30
0.0
 10
355.9828242001
 20
54.9950098264
 30
0.0
  0
SPLINE
  5
8A3
100
AcDbEntity
  8
0
100
AcDbSpline
 62
7
  6
CONTINUOUS
 70
0
 71
3
 72
8
 73
4
 74
0
 42
0.0000001
 43
0.0000001
 44
0.0000000001
 40
0.0
 40
0.0
 40
0.0
 40
0.0
 40
1.0
 40
1.0
 40
1.0
 40
1.0
 10
355.9828242001
 20
54.9950098264
 30
0.0
 10
356.4975120241
 20
54.9950098264
 30
0.0
 10
356.8172928961
 20
54.6265727224
 30
0.0
 10
356.8172928961
 20
54.0702595384
 30
0.0
  0
SPLINE
  5
8A4
100
AcDbEntity
  8
0
100
AcDbSpline
 62
7
  6
CONTINUOUS
 70
0
 71
3
 72
8
 73
4
 74
0
 42
0.0000001
 43
0.0000001
 44
0.0000000001
 40
0.0
 40
0.0
 40
0.0
 40
0.0
 40
1.0
 40
1.0
 40
1.0
 40
1.0
 10
357.7071685441
 20
54.0702595384
 30
0.0
 10
357.7071685441
 20
54.6125096824
 30
0.0
 10
358.0477624561
 20
54.9950098264
 30
0.0
 10
358.5762310801
 20
54.9950098264
 30
0.0
  0
SPLINE
  5
8A5
100
AcDbEntity
  8
0
100
AcDbSpline
 62
7
  6
CONTINUOUS
 70
0
 71
3
 72
8
 73
4
 74
0
 42
0.0000001
 43
0.0000001
 44
0.0000000001
 40
0.0
 40
0.0
 40
0.0
 40
0.0
 40
1.0
 40
1.0
 40
1.0
 40
1.0
 10
358.5762310801
 20
54.9950098264
 30
0.0
 10
359.0906373841
 20
54.9950098264
 30
0.0
 10
359.4104189761
 20
54.6265727224
 30
0.0
 10
359.4104189761
 20
54.0702595384
 30
0.0
  0
SPLINE
  5
8A6
100
AcDbEntity
  8
0
100
AcDbSpline
 62
7
  6
CONTINUOUS
 70
0
 71
3
 72
8
 73
4
 74
0
 42
0.0000001
 43
0.0000001
 44
0.0000000001
 40
0.0
 40
0.0
 40
0.0
 40
0.0
 40
1.0
 40
1.0
 40
1.0
 40
1.0
 10
360.3002939041
 20
54.2440726504
 30
0.0
 10
360.3002939041
 20
55.1409790264
 30
0.0
 10
359.7301998481
 20
55.7875730824
 30
0.0
 10
358.8403249921
 20
55.7875730824
 30
0.0
  0
SPLINE
  5
8A7
100
AcDbEntity
  8
0
100
AcDbSpline
 62
7
  6
CONTINUOUS
 70
0
 71
3
 72
8
 73
4
 74
0
 42
0.0000001
 43
0.0000001
 44
0.0000000001
 40
0.0
 40
0.0
 40
0.0
 40
0.0
 40
1.0
 40
1.0
 40
1.0
 40
1.0
 10
361.8359181841
 20
54.4178849704
 30
0.0
 10
361.9470142561
 20
54.8490412744
 30
0.0
 10
362.2808567281
 20
55.1131351864
 30
0.0
 10
362.7606720721
 20
55.1131351864
 30
0.0
  0
SPLINE
  5
8A8
100
AcDbEntity
  8
0
100
AcDbSpline
 62
7
  6
CONTINUOUS
 70
0
 71
3
 72
8
 73
4
 74
0
 42
0.0000001
 43
0.0000001
 44
0.0000000001
 40
0.0
 40
0.0
 40
0.0
 40
0.0
 40
1.0
 40
1.0
 40
1.0
 40
1.0
 10
362.7606720721
 20
55.1131351864
 30
0.0
 10
363.2123570161
 20
55.1131351864
 30
0.0
 10
363.5461994881
 20
54.8628227944
 30
0.0
 10
363.6710762881
 20
54.4178849704
 30
0.0
  0
SPLINE
  5
8A9
100
AcDbEntity
  8
0
100
AcDbSpline
 62
7
  6
CONTINUOUS
 70
0
 71
3
 72
8
 73
4
 74
0
 42
0.0000001
 43
0.0000001
 44
0.0000000001
 40
0.0
 40
0.0
 40
0.0
 40
0.0
 40
1.0
 40
1.0
 40
1.0
 40
1.0
 10
362.7606720721
 20
55.8013538824
 30
0.0
 10
361.6829181841
 20
55.8013538824
 30
0.0
 10
360.9182002081
 20
55.0436659864
 30
0.0
 10
360.9182002081
 20
53.9521348984
 30
0.0
  0
SPLINE
  5
8AA
100
AcDbEntity
  8
0
100
AcDbSpline
 62
7
  6
CONTINUOUS
 70
0
 71
3
 72
8
 73
4
 74
0
 42
0.0000001
 43
0.0000001
 44
0.0000000001
 40
0.0
 40
0.0
 40
0.0
 40
0.0
 40
1.0
 40
1.0
 40
1.0
 40
1.0
 10
360.9182002081
 20
53.9521348984
 30
0.0
 10
360.9182002081
 20
52.8954784504
 30
0.0
 10
361.6829181841
 20
52.1029151944
 30
0.0
 10
362.8301376721
 20
52.1029151944
 30
0.0
  0
SPLINE
  5
8AB
100
AcDbEntity
  8
0
100
AcDbSpline
 62
7
  6
CONTINUOUS
 70
0
 71
3
 72
8
 73
4
 74
0
 42
0.0000001
 43
0.0000001
 44
0.0000000001
 40
0.0
 40
0.0
 40
0.0
 40
0.0
 40
1.0
 40
1.0
 40
1.0
 40
1.0
 10
362.8301376721
 20
52.1029151944
 30
0.0
 10
364.0257340321
 20
52.1029151944
 30
0.0
 10
364.5055421761
 20
52.8606030184
 30
0.0
 10
364.5612341761
 20
53.2220093224
 30
0.0
  0
SPLINE
  5
8AC
100
AcDbEntity
  8
0
100
AcDbSpline
 62
7
  6
CONTINUOUS
 70
0
 71
3
 72
8
 73
4
 74
0
 42
0.0000001
 43
0.0000001
 44
0.0000000001
 40
0.0
 40
0.0
 40
0.0
 40
0.0
 40
1.0
 40
1.0
 40
1.0
 40
1.0
 10
363.6851378881
 20
53.2220093224
 30
0.0
 10
363.6224186881
 20
53.1246969304
 30
0.0
 10
363.3931994161
 20
52.8397906984
 30
0.0
 10
362.8301376721
 20
52.8397906984
 30
0.0
  0
SPLINE
  5
8AD
100
AcDbEntity
  8
0
100
AcDbSpline
 62
7
  6
CONTINUOUS
 70
0
 71
3
 72
8
 73
4
 74
0
 42
0.0000001
 43
0.0000001
 44
0.0000000001
 40
0.0
 40
0.0
 40
0.0
 40
0.0
 40
1.0
 40
1.0
 40
1.0
 40
1.0
 10
362.8301376721
 20
52.8397906984
 30
0.0
 10
362.2459799281
 20
52.8397906984
 30
0.0
 10
361.8496990561
 20
53.2568846824
 30
0.0
 10
361.8080757841
 20
53.8061656264
 30
0.0
  0
SPLINE
  5
8AE
100
AcDbEntity
  8
0
100
AcDbSpline
 62
7
  6
CONTINUOUS
 70
0
 71
3
 72
8
 73
4
 74
0
 42
0.0000001
 43
0.0000001
 44
0.0000000001
 40
0.0
 40
0.0
 40
0.0
 40
0.0
 40
1.0
 40
1.0
 40
1.0
 40
1.0
 10
364.6028573761
 20
53.9034786664
 30
0.0
 10
364.6028573761
 20
55.0577290264
 30
0.0
 10
363.8448915601
 20
55.8013538824
 30
0.0
 10
362.7606720721
 20
55.8013538824
 30
0.0
  0
SPLINE
  5
8AF
100
AcDbEntity
  8
0
100
AcDbSpline
 62
7
  6
CONTINUOUS
 70
0
 71
3
 72
8
 73
4
 74
0
 42
0.0000001
 43
0.0000001
 44
0.0000000001
 40
0.0
 40
0.0
 40
0.0
 40
0.0
 40
1.0
 40
1.0
 40
1.0
 40
1.0
 10
372.7681132081
 20
52.8951969304
 30
0.0
 10
372.1701746641
 20
52.8951969304
 30
0.0
 10
371.7671401201
 20
53.3612285224
 30
0.0
 10
371.7671401201
 20
53.9521348984
 30
0.0
  0
SPLINE
  5
8B0
100
AcDbEntity
  8
0
100
AcDbSpline
 62
7
  6
CONTINUOUS
 70
0
 71
3
 72
8
 73
4
 74
0
 42
0.0000001
 43
0.0000001
 44
0.0000000001
 40
0.0
 40
0.0
 40
0.0
 40
0.0
 40
1.0
 40
1.0
 40
1.0
 40
1.0
 10
371.7671401201
 20
53.9521348984
 30
0.0
 10
371.7671401201
 20
54.5430412024
 30
0.0
 10
372.1701746641
 20
55.0087913464
 30
0.0
 10
372.7681132081
 20
55.0087913464
 30
0.0
  0
SPLINE
  5
8B1
100
AcDbEntity
  8
0
100
AcDbSpline
 62
7
  6
CONTINUOUS
 70
0
 71
3
 72
8
 73
4
 74
0
 42
0.0000001
 43
0.0000001
 44
0.0000000001
 40
0.0
 40
0.0
 40
0.0
 40
0.0
 40
1.0
 40
1.0
 40
1.0
 40
1.0
 10
372.7681132081
 20
55.0087913464
 30
0.0
 10
373.3592981521
 20
55.0087913464
 30
0.0
 10
373.7623326961
 20
54.5500727224
 30
0.0
 10
373.7623326961
 20
53.9521348984
 30
0.0
  0
SPLINE
  5
8B2
100
AcDbEntity
  8
0
100
AcDbSpline
 62
7
  6
CONTINUOUS
 70
0
 71
3
 72
8
 73
4
 74
0
 42
0.0000001
 43
0.0000001
 44
0.0000000001
 40
0.0
 40
0.0
 40
0.0
 40
0.0
 40
1.0
 40
1.0
 40
1.0
 40
1.0
 10
373.7623326961
 20
53.9521348984
 30
0.0
 10
373.7623326961
 20
53.3541970024
 30
0.0
 10
373.3592981521
 20
52.8951969304
 30
0.0
 10
372.7681132081
 20
52.8951969304
 30
0.0
  0
SPLINE
  5
8B3
100
AcDbEntity
  8
0
100
AcDbSpline
 62
7
  6
CONTINUOUS
 70
0
 71
3
 72
8
 73
4
 74
0
 42
0.0000001
 43
0.0000001
 44
0.0000000001
 40
0.0
 40
0.0
 40
0.0
 40
0.0
 40
1.0
 40
1.0
 40
1.0
 40
1.0
 10
372.7681132081
 20
55.8013538824
 30
0.0
 10
371.6836129201
 20
55.8013538824
 30
0.0
 10
370.8702359041
 20
55.0228536664
 30
0.0
 10
370.8702359041
 20
53.9521348984
 30
0.0
  0
SPLINE
  5
8B4
100
AcDbEntity
  8
0
100
AcDbSpline
 62
7
  6
CONTINUOUS
 70
0
 71
3
 72
8
 73
4
 74
0
 42
0.0000001
 43
0.0000001
 44
0.0000000001
 40
0.0
 40
0.0
 40
0.0
 40
0.0
 40
1.0
 40
1.0
 40
1.0
 40
1.0
 10
370.8702359041
 20
53.9521348984
 30
0.0
 10
370.8702359041
 20
52.8814154104
 30
0.0
 10
371.6836129201
 20
52.1026343944
 30
0.0
 10
372.7681132081
 20
52.1026343944
 30
0.0
  0
SPLINE
  5
8B5
100
AcDbEntity
  8
0
100
AcDbSpline
 62
7
  6
CONTINUOUS
 70
0
 71
3
 72
8
 73
4
 74
0
 42
0.0000001
 43
0.0000001
 44
0.0000000001
 40
0.0
 40
0.0
 40
0.0
 40
0.0
 40
1.0
 40
1.0
 40
1.0
 40
1.0
 10
372.7681132081
 20
52.1026343944
 30
0.0
 10
373.8388326961
 20
52.1026343944
 30
0.0
 10
374.6592369121
 20
52.8814154104
 30
0.0
 10
374.6592369121
 20
53.9521348984
 30
0.0
  0
SPLINE
  5
8B6
100
AcDbEntity
  8
0
100
AcDbSpline
 62
7
  6
CONTINUOUS
 70
0
 71
3
 72
8
 73
4
 74
0
 42
0.0000001
 43
0.0000001
 44
0.0000000001
 40
0.0
 40
0.0
 40
0.0
 40
0.0
 40
1.0
 40
1.0
 40
1.0
 40
1.0
 10
374.6592369121
 20
53.9521348984
 30
0.0
 10
374.6592369121
 20
55.0228536664
 30
0.0
 10
373.8388326961
 20
55.8013538824
 30
0.0
 10
372.7681132081
 20
55.8013538824
 30
0.0
  0
SPLINE
  5
8B7
100
AcDbEntity
  8
0
100
AcDbSpline
 62
7
  6
CONTINUOUS
 70
0
 71
3
 72
8
 73
4
 74
0
 42
0.0000001
 43
0.0000001
 44
0.0000000001
 40
0.0
 40
0.0
 40
0.0
 40
0.0
 40
1.0
 40
1.0
 40
1.0
 40
1.0
 10
376.1599837441
 20
54.0424156984
 30
0.0
 10
376.1599837441
 20
54.5987288824
 30
0.0
 10
376.4311142161
 20
54.8490412744
 30
0.0
 10
377.1817648321
 20
54.8490412744
 30
0.0
  0
SPLINE
  5
8B8
100
AcDbEntity
  8
0
100
AcDbSpline
 62
7
  6
CONTINUOUS
 70
0
 71
3
 72
8
 73
4
 74
0
 42
0.0000001
 43
0.0000001
 44
0.0000000001
 40
0.0
 40
0.0
 40
0.0
 40
0.0
 40
1.0
 40
1.0
 40
1.0
 40
1.0
 10
377.3001760321
 20
55.7318853304
 30
0.0
 10
376.5213950161
 20
55.7318853304
 30
0.0
 10
376.2502645441
 20
55.3218229384
 30
0.0
 10
376.1599837441
 20
55.1201659864
 30
0.0
  0
SPLINE
  5
8B9
100
AcDbEntity
  8
0
100
AcDbSpline
 62
7
  6
CONTINUOUS
 70
0
 71
3
 72
8
 73
4
 74
0
 42
0.0000001
 43
0.0000001
 44
0.0000000001
 40
0.0
 40
0.0
 40
0.0
 40
0.0
 40
1.0
 40
1.0
 40
1.0
 40
1.0
 10
340.6282844121
 20
56.8616534604
 30
0.0
 10
340.6282844121
 20
56.9741534604
 30
0.0
 10
340.5770967321
 20
57.0799035324
 30
0.0
 10
340.4899090521
 20
57.1502158524
 30
0.0
  0
SPLINE
  5
8BA
100
AcDbEntity
  8
0
100
AcDbSpline
 62
7
  6
CONTINUOUS
 70
0
 71
3
 72
8
 73
4
 74
0
 42
0.0000001
 43
0.0000001
 44
0.0000000001
 40
0.0
 40
0.0
 40
0.0
 40
0.0
 40
1.0
 40
1.0
 40
1.0
 40
1.0
 10
339.6245026761
 20
57.6508413564
 30
0.0
 10
339.5195964441
 20
57.6913413564
 30
0.0
 10
339.4020341241
 20
57.6829036764
 30
0.0
 10
339.3047217321
 20
57.6266536764
 30
0.0
  0
SPLINE
  5
8BB
100
AcDbEntity
  8
0
100
AcDbSpline
 62
7
  6
CONTINUOUS
 70
0
 71
3
 72
8
 73
4
 74
0
 42
0.0000001
 43
0.0000001
 44
0.0000000001
 40
0.0
 40
0.0
 40
0.0
 40
0.0
 40
1.0
 40
1.0
 40
1.0
 40
1.0
 10
337.6329713001
 20
57.6266536764
 30
0.0
 10
337.5353774601
 20
57.6829036764
 30
0.0
 10
337.4178150681
 20
57.6913413564
 30
0.0
 10
337.3129081881
 20
57.6508413564
 30
0.0
  0
SPLINE
  5
8BC
100
AcDbEntity
  8
0
100
AcDbSpline
 62
7
  6
CONTINUOUS
 70
0
 71
3
 72
8
 73
4
 74
0
 42
0.0000001
 43
0.0000001
 44
0.0000000001
 40
0.0
 40
0.0
 40
0.0
 40
0.0
 40
1.0
 40
1.0
 40
1.0
 40
1.0
 10
336.4477833321
 20
57.1502158524
 30
0.0
 10
336.3603147801
 20
57.0799035324
 30
0.0
 10
336.3091271001
 20
56.9741534604
 30
0.0
 10
336.3091271001
 20
56.8616534604
 30
0.0
  0
SPLINE
  5
8BD
100
AcDbEntity
  8
0
100
AcDbSpline
 62
7
  6
CONTINUOUS
 70
0
 71
3
 72
8
 73
4
 74
0
 42
0.0000001
 43
0.0000001
 44
0.0000000001
 40
0.0
 40
0.0
 40
0.0
 40
0.0
 40
1.0
 40
1.0
 40
1.0
 40
1.0
 10
335.4738145641
 20
55.4149030284
 30
0.0
 10
335.3765014521
 20
55.3586530284
 30
0.0
 10
335.3104076121
 20
55.2613407084
 30
0.0
 10
335.2929706521
 20
55.1505275964
 30
0.0
  0
SPLINE
  5
8BE
100
AcDbEntity
  8
0
100
AcDbSpline
 62
7
  6
CONTINUOUS
 70
0
 71
3
 72
8
 73
4
 74
0
 42
0.0000001
 43
0.0000001
 44
0.0000000001
 40
0.0
 40
0.0
 40
0.0
 40
0.0
 40
1.0
 40
1.0
 40
1.0
 40
1.0
 10
335.2929706521
 20
54.1506835404
 30
0.0
 10
335.3104076121
 20
54.0395903484
 30
0.0
 10
335.3765014521
 20
53.9419965084
 30
0.0
 10
335.4738145641
 20
53.8860273084
 30
0.0
  0
SPLINE
  5
8BF
100
AcDbEntity
  8
0
100
AcDbSpline
 62
7
  6
CONTINUOUS
 70
0
 71
3
 72
8
 73
4
 74
0
 42
0.0000001
 43
0.0000001
 44
0.0000000001
 40
0.0
 40
0.0
 40
0.0
 40
0.0
 40
1.0
 40
1.0
 40
1.0
 40
1.0
 10
337.3129081881
 20
51.6500897004
 30
0.0
 10
337.4178150681
 20
51.6095897004
 30
0.0
 10
337.5353774601
 20
51.6177458604
 30
0.0
 10
337.6329713001
 20
51.6739958604
 30
0.0
  0
SPLINE
  5
8C0
100
AcDbEntity
  8
0
100
AcDbSpline
 62
7
  6
CONTINUOUS
 70
0
 71
3
 72
8
 73
4
 74
0
 42
0.0000001
 43
0.0000001
 44
0.0000000001
 40
0.0
 40
0.0
 40
0.0
 40
0.0
 40
1.0
 40
1.0
 40
1.0
 40
1.0
 10
339.3047217321
 20
51.6739958604
 30
0.0
 10
339.4020341241
 20
51.6177458604
 30
0.0
 10
339.5195964441
 20
51.6095897004
 30
0.0
 10
339.6245026761
 20
51.6500897004
 30
0.0
  0
SPLINE
  5
8C1
100
AcDbEntity
  8
0
100
AcDbSpline
 62
7
  6
CONTINUOUS
 70
0
 71
3
 72
8
 73
4
 74
0
 42
0.0000001
 43
0.0000001
 44
0.0000000001
 40
0.0
 40
0.0
 40
0.0
 40
0.0
 40
1.0
 40
1.0
 40
1.0
 40
1.0
 10
341.4638785401
 20
53.8860273084
 30
0.0
 10
341.5611908601
 20
53.9419965084
 30
0.0
 10
341.6272847001
 20
54.0395903484
 30
0.0
 10
341.6444408601
 20
54.1506835404
 30
0.0
  0
ENDSEC
  0
SECTION
  2
OBJECTS
  0
DICTIONARY
  5
C
100
AcDbDictionary
280
0
281
1
  3
ACAD_GROUP
350
D
  3
ACAD_MLINESTYLE
350
17
  3
ACAD_LAYOUT
350
1A
  3
ACAD_PLOTSETTINGS
350
19
  3
ACAD_PLOTSTYLENAME
350
E
  3
ACAD_TABLESTYLE
350
       8C2
  0
DICTIONARY
  5
D
102
{ACAD_REACTORS
330
C
102
}
100
AcDbDictionary
280
0
281
1
  0
ACDBDICTIONARYWDFLT
  5
E
102
{ACAD_REACTORS
330
C
102
}
100
AcDbDictionary
281
1
  3
Normal
350
F
100
AcDbDictionaryWithDefault
340
F
  0
DICTIONARY
  5
17
102
{ACAD_REACTORS
330
C
102
}
100
AcDbDictionary
280
0
281
1
  3
Standard
350
18
  0
DICTIONARY
  5
8C2
330
C
100
AcDbDictionary
281
1
  3
Standard
350
       8C5
  3
Standard1
350
       8C6
  0
DICTIONARY
  5
19
102
{ACAD_REACTORS
330
C
102
}
100
AcDbDictionary
281
1
  0
DICTIONARY
  5
1A
102
{ACAD_REACTORS
330
C
102
}
100
AcDbDictionary
281
1
  3
Model
350
8C3
  3
Layout1
350
8C4
  0
ACDBPLACEHOLDER
  5
F
102
{ACAD_REACTORS
330
E
102
}
  0
MLINESTYLE
  5
18
102
{ACAD_REACTORS
330
17
102
}
100
AcDbMlineStyle
  2
STANDARD
 70
0
  3

 62
256
 51
90.0
 52
90.0
 71
2
 49
0.5
 62
256
  6
BYLAYER
 49
-0.5
 62
256
  6
BYLAYER
  0
LAYOUT
  5
8C3
102
{ACAD_REACTORS
330
1A
102
}
100
AcDbPlotSettings
  1

  2
none_device
  4
ISO_A3_(420.00_x_297.00_MM)
  6

 40
0.0
 41
0.0
 42
0.0
 43
0.0
 44
420.0
 45
297.0
 46
0.0
 47
0.0
 48
0.0
 49
0.0
140
0.0
141
0.0
142
1.0
143
1.0
 70
1024
 72
1
 73
0
 74
0
  7

 75
0
147
1.0
148
0.0
149
0.0
100
AcDbLayout
  1
Model
 70
0
 71
0
 10
0.0
 20
0.0
 11
420.0
 21
297.0
 12
0.0
 22
0.0
 32
0.0
 14
0.0
 24
0.0
 34
0.0
 15
0.0
 25
0.0
 35
0.0
146
0.0
 13
0.0
 23
0.0
 33
0.0
 16
1.0
 26
0.0
 36
0.0
 17
0.0
 27
1.0
 37
0.0
 76
0
330
226
345
0
346
0
  0
LAYOUT
  5
8C4
102
{ACAD_REACTORS
330
1A
102
}
100
AcDbPlotSettings
  1

  2
none_device
  4
ISO_A3_(420.00_x_297.00_MM)
  6

 40
0.0
 41
0.0
 42
0.0
 43
0.0
 44
420.0
 45
297.0
 46
0.0
 47
0.0
 48
0.0
 49
0.0
140
0.0
141
0.0
142
1.0
143
1.0
 70
0
 72
1
 73
0
 74
0
  7

 75
0
147
1.0
148
0.0
149
0.0
100
AcDbLayout
  1
Layout1
 70
0
 71
1
 10
0.0
 20
0.0
 11
420.0
 21
297.0
 12
0.0
 22
0.0
 32
0.0
 14
0.0
 24
0.0
 34
0.0
 15
0.0
 25
0.0
 35
0.0
146
0.0
 13
0.0
 23
0.0
 33
0.0
 16
1.0
 26
0.0
 36
0.0
 17
0.0
 27
1.0
 37
0.0
 76
0
330
227
345
0
346
0
  0
TABLESTYLE
  5
8C5
102
{ACAD_REACTORS
330
8C2
330
677
330
678
330
679
102
}
330
8C2
100
AcDbTableStyle
  3
Standard
 70
0
 71
0
 40
1.0
 41
1.0
280
1
281
1
  7
Standard
140
0.18
170
1
 62
0
 63
7
283
0
  7
Standard
140
0.18
170
1
 62
0
 63
7
283
0
  7
Standard
140
0.18
170
1
 62
0
 63
7
283
0
  0
TABLESTYLE
  5
8C6
102
{ACAD_REACTORS
330
8C2
102
}
330
8C2
100
AcDbTableStyle
  3
Standard1
 70
1
 71
0
 40
1.0
 41
1.0
280
1
281
1
  7
Standard
140
0.18
170
1
 62
0
 63
7
283
0
  7
Standard
140
0.18
170
1
 62
0
 63
7
283
0
  7
Standard
140
0.18
170
1
 62
0
 63
7
283
0
  0
ENDSEC
  0
EOF
